{"type":"FeatureCollection","features":[{"type":"Feature","properties":{"osm_id":122767507,"operator":"","manufacturer":"Flock Safety","category":"Flock","query_date":"2026-09-23"},"geometry":{"type":"Point","coordinates":[-118.41894,34.26439]}},{"type":"Feature","properties":{"osm_id":268538625,"operator":"Los Angeles County Metropolitan Transportation Authority","manufacturer":null,"category":"other ALPR","query_date":"2026-09-23"},"geometry":{"type":"Point","coordinates":[-118.20686,34.05409]}},{"type":"Feature","properties":{"osm_id":268542395,"operator":"Los Angeles County Metropolitan Transportation Authority","manufacturer":null,"category":"other ALPR","query_date":"2026-09-23"},"geometry":{"type":"Point","coordinates":[-118.05715,34.07237]}},{"type":"Feature","properties":{"osm_id":2119902221,"operator":"","manufacturer":"Flock Safety","category":"Flock","query_date":"2026-09-23"},"geometry":{"type":"Point","coordinates":[-118.12119,34.60195]}},{"type":"Feature","properties":{"osm_id":3614316604,"operator":"","manufacturer":"Flock Safety","category":"Flock","query_date":"2026-09-23"},"geometry":{"type":"Point","coordinates":[-118.19568,34.59277]}},{"type":"Feature","properties":{"osm_id":3645214407,"operator":"","manufacturer":null,"category":"other ALPR","query_date":"2026-09-23"},"geometry":{"type":"Point","coordinates":[-118.39286,33.90217]}},{"type":"Feature","properties":{"osm_id":3956418188,"operator":"","manufacturer":"Motorola Solutions","category":"other ALPR","query_date":"2026-09-23"},"geometry":{"type":"Point","coordinates":[-118.10767,33.83246]}},{"type":"Feature","properties":{"osm_id":3981524067,"operator":"","manufacturer":"Flock Safety","category":"Flock","query_date":"2026-09-23"},"geometry":{"type":"Point","coordinates":[-118.14317,34.07196]}},{"type":"Feature","properties":{"osm_id":3997756419,"operator":"","manufacturer":"Flock Safety","category":"Flock","query_date":"2026-09-23"},"geometry":{"type":"Point","coordinates":[-117.76169,34.12179]}},{"type":"Feature","properties":{"osm_id":4157192650,"operator":"","manufacturer":null,"category":"other ALPR","query_date":"2026-09-23"},"geometry":{"type":"Point","coordinates":[-118.60422,34.08962]}},{"type":"Feature","properties":{"osm_id":4367365285,"operator":"Walmart","manufacturer":"AXIS","category":"other ALPR","query_date":"2026-09-23"},"geometry":{"type":"Point","coordinates":[-118.04292,34.55594]}},{"type":"Feature","properties":{"osm_id":6225906829,"operator":"","manufacturer":null,"category":"other ALPR","query_date":"2026-09-23"},"geometry":{"type":"Point","coordinates":[-118.19043,33.80575]}},{"type":"Feature","properties":{"osm_id":7393619153,"operator":"","manufacturer":"Flock Safety","category":"Flock","query_date":"2026-09-23"},"geometry":{"type":"Point","coordinates":[-118.22142,34.20486]}},{"type":"Feature","properties":{"osm_id":7428089366,"operator":"","manufacturer":null,"category":"other ALPR","query_date":"2026-09-23"},"geometry":{"type":"Point","coordinates":[-118.18914,34.19925]}},{"type":"Feature","properties":{"osm_id":8197962964,"operator":"","manufacturer":null,"category":"other ALPR","query_date":"2026-09-23"},"geometry":{"type":"Point","coordinates":[-118.25089,34.23109]}},{"type":"Feature","properties":{"osm_id":8197962966,"operator":"","manufacturer":null,"category":"other ALPR","query_date":"2026-09-23"},"geometry":{"type":"Point","coordinates":[-118.22766,34.2171]}},{"type":"Feature","properties":{"osm_id":8197962967,"operator":"","manufacturer":null,"category":"other ALPR","query_date":"2026-09-23"},"geometry":{"type":"Point","coordinates":[-118.228,34.21752]}},{"type":"Feature","properties":{"osm_id":8304784388,"operator":"Flock Safety","manufacturer":null,"category":"Flock","query_date":"2026-09-23"},"geometry":{"type":"Point","coordinates":[-118.26497,34.23955]}},{"type":"Feature","properties":{"osm_id":8307509313,"operator":"","manufacturer":null,"category":"other ALPR","query_date":"2026-09-23"},"geometry":{"type":"Point","coordinates":[-118.18928,34.21786]}},{"type":"Feature","properties":{"osm_id":8307509314,"operator":"","manufacturer":null,"category":"other ALPR","query_date":"2026-09-23"},"geometry":{"type":"Point","coordinates":[-118.20042,34.20467]}},{"type":"Feature","properties":{"osm_id":8307509315,"operator":"","manufacturer":null,"category":"other ALPR","query_date":"2026-09-23"},"geometry":{"type":"Point","coordinates":[-118.20035,34.20438]}},{"type":"Feature","properties":{"osm_id":8307611359,"operator":"","manufacturer":null,"category":"other ALPR","query_date":"2026-09-23"},"geometry":{"type":"Point","coordinates":[-118.21564,34.21168]}},{"type":"Feature","properties":{"osm_id":8307611360,"operator":"","manufacturer":null,"category":"other ALPR","query_date":"2026-09-23"},"geometry":{"type":"Point","coordinates":[-118.2152,34.2112]}},{"type":"Feature","properties":{"osm_id":8307643736,"operator":"","manufacturer":null,"category":"other ALPR","query_date":"2026-09-23"},"geometry":{"type":"Point","coordinates":[-118.19596,34.20261]}},{"type":"Feature","properties":{"osm_id":8307643737,"operator":"","manufacturer":null,"category":"other ALPR","query_date":"2026-09-23"},"geometry":{"type":"Point","coordinates":[-118.1957,34.20225]}},{"type":"Feature","properties":{"osm_id":8307643738,"operator":"","manufacturer":null,"category":"other ALPR","query_date":"2026-09-23"},"geometry":{"type":"Point","coordinates":[-118.18941,34.19965]}},{"type":"Feature","properties":{"osm_id":8307643740,"operator":"Los Angeles County Sheriff\u2019s Department","manufacturer":"Flock Safety","category":"Flock","query_date":"2026-09-23"},"geometry":{"type":"Point","coordinates":[-118.17795,34.19428]}},{"type":"Feature","properties":{"osm_id":8307654686,"operator":"","manufacturer":null,"category":"other ALPR","query_date":"2026-09-23"},"geometry":{"type":"Point","coordinates":[-118.2117,34.20573]}},{"type":"Feature","properties":{"osm_id":8307654687,"operator":"","manufacturer":null,"category":"other ALPR","query_date":"2026-09-23"},"geometry":{"type":"Point","coordinates":[-118.21141,34.20559]}},{"type":"Feature","properties":{"osm_id":8307654688,"operator":"","manufacturer":null,"category":"other ALPR","query_date":"2026-09-23"},"geometry":{"type":"Point","coordinates":[-118.21152,34.20576]}},{"type":"Feature","properties":{"osm_id":8307654689,"operator":"","manufacturer":null,"category":"other ALPR","query_date":"2026-09-23"},"geometry":{"type":"Point","coordinates":[-118.21169,34.20554]}},{"type":"Feature","properties":{"osm_id":8307654690,"operator":"","manufacturer":null,"category":"other ALPR","query_date":"2026-09-23"},"geometry":{"type":"Point","coordinates":[-118.20473,34.20666]}},{"type":"Feature","properties":{"osm_id":8307654691,"operator":"","manufacturer":null,"category":"other ALPR","query_date":"2026-09-23"},"geometry":{"type":"Point","coordinates":[-118.20446,34.20627]}},{"type":"Feature","properties":{"osm_id":8307659788,"operator":"","manufacturer":null,"category":"other ALPR","query_date":"2026-09-23"},"geometry":{"type":"Point","coordinates":[-118.1993,34.19522]}},{"type":"Feature","properties":{"osm_id":8307659789,"operator":"","manufacturer":null,"category":"other ALPR","query_date":"2026-09-23"},"geometry":{"type":"Point","coordinates":[-118.2,34.19526]}},{"type":"Feature","properties":{"osm_id":8307659795,"operator":"","manufacturer":null,"category":"other ALPR","query_date":"2026-09-23"},"geometry":{"type":"Point","coordinates":[-118.19594,34.19433]}},{"type":"Feature","properties":{"osm_id":8313410575,"operator":"","manufacturer":null,"category":"other ALPR","query_date":"2026-09-23"},"geometry":{"type":"Point","coordinates":[-118.20384,34.19922]}},{"type":"Feature","properties":{"osm_id":8313410576,"operator":"","manufacturer":null,"category":"other ALPR","query_date":"2026-09-23"},"geometry":{"type":"Point","coordinates":[-118.20118,34.19837]}},{"type":"Feature","properties":{"osm_id":8313410577,"operator":"","manufacturer":null,"category":"other ALPR","query_date":"2026-09-23"},"geometry":{"type":"Point","coordinates":[-118.20095,34.19828]}},{"type":"Feature","properties":{"osm_id":8313410579,"operator":"","manufacturer":null,"category":"other ALPR","query_date":"2026-09-23"},"geometry":{"type":"Point","coordinates":[-118.20113,34.19811]}},{"type":"Feature","properties":{"osm_id":8313410580,"operator":"","manufacturer":null,"category":"other ALPR","query_date":"2026-09-23"},"geometry":{"type":"Point","coordinates":[-118.20102,34.19939]}},{"type":"Feature","properties":{"osm_id":8313463305,"operator":"","manufacturer":null,"category":"other ALPR","query_date":"2026-09-23"},"geometry":{"type":"Point","coordinates":[-118.19272,34.19314]}},{"type":"Feature","properties":{"osm_id":8313463306,"operator":"","manufacturer":null,"category":"other ALPR","query_date":"2026-09-23"},"geometry":{"type":"Point","coordinates":[-118.19108,34.19248]}},{"type":"Feature","properties":{"osm_id":8313463309,"operator":"","manufacturer":null,"category":"other ALPR","query_date":"2026-09-23"},"geometry":{"type":"Point","coordinates":[-118.19158,34.19278]}},{"type":"Feature","properties":{"osm_id":8313463310,"operator":"","manufacturer":null,"category":"other ALPR","query_date":"2026-09-23"},"geometry":{"type":"Point","coordinates":[-118.19636,34.18152]}},{"type":"Feature","properties":{"osm_id":9679563209,"operator":"","manufacturer":null,"category":"other ALPR","query_date":"2026-09-23"},"geometry":{"type":"Point","coordinates":[-118.01208,33.91735]}},{"type":"Feature","properties":{"osm_id":9679595669,"operator":"","manufacturer":null,"category":"other ALPR","query_date":"2026-09-23"},"geometry":{"type":"Point","coordinates":[-118.01167,33.91707]}},{"type":"Feature","properties":{"osm_id":9679713444,"operator":"","manufacturer":null,"category":"other ALPR","query_date":"2026-09-23"},"geometry":{"type":"Point","coordinates":[-118.01206,33.917]}},{"type":"Feature","properties":{"osm_id":10049888195,"operator":"City of Beverly Hills","manufacturer":null,"category":"other ALPR","query_date":"2026-09-23"},"geometry":{"type":"Point","coordinates":[-118.40313,34.07218]}},{"type":"Feature","properties":{"osm_id":11360658662,"operator":"","manufacturer":"Flock Safety","category":"Flock","query_date":"2026-09-23"},"geometry":{"type":"Point","coordinates":[-118.3266,33.90909]}},{"type":"Feature","properties":{"osm_id":11711758932,"operator":"","manufacturer":"Flock Safety","category":"Flock","query_date":"2026-09-23"},"geometry":{"type":"Point","coordinates":[-118.16382,33.85391]}},{"type":"Feature","properties":{"osm_id":11867256901,"operator":"","manufacturer":null,"category":"other ALPR","query_date":"2026-09-23"},"geometry":{"type":"Point","coordinates":[-118.34224,33.79152]}},{"type":"Feature","properties":{"osm_id":11998104339,"operator":"Burbank","manufacturer":"Flock Safety","category":"Flock","query_date":"2026-09-23"},"geometry":{"type":"Point","coordinates":[-118.30325,34.17145]}},{"type":"Feature","properties":{"osm_id":12029608191,"operator":"","manufacturer":"Flock Safety","category":"Flock","query_date":"2026-09-23"},"geometry":{"type":"Point","coordinates":[-118.76049,34.14845]}},{"type":"Feature","properties":{"osm_id":12042702629,"operator":"","manufacturer":"Flock Safety","category":"Flock","query_date":"2026-09-23"},"geometry":{"type":"Point","coordinates":[-118.80617,34.15685]}},{"type":"Feature","properties":{"osm_id":12042759173,"operator":"","manufacturer":"Flock Safety","category":"Flock","query_date":"2026-09-23"},"geometry":{"type":"Point","coordinates":[-118.80654,34.15708]}},{"type":"Feature","properties":{"osm_id":12046491568,"operator":"Los Angeles County Metropolitan Transportation Authority","manufacturer":null,"category":"other ALPR","query_date":"2026-09-23"},"geometry":{"type":"Point","coordinates":[-118.28869,33.87014]}},{"type":"Feature","properties":{"osm_id":12046491871,"operator":"","manufacturer":null,"category":"other ALPR","query_date":"2026-09-23"},"geometry":{"type":"Point","coordinates":[-118.28681,33.90206]}},{"type":"Feature","properties":{"osm_id":12046491872,"operator":"","manufacturer":null,"category":"other ALPR","query_date":"2026-09-23"},"geometry":{"type":"Point","coordinates":[-118.28618,33.89646]}},{"type":"Feature","properties":{"osm_id":12046491874,"operator":"","manufacturer":null,"category":"other ALPR","query_date":"2026-09-23"},"geometry":{"type":"Point","coordinates":[-118.28009,33.93733]}},{"type":"Feature","properties":{"osm_id":12046491875,"operator":"","manufacturer":null,"category":"other ALPR","query_date":"2026-09-23"},"geometry":{"type":"Point","coordinates":[-118.28001,33.93733]}},{"type":"Feature","properties":{"osm_id":12046491876,"operator":"","manufacturer":null,"category":"other ALPR","query_date":"2026-09-23"},"geometry":{"type":"Point","coordinates":[-118.27981,33.93937]}},{"type":"Feature","properties":{"osm_id":12046491877,"operator":"","manufacturer":null,"category":"other ALPR","query_date":"2026-09-23"},"geometry":{"type":"Point","coordinates":[-118.28099,33.95954]}},{"type":"Feature","properties":{"osm_id":12046491881,"operator":"","manufacturer":null,"category":"other ALPR","query_date":"2026-09-23"},"geometry":{"type":"Point","coordinates":[-118.28035,33.98815]}},{"type":"Feature","properties":{"osm_id":12046491882,"operator":"","manufacturer":null,"category":"other ALPR","query_date":"2026-09-23"},"geometry":{"type":"Point","coordinates":[-118.28067,33.98827]}},{"type":"Feature","properties":{"osm_id":12046491883,"operator":"","manufacturer":null,"category":"other ALPR","query_date":"2026-09-23"},"geometry":{"type":"Point","coordinates":[-118.28049,34.0173]}},{"type":"Feature","properties":{"osm_id":12046491884,"operator":"","manufacturer":null,"category":"other ALPR","query_date":"2026-09-23"},"geometry":{"type":"Point","coordinates":[-118.2805,34.0173]}},{"type":"Feature","properties":{"osm_id":12046491885,"operator":"","manufacturer":null,"category":"other ALPR","query_date":"2026-09-23"},"geometry":{"type":"Point","coordinates":[-118.27765,34.02175]}},{"type":"Feature","properties":{"osm_id":12046491886,"operator":"","manufacturer":null,"category":"other ALPR","query_date":"2026-09-23"},"geometry":{"type":"Point","coordinates":[-118.27762,34.02197]}},{"type":"Feature","properties":{"osm_id":12050092030,"operator":"City of Beverly Hills","manufacturer":null,"category":"other ALPR","query_date":"2026-09-23"},"geometry":{"type":"Point","coordinates":[-118.40433,34.07133]}},{"type":"Feature","properties":{"osm_id":12331228592,"operator":"Pasadena Police Department","manufacturer":"Motorola Solutions","category":"other ALPR","query_date":"2026-09-23"},"geometry":{"type":"Point","coordinates":[-118.15955,34.15227]}},{"type":"Feature","properties":{"osm_id":12331245635,"operator":"","manufacturer":null,"category":"Flock","query_date":"2026-09-23"},"geometry":{"type":"Point","coordinates":[-117.87266,34.12237]}},{"type":"Feature","properties":{"osm_id":12331248033,"operator":"Flock Safety","manufacturer":null,"category":"Flock","query_date":"2026-09-23"},"geometry":{"type":"Point","coordinates":[-117.87281,34.12494]}},{"type":"Feature","properties":{"osm_id":12331249780,"operator":"","manufacturer":null,"category":"other ALPR","query_date":"2026-09-23"},"geometry":{"type":"Point","coordinates":[-118.02074,34.1457]}},{"type":"Feature","properties":{"osm_id":12331282823,"operator":"Pasadena Police Department","manufacturer":"Flock Safety","category":"Flock","query_date":"2026-09-23"},"geometry":{"type":"Point","coordinates":[-118.13225,34.15291]}},{"type":"Feature","properties":{"osm_id":12331283275,"operator":"Flock Safety","manufacturer":null,"category":"Flock","query_date":"2026-09-23"},"geometry":{"type":"Point","coordinates":[-117.86381,34.13013]}},{"type":"Feature","properties":{"osm_id":12331286535,"operator":"Pasadena Police Department","manufacturer":"Flock Safety","category":"Flock","query_date":"2026-09-23"},"geometry":{"type":"Point","coordinates":[-118.13173,34.15122]}},{"type":"Feature","properties":{"osm_id":12331308035,"operator":"Pasadena Police Department","manufacturer":"Flock Safety","category":"Flock","query_date":"2026-09-23"},"geometry":{"type":"Point","coordinates":[-118.13262,34.15763]}},{"type":"Feature","properties":{"osm_id":12331327955,"operator":"Pasadena Police Department","manufacturer":"Flock Safety","category":"Flock","query_date":"2026-09-23"},"geometry":{"type":"Point","coordinates":[-118.13235,34.15787]}},{"type":"Feature","properties":{"osm_id":12331329311,"operator":"Pasadena Police Department","manufacturer":"Flock Safety","category":"Flock","query_date":"2026-09-23"},"geometry":{"type":"Point","coordinates":[-118.13268,34.15791]}},{"type":"Feature","properties":{"osm_id":12331329355,"operator":"Flock Safety","manufacturer":null,"category":"Flock","query_date":"2026-09-23"},"geometry":{"type":"Point","coordinates":[-118.25528,34.15508]}},{"type":"Feature","properties":{"osm_id":12331330213,"operator":"Flock Safety","manufacturer":null,"category":"Flock","query_date":"2026-09-23"},"geometry":{"type":"Point","coordinates":[-118.25805,34.15362]}},{"type":"Feature","properties":{"osm_id":12341072683,"operator":"","manufacturer":null,"category":"Flock","query_date":"2026-09-23"},"geometry":{"type":"Point","coordinates":[-118.36084,34.09437]}},{"type":"Feature","properties":{"osm_id":12356155824,"operator":"","manufacturer":null,"category":"other ALPR","query_date":"2026-09-23"},"geometry":{"type":"Point","coordinates":[-118.70542,34.12598]}},{"type":"Feature","properties":{"osm_id":12356155825,"operator":"","manufacturer":null,"category":"other ALPR","query_date":"2026-09-23"},"geometry":{"type":"Point","coordinates":[-118.36603,34.0903]}},{"type":"Feature","properties":{"osm_id":12357331662,"operator":"Flock Safety","manufacturer":null,"category":"Flock","query_date":"2026-09-23"},"geometry":{"type":"Point","coordinates":[-118.53924,34.42511]}},{"type":"Feature","properties":{"osm_id":12357331663,"operator":"Flock Safety","manufacturer":null,"category":"Flock","query_date":"2026-09-23"},"geometry":{"type":"Point","coordinates":[-118.53839,34.42621]}},{"type":"Feature","properties":{"osm_id":12362303221,"operator":"","manufacturer":null,"category":"Flock","query_date":"2026-09-23"},"geometry":{"type":"Point","coordinates":[-118.59535,34.27613]}},{"type":"Feature","properties":{"osm_id":12362303222,"operator":"","manufacturer":null,"category":"Flock","query_date":"2026-09-23"},"geometry":{"type":"Point","coordinates":[-118.59563,34.27624]}},{"type":"Feature","properties":{"osm_id":12368038026,"operator":"Flock Safety","manufacturer":null,"category":"Flock","query_date":"2026-09-23"},"geometry":{"type":"Point","coordinates":[-118.35527,34.08028]}},{"type":"Feature","properties":{"osm_id":12368217888,"operator":"","manufacturer":null,"category":"other ALPR","query_date":"2026-09-23"},"geometry":{"type":"Point","coordinates":[-118.70601,34.12581]}},{"type":"Feature","properties":{"osm_id":12374908187,"operator":"Flock Safety","manufacturer":null,"category":"Flock","query_date":"2026-09-23"},"geometry":{"type":"Point","coordinates":[-118.35543,34.08514]}},{"type":"Feature","properties":{"osm_id":12394347020,"operator":"","manufacturer":"Flock Safety","category":"Flock","query_date":"2026-09-23"},"geometry":{"type":"Point","coordinates":[-118.11698,34.07404]}},{"type":"Feature","properties":{"osm_id":12394386099,"operator":"","manufacturer":null,"category":"Flock","query_date":"2026-09-23"},"geometry":{"type":"Point","coordinates":[-118.10837,34.07412]}},{"type":"Feature","properties":{"osm_id":12405650368,"operator":"Flock Safety","manufacturer":null,"category":"Flock","query_date":"2026-09-23"},"geometry":{"type":"Point","coordinates":[-118.35844,34.08433]}},{"type":"Feature","properties":{"osm_id":12405650369,"operator":"Flock Safety","manufacturer":null,"category":"Flock","query_date":"2026-09-23"},"geometry":{"type":"Point","coordinates":[-118.35587,34.0854]}},{"type":"Feature","properties":{"osm_id":12405650370,"operator":"Flock Safety","manufacturer":null,"category":"Flock","query_date":"2026-09-23"},"geometry":{"type":"Point","coordinates":[-118.35648,34.08434]}},{"type":"Feature","properties":{"osm_id":12405650371,"operator":"Flock Safety","manufacturer":null,"category":"Flock","query_date":"2026-09-23"},"geometry":{"type":"Point","coordinates":[-118.35626,34.08298]}},{"type":"Feature","properties":{"osm_id":12421324135,"operator":"","manufacturer":"Flock Safety","category":"Flock","query_date":"2026-09-23"},"geometry":{"type":"Point","coordinates":[-118.35055,34.19628]}},{"type":"Feature","properties":{"osm_id":12423555325,"operator":"Los Angeles County Metropolitan Transportation Authority","manufacturer":null,"category":"other ALPR","query_date":"2026-09-23"},"geometry":{"type":"Point","coordinates":[-118.20979,34.05523]}},{"type":"Feature","properties":{"osm_id":12423555326,"operator":"","manufacturer":"Flock Safety","category":"Flock","query_date":"2026-09-23"},"geometry":{"type":"Point","coordinates":[-118.20981,34.05519]}},{"type":"Feature","properties":{"osm_id":12423555327,"operator":"Los Angeles County Metropolitan Transportation Authority","manufacturer":null,"category":"other ALPR","query_date":"2026-09-23"},"geometry":{"type":"Point","coordinates":[-118.16758,34.06271]}},{"type":"Feature","properties":{"osm_id":12423555328,"operator":"Los Angeles County Metropolitan Transportation Authority","manufacturer":null,"category":"other ALPR","query_date":"2026-09-23"},"geometry":{"type":"Point","coordinates":[-118.11735,34.07165]}},{"type":"Feature","properties":{"osm_id":12423555329,"operator":"Los Angeles County Metropolitan Transportation Authority","manufacturer":null,"category":"other ALPR","query_date":"2026-09-23"},"geometry":{"type":"Point","coordinates":[-118.1172,34.07179]}},{"type":"Feature","properties":{"osm_id":12423555330,"operator":"Los Angeles County Metropolitan Transportation Authority","manufacturer":null,"category":"other ALPR","query_date":"2026-09-23"},"geometry":{"type":"Point","coordinates":[-118.0559,34.07261]}},{"type":"Feature","properties":{"osm_id":12446292279,"operator":"","manufacturer":"Flock Safety","category":"Flock","query_date":"2026-09-23"},"geometry":{"type":"Point","coordinates":[-118.12309,34.07395]}},{"type":"Feature","properties":{"osm_id":12446292280,"operator":"","manufacturer":"Flock Safety","category":"Flock","query_date":"2026-09-23"},"geometry":{"type":"Point","coordinates":[-118.12289,34.07416]}},{"type":"Feature","properties":{"osm_id":12446292281,"operator":"","manufacturer":"Flock Safety","category":"Flock","query_date":"2026-09-23"},"geometry":{"type":"Point","coordinates":[-118.13435,34.07402]}},{"type":"Feature","properties":{"osm_id":12446292282,"operator":"","manufacturer":"Flock Safety","category":"Flock","query_date":"2026-09-23"},"geometry":{"type":"Point","coordinates":[-118.13459,34.07381]}},{"type":"Feature","properties":{"osm_id":12460498944,"operator":"","manufacturer":null,"category":"Flock","query_date":"2026-09-23"},"geometry":{"type":"Point","coordinates":[-118.11547,34.60939]}},{"type":"Feature","properties":{"osm_id":12460498945,"operator":"","manufacturer":null,"category":"Flock","query_date":"2026-09-23"},"geometry":{"type":"Point","coordinates":[-118.11622,34.60942]}},{"type":"Feature","properties":{"osm_id":12460498946,"operator":"","manufacturer":null,"category":"Flock","query_date":"2026-09-23"},"geometry":{"type":"Point","coordinates":[-118.11643,34.60955]}},{"type":"Feature","properties":{"osm_id":12460498947,"operator":"","manufacturer":null,"category":"Flock","query_date":"2026-09-23"},"geometry":{"type":"Point","coordinates":[-118.11663,34.60949]}},{"type":"Feature","properties":{"osm_id":12460498948,"operator":"","manufacturer":null,"category":"Flock","query_date":"2026-09-23"},"geometry":{"type":"Point","coordinates":[-118.11201,34.60946]}},{"type":"Feature","properties":{"osm_id":12462007268,"operator":"","manufacturer":null,"category":"Flock","query_date":"2026-09-23"},"geometry":{"type":"Point","coordinates":[-117.81082,34.02224]}},{"type":"Feature","properties":{"osm_id":12462007269,"operator":"","manufacturer":null,"category":"Flock","query_date":"2026-09-23"},"geometry":{"type":"Point","coordinates":[-117.81095,34.02187]}},{"type":"Feature","properties":{"osm_id":12479756760,"operator":"","manufacturer":"Flock Safety","category":"Flock","query_date":"2026-09-23"},"geometry":{"type":"Point","coordinates":[-118.34908,34.08536]}},{"type":"Feature","properties":{"osm_id":12479756761,"operator":"","manufacturer":"Flock Safety","category":"Flock","query_date":"2026-09-23"},"geometry":{"type":"Point","coordinates":[-118.3532,34.08487]}},{"type":"Feature","properties":{"osm_id":12479756762,"operator":"","manufacturer":"Flock Safety","category":"Flock","query_date":"2026-09-23"},"geometry":{"type":"Point","coordinates":[-118.35748,34.08326]}},{"type":"Feature","properties":{"osm_id":12496676488,"operator":"Flock Safety","manufacturer":null,"category":"Flock","query_date":"2026-09-23"},"geometry":{"type":"Point","coordinates":[-118.6299,34.14916]}},{"type":"Feature","properties":{"osm_id":12496676489,"operator":"Flock Safety","manufacturer":null,"category":"Flock","query_date":"2026-09-23"},"geometry":{"type":"Point","coordinates":[-118.76175,34.14427]}},{"type":"Feature","properties":{"osm_id":12547784569,"operator":"","manufacturer":"Flock Safety","category":"Flock","query_date":"2026-09-23"},"geometry":{"type":"Point","coordinates":[-118.35126,34.08272]}},{"type":"Feature","properties":{"osm_id":12550127211,"operator":"Seal Beach Police Department","manufacturer":"Motorola Solutions","category":"other ALPR","query_date":"2026-09-23"},"geometry":{"type":"Point","coordinates":[-118.10611,33.75084]}},{"type":"Feature","properties":{"osm_id":12599792705,"operator":"","manufacturer":"Motorola Solutions","category":"other ALPR","query_date":"2026-09-23"},"geometry":{"type":"Point","coordinates":[-118.42054,33.9059]}},{"type":"Feature","properties":{"osm_id":12599792706,"operator":"","manufacturer":"Motorola Solutions","category":"other ALPR","query_date":"2026-09-23"},"geometry":{"type":"Point","coordinates":[-118.42054,33.9059]}},{"type":"Feature","properties":{"osm_id":12623614291,"operator":"City of Torrance","manufacturer":"Motorola Solutions","category":"other ALPR","query_date":"2026-09-23"},"geometry":{"type":"Point","coordinates":[-118.30924,33.87268]}},{"type":"Feature","properties":{"osm_id":12623614293,"operator":"City of Torrance","manufacturer":"Motorola Solutions","category":"other ALPR","query_date":"2026-09-23"},"geometry":{"type":"Point","coordinates":[-118.30897,33.87282]}},{"type":"Feature","properties":{"osm_id":12623614294,"operator":"City of Torrance","manufacturer":"Motorola Solutions","category":"other ALPR","query_date":"2026-09-23"},"geometry":{"type":"Point","coordinates":[-118.30937,33.87298]}},{"type":"Feature","properties":{"osm_id":12625000472,"operator":"Flock Safety","manufacturer":null,"category":"Flock","query_date":"2026-09-23"},"geometry":{"type":"Point","coordinates":[-117.7422,34.07702]}},{"type":"Feature","properties":{"osm_id":12641421891,"operator":"","manufacturer":"Flock Safety","category":"Flock","query_date":"2026-09-23"},"geometry":{"type":"Point","coordinates":[-118.12277,34.06625]}},{"type":"Feature","properties":{"osm_id":12641421892,"operator":"","manufacturer":"Flock Safety","category":"Flock","query_date":"2026-09-23"},"geometry":{"type":"Point","coordinates":[-118.12303,34.06262]}},{"type":"Feature","properties":{"osm_id":12641421893,"operator":"","manufacturer":"Flock Safety","category":"Flock","query_date":"2026-09-23"},"geometry":{"type":"Point","coordinates":[-118.13444,34.06261]}},{"type":"Feature","properties":{"osm_id":12641421894,"operator":"","manufacturer":"Flock Safety","category":"Flock","query_date":"2026-09-23"},"geometry":{"type":"Point","coordinates":[-118.13436,34.06231]}},{"type":"Feature","properties":{"osm_id":12642001907,"operator":"","manufacturer":"Flock Safety","category":"Flock","query_date":"2026-09-23"},"geometry":{"type":"Point","coordinates":[-118.12307,34.06967]}},{"type":"Feature","properties":{"osm_id":12642057215,"operator":"","manufacturer":"Flock Safety","category":"Flock","query_date":"2026-09-23"},"geometry":{"type":"Point","coordinates":[-118.14933,34.06776]}},{"type":"Feature","properties":{"osm_id":12642057216,"operator":"","manufacturer":"Flock Safety","category":"Flock","query_date":"2026-09-23"},"geometry":{"type":"Point","coordinates":[-118.15985,34.07538]}},{"type":"Feature","properties":{"osm_id":12642057217,"operator":"","manufacturer":"Flock Safety","category":"Flock","query_date":"2026-09-23"},"geometry":{"type":"Point","coordinates":[-118.15002,34.08794]}},{"type":"Feature","properties":{"osm_id":12642057218,"operator":"","manufacturer":"Flock Safety","category":"Flock","query_date":"2026-09-23"},"geometry":{"type":"Point","coordinates":[-118.15221,34.09496]}},{"type":"Feature","properties":{"osm_id":12646000722,"operator":"Bel-Air Association","manufacturer":"Flock Safety","category":"Flock","query_date":"2026-09-23"},"geometry":{"type":"Point","coordinates":[-118.46817,34.12922]}},{"type":"Feature","properties":{"osm_id":12646732796,"operator":"San Gabriel Police Department","manufacturer":null,"category":"Flock","query_date":"2026-09-23"},"geometry":{"type":"Point","coordinates":[-118.10814,34.07418]}},{"type":"Feature","properties":{"osm_id":12646732797,"operator":"San Gabriel Police Department","manufacturer":"Flock Safety","category":"Flock","query_date":"2026-09-23"},"geometry":{"type":"Point","coordinates":[-118.10819,34.0795]}},{"type":"Feature","properties":{"osm_id":12646732798,"operator":"","manufacturer":null,"category":"Flock","query_date":"2026-09-23"},"geometry":{"type":"Point","coordinates":[-118.10843,34.08106]}},{"type":"Feature","properties":{"osm_id":12657415603,"operator":"","manufacturer":"Flock Safety","category":"Flock","query_date":"2026-09-23"},"geometry":{"type":"Point","coordinates":[-118.12293,34.07875]}},{"type":"Feature","properties":{"osm_id":12657415604,"operator":"Alhambra Police Department","manufacturer":"Flock Safety","category":"Flock","query_date":"2026-09-23"},"geometry":{"type":"Point","coordinates":[-118.13017,34.0997]}},{"type":"Feature","properties":{"osm_id":12657415605,"operator":"","manufacturer":"Flock Safety","category":"Flock","query_date":"2026-09-23"},"geometry":{"type":"Point","coordinates":[-118.13835,34.08295]}},{"type":"Feature","properties":{"osm_id":12657415606,"operator":"","manufacturer":"Flock Safety","category":"Flock","query_date":"2026-09-23"},"geometry":{"type":"Point","coordinates":[-118.14205,34.08143]}},{"type":"Feature","properties":{"osm_id":12657415607,"operator":"Alhambra Police Department","manufacturer":"Flock Safety","category":"Flock","query_date":"2026-09-23"},"geometry":{"type":"Point","coordinates":[-118.15177,34.0795]}},{"type":"Feature","properties":{"osm_id":12657688648,"operator":"","manufacturer":"Flock Safety","category":"Flock","query_date":"2026-09-23"},"geometry":{"type":"Point","coordinates":[-118.12209,34.06239]}},{"type":"Feature","properties":{"osm_id":12657829463,"operator":"San Gabriel Police Department","manufacturer":"Flock Safety","category":"Flock","query_date":"2026-09-23"},"geometry":{"type":"Point","coordinates":[-118.09971,34.07987]}},{"type":"Feature","properties":{"osm_id":12657829464,"operator":"San Gabriel Police Department","manufacturer":"Flock Safety","category":"Flock","query_date":"2026-09-23"},"geometry":{"type":"Point","coordinates":[-118.09972,34.07959]}},{"type":"Feature","properties":{"osm_id":12657829465,"operator":"San Gabriel Police Department","manufacturer":"Flock Safety","category":"Flock","query_date":"2026-09-23"},"geometry":{"type":"Point","coordinates":[-118.09945,34.07965]}},{"type":"Feature","properties":{"osm_id":12657829466,"operator":"San Gabriel Police Department","manufacturer":"Flock Safety","category":"Flock","query_date":"2026-09-23"},"geometry":{"type":"Point","coordinates":[-118.09946,34.07992]}},{"type":"Feature","properties":{"osm_id":12657829467,"operator":"San Gabriel Police Department","manufacturer":null,"category":"Flock","query_date":"2026-09-23"},"geometry":{"type":"Point","coordinates":[-118.09062,34.08033]}},{"type":"Feature","properties":{"osm_id":12657829468,"operator":"San Gabriel Police Department","manufacturer":null,"category":"Flock","query_date":"2026-09-23"},"geometry":{"type":"Point","coordinates":[-118.09096,34.08027]}},{"type":"Feature","properties":{"osm_id":12660926965,"operator":"","manufacturer":null,"category":"Flock","query_date":"2026-09-23"},"geometry":{"type":"Point","coordinates":[-118.10806,34.06997]}},{"type":"Feature","properties":{"osm_id":12663520455,"operator":"","manufacturer":null,"category":"Flock","query_date":"2026-09-23"},"geometry":{"type":"Point","coordinates":[-118.12915,34.0699]}},{"type":"Feature","properties":{"osm_id":12663520456,"operator":"","manufacturer":"Flock Safety","category":"Flock","query_date":"2026-09-23"},"geometry":{"type":"Point","coordinates":[-118.13418,34.06624]}},{"type":"Feature","properties":{"osm_id":12668849965,"operator":"","manufacturer":"Flock Safety","category":"Flock","query_date":"2026-09-23"},"geometry":{"type":"Point","coordinates":[-118.12321,34.08942]}},{"type":"Feature","properties":{"osm_id":12668849966,"operator":"","manufacturer":"Flock Safety","category":"Flock","query_date":"2026-09-23"},"geometry":{"type":"Point","coordinates":[-118.15189,34.09522]}},{"type":"Feature","properties":{"osm_id":12668849967,"operator":"","manufacturer":"Flock Safety","category":"Flock","query_date":"2026-09-23"},"geometry":{"type":"Point","coordinates":[-118.15199,34.07839]}},{"type":"Feature","properties":{"osm_id":12668849968,"operator":"","manufacturer":"Flock Safety","category":"Flock","query_date":"2026-09-23"},"geometry":{"type":"Point","coordinates":[-118.15167,34.06975]}},{"type":"Feature","properties":{"osm_id":12668849969,"operator":"","manufacturer":"Flock Safety","category":"Flock","query_date":"2026-09-23"},"geometry":{"type":"Point","coordinates":[-118.15191,34.07077]}},{"type":"Feature","properties":{"osm_id":12674238484,"operator":"","manufacturer":null,"category":"Flock","query_date":"2026-09-23"},"geometry":{"type":"Point","coordinates":[-118.09969,34.06978]}},{"type":"Feature","properties":{"osm_id":12674238485,"operator":"","manufacturer":null,"category":"Flock","query_date":"2026-09-23"},"geometry":{"type":"Point","coordinates":[-118.10043,34.06982]}},{"type":"Feature","properties":{"osm_id":12674238486,"operator":"","manufacturer":"Flock Safety","category":"Flock","query_date":"2026-09-23"},"geometry":{"type":"Point","coordinates":[-118.10796,34.06245]}},{"type":"Feature","properties":{"osm_id":12674238487,"operator":"","manufacturer":"Flock Safety","category":"Flock","query_date":"2026-09-23"},"geometry":{"type":"Point","coordinates":[-118.10991,34.06256]}},{"type":"Feature","properties":{"osm_id":12674238488,"operator":"San Gabriel Police Department","manufacturer":null,"category":"Flock","query_date":"2026-09-23"},"geometry":{"type":"Point","coordinates":[-118.09092,34.07998]}},{"type":"Feature","properties":{"osm_id":12674238490,"operator":"","manufacturer":"Flock Safety","category":"Flock","query_date":"2026-09-23"},"geometry":{"type":"Point","coordinates":[-118.10897,34.07918]}},{"type":"Feature","properties":{"osm_id":12681584546,"operator":"Flock Safety","manufacturer":null,"category":"Flock","query_date":"2026-09-23"},"geometry":{"type":"Point","coordinates":[-117.73136,34.02672]}},{"type":"Feature","properties":{"osm_id":12683290675,"operator":"Flock Safety","manufacturer":null,"category":"Flock","query_date":"2026-09-23"},"geometry":{"type":"Point","coordinates":[-117.79226,34.06145]}},{"type":"Feature","properties":{"osm_id":12683578337,"operator":"Flock Safety","manufacturer":null,"category":"Flock","query_date":"2026-09-23"},"geometry":{"type":"Point","coordinates":[-117.77684,34.06161]}},{"type":"Feature","properties":{"osm_id":12683581099,"operator":"Flock Safety","manufacturer":null,"category":"Flock","query_date":"2026-09-23"},"geometry":{"type":"Point","coordinates":[-117.77659,34.06194]}},{"type":"Feature","properties":{"osm_id":12683602583,"operator":"Flock Safety","manufacturer":null,"category":"Flock","query_date":"2026-09-23"},"geometry":{"type":"Point","coordinates":[-117.75048,34.06225]}},{"type":"Feature","properties":{"osm_id":12683602584,"operator":"Flock Safety","manufacturer":null,"category":"Flock","query_date":"2026-09-23"},"geometry":{"type":"Point","coordinates":[-117.7417,34.06245]}},{"type":"Feature","properties":{"osm_id":12683605643,"operator":"Flock Safety","manufacturer":null,"category":"Flock","query_date":"2026-09-23"},"geometry":{"type":"Point","coordinates":[-117.74147,34.06277]}},{"type":"Feature","properties":{"osm_id":12683619467,"operator":"Flock Safety","manufacturer":null,"category":"Flock","query_date":"2026-09-23"},"geometry":{"type":"Point","coordinates":[-117.75009,34.06227]}},{"type":"Feature","properties":{"osm_id":12683621749,"operator":"Flock Safety","manufacturer":null,"category":"Flock","query_date":"2026-09-23"},"geometry":{"type":"Point","coordinates":[-117.75051,34.06252]}},{"type":"Feature","properties":{"osm_id":12683639358,"operator":"Flock Safety","manufacturer":null,"category":"Flock","query_date":"2026-09-23"},"geometry":{"type":"Point","coordinates":[-117.76429,34.06214]}},{"type":"Feature","properties":{"osm_id":12683658642,"operator":"Flock Safety","manufacturer":null,"category":"Flock","query_date":"2026-09-23"},"geometry":{"type":"Point","coordinates":[-117.73683,34.04843]}},{"type":"Feature","properties":{"osm_id":12685341833,"operator":"","manufacturer":null,"category":"Flock","query_date":"2026-09-23"},"geometry":{"type":"Point","coordinates":[-118.11964,34.07863]}},{"type":"Feature","properties":{"osm_id":12685341834,"operator":"San Gabriel Police Department","manufacturer":null,"category":"Flock","query_date":"2026-09-23"},"geometry":{"type":"Point","coordinates":[-118.09115,34.10328]}},{"type":"Feature","properties":{"osm_id":12686383629,"operator":"Flock Safety","manufacturer":null,"category":"Flock","query_date":"2026-09-23"},"geometry":{"type":"Point","coordinates":[-117.74914,34.02598]}},{"type":"Feature","properties":{"osm_id":12695270663,"operator":"","manufacturer":"Flock Safety","category":"Flock","query_date":"2026-09-23"},"geometry":{"type":"Point","coordinates":[-118.12956,34.08671]}},{"type":"Feature","properties":{"osm_id":12695270673,"operator":"Alhambra Police Department","manufacturer":"Flock Safety","category":"Flock","query_date":"2026-09-23"},"geometry":{"type":"Point","coordinates":[-118.12775,34.09661]}},{"type":"Feature","properties":{"osm_id":12695270674,"operator":"","manufacturer":"Flock Safety","category":"Flock","query_date":"2026-09-23"},"geometry":{"type":"Point","coordinates":[-118.13563,34.10698]}},{"type":"Feature","properties":{"osm_id":12695270675,"operator":"San Marino Police Department","manufacturer":"Flock Safety","category":"Flock","query_date":"2026-09-23"},"geometry":{"type":"Point","coordinates":[-118.13466,34.10865]}},{"type":"Feature","properties":{"osm_id":12695270676,"operator":"Alhambra Police Department","manufacturer":"Flock Safety","category":"Flock","query_date":"2026-09-23"},"geometry":{"type":"Point","coordinates":[-118.1199,34.09066]}},{"type":"Feature","properties":{"osm_id":12695270677,"operator":"Alhambra Police Department","manufacturer":"Flock Safety","category":"Flock","query_date":"2026-09-23"},"geometry":{"type":"Point","coordinates":[-118.11965,34.091]}},{"type":"Feature","properties":{"osm_id":12695270678,"operator":"","manufacturer":"Flock Safety","category":"Flock","query_date":"2026-09-23"},"geometry":{"type":"Point","coordinates":[-118.13872,34.11777]}},{"type":"Feature","properties":{"osm_id":12710761211,"operator":"","manufacturer":null,"category":"Flock","query_date":"2026-09-23"},"geometry":{"type":"Point","coordinates":[-118.29974,34.16893]}},{"type":"Feature","properties":{"osm_id":12710861270,"operator":"","manufacturer":"Flock Safety","category":"Flock","query_date":"2026-09-23"},"geometry":{"type":"Point","coordinates":[-118.22968,34.14286]}},{"type":"Feature","properties":{"osm_id":12710861271,"operator":"","manufacturer":"Flock Safety","category":"Flock","query_date":"2026-09-23"},"geometry":{"type":"Point","coordinates":[-118.2431,34.15469]}},{"type":"Feature","properties":{"osm_id":12710861272,"operator":"","manufacturer":"Flock Safety","category":"Flock","query_date":"2026-09-23"},"geometry":{"type":"Point","coordinates":[-118.25524,34.14998]}},{"type":"Feature","properties":{"osm_id":12710861273,"operator":"","manufacturer":"Flock Safety","category":"Flock","query_date":"2026-09-23"},"geometry":{"type":"Point","coordinates":[-118.28972,34.17091]}},{"type":"Feature","properties":{"osm_id":12710861274,"operator":"","manufacturer":"Flock Safety","category":"Flock","query_date":"2026-09-23"},"geometry":{"type":"Point","coordinates":[-118.26401,34.15762]}},{"type":"Feature","properties":{"osm_id":12710861275,"operator":"","manufacturer":"Flock Safety","category":"Flock","query_date":"2026-09-23"},"geometry":{"type":"Point","coordinates":[-118.25262,34.12876]}},{"type":"Feature","properties":{"osm_id":12710861276,"operator":"","manufacturer":"Flock Safety","category":"Flock","query_date":"2026-09-23"},"geometry":{"type":"Point","coordinates":[-118.27492,34.1611]}},{"type":"Feature","properties":{"osm_id":12710861277,"operator":"","manufacturer":"Flock Safety","category":"Flock","query_date":"2026-09-23"},"geometry":{"type":"Point","coordinates":[-118.25515,34.13825]}},{"type":"Feature","properties":{"osm_id":12715150859,"operator":"San Marino Police Department","manufacturer":"Flock Safety","category":"Flock","query_date":"2026-09-23"},"geometry":{"type":"Point","coordinates":[-118.09442,34.13529]}},{"type":"Feature","properties":{"osm_id":12732032796,"operator":"","manufacturer":"Flock Safety","category":"Flock","query_date":"2026-09-23"},"geometry":{"type":"Point","coordinates":[-118.50644,34.02141]}},{"type":"Feature","properties":{"osm_id":12732032797,"operator":"","manufacturer":"Flock Safety","category":"Flock","query_date":"2026-09-23"},"geometry":{"type":"Point","coordinates":[-118.50098,34.01682]}},{"type":"Feature","properties":{"osm_id":12732032798,"operator":"Flock Safety","manufacturer":null,"category":"Flock","query_date":"2026-09-23"},"geometry":{"type":"Point","coordinates":[-118.49786,34.01416]}},{"type":"Feature","properties":{"osm_id":12732032799,"operator":"","manufacturer":"Flock Safety","category":"Flock","query_date":"2026-09-23"},"geometry":{"type":"Point","coordinates":[-118.49377,34.01769]}},{"type":"Feature","properties":{"osm_id":12732032800,"operator":"","manufacturer":"Flock Safety","category":"Flock","query_date":"2026-09-23"},"geometry":{"type":"Point","coordinates":[-118.48096,34.02807]}},{"type":"Feature","properties":{"osm_id":12732047301,"operator":"Flock Safety","manufacturer":null,"category":"Flock","query_date":"2026-09-23"},"geometry":{"type":"Point","coordinates":[-118.48099,34.0278]}},{"type":"Feature","properties":{"osm_id":12732047302,"operator":"","manufacturer":"Flock Safety","category":"Flock","query_date":"2026-09-23"},"geometry":{"type":"Point","coordinates":[-118.47331,34.02308]}},{"type":"Feature","properties":{"osm_id":12732047303,"operator":"","manufacturer":"Flock Safety","category":"Flock","query_date":"2026-09-23"},"geometry":{"type":"Point","coordinates":[-118.47484,34.0241]}},{"type":"Feature","properties":{"osm_id":12732047304,"operator":"","manufacturer":"Flock Safety","category":"Flock","query_date":"2026-09-23"},"geometry":{"type":"Point","coordinates":[-118.47159,34.01826]}},{"type":"Feature","properties":{"osm_id":12755225609,"operator":"","manufacturer":null,"category":"other ALPR","query_date":"2026-09-23"},"geometry":{"type":"Point","coordinates":[-118.53383,34.38033]}},{"type":"Feature","properties":{"osm_id":12755230491,"operator":"","manufacturer":null,"category":"other ALPR","query_date":"2026-09-23"},"geometry":{"type":"Point","coordinates":[-118.51479,34.37093]}},{"type":"Feature","properties":{"osm_id":12755235757,"operator":"Los Angeles County Sheriff's Department,Santa Clarita","manufacturer":null,"category":"other ALPR","query_date":"2026-09-23"},"geometry":{"type":"Point","coordinates":[-118.56152,34.37856]}},{"type":"Feature","properties":{"osm_id":12755252714,"operator":"","manufacturer":null,"category":"other ALPR","query_date":"2026-09-23"},"geometry":{"type":"Point","coordinates":[-118.5146,34.37086]}},{"type":"Feature","properties":{"osm_id":12755253542,"operator":"","manufacturer":null,"category":"other ALPR","query_date":"2026-09-23"},"geometry":{"type":"Point","coordinates":[-118.52185,34.37469]}},{"type":"Feature","properties":{"osm_id":12755306919,"operator":"","manufacturer":null,"category":"other ALPR","query_date":"2026-09-23"},"geometry":{"type":"Point","coordinates":[-118.53121,34.38138]}},{"type":"Feature","properties":{"osm_id":12755359857,"operator":"","manufacturer":null,"category":"other ALPR","query_date":"2026-09-23"},"geometry":{"type":"Point","coordinates":[-118.51482,34.37064]}},{"type":"Feature","properties":{"osm_id":12755648049,"operator":"","manufacturer":null,"category":"other ALPR","query_date":"2026-09-23"},"geometry":{"type":"Point","coordinates":[-118.53483,34.3878]}},{"type":"Feature","properties":{"osm_id":12755667961,"operator":"","manufacturer":null,"category":"other ALPR","query_date":"2026-09-23"},"geometry":{"type":"Point","coordinates":[-118.533,34.38042]}},{"type":"Feature","properties":{"osm_id":12755679839,"operator":"","manufacturer":null,"category":"other ALPR","query_date":"2026-09-23"},"geometry":{"type":"Point","coordinates":[-118.53425,34.3883]}},{"type":"Feature","properties":{"osm_id":12755689603,"operator":"","manufacturer":null,"category":"other ALPR","query_date":"2026-09-23"},"geometry":{"type":"Point","coordinates":[-118.53279,34.3856]}},{"type":"Feature","properties":{"osm_id":12755690134,"operator":"","manufacturer":null,"category":"other ALPR","query_date":"2026-09-23"},"geometry":{"type":"Point","coordinates":[-118.53221,34.38569]}},{"type":"Feature","properties":{"osm_id":12766805711,"operator":"","manufacturer":"Flock Safety","category":"Flock","query_date":"2026-09-23"},"geometry":{"type":"Point","coordinates":[-118.51789,34.02742]}},{"type":"Feature","properties":{"osm_id":12766805712,"operator":"","manufacturer":"Flock Safety","category":"Flock","query_date":"2026-09-23"},"geometry":{"type":"Point","coordinates":[-118.51524,34.03044]}},{"type":"Feature","properties":{"osm_id":12766805713,"operator":"","manufacturer":"Flock Safety","category":"Flock","query_date":"2026-09-23"},"geometry":{"type":"Point","coordinates":[-118.50244,34.05299]}},{"type":"Feature","properties":{"osm_id":12766805714,"operator":"","manufacturer":"Flock Safety","category":"Flock","query_date":"2026-09-23"},"geometry":{"type":"Point","coordinates":[-118.4958,34.05478]}},{"type":"Feature","properties":{"osm_id":12784994181,"operator":"Pasadena Police Department","manufacturer":"Flock Safety","category":"Flock","query_date":"2026-09-23"},"geometry":{"type":"Point","coordinates":[-118.14924,34.16526]}},{"type":"Feature","properties":{"osm_id":12784994182,"operator":"Pasadena Police Department","manufacturer":"Flock Safety","category":"Flock","query_date":"2026-09-23"},"geometry":{"type":"Point","coordinates":[-118.14918,34.16509]}},{"type":"Feature","properties":{"osm_id":12784994183,"operator":"Pasadena Police Department","manufacturer":"Flock Safety","category":"Flock","query_date":"2026-09-23"},"geometry":{"type":"Point","coordinates":[-118.14894,34.16523]}},{"type":"Feature","properties":{"osm_id":12784994184,"operator":"Pasadena Police Department","manufacturer":"Flock Safety","category":"Flock","query_date":"2026-09-23"},"geometry":{"type":"Point","coordinates":[-118.14899,34.16525]}},{"type":"Feature","properties":{"osm_id":12785046335,"operator":"Alhambra Police Department","manufacturer":"Flock Safety","category":"Flock","query_date":"2026-09-23"},"geometry":{"type":"Point","coordinates":[-118.1348,34.09825]}},{"type":"Feature","properties":{"osm_id":12785046336,"operator":"Alhambra Police Department","manufacturer":"Flock Safety","category":"Flock","query_date":"2026-09-23"},"geometry":{"type":"Point","coordinates":[-118.13486,34.09886]}},{"type":"Feature","properties":{"osm_id":12785065255,"operator":"Pasadena Police Department","manufacturer":"Flock Safety","category":"Flock","query_date":"2026-09-23"},"geometry":{"type":"Point","coordinates":[-118.1505,34.12759]}},{"type":"Feature","properties":{"osm_id":12785065256,"operator":"Pasadena Police Department","manufacturer":"Flock Safety","category":"Flock","query_date":"2026-09-23"},"geometry":{"type":"Point","coordinates":[-118.15043,34.12743]}},{"type":"Feature","properties":{"osm_id":12785065257,"operator":"Pasadena Police Department","manufacturer":"Flock Safety","category":"Flock","query_date":"2026-09-23"},"geometry":{"type":"Point","coordinates":[-118.15021,34.12765]}},{"type":"Feature","properties":{"osm_id":12785083965,"operator":"","manufacturer":"Motorola Solutions","category":"other ALPR","query_date":"2026-09-23"},"geometry":{"type":"Point","coordinates":[-118.31188,33.83152]}},{"type":"Feature","properties":{"osm_id":12785083966,"operator":"","manufacturer":"Motorola Solutions","category":"other ALPR","query_date":"2026-09-23"},"geometry":{"type":"Point","coordinates":[-118.31187,33.83149]}},{"type":"Feature","properties":{"osm_id":12785092023,"operator":"","manufacturer":null,"category":"other ALPR","query_date":"2026-09-23"},"geometry":{"type":"Point","coordinates":[-118.15297,34.03322]}},{"type":"Feature","properties":{"osm_id":12785092024,"operator":"","manufacturer":null,"category":"other ALPR","query_date":"2026-09-23"},"geometry":{"type":"Point","coordinates":[-118.15292,34.03319]}},{"type":"Feature","properties":{"osm_id":12785095446,"operator":"","manufacturer":"Flock Safety","category":"Flock","query_date":"2026-09-23"},"geometry":{"type":"Point","coordinates":[-118.14839,34.0364]}},{"type":"Feature","properties":{"osm_id":12787060595,"operator":"Pasadena Police Department","manufacturer":"Flock Safety","category":"Flock","query_date":"2026-09-23"},"geometry":{"type":"Point","coordinates":[-118.1508,34.16871]}},{"type":"Feature","properties":{"osm_id":12787060596,"operator":"Pasadena Police Department","manufacturer":"Flock Safety","category":"Flock","query_date":"2026-09-23"},"geometry":{"type":"Point","coordinates":[-118.15085,34.16894]}},{"type":"Feature","properties":{"osm_id":12787060597,"operator":"Pasadena Police Department","manufacturer":"Flock Safety","category":"Flock","query_date":"2026-09-23"},"geometry":{"type":"Point","coordinates":[-118.15059,34.16898]}},{"type":"Feature","properties":{"osm_id":12787060598,"operator":"Pasadena Police Department","manufacturer":"Flock Safety","category":"Flock","query_date":"2026-09-23"},"geometry":{"type":"Point","coordinates":[-118.15053,34.16876]}},{"type":"Feature","properties":{"osm_id":12787072044,"operator":"","manufacturer":null,"category":"other ALPR","query_date":"2026-09-23"},"geometry":{"type":"Point","coordinates":[-118.15286,34.03344]}},{"type":"Feature","properties":{"osm_id":12787072045,"operator":"","manufacturer":null,"category":"other ALPR","query_date":"2026-09-23"},"geometry":{"type":"Point","coordinates":[-118.15236,34.03351]}},{"type":"Feature","properties":{"osm_id":12787072046,"operator":"","manufacturer":null,"category":"other ALPR","query_date":"2026-09-23"},"geometry":{"type":"Point","coordinates":[-118.15241,34.03351]}},{"type":"Feature","properties":{"osm_id":12804437314,"operator":"","manufacturer":"Flock Safety","category":"Flock","query_date":"2026-09-23"},"geometry":{"type":"Point","coordinates":[-118.72422,34.13669]}},{"type":"Feature","properties":{"osm_id":12804437315,"operator":"","manufacturer":"Flock Safety","category":"Flock","query_date":"2026-09-23"},"geometry":{"type":"Point","coordinates":[-118.72459,34.13656]}},{"type":"Feature","properties":{"osm_id":12804438108,"operator":"","manufacturer":"Flock Safety","category":"Flock","query_date":"2026-09-23"},"geometry":{"type":"Point","coordinates":[-118.76088,34.14516]}},{"type":"Feature","properties":{"osm_id":12804456052,"operator":"","manufacturer":"Flock Safety","category":"Flock","query_date":"2026-09-23"},"geometry":{"type":"Point","coordinates":[-118.65578,34.15125]}},{"type":"Feature","properties":{"osm_id":12804460546,"operator":"","manufacturer":"Flock Safety","category":"Flock","query_date":"2026-09-23"},"geometry":{"type":"Point","coordinates":[-118.69806,34.14417]}},{"type":"Feature","properties":{"osm_id":12804468206,"operator":"","manufacturer":"Flock Safety","category":"Flock","query_date":"2026-09-23"},"geometry":{"type":"Point","coordinates":[-118.64992,34.15133]}},{"type":"Feature","properties":{"osm_id":12804474323,"operator":"","manufacturer":"Flock Safety","category":"Flock","query_date":"2026-09-23"},"geometry":{"type":"Point","coordinates":[-118.64315,34.15605]}},{"type":"Feature","properties":{"osm_id":12804474324,"operator":"","manufacturer":"Flock Safety","category":"Flock","query_date":"2026-09-23"},"geometry":{"type":"Point","coordinates":[-118.64233,34.15612]}},{"type":"Feature","properties":{"osm_id":12804928901,"operator":"","manufacturer":"Flock Safety","category":"Flock","query_date":"2026-09-23"},"geometry":{"type":"Point","coordinates":[-118.39895,34.06048]}},{"type":"Feature","properties":{"osm_id":12813102374,"operator":"","manufacturer":"Flock Safety","category":"Flock","query_date":"2026-09-23"},"geometry":{"type":"Point","coordinates":[-118.12192,34.10496]}},{"type":"Feature","properties":{"osm_id":12813102375,"operator":"Alhambra Police Department","manufacturer":"Flock Safety","category":"Flock","query_date":"2026-09-23"},"geometry":{"type":"Point","coordinates":[-118.12653,34.09452]}},{"type":"Feature","properties":{"osm_id":12813102376,"operator":"San Gabriel Police Department","manufacturer":"Flock Safety","category":"Flock","query_date":"2026-09-23"},"geometry":{"type":"Point","coordinates":[-118.11092,34.10254]}},{"type":"Feature","properties":{"osm_id":12813102377,"operator":"San Gabriel Police Department","manufacturer":"Flock Safety","category":"Flock","query_date":"2026-09-23"},"geometry":{"type":"Point","coordinates":[-118.11105,34.10224]}},{"type":"Feature","properties":{"osm_id":12813107923,"operator":"Pasadena Police Department","manufacturer":"Flock Safety","category":"Flock","query_date":"2026-09-23"},"geometry":{"type":"Point","coordinates":[-118.15049,34.15794]}},{"type":"Feature","properties":{"osm_id":12813107924,"operator":"Pasadena Police Department","manufacturer":"Flock Safety","category":"Flock","query_date":"2026-09-23"},"geometry":{"type":"Point","coordinates":[-118.15077,34.15791]}},{"type":"Feature","properties":{"osm_id":12813107925,"operator":"Pasadena Police Department","manufacturer":"Flock Safety","category":"Flock","query_date":"2026-09-23"},"geometry":{"type":"Point","coordinates":[-118.15071,34.15761]}},{"type":"Feature","properties":{"osm_id":12813107926,"operator":"Pasadena Police Department","manufacturer":"Flock Safety","category":"Flock","query_date":"2026-09-23"},"geometry":{"type":"Point","coordinates":[-118.15043,34.15768]}},{"type":"Feature","properties":{"osm_id":12813111620,"operator":"","manufacturer":"Flock Safety","category":"Flock","query_date":"2026-09-23"},"geometry":{"type":"Point","coordinates":[-118.05193,34.14106]}},{"type":"Feature","properties":{"osm_id":12813123125,"operator":"San Marino Police Department","manufacturer":"Flock Safety","category":"Flock","query_date":"2026-09-23"},"geometry":{"type":"Point","coordinates":[-118.09117,34.12256]}},{"type":"Feature","properties":{"osm_id":12813123126,"operator":"San Marino Police Department","manufacturer":"Flock Safety","category":"Flock","query_date":"2026-09-23"},"geometry":{"type":"Point","coordinates":[-118.11531,34.11421]}},{"type":"Feature","properties":{"osm_id":12813123127,"operator":"San Marino Police Department","manufacturer":"Flock Safety","category":"Flock","query_date":"2026-09-23"},"geometry":{"type":"Point","coordinates":[-118.12471,34.1195]}},{"type":"Feature","properties":{"osm_id":12813123128,"operator":"San Marino Police Department","manufacturer":"Flock Safety","category":"Flock","query_date":"2026-09-23"},"geometry":{"type":"Point","coordinates":[-118.12021,34.12087]}},{"type":"Feature","properties":{"osm_id":12815455549,"operator":"South Pasadena Police Department","manufacturer":"Flock Safety","category":"Flock","query_date":"2026-09-23"},"geometry":{"type":"Point","coordinates":[-118.15043,34.12366]}},{"type":"Feature","properties":{"osm_id":12815455552,"operator":"Pasadena Police Department","manufacturer":"Flock Safety","category":"Flock","query_date":"2026-09-23"},"geometry":{"type":"Point","coordinates":[-118.14618,34.14688]}},{"type":"Feature","properties":{"osm_id":12824147208,"operator":"","manufacturer":"Flock Safety","category":"Flock","query_date":"2026-09-23"},"geometry":{"type":"Point","coordinates":[-118.0729,34.07418]}},{"type":"Feature","properties":{"osm_id":12836298611,"operator":"","manufacturer":"Flock Safety","category":"Flock","query_date":"2026-09-23"},"geometry":{"type":"Point","coordinates":[-118.15015,34.12416]}},{"type":"Feature","properties":{"osm_id":12836298612,"operator":"San Marino Police Department","manufacturer":"Flock Safety","category":"Flock","query_date":"2026-09-23"},"geometry":{"type":"Point","coordinates":[-118.09196,34.12699]}},{"type":"Feature","properties":{"osm_id":12836298613,"operator":"San Marino Police Department","manufacturer":"Flock Safety","category":"Flock","query_date":"2026-09-23"},"geometry":{"type":"Point","coordinates":[-118.09278,34.12642]}},{"type":"Feature","properties":{"osm_id":12836298614,"operator":"","manufacturer":"Flock Safety","category":"Flock","query_date":"2026-09-23"},"geometry":{"type":"Point","coordinates":[-118.10021,34.124]}},{"type":"Feature","properties":{"osm_id":12841080315,"operator":"","manufacturer":"Flock Safety","category":"Flock","query_date":"2026-09-23"},"geometry":{"type":"Point","coordinates":[-118.14651,34.03732]}},{"type":"Feature","properties":{"osm_id":12843189908,"operator":"Alhambra Police Department","manufacturer":"Flock Safety","category":"Flock","query_date":"2026-09-23"},"geometry":{"type":"Point","coordinates":[-118.12696,34.0934]}},{"type":"Feature","properties":{"osm_id":12843489608,"operator":"","manufacturer":"Flock Safety","category":"Flock","query_date":"2026-09-23"},"geometry":{"type":"Point","coordinates":[-118.02874,33.88786]}},{"type":"Feature","properties":{"osm_id":12843489609,"operator":"","manufacturer":null,"category":"other ALPR","query_date":"2026-09-23"},"geometry":{"type":"Point","coordinates":[-118.02883,33.88818]}},{"type":"Feature","properties":{"osm_id":12844626367,"operator":"South Pasadena Police Department","manufacturer":"Flock Safety","category":"Flock","query_date":"2026-09-23"},"geometry":{"type":"Point","coordinates":[-118.15018,34.11941]}},{"type":"Feature","properties":{"osm_id":12858684307,"operator":"San Marino Police Department","manufacturer":"Flock Safety","category":"Flock","query_date":"2026-09-23"},"geometry":{"type":"Point","coordinates":[-118.12664,34.11194]}},{"type":"Feature","properties":{"osm_id":12858684308,"operator":"San Marino Police Department","manufacturer":"Flock Safety","category":"Flock","query_date":"2026-09-23"},"geometry":{"type":"Point","coordinates":[-118.12659,34.11216]}},{"type":"Feature","properties":{"osm_id":12858684309,"operator":"","manufacturer":"Flock Safety","category":"Flock","query_date":"2026-09-23"},"geometry":{"type":"Point","coordinates":[-118.1174,34.11766]}},{"type":"Feature","properties":{"osm_id":12858684310,"operator":"","manufacturer":"Flock Safety","category":"Flock","query_date":"2026-09-23"},"geometry":{"type":"Point","coordinates":[-118.10072,34.12396]}},{"type":"Feature","properties":{"osm_id":12858709401,"operator":"San Marino Police Department","manufacturer":"Flock Safety","category":"Flock","query_date":"2026-09-23"},"geometry":{"type":"Point","coordinates":[-118.09977,34.11448]}},{"type":"Feature","properties":{"osm_id":12869814412,"operator":"","manufacturer":"Flock Safety","category":"Flock","query_date":"2026-09-23"},"geometry":{"type":"Point","coordinates":[-118.09,33.93519]}},{"type":"Feature","properties":{"osm_id":12869820022,"operator":"","manufacturer":"Flock Safety","category":"Flock","query_date":"2026-09-23"},"geometry":{"type":"Point","coordinates":[-118.09044,33.93552]}},{"type":"Feature","properties":{"osm_id":12869964961,"operator":"","manufacturer":"Flock Safety","category":"Flock","query_date":"2026-09-23"},"geometry":{"type":"Point","coordinates":[-118.07365,33.93545]}},{"type":"Feature","properties":{"osm_id":12871132054,"operator":"","manufacturer":"Flock Safety","category":"Flock","query_date":"2026-09-23"},"geometry":{"type":"Point","coordinates":[-118.08877,33.94833]}},{"type":"Feature","properties":{"osm_id":12871175951,"operator":"","manufacturer":"Flock Safety","category":"Flock","query_date":"2026-09-23"},"geometry":{"type":"Point","coordinates":[-118.08109,33.94509]}},{"type":"Feature","properties":{"osm_id":12871180708,"operator":"","manufacturer":"Flock Safety","category":"Flock","query_date":"2026-09-23"},"geometry":{"type":"Point","coordinates":[-118.08101,33.94539]}},{"type":"Feature","properties":{"osm_id":12871219370,"operator":"","manufacturer":"Flock Safety","category":"Flock","query_date":"2026-09-23"},"geometry":{"type":"Point","coordinates":[-118.07962,34.01001]}},{"type":"Feature","properties":{"osm_id":12871227240,"operator":"","manufacturer":"Flock Safety","category":"Flock","query_date":"2026-09-23"},"geometry":{"type":"Point","coordinates":[-118.0818,34.01098]}},{"type":"Feature","properties":{"osm_id":12871227242,"operator":"","manufacturer":"Flock Safety","category":"Flock","query_date":"2026-09-23"},"geometry":{"type":"Point","coordinates":[-118.08013,34.01248]}},{"type":"Feature","properties":{"osm_id":12871266074,"operator":"","manufacturer":"Flock Safety","category":"Flock","query_date":"2026-09-23"},"geometry":{"type":"Point","coordinates":[-118.08206,34.00773]}},{"type":"Feature","properties":{"osm_id":12871269760,"operator":"","manufacturer":null,"category":"other ALPR","query_date":"2026-09-23"},"geometry":{"type":"Point","coordinates":[-118.12609,33.92272]}},{"type":"Feature","properties":{"osm_id":12871308351,"operator":"","manufacturer":"Flock Safety","category":"Flock","query_date":"2026-09-23"},"geometry":{"type":"Point","coordinates":[-118.11537,33.9673]}},{"type":"Feature","properties":{"osm_id":12871312703,"operator":"","manufacturer":null,"category":"other ALPR","query_date":"2026-09-23"},"geometry":{"type":"Point","coordinates":[-118.12609,33.92272]}},{"type":"Feature","properties":{"osm_id":12871312704,"operator":"","manufacturer":null,"category":"other ALPR","query_date":"2026-09-23"},"geometry":{"type":"Point","coordinates":[-118.12609,33.92273]}},{"type":"Feature","properties":{"osm_id":12878254870,"operator":"San Marino Police Department","manufacturer":"Flock Safety","category":"Flock","query_date":"2026-09-23"},"geometry":{"type":"Point","coordinates":[-118.10758,34.12206]}},{"type":"Feature","properties":{"osm_id":12878330244,"operator":"","manufacturer":"Flock Safety","category":"Flock","query_date":"2026-09-23"},"geometry":{"type":"Point","coordinates":[-118.09231,34.12639]}},{"type":"Feature","properties":{"osm_id":12878331256,"operator":"San Marino Police Department","manufacturer":"Flock Safety","category":"Flock","query_date":"2026-09-23"},"geometry":{"type":"Point","coordinates":[-118.10661,34.12332]}},{"type":"Feature","properties":{"osm_id":12879215815,"operator":"","manufacturer":"Flock Safety","category":"Flock","query_date":"2026-09-23"},"geometry":{"type":"Point","coordinates":[-118.12763,34.11106]}},{"type":"Feature","properties":{"osm_id":12879296875,"operator":"Alhambra Police Department","manufacturer":"Flock Safety","category":"Flock","query_date":"2026-09-23"},"geometry":{"type":"Point","coordinates":[-118.11764,34.09943]}},{"type":"Feature","properties":{"osm_id":12880228428,"operator":"","manufacturer":"Flock Safety","category":"Flock","query_date":"2026-09-23"},"geometry":{"type":"Point","coordinates":[-118.0909,34.10396]}},{"type":"Feature","properties":{"osm_id":12882832755,"operator":"","manufacturer":"Flock Safety","category":"Flock","query_date":"2026-09-23"},"geometry":{"type":"Point","coordinates":[-118.06326,34.00403]}},{"type":"Feature","properties":{"osm_id":12882834651,"operator":"","manufacturer":"Flock Safety","category":"Flock","query_date":"2026-09-23"},"geometry":{"type":"Point","coordinates":[-118.04703,33.89619]}},{"type":"Feature","properties":{"osm_id":12882857501,"operator":"","manufacturer":null,"category":"other ALPR","query_date":"2026-09-23"},"geometry":{"type":"Point","coordinates":[-118.10594,33.92592]}},{"type":"Feature","properties":{"osm_id":12882857502,"operator":"","manufacturer":null,"category":"other ALPR","query_date":"2026-09-23"},"geometry":{"type":"Point","coordinates":[-118.10592,33.92594]}},{"type":"Feature","properties":{"osm_id":12882857503,"operator":"","manufacturer":null,"category":"other ALPR","query_date":"2026-09-23"},"geometry":{"type":"Point","coordinates":[-118.1059,33.92596]}},{"type":"Feature","properties":{"osm_id":12897749941,"operator":"","manufacturer":"Flock Safety","category":"Flock","query_date":"2026-09-23"},"geometry":{"type":"Point","coordinates":[-118.10126,33.88721]}},{"type":"Feature","properties":{"osm_id":12897785874,"operator":"","manufacturer":"Flock Safety","category":"Flock","query_date":"2026-09-23"},"geometry":{"type":"Point","coordinates":[-118.10176,33.88621]}},{"type":"Feature","properties":{"osm_id":12897788370,"operator":"","manufacturer":"Flock Safety","category":"Flock","query_date":"2026-09-23"},"geometry":{"type":"Point","coordinates":[-118.09046,33.94901]}},{"type":"Feature","properties":{"osm_id":12897788371,"operator":"","manufacturer":"Flock Safety","category":"Flock","query_date":"2026-09-23"},"geometry":{"type":"Point","coordinates":[-118.09046,33.94901]}},{"type":"Feature","properties":{"osm_id":12897897642,"operator":"","manufacturer":"Flock Safety","category":"Flock","query_date":"2026-09-23"},"geometry":{"type":"Point","coordinates":[-118.10013,33.88623]}},{"type":"Feature","properties":{"osm_id":12897902659,"operator":"","manufacturer":"Flock Safety","category":"Flock","query_date":"2026-09-23"},"geometry":{"type":"Point","coordinates":[-118.07249,33.93521]}},{"type":"Feature","properties":{"osm_id":12897927297,"operator":"","manufacturer":"Flock Safety","category":"Flock","query_date":"2026-09-23"},"geometry":{"type":"Point","coordinates":[-118.07286,33.93472]}},{"type":"Feature","properties":{"osm_id":12897953223,"operator":"","manufacturer":"Flock Safety","category":"Flock","query_date":"2026-09-23"},"geometry":{"type":"Point","coordinates":[-118.1255,33.90961]}},{"type":"Feature","properties":{"osm_id":12897954636,"operator":"","manufacturer":"Flock Safety","category":"Flock","query_date":"2026-09-23"},"geometry":{"type":"Point","coordinates":[-118.10011,33.88683]}},{"type":"Feature","properties":{"osm_id":12897962109,"operator":"","manufacturer":"Flock Safety","category":"Flock","query_date":"2026-09-23"},"geometry":{"type":"Point","coordinates":[-118.13301,33.9223]}},{"type":"Feature","properties":{"osm_id":12897962110,"operator":"","manufacturer":"Flock Safety","category":"Flock","query_date":"2026-09-23"},"geometry":{"type":"Point","coordinates":[-118.133,33.9223]}},{"type":"Feature","properties":{"osm_id":12897962111,"operator":"","manufacturer":"Flock Safety","category":"Flock","query_date":"2026-09-23"},"geometry":{"type":"Point","coordinates":[-118.133,33.9223]}},{"type":"Feature","properties":{"osm_id":12915366471,"operator":"","manufacturer":"Flock Safety","category":"Flock","query_date":"2026-09-23"},"geometry":{"type":"Point","coordinates":[-118.26483,34.17322]}},{"type":"Feature","properties":{"osm_id":12919162195,"operator":"","manufacturer":"Flock Safety","category":"Flock","query_date":"2026-09-23"},"geometry":{"type":"Point","coordinates":[-118.0669,34.1306]}},{"type":"Feature","properties":{"osm_id":12919162263,"operator":"","manufacturer":"Flock Safety","category":"Flock","query_date":"2026-09-23"},"geometry":{"type":"Point","coordinates":[-118.06008,34.12523]}},{"type":"Feature","properties":{"osm_id":12919162276,"operator":"","manufacturer":"Flock Safety","category":"Flock","query_date":"2026-09-23"},"geometry":{"type":"Point","coordinates":[-118.06443,34.12485]}},{"type":"Feature","properties":{"osm_id":12919162328,"operator":"","manufacturer":"Flock Safety","category":"Flock","query_date":"2026-09-23"},"geometry":{"type":"Point","coordinates":[-118.0547,34.13194]}},{"type":"Feature","properties":{"osm_id":12919162329,"operator":"","manufacturer":"Flock Safety","category":"Flock","query_date":"2026-09-23"},"geometry":{"type":"Point","coordinates":[-118.05432,34.13202]}},{"type":"Feature","properties":{"osm_id":12919162333,"operator":"","manufacturer":"Flock Safety","category":"Flock","query_date":"2026-09-23"},"geometry":{"type":"Point","coordinates":[-118.05435,34.13147]}},{"type":"Feature","properties":{"osm_id":12919218671,"operator":"","manufacturer":"Flock Safety","category":"Flock","query_date":"2026-09-23"},"geometry":{"type":"Point","coordinates":[-118.05954,34.1235]}},{"type":"Feature","properties":{"osm_id":12919296715,"operator":"Alhambra Police Department","manufacturer":"Flock Safety","category":"Flock","query_date":"2026-09-23"},"geometry":{"type":"Point","coordinates":[-118.152,34.09852]}},{"type":"Feature","properties":{"osm_id":12923429172,"operator":"","manufacturer":"Flock Safety","category":"Flock","query_date":"2026-09-23"},"geometry":{"type":"Point","coordinates":[-118.13466,34.08415]}},{"type":"Feature","properties":{"osm_id":12923774976,"operator":"Alhambra Police Department","manufacturer":"Flock Safety","category":"Flock","query_date":"2026-09-23"},"geometry":{"type":"Point","coordinates":[-118.12858,34.0955]}},{"type":"Feature","properties":{"osm_id":12951072710,"operator":"","manufacturer":"Flock Safety","category":"Flock","query_date":"2026-09-23"},"geometry":{"type":"Point","coordinates":[-118.36136,34.19475]}},{"type":"Feature","properties":{"osm_id":12951086992,"operator":"The Home Depot","manufacturer":"Flock Safety","category":"Flock (store-operated)","query_date":"2026-09-23"},"geometry":{"type":"Point","coordinates":[-118.38249,34.20106]}},{"type":"Feature","properties":{"osm_id":12951086993,"operator":"The Home Depot","manufacturer":"Flock Safety","category":"Flock (store-operated)","query_date":"2026-09-23"},"geometry":{"type":"Point","coordinates":[-118.38238,34.20104]}},{"type":"Feature","properties":{"osm_id":12951086994,"operator":"Target Corporation","manufacturer":"Flock Safety","category":"Flock","query_date":"2026-09-23"},"geometry":{"type":"Point","coordinates":[-118.37055,34.18814]}},{"type":"Feature","properties":{"osm_id":12951086995,"operator":"Target Corporation","manufacturer":"Flock Safety","category":"Flock","query_date":"2026-09-23"},"geometry":{"type":"Point","coordinates":[-118.3721,34.1869]}},{"type":"Feature","properties":{"osm_id":12951087225,"operator":"","manufacturer":"Flock Safety","category":"Flock","query_date":"2026-09-23"},"geometry":{"type":"Point","coordinates":[-118.34969,34.19371]}},{"type":"Feature","properties":{"osm_id":12951087226,"operator":"Burbank","manufacturer":"Flock Safety","category":"Flock","query_date":"2026-09-23"},"geometry":{"type":"Point","coordinates":[-118.34887,34.17506]}},{"type":"Feature","properties":{"osm_id":12952443382,"operator":"Burbank","manufacturer":"Flock Safety","category":"Flock","query_date":"2026-09-23"},"geometry":{"type":"Point","coordinates":[-118.3329,34.19172]}},{"type":"Feature","properties":{"osm_id":12952443383,"operator":"Burbank","manufacturer":"Flock Safety","category":"Flock","query_date":"2026-09-23"},"geometry":{"type":"Point","coordinates":[-118.3332,34.1919]}},{"type":"Feature","properties":{"osm_id":12955923651,"operator":"Pasadena Police Department","manufacturer":"Flock Safety","category":"Flock","query_date":"2026-09-23"},"geometry":{"type":"Point","coordinates":[-118.15063,34.14586]}},{"type":"Feature","properties":{"osm_id":12955923652,"operator":"Pasadena Police Department","manufacturer":"Flock Safety","category":"Flock","query_date":"2026-09-23"},"geometry":{"type":"Point","coordinates":[-118.15034,34.14569]}},{"type":"Feature","properties":{"osm_id":12958343033,"operator":"Alhambra Police Department","manufacturer":"Flock Safety","category":"Flock","query_date":"2026-09-23"},"geometry":{"type":"Point","coordinates":[-118.15396,34.07922]}},{"type":"Feature","properties":{"osm_id":12958343034,"operator":"Alhambra Police Department","manufacturer":"Flock Safety","category":"Flock","query_date":"2026-09-23"},"geometry":{"type":"Point","coordinates":[-118.15563,34.07885]}},{"type":"Feature","properties":{"osm_id":12958812369,"operator":"","manufacturer":"Flock Safety","category":"Flock","query_date":"2026-09-23"},"geometry":{"type":"Point","coordinates":[-118.48465,34.04066]}},{"type":"Feature","properties":{"osm_id":12958842340,"operator":"","manufacturer":"Flock Safety","category":"Flock","query_date":"2026-09-23"},"geometry":{"type":"Point","coordinates":[-118.13496,34.68738]}},{"type":"Feature","properties":{"osm_id":12962085196,"operator":"Burbank","manufacturer":"Flock Safety","category":"Flock","query_date":"2026-09-23"},"geometry":{"type":"Point","coordinates":[-118.30684,34.16769]}},{"type":"Feature","properties":{"osm_id":12962085197,"operator":"Burbank","manufacturer":"Flock Safety","category":"Flock","query_date":"2026-09-23"},"geometry":{"type":"Point","coordinates":[-118.30801,34.16699]}},{"type":"Feature","properties":{"osm_id":12962085198,"operator":"The Home Depot","manufacturer":"Flock Safety","category":"Flock (store-operated)","query_date":"2026-09-23"},"geometry":{"type":"Point","coordinates":[-118.30119,34.17029]}},{"type":"Feature","properties":{"osm_id":12962085199,"operator":"The Home Depot","manufacturer":"Flock Safety","category":"Flock (store-operated)","query_date":"2026-09-23"},"geometry":{"type":"Point","coordinates":[-118.30119,34.17028]}},{"type":"Feature","properties":{"osm_id":12962085200,"operator":"The Home Depot","manufacturer":"Flock Safety","category":"Flock (store-operated)","query_date":"2026-09-23"},"geometry":{"type":"Point","coordinates":[-118.30023,34.16957]}},{"type":"Feature","properties":{"osm_id":12967287525,"operator":"Burbank","manufacturer":"Flock Safety","category":"Flock","query_date":"2026-09-23"},"geometry":{"type":"Point","coordinates":[-118.35739,34.17923]}},{"type":"Feature","properties":{"osm_id":12973506732,"operator":"Temple City","manufacturer":"Flock Safety","category":"Flock","query_date":"2026-09-23"},"geometry":{"type":"Point","coordinates":[-118.07303,34.10358]}},{"type":"Feature","properties":{"osm_id":12975489883,"operator":"South Pasadena Police Department","manufacturer":"Flock Safety","category":"Flock","query_date":"2026-09-23"},"geometry":{"type":"Point","coordinates":[-118.13625,34.10588]}},{"type":"Feature","properties":{"osm_id":12975659490,"operator":"San Gabriel Police Department","manufacturer":"Flock Safety","category":"Flock","query_date":"2026-09-23"},"geometry":{"type":"Point","coordinates":[-118.07737,34.10365]}},{"type":"Feature","properties":{"osm_id":12975826288,"operator":"San Marino Police Department","manufacturer":"Flock Safety","category":"Flock","query_date":"2026-09-23"},"geometry":{"type":"Point","coordinates":[-118.10486,34.11622]}},{"type":"Feature","properties":{"osm_id":12975828023,"operator":"","manufacturer":"Flock Safety","category":"Flock","query_date":"2026-09-23"},"geometry":{"type":"Point","coordinates":[-118.03249,34.10753]}},{"type":"Feature","properties":{"osm_id":12980330698,"operator":"Alhambra Police Department","manufacturer":"Flock Safety","category":"Flock","query_date":"2026-09-23"},"geometry":{"type":"Point","coordinates":[-118.13482,34.09168]}},{"type":"Feature","properties":{"osm_id":12980349630,"operator":"Alhambra Police Department","manufacturer":"Flock Safety","category":"Flock","query_date":"2026-09-23"},"geometry":{"type":"Point","coordinates":[-118.11404,34.09364]}},{"type":"Feature","properties":{"osm_id":12980367453,"operator":"","manufacturer":"Flock Safety","category":"Flock","query_date":"2026-09-23"},"geometry":{"type":"Point","coordinates":[-118.35259,34.07348]}},{"type":"Feature","properties":{"osm_id":12980367454,"operator":"","manufacturer":"Flock Safety","category":"Flock","query_date":"2026-09-23"},"geometry":{"type":"Point","coordinates":[-118.35182,34.07346]}},{"type":"Feature","properties":{"osm_id":12981362152,"operator":"","manufacturer":"Flock Safety","category":"Flock","query_date":"2026-09-23"},"geometry":{"type":"Point","coordinates":[-118.42441,33.96327]}},{"type":"Feature","properties":{"osm_id":12981362155,"operator":"","manufacturer":"Flock Safety","category":"Flock","query_date":"2026-09-23"},"geometry":{"type":"Point","coordinates":[-118.42619,33.96394]}},{"type":"Feature","properties":{"osm_id":12981706276,"operator":"","manufacturer":"Flock Safety","category":"Flock","query_date":"2026-09-23"},"geometry":{"type":"Point","coordinates":[-118.37656,34.08908]}},{"type":"Feature","properties":{"osm_id":12981709204,"operator":"","manufacturer":"Flock Safety","category":"Flock","query_date":"2026-09-23"},"geometry":{"type":"Point","coordinates":[-118.37724,34.08915]}},{"type":"Feature","properties":{"osm_id":12981730708,"operator":"","manufacturer":"Flock Safety","category":"Flock","query_date":"2026-09-23"},"geometry":{"type":"Point","coordinates":[-118.37619,34.08982]}},{"type":"Feature","properties":{"osm_id":12983533709,"operator":"San Marino Police Department","manufacturer":"Flock Safety","category":"Flock","query_date":"2026-09-23"},"geometry":{"type":"Point","coordinates":[-118.10451,34.11416]}},{"type":"Feature","properties":{"osm_id":12983533710,"operator":"San Marino Police Department","manufacturer":"Flock Safety","category":"Flock","query_date":"2026-09-23"},"geometry":{"type":"Point","coordinates":[-118.10634,34.12114]}},{"type":"Feature","properties":{"osm_id":12983724947,"operator":"Burbank","manufacturer":"Flock Safety","category":"Flock","query_date":"2026-09-23"},"geometry":{"type":"Point","coordinates":[-118.32593,34.19173]}},{"type":"Feature","properties":{"osm_id":12983724948,"operator":"Burbank","manufacturer":"Flock Safety","category":"Flock","query_date":"2026-09-23"},"geometry":{"type":"Point","coordinates":[-118.32567,34.19152]}},{"type":"Feature","properties":{"osm_id":12983724949,"operator":"Burbank","manufacturer":"Flock Safety","category":"Flock","query_date":"2026-09-23"},"geometry":{"type":"Point","coordinates":[-118.31666,34.18603]}},{"type":"Feature","properties":{"osm_id":12983724950,"operator":"","manufacturer":"Flock Safety","category":"Flock","query_date":"2026-09-23"},"geometry":{"type":"Point","coordinates":[-118.30721,34.17745]}},{"type":"Feature","properties":{"osm_id":12983724951,"operator":"The Home Depot","manufacturer":"Flock Safety","category":"Flock (store-operated)","query_date":"2026-09-23"},"geometry":{"type":"Point","coordinates":[-118.38338,34.20091]}},{"type":"Feature","properties":{"osm_id":12983724952,"operator":"The Home Depot","manufacturer":"Flock Safety","category":"Flock (store-operated)","query_date":"2026-09-23"},"geometry":{"type":"Point","coordinates":[-118.38335,34.20103]}},{"type":"Feature","properties":{"osm_id":12986651926,"operator":"","manufacturer":"Flock Safety","category":"Flock","query_date":"2026-09-23"},"geometry":{"type":"Point","coordinates":[-118.50218,34.01777]}},{"type":"Feature","properties":{"osm_id":12986651927,"operator":"","manufacturer":"Flock Safety","category":"Flock","query_date":"2026-09-23"},"geometry":{"type":"Point","coordinates":[-118.49757,34.01989]}},{"type":"Feature","properties":{"osm_id":12988618381,"operator":"","manufacturer":"Flock Safety","category":"Flock","query_date":"2026-09-23"},"geometry":{"type":"Point","coordinates":[-118.34593,34.16835]}},{"type":"Feature","properties":{"osm_id":12988618382,"operator":"","manufacturer":"Flock Safety","category":"Flock","query_date":"2026-09-23"},"geometry":{"type":"Point","coordinates":[-118.34609,34.16808]}},{"type":"Feature","properties":{"osm_id":12989962948,"operator":"","manufacturer":"Flock Safety","category":"Flock","query_date":"2026-09-23"},"geometry":{"type":"Point","coordinates":[-118.08776,34.08018]}},{"type":"Feature","properties":{"osm_id":12992775255,"operator":"","manufacturer":null,"category":"Flock","query_date":"2026-09-23"},"geometry":{"type":"Point","coordinates":[-118.60396,34.27854]}},{"type":"Feature","properties":{"osm_id":12992832001,"operator":"","manufacturer":null,"category":"Flock","query_date":"2026-09-23"},"geometry":{"type":"Point","coordinates":[-118.60421,34.2784]}},{"type":"Feature","properties":{"osm_id":12992933619,"operator":"","manufacturer":null,"category":"other ALPR","query_date":"2026-09-23"},"geometry":{"type":"Point","coordinates":[-118.19044,33.8061]}},{"type":"Feature","properties":{"osm_id":12992933622,"operator":"","manufacturer":null,"category":"other ALPR","query_date":"2026-09-23"},"geometry":{"type":"Point","coordinates":[-118.19137,33.8061]}},{"type":"Feature","properties":{"osm_id":12993632930,"operator":"","manufacturer":null,"category":"other ALPR","query_date":"2026-09-23"},"geometry":{"type":"Point","coordinates":[-118.41842,34.03801]}},{"type":"Feature","properties":{"osm_id":12993732494,"operator":"","manufacturer":"Flock Safety","category":"Flock","query_date":"2026-09-23"},"geometry":{"type":"Point","coordinates":[-118.06742,34.13423]}},{"type":"Feature","properties":{"osm_id":12993732622,"operator":"","manufacturer":"Flock Safety","category":"Flock","query_date":"2026-09-23"},"geometry":{"type":"Point","coordinates":[-118.05498,34.12229]}},{"type":"Feature","properties":{"osm_id":12995075938,"operator":"","manufacturer":"Motorola Solutions","category":"other ALPR","query_date":"2026-09-23"},"geometry":{"type":"Point","coordinates":[-118.22561,33.93014]}},{"type":"Feature","properties":{"osm_id":12995119365,"operator":"Arcadia Police Department","manufacturer":"Flock Safety","category":"Flock","query_date":"2026-09-23"},"geometry":{"type":"Point","coordinates":[-118.05071,34.11503]}},{"type":"Feature","properties":{"osm_id":12996062903,"operator":"Pasadena Police Department","manufacturer":"Flock Safety","category":"Flock","query_date":"2026-09-23"},"geometry":{"type":"Point","coordinates":[-118.14715,34.12802]}},{"type":"Feature","properties":{"osm_id":12996062911,"operator":"Pasadena Police Department","manufacturer":"Flock Safety","category":"Flock","query_date":"2026-09-23"},"geometry":{"type":"Point","coordinates":[-118.14917,34.12744]}},{"type":"Feature","properties":{"osm_id":12996062925,"operator":"Pasadena Police Department","manufacturer":"Flock Safety","category":"Flock","query_date":"2026-09-23"},"geometry":{"type":"Point","coordinates":[-118.14632,34.12746]}},{"type":"Feature","properties":{"osm_id":12996196638,"operator":"The Home Depot","manufacturer":"Flock Safety","category":"Flock (store-operated)","query_date":"2026-09-23"},"geometry":{"type":"Point","coordinates":[-118.62774,34.18833]}},{"type":"Feature","properties":{"osm_id":12996196639,"operator":"The Home Depot","manufacturer":"Flock Safety","category":"Flock (store-operated)","query_date":"2026-09-23"},"geometry":{"type":"Point","coordinates":[-118.62774,34.18912]}},{"type":"Feature","properties":{"osm_id":12996196640,"operator":"The Home Depot","manufacturer":"Flock Safety","category":"Flock (store-operated)","query_date":"2026-09-23"},"geometry":{"type":"Point","coordinates":[-118.62584,34.18865]}},{"type":"Feature","properties":{"osm_id":12996196641,"operator":"The Home Depot","manufacturer":"Flock Safety","category":"Flock (store-operated)","query_date":"2026-09-23"},"geometry":{"type":"Point","coordinates":[-118.59301,34.18589]}},{"type":"Feature","properties":{"osm_id":12996196642,"operator":"The Home Depot","manufacturer":"Flock Safety","category":"Flock (store-operated)","query_date":"2026-09-23"},"geometry":{"type":"Point","coordinates":[-118.59329,34.18656]}},{"type":"Feature","properties":{"osm_id":12996196643,"operator":"The Home Depot","manufacturer":"Flock Safety","category":"Flock (store-operated)","query_date":"2026-09-23"},"geometry":{"type":"Point","coordinates":[-118.5934,34.18655]}},{"type":"Feature","properties":{"osm_id":12996200219,"operator":"The Home Depot","manufacturer":"Flock Safety","category":"Flock (store-operated)","query_date":"2026-09-23"},"geometry":{"type":"Point","coordinates":[-118.44782,34.21348]}},{"type":"Feature","properties":{"osm_id":12996200220,"operator":"The Home Depot","manufacturer":"Flock Safety","category":"Flock (store-operated)","query_date":"2026-09-23"},"geometry":{"type":"Point","coordinates":[-118.44746,34.21324]}},{"type":"Feature","properties":{"osm_id":12996200221,"operator":"The Home Depot","manufacturer":"Flock Safety","category":"Flock (store-operated)","query_date":"2026-09-23"},"geometry":{"type":"Point","coordinates":[-118.44627,34.21305]}},{"type":"Feature","properties":{"osm_id":12996200222,"operator":"The Home Depot","manufacturer":"Flock Safety","category":"Flock (store-operated)","query_date":"2026-09-23"},"geometry":{"type":"Point","coordinates":[-118.44637,34.21476]}},{"type":"Feature","properties":{"osm_id":12996200223,"operator":"The Home Depot","manufacturer":"Flock Safety","category":"Flock (store-operated)","query_date":"2026-09-23"},"geometry":{"type":"Point","coordinates":[-118.44749,34.21439]}},{"type":"Feature","properties":{"osm_id":12996229074,"operator":"Lowe's","manufacturer":"Flock Safety","category":"Flock (store-operated)","query_date":"2026-09-23"},"geometry":{"type":"Point","coordinates":[-118.42567,34.27389]}},{"type":"Feature","properties":{"osm_id":12996248427,"operator":"Lowe's","manufacturer":"Flock Safety","category":"Flock (store-operated)","query_date":"2026-09-23"},"geometry":{"type":"Point","coordinates":[-118.6069,34.21994]}},{"type":"Feature","properties":{"osm_id":12997511924,"operator":"San Gabriel Police Department","manufacturer":"Flock Safety","category":"Flock","query_date":"2026-09-23"},"geometry":{"type":"Point","coordinates":[-118.09947,34.07402]}},{"type":"Feature","properties":{"osm_id":12997953992,"operator":"San Marino Police Department","manufacturer":"Flock Safety","category":"Flock","query_date":"2026-09-23"},"geometry":{"type":"Point","coordinates":[-118.1086,34.13578]}},{"type":"Feature","properties":{"osm_id":12997953993,"operator":"San Marino Police Department","manufacturer":"Flock Safety","category":"Flock","query_date":"2026-09-23"},"geometry":{"type":"Point","coordinates":[-118.10714,34.12523]}},{"type":"Feature","properties":{"osm_id":13000932806,"operator":"","manufacturer":"Flock Safety","category":"Flock","query_date":"2026-09-23"},"geometry":{"type":"Point","coordinates":[-118.42541,33.96513]}},{"type":"Feature","properties":{"osm_id":13001126355,"operator":"Pasadena Police Department","manufacturer":"Flock Safety","category":"Flock","query_date":"2026-09-23"},"geometry":{"type":"Point","coordinates":[-118.14589,34.1469]}},{"type":"Feature","properties":{"osm_id":13001137792,"operator":"Pasadena Police Department","manufacturer":"Flock Safety","category":"Flock","query_date":"2026-09-23"},"geometry":{"type":"Point","coordinates":[-118.15042,34.14974]}},{"type":"Feature","properties":{"osm_id":13006954564,"operator":"Burbank","manufacturer":"Flock Safety","category":"Flock","query_date":"2026-09-23"},"geometry":{"type":"Point","coordinates":[-118.35257,34.19258]}},{"type":"Feature","properties":{"osm_id":13007638636,"operator":"","manufacturer":"Motorola Solutions","category":"other ALPR","query_date":"2026-09-23"},"geometry":{"type":"Point","coordinates":[-118.22794,33.94301]}},{"type":"Feature","properties":{"osm_id":13008270975,"operator":"Pasadena Police Department","manufacturer":"Flock Safety","category":"Flock","query_date":"2026-09-23"},"geometry":{"type":"Point","coordinates":[-118.16029,34.16215]}},{"type":"Feature","properties":{"osm_id":13008479957,"operator":"","manufacturer":"Flock Safety","category":"Flock","query_date":"2026-09-23"},"geometry":{"type":"Point","coordinates":[-118.1346,33.85033]}},{"type":"Feature","properties":{"osm_id":13009845780,"operator":"Pasadena Police Department","manufacturer":"Flock Safety","category":"Flock","query_date":"2026-09-23"},"geometry":{"type":"Point","coordinates":[-118.1601,34.1623]}},{"type":"Feature","properties":{"osm_id":13009853385,"operator":"Pasadena Police Department","manufacturer":"Flock Safety","category":"Flock","query_date":"2026-09-23"},"geometry":{"type":"Point","coordinates":[-118.1598,34.16209]}},{"type":"Feature","properties":{"osm_id":13009947960,"operator":"Alhambra Police Department","manufacturer":"Flock Safety","category":"Flock","query_date":"2026-09-23"},"geometry":{"type":"Point","coordinates":[-118.15992,34.08883]}},{"type":"Feature","properties":{"osm_id":13009967035,"operator":"Arcadia Police Department","manufacturer":"Flock Safety","category":"Flock","query_date":"2026-09-23"},"geometry":{"type":"Point","coordinates":[-118.05096,34.10755]}},{"type":"Feature","properties":{"osm_id":13009967036,"operator":"Arcadia Police Department","manufacturer":"Flock Safety","category":"Flock","query_date":"2026-09-23"},"geometry":{"type":"Point","coordinates":[-118.04543,34.10779]}},{"type":"Feature","properties":{"osm_id":13011039757,"operator":"","manufacturer":"Flock Safety","category":"Flock","query_date":"2026-09-23"},"geometry":{"type":"Point","coordinates":[-118.42287,34.03974]}},{"type":"Feature","properties":{"osm_id":13012105136,"operator":"","manufacturer":"Flock Safety","category":"Flock","query_date":"2026-09-23"},"geometry":{"type":"Point","coordinates":[-118.33647,34.17521]}},{"type":"Feature","properties":{"osm_id":13012105137,"operator":"Burbank","manufacturer":"Flock Safety","category":"Flock","query_date":"2026-09-23"},"geometry":{"type":"Point","coordinates":[-118.35965,34.18502]}},{"type":"Feature","properties":{"osm_id":13014014055,"operator":"","manufacturer":"Flock Safety","category":"Flock","query_date":"2026-09-23"},"geometry":{"type":"Point","coordinates":[-118.12273,34.06971]}},{"type":"Feature","properties":{"osm_id":13014522558,"operator":"Los Angeles Police Department","manufacturer":"Motorola Solutions","category":"other ALPR","query_date":"2026-09-23"},"geometry":{"type":"Point","coordinates":[-118.28335,33.95997]}},{"type":"Feature","properties":{"osm_id":13014522559,"operator":"Los Angeles Police Department","manufacturer":"Motorola Solutions","category":"other ALPR","query_date":"2026-09-23"},"geometry":{"type":"Point","coordinates":[-118.28283,33.95948]}},{"type":"Feature","properties":{"osm_id":13014522560,"operator":"Los Angeles Police Department","manufacturer":"Motorola Solutions","category":"other ALPR","query_date":"2026-09-23"},"geometry":{"type":"Point","coordinates":[-118.28255,33.94693]}},{"type":"Feature","properties":{"osm_id":13014522561,"operator":"Los Angeles Police Department","manufacturer":"Motorola Solutions","category":"other ALPR","query_date":"2026-09-23"},"geometry":{"type":"Point","coordinates":[-118.28517,33.96016]}},{"type":"Feature","properties":{"osm_id":13016491940,"operator":"","manufacturer":"Flock Safety","category":"Flock","query_date":"2026-09-23"},"geometry":{"type":"Point","coordinates":[-118.65392,34.21076]}},{"type":"Feature","properties":{"osm_id":13016505816,"operator":"","manufacturer":"Flock Safety","category":"Flock","query_date":"2026-09-23"},"geometry":{"type":"Point","coordinates":[-118.65486,34.20675]}},{"type":"Feature","properties":{"osm_id":13019955007,"operator":"","manufacturer":"Flock Safety","category":"Flock","query_date":"2026-09-23"},"geometry":{"type":"Point","coordinates":[-118.13551,34.10652]}},{"type":"Feature","properties":{"osm_id":13019955025,"operator":"South Pasadena Police Department","manufacturer":"Flock Safety","category":"Flock","query_date":"2026-09-23"},"geometry":{"type":"Point","coordinates":[-118.15047,34.11833]}},{"type":"Feature","properties":{"osm_id":13019955092,"operator":"","manufacturer":"Flock Safety","category":"Flock","query_date":"2026-09-23"},"geometry":{"type":"Point","coordinates":[-118.15026,34.11274]}},{"type":"Feature","properties":{"osm_id":13020019760,"operator":"San Marino Police Department","manufacturer":"Flow Safety","category":"other ALPR","query_date":"2026-09-23"},"geometry":{"type":"Point","coordinates":[-118.13677,34.11312]}},{"type":"Feature","properties":{"osm_id":13027048455,"operator":"Pasadena Police Department","manufacturer":"Flock Safety","category":"Flock","query_date":"2026-09-23"},"geometry":{"type":"Point","coordinates":[-118.14613,34.14639]}},{"type":"Feature","properties":{"osm_id":13027305945,"operator":"Pasadena Police Department","manufacturer":"Flock Safety","category":"Flock","query_date":"2026-09-23"},"geometry":{"type":"Point","coordinates":[-118.14968,34.15107]}},{"type":"Feature","properties":{"osm_id":13027425143,"operator":"","manufacturer":"Flock Safety","category":"Flock","query_date":"2026-09-23"},"geometry":{"type":"Point","coordinates":[-118.42884,33.96391]}},{"type":"Feature","properties":{"osm_id":13030288322,"operator":"","manufacturer":"Motorola Solutions","category":"other ALPR","query_date":"2026-09-23"},"geometry":{"type":"Point","coordinates":[-118.09233,33.83176]}},{"type":"Feature","properties":{"osm_id":13032145792,"operator":"","manufacturer":"Flock Safety","category":"Flock","query_date":"2026-09-23"},"geometry":{"type":"Point","coordinates":[-118.3522,34.19303]}},{"type":"Feature","properties":{"osm_id":13037950795,"operator":"","manufacturer":"Flock Safety","category":"Flock","query_date":"2026-09-23"},"geometry":{"type":"Point","coordinates":[-118.08554,34.55821]}},{"type":"Feature","properties":{"osm_id":13038155682,"operator":"","manufacturer":"Flock Safety","category":"Flock","query_date":"2026-09-23"},"geometry":{"type":"Point","coordinates":[-118.11395,34.55794]}},{"type":"Feature","properties":{"osm_id":13038168618,"operator":"","manufacturer":"Flock Safety","category":"Flock","query_date":"2026-09-23"},"geometry":{"type":"Point","coordinates":[-118.14454,34.60026]}},{"type":"Feature","properties":{"osm_id":13038281212,"operator":"","manufacturer":"Flock Safety","category":"Flock","query_date":"2026-09-23"},"geometry":{"type":"Point","coordinates":[-118.04529,34.57868]}},{"type":"Feature","properties":{"osm_id":13038304612,"operator":"","manufacturer":"Flock Safety","category":"Flock","query_date":"2026-09-23"},"geometry":{"type":"Point","coordinates":[-118.05434,34.58014]}},{"type":"Feature","properties":{"osm_id":13038313116,"operator":"","manufacturer":"Flock Safety","category":"Flock","query_date":"2026-09-23"},"geometry":{"type":"Point","coordinates":[-118.11602,34.57964]}},{"type":"Feature","properties":{"osm_id":13038322507,"operator":"","manufacturer":"Flock Safety","category":"Flock","query_date":"2026-09-23"},"geometry":{"type":"Point","coordinates":[-118.11219,34.58743]}},{"type":"Feature","properties":{"osm_id":13038326811,"operator":"","manufacturer":"Flock Safety","category":"Flock","query_date":"2026-09-23"},"geometry":{"type":"Point","coordinates":[-118.12001,34.57953]}},{"type":"Feature","properties":{"osm_id":13038349436,"operator":"","manufacturer":"Flock Safety","category":"Flock","query_date":"2026-09-23"},"geometry":{"type":"Point","coordinates":[-118.1287,34.57996]}},{"type":"Feature","properties":{"osm_id":13038350221,"operator":"","manufacturer":"Flock Safety","category":"Flock","query_date":"2026-09-23"},"geometry":{"type":"Point","coordinates":[-118.12062,34.5581]}},{"type":"Feature","properties":{"osm_id":13038387127,"operator":"","manufacturer":"Flock Safety","category":"Flock","query_date":"2026-09-23"},"geometry":{"type":"Point","coordinates":[-118.07683,34.57292]}},{"type":"Feature","properties":{"osm_id":13038495148,"operator":"","manufacturer":"Flock Safety","category":"Flock","query_date":"2026-09-23"},"geometry":{"type":"Point","coordinates":[-118.0433,34.5523]}},{"type":"Feature","properties":{"osm_id":13038496597,"operator":"","manufacturer":"Flock Safety","category":"Flock","query_date":"2026-09-23"},"geometry":{"type":"Point","coordinates":[-118.1096,34.5872]}},{"type":"Feature","properties":{"osm_id":13038501587,"operator":"","manufacturer":"Flock Safety","category":"Flock","query_date":"2026-09-23"},"geometry":{"type":"Point","coordinates":[-117.78473,34.11932]}},{"type":"Feature","properties":{"osm_id":13038501588,"operator":"","manufacturer":"Flock Safety","category":"Flock","query_date":"2026-09-23"},"geometry":{"type":"Point","coordinates":[-117.78468,34.11932]}},{"type":"Feature","properties":{"osm_id":13038525739,"operator":"","manufacturer":"Flock Safety","category":"Flock","query_date":"2026-09-23"},"geometry":{"type":"Point","coordinates":[-118.12143,34.6012]}},{"type":"Feature","properties":{"osm_id":13038611538,"operator":"","manufacturer":"Flock Safety","category":"Flock","query_date":"2026-09-23"},"geometry":{"type":"Point","coordinates":[-118.18382,34.60189]}},{"type":"Feature","properties":{"osm_id":13040505618,"operator":"Los Angeles Police Department","manufacturer":null,"category":"other ALPR","query_date":"2026-09-23"},"geometry":{"type":"Point","coordinates":[-118.19656,34.06464]}},{"type":"Feature","properties":{"osm_id":13040505619,"operator":"Los Angeles Police Department","manufacturer":null,"category":"other ALPR","query_date":"2026-09-23"},"geometry":{"type":"Point","coordinates":[-118.22015,34.01668]}},{"type":"Feature","properties":{"osm_id":13040505620,"operator":"Los Angeles Police Department","manufacturer":"Motorola Solutions","category":"other ALPR","query_date":"2026-09-23"},"geometry":{"type":"Point","coordinates":[-118.27606,34.04413]}},{"type":"Feature","properties":{"osm_id":13040505621,"operator":"Los Angeles Police Department","manufacturer":null,"category":"other ALPR","query_date":"2026-09-23"},"geometry":{"type":"Point","coordinates":[-118.28435,34.06162]}},{"type":"Feature","properties":{"osm_id":13040505622,"operator":"Los Angeles Police Department","manufacturer":null,"category":"other ALPR","query_date":"2026-09-23"},"geometry":{"type":"Point","coordinates":[-118.30912,34.0395]}},{"type":"Feature","properties":{"osm_id":13040505623,"operator":"Los Angeles Police Department","manufacturer":"Motorola Solutions","category":"other ALPR","query_date":"2026-09-23"},"geometry":{"type":"Point","coordinates":[-118.29169,34.03948]}},{"type":"Feature","properties":{"osm_id":13040505624,"operator":"Los Angeles Police Department","manufacturer":null,"category":"other ALPR","query_date":"2026-09-23"},"geometry":{"type":"Point","coordinates":[-118.30904,34.01041]}},{"type":"Feature","properties":{"osm_id":13040505625,"operator":"Los Angeles Police Department","manufacturer":"Motorola Solutions","category":"other ALPR","query_date":"2026-09-23"},"geometry":{"type":"Point","coordinates":[-118.30823,33.98906]}},{"type":"Feature","properties":{"osm_id":13040505626,"operator":"Los Angeles Police Department","manufacturer":"Motorola Solutions","category":"other ALPR","query_date":"2026-09-23"},"geometry":{"type":"Point","coordinates":[-118.28257,33.97525]}},{"type":"Feature","properties":{"osm_id":13040505627,"operator":"Los Angeles Police Department","manufacturer":"Motorola Solutions","category":"other ALPR","query_date":"2026-09-23"},"geometry":{"type":"Point","coordinates":[-118.28281,33.97414]}},{"type":"Feature","properties":{"osm_id":13040505628,"operator":"Los Angeles Police Department","manufacturer":"Motorola Solutions","category":"other ALPR","query_date":"2026-09-23"},"geometry":{"type":"Point","coordinates":[-118.28264,34.01148]}},{"type":"Feature","properties":{"osm_id":13040566805,"operator":"Los Angeles Police Department","manufacturer":"Motorola Solutions","category":"other ALPR","query_date":"2026-09-23"},"geometry":{"type":"Point","coordinates":[-118.26416,33.77997]}},{"type":"Feature","properties":{"osm_id":13042403032,"operator":"","manufacturer":"Flock Safety","category":"Flock","query_date":"2026-09-23"},"geometry":{"type":"Point","coordinates":[-118.07549,34.5727]}},{"type":"Feature","properties":{"osm_id":13042407273,"operator":"","manufacturer":"Flock Safety","category":"Flock","query_date":"2026-09-23"},"geometry":{"type":"Point","coordinates":[-118.1476,34.61682]}},{"type":"Feature","properties":{"osm_id":13043790913,"operator":"","manufacturer":"Flock Safety","category":"Flock","query_date":"2026-09-23"},"geometry":{"type":"Point","coordinates":[-118.15108,33.84729]}},{"type":"Feature","properties":{"osm_id":13043814347,"operator":"","manufacturer":"Flock Safety","category":"Flock","query_date":"2026-09-23"},"geometry":{"type":"Point","coordinates":[-118.16005,33.84693]}},{"type":"Feature","properties":{"osm_id":13043825156,"operator":"","manufacturer":"Flock Safety","category":"Flock","query_date":"2026-09-23"},"geometry":{"type":"Point","coordinates":[-118.15968,33.84697]}},{"type":"Feature","properties":{"osm_id":13044597632,"operator":"","manufacturer":"Flock Safety","category":"Flock","query_date":"2026-09-23"},"geometry":{"type":"Point","coordinates":[-118.41584,33.93079]}},{"type":"Feature","properties":{"osm_id":13044597633,"operator":"","manufacturer":null,"category":"other ALPR","query_date":"2026-09-23"},"geometry":{"type":"Point","coordinates":[-118.41595,33.93098]}},{"type":"Feature","properties":{"osm_id":13044597634,"operator":"","manufacturer":null,"category":"other ALPR","query_date":"2026-09-23"},"geometry":{"type":"Point","coordinates":[-118.41593,33.93098]}},{"type":"Feature","properties":{"osm_id":13044597635,"operator":"","manufacturer":null,"category":"other ALPR","query_date":"2026-09-23"},"geometry":{"type":"Point","coordinates":[-118.4159,33.93098]}},{"type":"Feature","properties":{"osm_id":13044597636,"operator":"","manufacturer":null,"category":"other ALPR","query_date":"2026-09-23"},"geometry":{"type":"Point","coordinates":[-118.41609,33.93075]}},{"type":"Feature","properties":{"osm_id":13044597637,"operator":"","manufacturer":null,"category":"other ALPR","query_date":"2026-09-23"},"geometry":{"type":"Point","coordinates":[-118.41615,33.93093]}},{"type":"Feature","properties":{"osm_id":13044608182,"operator":"","manufacturer":"Flock Safety","category":"Flock","query_date":"2026-09-23"},"geometry":{"type":"Point","coordinates":[-118.08267,34.53814]}},{"type":"Feature","properties":{"osm_id":13044624089,"operator":"","manufacturer":"Flock Safety","category":"Flock","query_date":"2026-09-23"},"geometry":{"type":"Point","coordinates":[-118.08231,34.53799]}},{"type":"Feature","properties":{"osm_id":13046451886,"operator":"","manufacturer":"Flock Safety","category":"Flock","query_date":"2026-09-23"},"geometry":{"type":"Point","coordinates":[-118.32395,34.15587]}},{"type":"Feature","properties":{"osm_id":13046451887,"operator":"Burbank","manufacturer":"Flock Safety","category":"Flock","query_date":"2026-09-23"},"geometry":{"type":"Point","coordinates":[-118.34052,34.15288]}},{"type":"Feature","properties":{"osm_id":13046650803,"operator":"","manufacturer":"Flock Safety","category":"Flock","query_date":"2026-09-23"},"geometry":{"type":"Point","coordinates":[-118.13405,33.84961]}},{"type":"Feature","properties":{"osm_id":13046650804,"operator":"","manufacturer":"Flock Safety","category":"Flock","query_date":"2026-09-23"},"geometry":{"type":"Point","coordinates":[-118.13575,33.84946]}},{"type":"Feature","properties":{"osm_id":13046876432,"operator":"","manufacturer":"Flock Safety","category":"Flock","query_date":"2026-09-23"},"geometry":{"type":"Point","coordinates":[-118.11443,34.55786]}},{"type":"Feature","properties":{"osm_id":13046883537,"operator":"","manufacturer":"Flock Safety","category":"Flock","query_date":"2026-09-23"},"geometry":{"type":"Point","coordinates":[-118.03551,34.5429]}},{"type":"Feature","properties":{"osm_id":13046884833,"operator":"","manufacturer":"Flock Safety","category":"Flock","query_date":"2026-09-23"},"geometry":{"type":"Point","coordinates":[-118.03403,34.54263]}},{"type":"Feature","properties":{"osm_id":13046915143,"operator":"","manufacturer":"Flock Safety","category":"Flock","query_date":"2026-09-23"},"geometry":{"type":"Point","coordinates":[-118.04095,34.55795]}},{"type":"Feature","properties":{"osm_id":13046915697,"operator":"","manufacturer":null,"category":"other ALPR","query_date":"2026-09-23"},"geometry":{"type":"Point","coordinates":[-118.52708,34.37885]}},{"type":"Feature","properties":{"osm_id":13046919575,"operator":"","manufacturer":"Flock Safety","category":"Flock","query_date":"2026-09-23"},"geometry":{"type":"Point","coordinates":[-118.52693,34.37898]}},{"type":"Feature","properties":{"osm_id":13046930550,"operator":"","manufacturer":null,"category":"other ALPR","query_date":"2026-09-23"},"geometry":{"type":"Point","coordinates":[-118.52713,34.37882]}},{"type":"Feature","properties":{"osm_id":13047374155,"operator":"","manufacturer":null,"category":"other ALPR","query_date":"2026-09-23"},"geometry":{"type":"Point","coordinates":[-118.52717,34.37913]}},{"type":"Feature","properties":{"osm_id":13047403650,"operator":"","manufacturer":"Flock Safety","category":"Flock","query_date":"2026-09-23"},"geometry":{"type":"Point","coordinates":[-118.04481,34.57496]}},{"type":"Feature","properties":{"osm_id":13047484146,"operator":"","manufacturer":null,"category":"other ALPR","query_date":"2026-09-23"},"geometry":{"type":"Point","coordinates":[-118.52592,34.41576]}},{"type":"Feature","properties":{"osm_id":13047494276,"operator":"","manufacturer":null,"category":"other ALPR","query_date":"2026-09-23"},"geometry":{"type":"Point","coordinates":[-118.52721,34.37912]}},{"type":"Feature","properties":{"osm_id":13047527921,"operator":"","manufacturer":null,"category":"other ALPR","query_date":"2026-09-23"},"geometry":{"type":"Point","coordinates":[-118.5259,34.41578]}},{"type":"Feature","properties":{"osm_id":13047535066,"operator":"","manufacturer":null,"category":"other ALPR","query_date":"2026-09-23"},"geometry":{"type":"Point","coordinates":[-118.52589,34.41579]}},{"type":"Feature","properties":{"osm_id":13047537081,"operator":"","manufacturer":null,"category":"other ALPR","query_date":"2026-09-23"},"geometry":{"type":"Point","coordinates":[-118.52597,34.41605]}},{"type":"Feature","properties":{"osm_id":13047539563,"operator":"","manufacturer":null,"category":"other ALPR","query_date":"2026-09-23"},"geometry":{"type":"Point","coordinates":[-118.52602,34.41599]}},{"type":"Feature","properties":{"osm_id":13047552793,"operator":"","manufacturer":null,"category":"other ALPR","query_date":"2026-09-23"},"geometry":{"type":"Point","coordinates":[-118.52599,34.41602]}},{"type":"Feature","properties":{"osm_id":13047612780,"operator":"","manufacturer":"Flock Safety","category":"Flock","query_date":"2026-09-23"},"geometry":{"type":"Point","coordinates":[-118.58038,34.4242]}},{"type":"Feature","properties":{"osm_id":13049884136,"operator":"","manufacturer":null,"category":"other ALPR","query_date":"2026-09-23"},"geometry":{"type":"Point","coordinates":[-118.54039,34.41135]}},{"type":"Feature","properties":{"osm_id":13055422763,"operator":"","manufacturer":"Flock Safety","category":"Flock","query_date":"2026-09-23"},"geometry":{"type":"Point","coordinates":[-118.13413,33.85034]}},{"type":"Feature","properties":{"osm_id":13055495695,"operator":"","manufacturer":"Flock Safety","category":"Flock","query_date":"2026-09-23"},"geometry":{"type":"Point","coordinates":[-117.99123,34.11316]}},{"type":"Feature","properties":{"osm_id":13055495696,"operator":"","manufacturer":"Flock Safety","category":"Flock","query_date":"2026-09-23"},"geometry":{"type":"Point","coordinates":[-117.99873,34.11184]}},{"type":"Feature","properties":{"osm_id":13055495697,"operator":"","manufacturer":"Flock Safety","category":"Flock","query_date":"2026-09-23"},"geometry":{"type":"Point","coordinates":[-118.03026,34.10729]}},{"type":"Feature","properties":{"osm_id":13055495698,"operator":"San Gabriel Police Department","manufacturer":"Flock Safety","category":"Flock","query_date":"2026-09-23"},"geometry":{"type":"Point","coordinates":[-118.08641,34.08924]}},{"type":"Feature","properties":{"osm_id":13055495699,"operator":"San Marino Police Department","manufacturer":"Flock Safety","category":"Flock","query_date":"2026-09-23"},"geometry":{"type":"Point","coordinates":[-118.09209,34.11986]}},{"type":"Feature","properties":{"osm_id":13056030035,"operator":"","manufacturer":"Flock Safety","category":"Flock","query_date":"2026-09-23"},"geometry":{"type":"Point","coordinates":[-118.11407,34.55825]}},{"type":"Feature","properties":{"osm_id":13056973599,"operator":"Los Angeles Police Department","manufacturer":"Motorola Solutions","category":"other ALPR","query_date":"2026-09-23"},"geometry":{"type":"Point","coordinates":[-118.28257,33.98961]}},{"type":"Feature","properties":{"osm_id":13059041140,"operator":"","manufacturer":"Flock Safety","category":"Flock","query_date":"2026-09-23"},"geometry":{"type":"Point","coordinates":[-118.00512,34.57967]}},{"type":"Feature","properties":{"osm_id":13059088855,"operator":"","manufacturer":"Flock Safety","category":"Flock","query_date":"2026-09-23"},"geometry":{"type":"Point","coordinates":[-118.03172,34.57241]}},{"type":"Feature","properties":{"osm_id":13059093198,"operator":"","manufacturer":"Flock Safety","category":"Flock","query_date":"2026-09-23"},"geometry":{"type":"Point","coordinates":[-118.03148,34.57265]}},{"type":"Feature","properties":{"osm_id":13059093713,"operator":"","manufacturer":"Flock Safety","category":"Flock","query_date":"2026-09-23"},"geometry":{"type":"Point","coordinates":[-118.00486,34.5797]}},{"type":"Feature","properties":{"osm_id":13059098615,"operator":"","manufacturer":"Flock Safety","category":"Flock","query_date":"2026-09-23"},"geometry":{"type":"Point","coordinates":[-118.03222,34.57271]}},{"type":"Feature","properties":{"osm_id":13059098839,"operator":"","manufacturer":"Flock Safety","category":"Flock","query_date":"2026-09-23"},"geometry":{"type":"Point","coordinates":[-118.04641,34.57271]}},{"type":"Feature","properties":{"osm_id":13059099808,"operator":"","manufacturer":"Flock Safety","category":"Flock","query_date":"2026-09-23"},"geometry":{"type":"Point","coordinates":[-118.03852,34.57998]}},{"type":"Feature","properties":{"osm_id":13059103379,"operator":"","manufacturer":"Flock Safety","category":"Flock","query_date":"2026-09-23"},"geometry":{"type":"Point","coordinates":[-118.00511,34.57941]}},{"type":"Feature","properties":{"osm_id":13059108483,"operator":"","manufacturer":"Flock Safety","category":"Flock","query_date":"2026-09-23"},"geometry":{"type":"Point","coordinates":[-118.03092,34.57246]}},{"type":"Feature","properties":{"osm_id":13059120011,"operator":"","manufacturer":"Flock Safety","category":"Flock","query_date":"2026-09-23"},"geometry":{"type":"Point","coordinates":[-118.09422,34.57912]}},{"type":"Feature","properties":{"osm_id":13059143229,"operator":"","manufacturer":"Flock Safety","category":"Flock","query_date":"2026-09-23"},"geometry":{"type":"Point","coordinates":[-118.09272,34.57988]}},{"type":"Feature","properties":{"osm_id":13059143745,"operator":"","manufacturer":"Flock Safety","category":"Flock","query_date":"2026-09-23"},"geometry":{"type":"Point","coordinates":[-118.09403,34.58072]}},{"type":"Feature","properties":{"osm_id":13059145436,"operator":"","manufacturer":"Flock Safety","category":"Flock","query_date":"2026-09-23"},"geometry":{"type":"Point","coordinates":[-118.09529,34.57982]}},{"type":"Feature","properties":{"osm_id":13059161137,"operator":"","manufacturer":"Flock Safety","category":"Flock","query_date":"2026-09-23"},"geometry":{"type":"Point","coordinates":[-118.08278,34.55799]}},{"type":"Feature","properties":{"osm_id":13059194327,"operator":"","manufacturer":"Flock Safety","category":"Flock","query_date":"2026-09-23"},"geometry":{"type":"Point","coordinates":[-118.0476,34.55821]}},{"type":"Feature","properties":{"osm_id":13059194740,"operator":"","manufacturer":"Flock Safety","category":"Flock","query_date":"2026-09-23"},"geometry":{"type":"Point","coordinates":[-118.04549,34.55745]}},{"type":"Feature","properties":{"osm_id":13059194745,"operator":"","manufacturer":"Flock Safety","category":"Flock","query_date":"2026-09-23"},"geometry":{"type":"Point","coordinates":[-118.11642,34.57907]}},{"type":"Feature","properties":{"osm_id":13059202571,"operator":"","manufacturer":"Flock Safety","category":"Flock","query_date":"2026-09-23"},"geometry":{"type":"Point","coordinates":[-118.04482,34.55441]}},{"type":"Feature","properties":{"osm_id":13059203116,"operator":"","manufacturer":"Flock Safety","category":"Flock","query_date":"2026-09-23"},"geometry":{"type":"Point","coordinates":[-118.04507,34.55858]}},{"type":"Feature","properties":{"osm_id":13059203138,"operator":"","manufacturer":"Flock Safety","category":"Flock","query_date":"2026-09-23"},"geometry":{"type":"Point","coordinates":[-118.08504,34.5575]}},{"type":"Feature","properties":{"osm_id":13059220591,"operator":"","manufacturer":"Flock Safety","category":"Flock","query_date":"2026-09-23"},"geometry":{"type":"Point","coordinates":[-118.14847,34.60194]}},{"type":"Feature","properties":{"osm_id":13059223307,"operator":"","manufacturer":"Flock Safety","category":"Flock","query_date":"2026-09-23"},"geometry":{"type":"Point","coordinates":[-118.04502,34.55548]}},{"type":"Feature","properties":{"osm_id":13059234913,"operator":"","manufacturer":"Flock Safety","category":"Flock","query_date":"2026-09-23"},"geometry":{"type":"Point","coordinates":[-118.0847,34.5587]}},{"type":"Feature","properties":{"osm_id":13059237081,"operator":"","manufacturer":"Flock Safety","category":"Flock","query_date":"2026-09-23"},"geometry":{"type":"Point","coordinates":[-118.11677,34.57985]}},{"type":"Feature","properties":{"osm_id":13059238600,"operator":"","manufacturer":"Flock Safety","category":"Flock","query_date":"2026-09-23"},"geometry":{"type":"Point","coordinates":[-118.1441,34.60165]}},{"type":"Feature","properties":{"osm_id":13059242045,"operator":"","manufacturer":"Flock Safety","category":"Flock","query_date":"2026-09-23"},"geometry":{"type":"Point","coordinates":[-118.12594,34.63179]}},{"type":"Feature","properties":{"osm_id":13059243624,"operator":"","manufacturer":"Flock Safety","category":"Flock","query_date":"2026-09-23"},"geometry":{"type":"Point","coordinates":[-118.14467,34.59852]}},{"type":"Feature","properties":{"osm_id":13059247333,"operator":"","manufacturer":"Flock Safety","category":"Flock","query_date":"2026-09-23"},"geometry":{"type":"Point","coordinates":[-118.14531,34.60024]}},{"type":"Feature","properties":{"osm_id":13059254501,"operator":"","manufacturer":"Flock Safety","category":"Flock","query_date":"2026-09-23"},"geometry":{"type":"Point","coordinates":[-118.14533,34.59938]}},{"type":"Feature","properties":{"osm_id":13059254502,"operator":"","manufacturer":"Flock Safety","category":"Flock","query_date":"2026-09-23"},"geometry":{"type":"Point","coordinates":[-118.14537,34.59848]}},{"type":"Feature","properties":{"osm_id":13059263853,"operator":"","manufacturer":"Flock Safety","category":"Flock","query_date":"2026-09-23"},"geometry":{"type":"Point","coordinates":[-118.12843,34.6453]}},{"type":"Feature","properties":{"osm_id":13059354115,"operator":"","manufacturer":"Flock Safety","category":"Flock","query_date":"2026-09-23"},"geometry":{"type":"Point","coordinates":[-118.07633,34.57433]}},{"type":"Feature","properties":{"osm_id":13059359096,"operator":"","manufacturer":"Flock Safety","category":"Flock","query_date":"2026-09-23"},"geometry":{"type":"Point","coordinates":[-118.07609,34.57959]}},{"type":"Feature","properties":{"osm_id":13059365592,"operator":"","manufacturer":"Flock Safety","category":"Flock","query_date":"2026-09-23"},"geometry":{"type":"Point","coordinates":[-118.1477,34.69718]}},{"type":"Feature","properties":{"osm_id":13059372025,"operator":"","manufacturer":"Flock Safety","category":"Flock","query_date":"2026-09-23"},"geometry":{"type":"Point","coordinates":[-118.17198,34.69609]}},{"type":"Feature","properties":{"osm_id":13059386936,"operator":"","manufacturer":"Flock Safety","category":"Flock","query_date":"2026-09-23"},"geometry":{"type":"Point","coordinates":[-118.1354,34.69002]}},{"type":"Feature","properties":{"osm_id":13059399949,"operator":"","manufacturer":"Flock Safety","category":"Flock","query_date":"2026-09-23"},"geometry":{"type":"Point","coordinates":[-118.17074,34.69662]}},{"type":"Feature","properties":{"osm_id":13059400904,"operator":"","manufacturer":"Flock Safety","category":"Flock","query_date":"2026-09-23"},"geometry":{"type":"Point","coordinates":[-118.17208,34.69686]}},{"type":"Feature","properties":{"osm_id":13059402579,"operator":"","manufacturer":"Flock Safety","category":"Flock","query_date":"2026-09-23"},"geometry":{"type":"Point","coordinates":[-118.17208,34.68995]}},{"type":"Feature","properties":{"osm_id":13059509343,"operator":"","manufacturer":"Flock Safety","category":"Flock","query_date":"2026-09-23"},"geometry":{"type":"Point","coordinates":[-118.00479,34.57946]}},{"type":"Feature","properties":{"osm_id":13059546907,"operator":"","manufacturer":"Flock Safety","category":"Flock","query_date":"2026-09-23"},"geometry":{"type":"Point","coordinates":[-118.14757,34.60465]}},{"type":"Feature","properties":{"osm_id":13059557099,"operator":"","manufacturer":"Flock Safety","category":"Flock","query_date":"2026-09-23"},"geometry":{"type":"Point","coordinates":[-118.1479,34.6016]}},{"type":"Feature","properties":{"osm_id":13060692270,"operator":"","manufacturer":"Flock Safety","category":"Flock","query_date":"2026-09-23"},"geometry":{"type":"Point","coordinates":[-118.07423,34.58034]}},{"type":"Feature","properties":{"osm_id":13060698458,"operator":"","manufacturer":"Flock Safety","category":"Flock","query_date":"2026-09-23"},"geometry":{"type":"Point","coordinates":[-118.07479,34.5801]}},{"type":"Feature","properties":{"osm_id":13060719761,"operator":"","manufacturer":"Flock Safety","category":"Flock","query_date":"2026-09-23"},"geometry":{"type":"Point","coordinates":[-118.1661,34.70345]}},{"type":"Feature","properties":{"osm_id":13060767247,"operator":"","manufacturer":"Flock Safety","category":"Flock","query_date":"2026-09-23"},"geometry":{"type":"Point","coordinates":[-118.16583,34.70534]}},{"type":"Feature","properties":{"osm_id":13060787163,"operator":"","manufacturer":"Flock Safety","category":"Flock","query_date":"2026-09-23"},"geometry":{"type":"Point","coordinates":[-118.16529,34.70393]}},{"type":"Feature","properties":{"osm_id":13060805353,"operator":"","manufacturer":"Flock Safety","category":"Flock","query_date":"2026-09-23"},"geometry":{"type":"Point","coordinates":[-118.09491,34.68803]}},{"type":"Feature","properties":{"osm_id":13060806534,"operator":"Alhambra Police Department","manufacturer":"Flock Safety","category":"Flock","query_date":"2026-09-23"},"geometry":{"type":"Point","coordinates":[-118.12586,34.09396]}},{"type":"Feature","properties":{"osm_id":13060807980,"operator":"Lowe's","manufacturer":"Flock Safety","category":"Flock (store-operated)","query_date":"2026-09-23"},"geometry":{"type":"Point","coordinates":[-118.14664,34.67398]}},{"type":"Feature","properties":{"osm_id":13060828772,"operator":"Lowe's","manufacturer":"Flock Safety","category":"Flock (store-operated)","query_date":"2026-09-23"},"geometry":{"type":"Point","coordinates":[-118.14571,34.67448]}},{"type":"Feature","properties":{"osm_id":13060845660,"operator":"Lowe's","manufacturer":"Flock Safety","category":"Flock (store-operated)","query_date":"2026-09-23"},"geometry":{"type":"Point","coordinates":[-118.14663,34.67451]}},{"type":"Feature","properties":{"osm_id":13060849331,"operator":"","manufacturer":"Flock Safety","category":"Flock","query_date":"2026-09-23"},"geometry":{"type":"Point","coordinates":[-118.09681,34.68972]}},{"type":"Feature","properties":{"osm_id":13060854736,"operator":"Lowe's","manufacturer":"Flock Safety","category":"Flock (store-operated)","query_date":"2026-09-23"},"geometry":{"type":"Point","coordinates":[-118.14566,34.67278]}},{"type":"Feature","properties":{"osm_id":13060856787,"operator":"","manufacturer":"Flock Safety","category":"Flock","query_date":"2026-09-23"},"geometry":{"type":"Point","coordinates":[-118.09462,34.69031]}},{"type":"Feature","properties":{"osm_id":13060878901,"operator":"","manufacturer":"Flock Safety","category":"Flock","query_date":"2026-09-23"},"geometry":{"type":"Point","coordinates":[-118.09406,34.68951]}},{"type":"Feature","properties":{"osm_id":13060893051,"operator":"","manufacturer":"Flock Safety","category":"Flock","query_date":"2026-09-23"},"geometry":{"type":"Point","coordinates":[-118.14775,34.67543]}},{"type":"Feature","properties":{"osm_id":13060895078,"operator":"","manufacturer":"Flock Safety","category":"Flock","query_date":"2026-09-23"},"geometry":{"type":"Point","coordinates":[-118.14764,34.66088]}},{"type":"Feature","properties":{"osm_id":13060897067,"operator":"","manufacturer":"Flock Safety","category":"Flock","query_date":"2026-09-23"},"geometry":{"type":"Point","coordinates":[-118.1329,34.67576]}},{"type":"Feature","properties":{"osm_id":13060900963,"operator":"","manufacturer":"Flock Safety","category":"Flock","query_date":"2026-09-23"},"geometry":{"type":"Point","coordinates":[-118.14804,34.67422]}},{"type":"Feature","properties":{"osm_id":13060900992,"operator":"","manufacturer":"Flock Safety","category":"Flock","query_date":"2026-09-23"},"geometry":{"type":"Point","coordinates":[-118.14854,34.66051]}},{"type":"Feature","properties":{"osm_id":13060902728,"operator":"","manufacturer":"Flock Safety","category":"Flock","query_date":"2026-09-23"},"geometry":{"type":"Point","coordinates":[-118.13151,34.67485]}},{"type":"Feature","properties":{"osm_id":13060914443,"operator":"","manufacturer":"Flock Safety","category":"Flock","query_date":"2026-09-23"},"geometry":{"type":"Point","coordinates":[-118.13305,34.6748]}},{"type":"Feature","properties":{"osm_id":13060919405,"operator":"","manufacturer":"Flock Safety","category":"Flock","query_date":"2026-09-23"},"geometry":{"type":"Point","coordinates":[-118.14852,34.67498]}},{"type":"Feature","properties":{"osm_id":13060919858,"operator":"","manufacturer":"Flock Safety","category":"Flock","query_date":"2026-09-23"},"geometry":{"type":"Point","coordinates":[-118.14493,34.67476]}},{"type":"Feature","properties":{"osm_id":13060932130,"operator":"","manufacturer":"Flock Safety","category":"Flock","query_date":"2026-09-23"},"geometry":{"type":"Point","coordinates":[-118.14446,34.66021]}},{"type":"Feature","properties":{"osm_id":13060986565,"operator":"","manufacturer":"Flock Safety","category":"Flock","query_date":"2026-09-23"},"geometry":{"type":"Point","coordinates":[-118.12966,34.68939]}},{"type":"Feature","properties":{"osm_id":13060993704,"operator":"","manufacturer":"Flock Safety","category":"Flock","query_date":"2026-09-23"},"geometry":{"type":"Point","coordinates":[-118.13089,34.68956]}},{"type":"Feature","properties":{"osm_id":13060994119,"operator":"","manufacturer":"Flock Safety","category":"Flock","query_date":"2026-09-23"},"geometry":{"type":"Point","coordinates":[-118.1305,34.68925]}},{"type":"Feature","properties":{"osm_id":13061000790,"operator":"","manufacturer":"Flock Safety","category":"Flock","query_date":"2026-09-23"},"geometry":{"type":"Point","coordinates":[-118.16554,34.6903]}},{"type":"Feature","properties":{"osm_id":13061017954,"operator":"Alhambra Police Department","manufacturer":"Flock Safety","category":"Flock","query_date":"2026-09-23"},"geometry":{"type":"Point","coordinates":[-118.12218,34.10552]}},{"type":"Feature","properties":{"osm_id":13061050001,"operator":"San Marino Police Department","manufacturer":"Flock Safety","category":"Flock","query_date":"2026-09-23"},"geometry":{"type":"Point","coordinates":[-118.12727,34.12363]}},{"type":"Feature","properties":{"osm_id":13061060178,"operator":"","manufacturer":"Flock Safety","category":"Flock","query_date":"2026-09-23"},"geometry":{"type":"Point","coordinates":[-118.16492,34.68928]}},{"type":"Feature","properties":{"osm_id":13061060179,"operator":"","manufacturer":"Flock Safety","category":"Flock","query_date":"2026-09-23"},"geometry":{"type":"Point","coordinates":[-118.16621,34.68955]}},{"type":"Feature","properties":{"osm_id":13061060185,"operator":"","manufacturer":"Flock Safety","category":"Flock","query_date":"2026-09-23"},"geometry":{"type":"Point","coordinates":[-118.14879,34.69707]}},{"type":"Feature","properties":{"osm_id":13061111208,"operator":"","manufacturer":"Flock Safety","category":"Flock","query_date":"2026-09-23"},"geometry":{"type":"Point","coordinates":[-118.16583,34.68925]}},{"type":"Feature","properties":{"osm_id":13062974648,"operator":"","manufacturer":"Flock Safety","category":"Flock","query_date":"2026-09-23"},"geometry":{"type":"Point","coordinates":[-118.58157,34.42389]}},{"type":"Feature","properties":{"osm_id":13063666793,"operator":"","manufacturer":"Flock Safety","category":"Flock","query_date":"2026-09-23"},"geometry":{"type":"Point","coordinates":[-118.10175,34.13501]}},{"type":"Feature","properties":{"osm_id":13073077491,"operator":"Los Angeles Police Department","manufacturer":"Motorola Solutions","category":"other ALPR","query_date":"2026-09-23"},"geometry":{"type":"Point","coordinates":[-118.36143,34.08431]}},{"type":"Feature","properties":{"osm_id":13073100478,"operator":"Los Angeles Police Department","manufacturer":"Motorola Solutions","category":"other ALPR","query_date":"2026-09-23"},"geometry":{"type":"Point","coordinates":[-118.33926,34.10145]}},{"type":"Feature","properties":{"osm_id":13073100479,"operator":"Los Angeles Police Department","manufacturer":"Motorola Solutions","category":"other ALPR","query_date":"2026-09-23"},"geometry":{"type":"Point","coordinates":[-118.31759,34.1016]}},{"type":"Feature","properties":{"osm_id":13073100480,"operator":"Los Angeles Police Department","manufacturer":"Motorola Solutions","category":"other ALPR","query_date":"2026-09-23"},"geometry":{"type":"Point","coordinates":[-118.33009,34.10442]}},{"type":"Feature","properties":{"osm_id":13073100481,"operator":"Los Angeles Police Department","manufacturer":"Motorola Solutions","category":"other ALPR","query_date":"2026-09-23"},"geometry":{"type":"Point","coordinates":[-118.32944,34.09829]}},{"type":"Feature","properties":{"osm_id":13073100482,"operator":"Los Angeles Police Department","manufacturer":"Motorola Solutions","category":"other ALPR","query_date":"2026-09-23"},"geometry":{"type":"Point","coordinates":[-118.34426,34.09748]}},{"type":"Feature","properties":{"osm_id":13073389410,"operator":"West Covina Police Department","manufacturer":"Flock Safety","category":"Flock","query_date":"2026-09-23"},"geometry":{"type":"Point","coordinates":[-117.94542,34.07425]}},{"type":"Feature","properties":{"osm_id":13073494244,"operator":"Walmart","manufacturer":"AXIS","category":"other ALPR","query_date":"2026-09-23"},"geometry":{"type":"Point","coordinates":[-118.04293,34.55597]}},{"type":"Feature","properties":{"osm_id":13073494245,"operator":"Walmart","manufacturer":"AXIS","category":"other ALPR","query_date":"2026-09-23"},"geometry":{"type":"Point","coordinates":[-118.04292,34.55618]}},{"type":"Feature","properties":{"osm_id":13073494246,"operator":"Walmart","manufacturer":"AXIS","category":"other ALPR","query_date":"2026-09-23"},"geometry":{"type":"Point","coordinates":[-118.04299,34.5563]}},{"type":"Feature","properties":{"osm_id":13073494247,"operator":"Walmart","manufacturer":"AXIS","category":"other ALPR","query_date":"2026-09-23"},"geometry":{"type":"Point","coordinates":[-118.04293,34.55651]}},{"type":"Feature","properties":{"osm_id":13073515813,"operator":"Walmart","manufacturer":"AXIS","category":"other ALPR","query_date":"2026-09-23"},"geometry":{"type":"Point","coordinates":[-118.04161,34.55753]}},{"type":"Feature","properties":{"osm_id":13073525341,"operator":"Walmart","manufacturer":"AXIS","category":"other ALPR","query_date":"2026-09-23"},"geometry":{"type":"Point","coordinates":[-118.04293,34.55667]}},{"type":"Feature","properties":{"osm_id":13073525342,"operator":"Walmart","manufacturer":"AXIS","category":"other ALPR","query_date":"2026-09-23"},"geometry":{"type":"Point","coordinates":[-118.04292,34.55687]}},{"type":"Feature","properties":{"osm_id":13073527710,"operator":"Walmart","manufacturer":"AXIS","category":"other ALPR","query_date":"2026-09-23"},"geometry":{"type":"Point","coordinates":[-118.04295,34.55756]}},{"type":"Feature","properties":{"osm_id":13073527711,"operator":"Walmart","manufacturer":"AXIS","category":"other ALPR","query_date":"2026-09-23"},"geometry":{"type":"Point","coordinates":[-118.04295,34.55757]}},{"type":"Feature","properties":{"osm_id":13073530216,"operator":"Walmart","manufacturer":"AXIS","category":"other ALPR","query_date":"2026-09-23"},"geometry":{"type":"Point","coordinates":[-118.04293,34.55703]}},{"type":"Feature","properties":{"osm_id":13073530217,"operator":"Walmart","manufacturer":"AXIS","category":"other ALPR","query_date":"2026-09-23"},"geometry":{"type":"Point","coordinates":[-118.04295,34.55722]}},{"type":"Feature","properties":{"osm_id":13073530218,"operator":"Walmart","manufacturer":"AXIS","category":"other ALPR","query_date":"2026-09-23"},"geometry":{"type":"Point","coordinates":[-118.04295,34.55737]}},{"type":"Feature","properties":{"osm_id":13073557861,"operator":"Walmart","manufacturer":"AXIS","category":"other ALPR","query_date":"2026-09-23"},"geometry":{"type":"Point","coordinates":[-118.14382,34.61239]}},{"type":"Feature","properties":{"osm_id":13073557862,"operator":"Walmart","manufacturer":"AXIS","category":"other ALPR","query_date":"2026-09-23"},"geometry":{"type":"Point","coordinates":[-118.14386,34.61241]}},{"type":"Feature","properties":{"osm_id":13073559961,"operator":"Walmart","manufacturer":"AXIS","category":"other ALPR","query_date":"2026-09-23"},"geometry":{"type":"Point","coordinates":[-118.14521,34.61251]}},{"type":"Feature","properties":{"osm_id":13073559962,"operator":"Walmart","manufacturer":"AXIS","category":"other ALPR","query_date":"2026-09-23"},"geometry":{"type":"Point","coordinates":[-118.14515,34.61083]}},{"type":"Feature","properties":{"osm_id":13073585541,"operator":"Sam's Club","manufacturer":"AXIS","category":"other ALPR","query_date":"2026-09-23"},"geometry":{"type":"Point","coordinates":[-118.14508,34.60897]}},{"type":"Feature","properties":{"osm_id":13073585542,"operator":"Sam's Club","manufacturer":"AXIS","category":"other ALPR","query_date":"2026-09-23"},"geometry":{"type":"Point","coordinates":[-118.14507,34.60883]}},{"type":"Feature","properties":{"osm_id":13073585543,"operator":"Sam's Club","manufacturer":"AXIS","category":"other ALPR","query_date":"2026-09-23"},"geometry":{"type":"Point","coordinates":[-118.1451,34.60864]}},{"type":"Feature","properties":{"osm_id":13073585544,"operator":"Sam's Club","manufacturer":"AXIS","category":"other ALPR","query_date":"2026-09-23"},"geometry":{"type":"Point","coordinates":[-118.1451,34.60866]}},{"type":"Feature","properties":{"osm_id":13073585545,"operator":"Sam's Club","manufacturer":"AXIS","category":"other ALPR","query_date":"2026-09-23"},"geometry":{"type":"Point","coordinates":[-118.14507,34.60827]}},{"type":"Feature","properties":{"osm_id":13073585546,"operator":"Sam's Club","manufacturer":"AXIS","category":"other ALPR","query_date":"2026-09-23"},"geometry":{"type":"Point","coordinates":[-118.14509,34.60846]}},{"type":"Feature","properties":{"osm_id":13073585547,"operator":"Sam's Club","manufacturer":"AXIS","category":"other ALPR","query_date":"2026-09-23"},"geometry":{"type":"Point","coordinates":[-118.14515,34.6081]}},{"type":"Feature","properties":{"osm_id":13073585548,"operator":"Sam's Club","manufacturer":"AXIS","category":"other ALPR","query_date":"2026-09-23"},"geometry":{"type":"Point","coordinates":[-118.14515,34.60792]}},{"type":"Feature","properties":{"osm_id":13073585549,"operator":"Sam's Club","manufacturer":"AXIS","category":"other ALPR","query_date":"2026-09-23"},"geometry":{"type":"Point","coordinates":[-118.14505,34.60775]}},{"type":"Feature","properties":{"osm_id":13073615698,"operator":"","manufacturer":"Flock Safety","category":"Flock","query_date":"2026-09-23"},"geometry":{"type":"Point","coordinates":[-118.12158,34.60194]}},{"type":"Feature","properties":{"osm_id":13073615699,"operator":"","manufacturer":"Flock Safety","category":"Flock","query_date":"2026-09-23"},"geometry":{"type":"Point","coordinates":[-118.12059,34.6017]}},{"type":"Feature","properties":{"osm_id":13075113991,"operator":"Los Angeles Police Department","manufacturer":"Flock Safety","category":"Flock","query_date":"2026-09-23"},"geometry":{"type":"Point","coordinates":[-118.3991,34.03568]}},{"type":"Feature","properties":{"osm_id":13076220979,"operator":"Pasadena Police Department","manufacturer":"Flock Safety","category":"Flock","query_date":"2026-09-23"},"geometry":{"type":"Point","coordinates":[-118.14624,34.15793]}},{"type":"Feature","properties":{"osm_id":13076220981,"operator":"Pasadena Police Department","manufacturer":"Flock Safety","category":"Flock","query_date":"2026-09-23"},"geometry":{"type":"Point","coordinates":[-118.14402,34.1567]}},{"type":"Feature","properties":{"osm_id":13076220982,"operator":"Pasadena Police Department","manufacturer":"Flock Safety","category":"Flock","query_date":"2026-09-23"},"geometry":{"type":"Point","coordinates":[-118.14429,34.1568]}},{"type":"Feature","properties":{"osm_id":13076227872,"operator":"Pasadena Police Department","manufacturer":"Flock Safety","category":"Flock","query_date":"2026-09-23"},"geometry":{"type":"Point","coordinates":[-118.14593,34.15425]}},{"type":"Feature","properties":{"osm_id":13076227873,"operator":"Pasadena Police Department","manufacturer":"Flock Safety","category":"Flock","query_date":"2026-09-23"},"geometry":{"type":"Point","coordinates":[-118.1504,34.14594]}},{"type":"Feature","properties":{"osm_id":13077076925,"operator":"Azusa Police Department","manufacturer":"Flock Safety","category":"Flock","query_date":"2026-09-23"},"geometry":{"type":"Point","coordinates":[-117.90765,34.11919]}},{"type":"Feature","properties":{"osm_id":13077137399,"operator":"South Pasadena Police Department","manufacturer":"Flock Safety","category":"Flock","query_date":"2026-09-23"},"geometry":{"type":"Point","coordinates":[-118.15224,34.10091]}},{"type":"Feature","properties":{"osm_id":13077378815,"operator":"Covina Police Department","manufacturer":"Flock Safety","category":"Flock","query_date":"2026-09-23"},"geometry":{"type":"Point","coordinates":[-117.90765,34.08661]}},{"type":"Feature","properties":{"osm_id":13077378816,"operator":"Covina Police Department","manufacturer":"Flock Safety","category":"Flock","query_date":"2026-09-23"},"geometry":{"type":"Point","coordinates":[-117.90758,34.09563]}},{"type":"Feature","properties":{"osm_id":13077378817,"operator":"Azusa Police Department","manufacturer":"Flock Safety","category":"Flock","query_date":"2026-09-23"},"geometry":{"type":"Point","coordinates":[-117.90789,34.11435]}},{"type":"Feature","properties":{"osm_id":13080804090,"operator":"Azusa Police Department","manufacturer":"Flock Safety","category":"Flock","query_date":"2026-09-23"},"geometry":{"type":"Point","coordinates":[-117.90801,34.15977]}},{"type":"Feature","properties":{"osm_id":13080868291,"operator":"Azusa Police Department","manufacturer":"Flock Safety","category":"Flock","query_date":"2026-09-23"},"geometry":{"type":"Point","coordinates":[-117.9075,34.13374]}},{"type":"Feature","properties":{"osm_id":13080868292,"operator":"Azusa Police Department","manufacturer":"Flock Safety","category":"Flock","query_date":"2026-09-23"},"geometry":{"type":"Point","coordinates":[-117.90747,34.12177]}},{"type":"Feature","properties":{"osm_id":13085530778,"operator":"","manufacturer":"Flock Safety","category":"Flock","query_date":"2026-09-23"},"geometry":{"type":"Point","coordinates":[-117.89029,34.11959]}},{"type":"Feature","properties":{"osm_id":13085582591,"operator":"","manufacturer":"Flock Safety","category":"Flock","query_date":"2026-09-23"},"geometry":{"type":"Point","coordinates":[-117.88138,34.10712]}},{"type":"Feature","properties":{"osm_id":13085582592,"operator":"","manufacturer":"Flock Safety","category":"Flock","query_date":"2026-09-23"},"geometry":{"type":"Point","coordinates":[-117.88665,34.10692]}},{"type":"Feature","properties":{"osm_id":13085627693,"operator":"","manufacturer":"Flock Safety","category":"Flock","query_date":"2026-09-23"},"geometry":{"type":"Point","coordinates":[-117.89017,34.10703]}},{"type":"Feature","properties":{"osm_id":13085663094,"operator":"","manufacturer":"Flock Safety","category":"Flock","query_date":"2026-09-23"},"geometry":{"type":"Point","coordinates":[-118.37018,33.97296]}},{"type":"Feature","properties":{"osm_id":13085767679,"operator":"","manufacturer":"Flock Safety","category":"Flock","query_date":"2026-09-23"},"geometry":{"type":"Point","coordinates":[-118.14845,34.03937]}},{"type":"Feature","properties":{"osm_id":13085869267,"operator":"","manufacturer":"Flock Safety","category":"Flock","query_date":"2026-09-23"},"geometry":{"type":"Point","coordinates":[-118.15627,34.04074]}},{"type":"Feature","properties":{"osm_id":13093166088,"operator":"","manufacturer":"Flock Safety Inc","category":"Flock","query_date":"2026-09-23"},"geometry":{"type":"Point","coordinates":[-117.7523,34.07188]}},{"type":"Feature","properties":{"osm_id":13093171085,"operator":"","manufacturer":"Flock Safety Inc","category":"Flock","query_date":"2026-09-23"},"geometry":{"type":"Point","coordinates":[-117.75214,34.07487]}},{"type":"Feature","properties":{"osm_id":13095395463,"operator":"Los Angeles Police Department","manufacturer":"Flock Safety","category":"Flock","query_date":"2026-09-23"},"geometry":{"type":"Point","coordinates":[-118.39917,34.0397]}},{"type":"Feature","properties":{"osm_id":13095395464,"operator":"Los Angeles Police Department","manufacturer":"Flock Safety","category":"Flock","query_date":"2026-09-23"},"geometry":{"type":"Point","coordinates":[-118.40661,34.04492]}},{"type":"Feature","properties":{"osm_id":13095459364,"operator":"San Gabriel Police Department","manufacturer":"Flock Safety","category":"Flock","query_date":"2026-09-23"},"geometry":{"type":"Point","coordinates":[-118.09058,34.07455]}},{"type":"Feature","properties":{"osm_id":13098940945,"operator":"Pasadena Police Department","manufacturer":"Motorola Solutions","category":"other ALPR","query_date":"2026-09-23"},"geometry":{"type":"Point","coordinates":[-118.17689,34.17152]}},{"type":"Feature","properties":{"osm_id":13098952276,"operator":"","manufacturer":"Flock Safety","category":"Flock","query_date":"2026-09-23"},"geometry":{"type":"Point","coordinates":[-117.89033,34.07457]}},{"type":"Feature","properties":{"osm_id":13098979059,"operator":"","manufacturer":null,"category":"other ALPR","query_date":"2026-09-23"},"geometry":{"type":"Point","coordinates":[-117.88825,34.07416]}},{"type":"Feature","properties":{"osm_id":13099023734,"operator":"","manufacturer":"Flock Safety","category":"Flock","query_date":"2026-09-23"},"geometry":{"type":"Point","coordinates":[-118.04355,34.57292]}},{"type":"Feature","properties":{"osm_id":13099151903,"operator":"","manufacturer":"Flock Safety","category":"Flock","query_date":"2026-09-23"},"geometry":{"type":"Point","coordinates":[-118.13122,34.00597]}},{"type":"Feature","properties":{"osm_id":13099162935,"operator":"","manufacturer":"Flock Safety","category":"Flock","query_date":"2026-09-23"},"geometry":{"type":"Point","coordinates":[-118.40052,33.91949]}},{"type":"Feature","properties":{"osm_id":13099475945,"operator":"","manufacturer":"Flock Safety","category":"Flock","query_date":"2026-09-23"},"geometry":{"type":"Point","coordinates":[-118.14227,33.86012]}},{"type":"Feature","properties":{"osm_id":13099475946,"operator":"","manufacturer":"Flock Safety","category":"Flock","query_date":"2026-09-23"},"geometry":{"type":"Point","coordinates":[-118.14235,33.86779]}},{"type":"Feature","properties":{"osm_id":13101125398,"operator":"Burbank","manufacturer":"Flock Safety","category":"Flock","query_date":"2026-09-23"},"geometry":{"type":"Point","coordinates":[-118.35546,34.17308]}},{"type":"Feature","properties":{"osm_id":13101132562,"operator":"","manufacturer":"Motorola Solutions","category":"other ALPR","query_date":"2026-09-23"},"geometry":{"type":"Point","coordinates":[-118.14231,33.84705]}},{"type":"Feature","properties":{"osm_id":13101132563,"operator":"","manufacturer":"Flock Safety","category":"Flock","query_date":"2026-09-23"},"geometry":{"type":"Point","coordinates":[-118.07217,33.84601]}},{"type":"Feature","properties":{"osm_id":13101132565,"operator":"","manufacturer":"Motorola Solutions","category":"other ALPR","query_date":"2026-09-23"},"geometry":{"type":"Point","coordinates":[-118.14231,33.84701]}},{"type":"Feature","properties":{"osm_id":13101132567,"operator":"","manufacturer":"Motorola Solutions","category":"other ALPR","query_date":"2026-09-23"},"geometry":{"type":"Point","coordinates":[-118.14231,33.84703]}},{"type":"Feature","properties":{"osm_id":13101153881,"operator":"","manufacturer":"Flock Safety","category":"Flock","query_date":"2026-09-23"},"geometry":{"type":"Point","coordinates":[-118.34042,34.20629]}},{"type":"Feature","properties":{"osm_id":13101183232,"operator":"The Home Depot","manufacturer":"Flock Safety","category":"Flock (store-operated)","query_date":"2026-09-23"},"geometry":{"type":"Point","coordinates":[-118.38452,34.20088]}},{"type":"Feature","properties":{"osm_id":13101218108,"operator":"Burbank","manufacturer":"Flock Safety","category":"Flock","query_date":"2026-09-23"},"geometry":{"type":"Point","coordinates":[-118.34865,34.20656]}},{"type":"Feature","properties":{"osm_id":13102095665,"operator":"","manufacturer":"Flock Safety","category":"Flock","query_date":"2026-09-23"},"geometry":{"type":"Point","coordinates":[-118.76182,34.14263]}},{"type":"Feature","properties":{"osm_id":13104302080,"operator":"Lowe's","manufacturer":"Flock Safety","category":"Flock (store-operated)","query_date":"2026-09-23"},"geometry":{"type":"Point","coordinates":[-117.82065,34.10742]}},{"type":"Feature","properties":{"osm_id":13104408905,"operator":"","manufacturer":"Flock Safety","category":"Flock","query_date":"2026-09-23"},"geometry":{"type":"Point","coordinates":[-117.82119,34.10679]}},{"type":"Feature","properties":{"osm_id":13104482036,"operator":"","manufacturer":"Flock Safety","category":"Flock","query_date":"2026-09-23"},"geometry":{"type":"Point","coordinates":[-118.23979,34.14633]}},{"type":"Feature","properties":{"osm_id":13104486412,"operator":"","manufacturer":"Flock Safety","category":"Flock","query_date":"2026-09-23"},"geometry":{"type":"Point","coordinates":[-118.22515,34.15504]}},{"type":"Feature","properties":{"osm_id":13104790976,"operator":"","manufacturer":"Flock Safety","category":"Flock","query_date":"2026-09-23"},"geometry":{"type":"Point","coordinates":[-117.7496,34.08985]}},{"type":"Feature","properties":{"osm_id":13104801387,"operator":"","manufacturer":"Flock Safety","category":"Flock","query_date":"2026-09-23"},"geometry":{"type":"Point","coordinates":[-117.73698,34.10658]}},{"type":"Feature","properties":{"osm_id":13104802524,"operator":"","manufacturer":"Flock Safety","category":"Flock","query_date":"2026-09-23"},"geometry":{"type":"Point","coordinates":[-117.7624,34.09973]}},{"type":"Feature","properties":{"osm_id":13104804115,"operator":"","manufacturer":"Flock Safety","category":"Flock","query_date":"2026-09-23"},"geometry":{"type":"Point","coordinates":[-117.76177,34.11793]}},{"type":"Feature","properties":{"osm_id":13105174504,"operator":"","manufacturer":"Flock Safety","category":"Flock","query_date":"2026-09-23"},"geometry":{"type":"Point","coordinates":[-118.08188,34.07408]}},{"type":"Feature","properties":{"osm_id":13107894341,"operator":"","manufacturer":"Motorola Solutions","category":"other ALPR","query_date":"2026-09-23"},"geometry":{"type":"Point","coordinates":[-117.73611,34.12158]}},{"type":"Feature","properties":{"osm_id":13108014985,"operator":"Walmart","manufacturer":"AXIS","category":"other ALPR","query_date":"2026-09-23"},"geometry":{"type":"Point","coordinates":[-118.17241,34.69318]}},{"type":"Feature","properties":{"osm_id":13108031853,"operator":"","manufacturer":"Flock Safety","category":"Flock","query_date":"2026-09-23"},"geometry":{"type":"Point","coordinates":[-118.15696,34.68926]}},{"type":"Feature","properties":{"osm_id":13108033367,"operator":"Walmart","manufacturer":"Axis Communications","category":"other ALPR","query_date":"2026-09-23"},"geometry":{"type":"Point","coordinates":[-118.17228,34.695]}},{"type":"Feature","properties":{"osm_id":13108033368,"operator":"Walmart","manufacturer":"AXIS","category":"other ALPR","query_date":"2026-09-23"},"geometry":{"type":"Point","coordinates":[-118.17228,34.695]}},{"type":"Feature","properties":{"osm_id":13108034737,"operator":"Walmart","manufacturer":"AXIS","category":"other ALPR","query_date":"2026-09-23"},"geometry":{"type":"Point","coordinates":[-118.1721,34.69441]}},{"type":"Feature","properties":{"osm_id":13108040611,"operator":"Walmart","manufacturer":"AXIS","category":"other ALPR","query_date":"2026-09-23"},"geometry":{"type":"Point","coordinates":[-118.09674,34.69193]}},{"type":"Feature","properties":{"osm_id":13108044075,"operator":"","manufacturer":"Flock Safety","category":"Flock","query_date":"2026-09-23"},"geometry":{"type":"Point","coordinates":[-118.17281,34.68954]}},{"type":"Feature","properties":{"osm_id":13108046791,"operator":"","manufacturer":"Flock Safety","category":"Flock","query_date":"2026-09-23"},"geometry":{"type":"Point","coordinates":[-118.17157,34.68932]}},{"type":"Feature","properties":{"osm_id":13108047793,"operator":"Walmart","manufacturer":"AXIS","category":"other ALPR","query_date":"2026-09-23"},"geometry":{"type":"Point","coordinates":[-118.09867,34.69294]}},{"type":"Feature","properties":{"osm_id":13108051821,"operator":"","manufacturer":"Flock Safety","category":"Flock","query_date":"2026-09-23"},"geometry":{"type":"Point","coordinates":[-118.15668,34.68261]}},{"type":"Feature","properties":{"osm_id":13108054543,"operator":"Walmart","manufacturer":"AXIS","category":"other ALPR","query_date":"2026-09-23"},"geometry":{"type":"Point","coordinates":[-118.09881,34.69217]}},{"type":"Feature","properties":{"osm_id":13108054716,"operator":"Walmart","manufacturer":"AXIS","category":"other ALPR","query_date":"2026-09-23"},"geometry":{"type":"Point","coordinates":[-118.09844,34.69033]}},{"type":"Feature","properties":{"osm_id":13108054717,"operator":"Walmart","manufacturer":"Unknown","category":"other ALPR","query_date":"2026-09-23"},"geometry":{"type":"Point","coordinates":[-118.09844,34.69033]}},{"type":"Feature","properties":{"osm_id":13108059087,"operator":"Walmart","manufacturer":"AXIS","category":"other ALPR","query_date":"2026-09-23"},"geometry":{"type":"Point","coordinates":[-118.09873,34.69189]}},{"type":"Feature","properties":{"osm_id":13109280497,"operator":"","manufacturer":"Flock Safety","category":"Flock","query_date":"2026-09-23"},"geometry":{"type":"Point","coordinates":[-118.23349,34.13989]}},{"type":"Feature","properties":{"osm_id":13109283903,"operator":"","manufacturer":"Flock Safety","category":"Flock","query_date":"2026-09-23"},"geometry":{"type":"Point","coordinates":[-118.24193,34.1339]}},{"type":"Feature","properties":{"osm_id":13109295549,"operator":"Pasadena Police Department","manufacturer":"Motorola Solutions","category":"other ALPR","query_date":"2026-09-23"},"geometry":{"type":"Point","coordinates":[-118.17669,34.17155]}},{"type":"Feature","properties":{"osm_id":13109303311,"operator":"","manufacturer":"Flock Safety","category":"Flock","query_date":"2026-09-23"},"geometry":{"type":"Point","coordinates":[-118.26456,34.14261]}},{"type":"Feature","properties":{"osm_id":13109389743,"operator":"","manufacturer":"Flock Safety","category":"Flock","query_date":"2026-09-23"},"geometry":{"type":"Point","coordinates":[-118.24278,34.15472]}},{"type":"Feature","properties":{"osm_id":13109399103,"operator":"","manufacturer":"Flock Safety","category":"Flock","query_date":"2026-09-23"},"geometry":{"type":"Point","coordinates":[-118.2548,34.12394]}},{"type":"Feature","properties":{"osm_id":13110566111,"operator":"","manufacturer":"Flock Safety","category":"Flock","query_date":"2026-09-23"},"geometry":{"type":"Point","coordinates":[-117.94559,34.06109]}},{"type":"Feature","properties":{"osm_id":13110566112,"operator":"","manufacturer":"Flock Safety","category":"Flock","query_date":"2026-09-23"},"geometry":{"type":"Point","coordinates":[-117.94589,34.06132]}},{"type":"Feature","properties":{"osm_id":13112961179,"operator":"","manufacturer":"Flock Safety","category":"Flock","query_date":"2026-09-23"},"geometry":{"type":"Point","coordinates":[-118.19183,34.17193]}},{"type":"Feature","properties":{"osm_id":13112971098,"operator":"Pasadena Police Department","manufacturer":"Motorola Solutions","category":"other ALPR","query_date":"2026-09-23"},"geometry":{"type":"Point","coordinates":[-118.17684,34.17138]}},{"type":"Feature","properties":{"osm_id":13113251070,"operator":"Burbank","manufacturer":"Flock Safety","category":"Flock","query_date":"2026-09-23"},"geometry":{"type":"Point","coordinates":[-118.32168,34.18454]}},{"type":"Feature","properties":{"osm_id":13113251071,"operator":"Burbank","manufacturer":"Flock Safety","category":"Flock","query_date":"2026-09-23"},"geometry":{"type":"Point","coordinates":[-118.33387,34.18464]}},{"type":"Feature","properties":{"osm_id":13113251072,"operator":"Burbank","manufacturer":"Flock Safety","category":"Flock","query_date":"2026-09-23"},"geometry":{"type":"Point","coordinates":[-118.3186,34.17748]}},{"type":"Feature","properties":{"osm_id":13113956702,"operator":"","manufacturer":"Flock Safety","category":"Flock","query_date":"2026-09-23"},"geometry":{"type":"Point","coordinates":[-118.34719,33.82907]}},{"type":"Feature","properties":{"osm_id":13113956703,"operator":"","manufacturer":"Flock Safety","category":"Flock","query_date":"2026-09-23"},"geometry":{"type":"Point","coordinates":[-118.35197,33.83011]}},{"type":"Feature","properties":{"osm_id":13113956704,"operator":"","manufacturer":"Flock Safety","category":"Flock","query_date":"2026-09-23"},"geometry":{"type":"Point","coordinates":[-118.35156,33.82837]}},{"type":"Feature","properties":{"osm_id":13113956705,"operator":"","manufacturer":"Flock Safety","category":"Flock","query_date":"2026-09-23"},"geometry":{"type":"Point","coordinates":[-118.34707,33.83049]}},{"type":"Feature","properties":{"osm_id":13113956706,"operator":"","manufacturer":"Flock Safety","category":"Flock","query_date":"2026-09-23"},"geometry":{"type":"Point","coordinates":[-118.34719,33.83231]}},{"type":"Feature","properties":{"osm_id":13113956707,"operator":"","manufacturer":"Flock Safety","category":"Flock","query_date":"2026-09-23"},"geometry":{"type":"Point","coordinates":[-118.34703,33.8349]}},{"type":"Feature","properties":{"osm_id":13113956708,"operator":"","manufacturer":"Flock Safety","category":"Flock","query_date":"2026-09-23"},"geometry":{"type":"Point","coordinates":[-118.34878,33.83509]}},{"type":"Feature","properties":{"osm_id":13113956709,"operator":"","manufacturer":"Flock Safety","category":"Flock","query_date":"2026-09-23"},"geometry":{"type":"Point","coordinates":[-118.34792,33.83503]}},{"type":"Feature","properties":{"osm_id":13113956710,"operator":"","manufacturer":"Flock Safety","category":"Flock","query_date":"2026-09-23"},"geometry":{"type":"Point","coordinates":[-118.3501,33.83507]}},{"type":"Feature","properties":{"osm_id":13113956711,"operator":"","manufacturer":"Flock Safety","category":"Flock","query_date":"2026-09-23"},"geometry":{"type":"Point","coordinates":[-118.35134,33.83503]}},{"type":"Feature","properties":{"osm_id":13113956712,"operator":"","manufacturer":"Flock Safety","category":"Flock","query_date":"2026-09-23"},"geometry":{"type":"Point","coordinates":[-118.35263,33.83513]}},{"type":"Feature","properties":{"osm_id":13113956713,"operator":"","manufacturer":"Flock Safety","category":"Flock","query_date":"2026-09-23"},"geometry":{"type":"Point","coordinates":[-118.35209,33.83368]}},{"type":"Feature","properties":{"osm_id":13113956714,"operator":"","manufacturer":"Flock Safety","category":"Flock","query_date":"2026-09-23"},"geometry":{"type":"Point","coordinates":[-118.3524,33.83242]}},{"type":"Feature","properties":{"osm_id":13113956715,"operator":"","manufacturer":"Flock Safety","category":"Flock","query_date":"2026-09-23"},"geometry":{"type":"Point","coordinates":[-118.35197,33.83183]}},{"type":"Feature","properties":{"osm_id":13113956716,"operator":"","manufacturer":"Flock Safety","category":"Flock","query_date":"2026-09-23"},"geometry":{"type":"Point","coordinates":[-118.35151,33.83126]}},{"type":"Feature","properties":{"osm_id":13113956717,"operator":"","manufacturer":"Flock Safety","category":"Flock","query_date":"2026-09-23"},"geometry":{"type":"Point","coordinates":[-118.35126,33.83163]}},{"type":"Feature","properties":{"osm_id":13113956718,"operator":"","manufacturer":"Flock Safety","category":"Flock","query_date":"2026-09-23"},"geometry":{"type":"Point","coordinates":[-118.34891,33.83085]}},{"type":"Feature","properties":{"osm_id":13113956719,"operator":"","manufacturer":"Flock Safety","category":"Flock","query_date":"2026-09-23"},"geometry":{"type":"Point","coordinates":[-118.3487,33.83142]}},{"type":"Feature","properties":{"osm_id":13113956720,"operator":"","manufacturer":"Flock Safety","category":"Flock","query_date":"2026-09-23"},"geometry":{"type":"Point","coordinates":[-118.34799,33.83093]}},{"type":"Feature","properties":{"osm_id":13114096434,"operator":"","manufacturer":"Flock Safety","category":"Flock","query_date":"2026-09-23"},"geometry":{"type":"Point","coordinates":[-118.33375,33.80348]}},{"type":"Feature","properties":{"osm_id":13114096435,"operator":"","manufacturer":"Flock Safety","category":"Flock","query_date":"2026-09-23"},"geometry":{"type":"Point","coordinates":[-118.33488,33.80394]}},{"type":"Feature","properties":{"osm_id":13114096436,"operator":"","manufacturer":"Flock Safety","category":"Flock","query_date":"2026-09-23"},"geometry":{"type":"Point","coordinates":[-118.31008,33.82455]}},{"type":"Feature","properties":{"osm_id":13114096437,"operator":"","manufacturer":"Flock Safety","category":"Flock","query_date":"2026-09-23"},"geometry":{"type":"Point","coordinates":[-118.30923,33.82569]}},{"type":"Feature","properties":{"osm_id":13115247545,"operator":"","manufacturer":"Flock Safety","category":"Flock","query_date":"2026-09-23"},"geometry":{"type":"Point","coordinates":[-118.19817,34.20321]}},{"type":"Feature","properties":{"osm_id":13120563255,"operator":"Los Angeles County Sheriff's Department,Santa Clarita","manufacturer":"Flock Safety","category":"Flock","query_date":"2026-09-23"},"geometry":{"type":"Point","coordinates":[-118.56249,34.37819]}},{"type":"Feature","properties":{"osm_id":13122832063,"operator":"","manufacturer":null,"category":"other ALPR","query_date":"2026-09-23"},"geometry":{"type":"Point","coordinates":[-118.5404,34.41135]}},{"type":"Feature","properties":{"osm_id":13122832066,"operator":"Lowe's","manufacturer":"Flock Safety","category":"Flock (store-operated)","query_date":"2026-09-23"},"geometry":{"type":"Point","coordinates":[-118.4597,34.39432]}},{"type":"Feature","properties":{"osm_id":13122833203,"operator":"","manufacturer":null,"category":"other ALPR","query_date":"2026-09-23"},"geometry":{"type":"Point","coordinates":[-118.54341,34.41177]}},{"type":"Feature","properties":{"osm_id":13122833204,"operator":"","manufacturer":null,"category":"other ALPR","query_date":"2026-09-23"},"geometry":{"type":"Point","coordinates":[-118.54069,34.41131]}},{"type":"Feature","properties":{"osm_id":13122833205,"operator":"","manufacturer":null,"category":"other ALPR","query_date":"2026-09-23"},"geometry":{"type":"Point","coordinates":[-118.54072,34.4113]}},{"type":"Feature","properties":{"osm_id":13122833206,"operator":"","manufacturer":null,"category":"other ALPR","query_date":"2026-09-23"},"geometry":{"type":"Point","coordinates":[-118.54053,34.41156]}},{"type":"Feature","properties":{"osm_id":13122833207,"operator":"","manufacturer":null,"category":"other ALPR","query_date":"2026-09-23"},"geometry":{"type":"Point","coordinates":[-118.54057,34.41156]}},{"type":"Feature","properties":{"osm_id":13122833208,"operator":"","manufacturer":null,"category":"other ALPR","query_date":"2026-09-23"},"geometry":{"type":"Point","coordinates":[-118.5406,34.41155]}},{"type":"Feature","properties":{"osm_id":13125497412,"operator":"The Home Depo","manufacturer":"Flock Safety","category":"Flock","query_date":"2026-09-23"},"geometry":{"type":"Point","coordinates":[-118.57235,34.44109]}},{"type":"Feature","properties":{"osm_id":13125497444,"operator":"Los Angeles County Sheriff's Department,Santa Clarita","manufacturer":"Flock Safety","category":"Flock","query_date":"2026-09-23"},"geometry":{"type":"Point","coordinates":[-118.57367,34.40931]}},{"type":"Feature","properties":{"osm_id":13125500977,"operator":"Los Angeles County Sheriff's Department,Santa Clarita","manufacturer":null,"category":"other ALPR","query_date":"2026-09-23"},"geometry":{"type":"Point","coordinates":[-118.57284,34.40911]}},{"type":"Feature","properties":{"osm_id":13125509983,"operator":"The Home Depo","manufacturer":"Flock Safety","category":"Flock","query_date":"2026-09-23"},"geometry":{"type":"Point","coordinates":[-118.49846,34.41913]}},{"type":"Feature","properties":{"osm_id":13125510800,"operator":"San Marino Police Department","manufacturer":"Flock Safety","category":"Flock","query_date":"2026-09-23"},"geometry":{"type":"Point","coordinates":[-118.10231,34.13594]}},{"type":"Feature","properties":{"osm_id":13125526801,"operator":"San Marino Police Department","manufacturer":"Flock Safety","category":"Flock","query_date":"2026-09-23"},"geometry":{"type":"Point","coordinates":[-118.10093,34.1358]}},{"type":"Feature","properties":{"osm_id":13125526825,"operator":"Covina Police Department","manufacturer":"Flock Safety","category":"Flock","query_date":"2026-09-23"},"geometry":{"type":"Point","coordinates":[-117.88998,34.0755]}},{"type":"Feature","properties":{"osm_id":13125537697,"operator":"Baldwin Park Police Department","manufacturer":"Flock Safety","category":"Flock","query_date":"2026-09-23"},"geometry":{"type":"Point","coordinates":[-117.96506,34.08562]}},{"type":"Feature","properties":{"osm_id":13125537698,"operator":"Baldwin Park Police Department","manufacturer":"Flock Safety","category":"Flock","query_date":"2026-09-23"},"geometry":{"type":"Point","coordinates":[-117.96467,34.08577]}},{"type":"Feature","properties":{"osm_id":13125537699,"operator":"Baldwin Park Police Department","manufacturer":"Flock Safety","category":"Flock","query_date":"2026-09-23"},"geometry":{"type":"Point","coordinates":[-117.96499,34.08531]}},{"type":"Feature","properties":{"osm_id":13125538605,"operator":"The Home Depo","manufacturer":"Flock Safety","category":"Flock","query_date":"2026-09-23"},"geometry":{"type":"Point","coordinates":[-118.49752,34.42007]}},{"type":"Feature","properties":{"osm_id":13125539507,"operator":"The Home Depo","manufacturer":"Flock Safety","category":"Flock","query_date":"2026-09-23"},"geometry":{"type":"Point","coordinates":[-118.49646,34.42003]}},{"type":"Feature","properties":{"osm_id":13125539508,"operator":"The Home Depo","manufacturer":"Flock Safety","category":"Flock","query_date":"2026-09-23"},"geometry":{"type":"Point","coordinates":[-118.49646,34.42003]}},{"type":"Feature","properties":{"osm_id":13125540304,"operator":"Covina Police Department","manufacturer":"Flock Safety","category":"Flock","query_date":"2026-09-23"},"geometry":{"type":"Point","coordinates":[-117.87232,34.08606]}},{"type":"Feature","properties":{"osm_id":13125672116,"operator":"Los Angeles County Sheriff's Department,Santa Clarita","manufacturer":"Flock Safety","category":"Flock","query_date":"2026-09-23"},"geometry":{"type":"Point","coordinates":[-118.56791,34.39454]}},{"type":"Feature","properties":{"osm_id":13125675191,"operator":"","manufacturer":"Motorola/Vigilant","category":"other ALPR","query_date":"2026-09-23"},"geometry":{"type":"Point","coordinates":[-118.49496,34.32234]}},{"type":"Feature","properties":{"osm_id":13125675192,"operator":"","manufacturer":"Motorola/Vigilant","category":"other ALPR","query_date":"2026-09-23"},"geometry":{"type":"Point","coordinates":[-118.49496,34.32235]}},{"type":"Feature","properties":{"osm_id":13125679704,"operator":"Los Angeles County Sheriff's Department,Santa Clarita","manufacturer":null,"category":"other ALPR","query_date":"2026-09-23"},"geometry":{"type":"Point","coordinates":[-118.56532,34.39493]}},{"type":"Feature","properties":{"osm_id":13125710120,"operator":"Los Angeles County Sheriff's Department,Santa Clarita","manufacturer":"Flock Safety","category":"Flock","query_date":"2026-09-23"},"geometry":{"type":"Point","coordinates":[-118.59897,34.44358]}},{"type":"Feature","properties":{"osm_id":13125710121,"operator":"Los Angeles County Sheriff's Department,Santa Clarita","manufacturer":"Flock Safety","category":"Flock","query_date":"2026-09-23"},"geometry":{"type":"Point","coordinates":[-118.59896,34.4436]}},{"type":"Feature","properties":{"osm_id":13125710122,"operator":"Los Angeles County Sheriff's Department,Santa Clarita","manufacturer":"Flock Safety","category":"Flock","query_date":"2026-09-23"},"geometry":{"type":"Point","coordinates":[-118.59927,34.44402]}},{"type":"Feature","properties":{"osm_id":13125710123,"operator":"Los Angeles County Sheriff's Department,Santa Clarita","manufacturer":"Flock Safety","category":"Flock","query_date":"2026-09-23"},"geometry":{"type":"Point","coordinates":[-118.59928,34.44402]}},{"type":"Feature","properties":{"osm_id":13125766933,"operator":"Lowe's","manufacturer":"Flock Safety","category":"Flock (store-operated)","query_date":"2026-09-23"},"geometry":{"type":"Point","coordinates":[-118.42599,34.27325]}},{"type":"Feature","properties":{"osm_id":13125949583,"operator":"The Home Depo","manufacturer":"Flock Safety","category":"Flock","query_date":"2026-09-23"},"geometry":{"type":"Point","coordinates":[-118.41757,34.29524]}},{"type":"Feature","properties":{"osm_id":13126295231,"operator":"Unknown","manufacturer":"Flock Safety","category":"Flock","query_date":"2026-09-23"},"geometry":{"type":"Point","coordinates":[-118.22999,34.14639]}},{"type":"Feature","properties":{"osm_id":13128914395,"operator":"","manufacturer":"Flock Safety","category":"Flock","query_date":"2026-09-23"},"geometry":{"type":"Point","coordinates":[-118.15802,34.12326]}},{"type":"Feature","properties":{"osm_id":13129580253,"operator":"","manufacturer":"Flock Safety","category":"Flock","query_date":"2026-09-23"},"geometry":{"type":"Point","coordinates":[-118.3475,33.82729]}},{"type":"Feature","properties":{"osm_id":13129580254,"operator":"","manufacturer":"Motorola Solutions","category":"other ALPR","query_date":"2026-09-23"},"geometry":{"type":"Point","coordinates":[-118.40451,33.79629]}},{"type":"Feature","properties":{"osm_id":13129580255,"operator":"","manufacturer":"Motorola Solutions","category":"other ALPR","query_date":"2026-09-23"},"geometry":{"type":"Point","coordinates":[-118.40451,33.79629]}},{"type":"Feature","properties":{"osm_id":13129580256,"operator":"","manufacturer":"Motorola Solutions","category":"other ALPR","query_date":"2026-09-23"},"geometry":{"type":"Point","coordinates":[-118.41091,33.78863]}},{"type":"Feature","properties":{"osm_id":13129580257,"operator":"","manufacturer":"Motorola Solutions","category":"other ALPR","query_date":"2026-09-23"},"geometry":{"type":"Point","coordinates":[-118.41089,33.78863]}},{"type":"Feature","properties":{"osm_id":13131885611,"operator":"The Home Depo","manufacturer":"Flock Safety","category":"Flock","query_date":"2026-09-23"},"geometry":{"type":"Point","coordinates":[-118.57587,34.44103]}},{"type":"Feature","properties":{"osm_id":13135121741,"operator":"","manufacturer":"Flock Safety","category":"Flock","query_date":"2026-09-23"},"geometry":{"type":"Point","coordinates":[-118.16038,34.11938]}},{"type":"Feature","properties":{"osm_id":13135207379,"operator":"","manufacturer":null,"category":"other ALPR","query_date":"2026-09-23"},"geometry":{"type":"Point","coordinates":[-118.46461,34.38079]}},{"type":"Feature","properties":{"osm_id":13135207380,"operator":"","manufacturer":null,"category":"other ALPR","query_date":"2026-09-23"},"geometry":{"type":"Point","coordinates":[-118.46464,34.38079]}},{"type":"Feature","properties":{"osm_id":13138357900,"operator":"","manufacturer":"Flock Safety","category":"Flock","query_date":"2026-09-23"},"geometry":{"type":"Point","coordinates":[-118.10811,33.85318]}},{"type":"Feature","properties":{"osm_id":13139979870,"operator":"","manufacturer":"Flock Safety","category":"Flock","query_date":"2026-09-23"},"geometry":{"type":"Point","coordinates":[-117.73493,34.09875]}},{"type":"Feature","properties":{"osm_id":13140021096,"operator":"","manufacturer":"Flock Safety","category":"Flock","query_date":"2026-09-23"},"geometry":{"type":"Point","coordinates":[-117.74876,34.10708]}},{"type":"Feature","properties":{"osm_id":13140025324,"operator":"","manufacturer":"Flock Safety","category":"Flock","query_date":"2026-09-23"},"geometry":{"type":"Point","coordinates":[-117.73842,34.10723]}},{"type":"Feature","properties":{"osm_id":13140025326,"operator":"","manufacturer":"Flock Safety","category":"Flock","query_date":"2026-09-23"},"geometry":{"type":"Point","coordinates":[-117.73884,34.10704]}},{"type":"Feature","properties":{"osm_id":13140201204,"operator":"Los Angeles County Sheriff's Department,City Of Palmdale","manufacturer":"Flock Safety","category":"Flock","query_date":"2026-09-23"},"geometry":{"type":"Point","coordinates":[-118.04497,34.58081]}},{"type":"Feature","properties":{"osm_id":13140230755,"operator":"Los Angeles County Sheriff's Department,City Of Palmdale","manufacturer":"Flock Safety","category":"Flock","query_date":"2026-09-23"},"geometry":{"type":"Point","coordinates":[-118.10305,34.6023]}},{"type":"Feature","properties":{"osm_id":13140230756,"operator":"Los Angeles County Sheriff's Department,City Of Palmdale","manufacturer":"Flock Safety","category":"Flock","query_date":"2026-09-23"},"geometry":{"type":"Point","coordinates":[-118.10305,34.60207]}},{"type":"Feature","properties":{"osm_id":13140241882,"operator":"The Home Depot","manufacturer":"Flock Safety","category":"Flock (store-operated)","query_date":"2026-09-23"},"geometry":{"type":"Point","coordinates":[-118.13564,34.59968]}},{"type":"Feature","properties":{"osm_id":13140241883,"operator":"The Home Depot","manufacturer":"Flock Safety","category":"Flock (store-operated)","query_date":"2026-09-23"},"geometry":{"type":"Point","coordinates":[-118.13678,34.59965]}},{"type":"Feature","properties":{"osm_id":13140258881,"operator":"The Home Depot","manufacturer":"Flock Safety","category":"Flock (store-operated)","query_date":"2026-09-23"},"geometry":{"type":"Point","coordinates":[-118.04636,34.57767]}},{"type":"Feature","properties":{"osm_id":13140258882,"operator":"The Home Depot","manufacturer":"Flock Safety","category":"Flock (store-operated)","query_date":"2026-09-23"},"geometry":{"type":"Point","coordinates":[-118.04776,34.57608]}},{"type":"Feature","properties":{"osm_id":13140270157,"operator":"Los Angeles County Sheriff's Department,City Of Palmdale","manufacturer":"Flock Safety","category":"Flock","query_date":"2026-09-23"},"geometry":{"type":"Point","coordinates":[-118.18153,34.60164]}},{"type":"Feature","properties":{"osm_id":13141603868,"operator":"","manufacturer":null,"category":"other ALPR","query_date":"2026-09-23"},"geometry":{"type":"Point","coordinates":[-117.70271,34.10686]}},{"type":"Feature","properties":{"osm_id":13141603869,"operator":"","manufacturer":null,"category":"other ALPR","query_date":"2026-09-23"},"geometry":{"type":"Point","coordinates":[-117.7027,34.1069]}},{"type":"Feature","properties":{"osm_id":13145100292,"operator":"","manufacturer":"Flock Safety","category":"Flock","query_date":"2026-09-23"},"geometry":{"type":"Point","coordinates":[-118.80179,34.15252]}},{"type":"Feature","properties":{"osm_id":13145100293,"operator":"","manufacturer":"Flock Safety","category":"Flock","query_date":"2026-09-23"},"geometry":{"type":"Point","coordinates":[-118.80123,34.15248]}},{"type":"Feature","properties":{"osm_id":13145100294,"operator":"","manufacturer":"Flock Safety","category":"Flock","query_date":"2026-09-23"},"geometry":{"type":"Point","coordinates":[-118.8015,34.15272]}},{"type":"Feature","properties":{"osm_id":13146195966,"operator":"Los Angeles County Sheriff's Department","manufacturer":"Flock Safety","category":"Flock","query_date":"2026-09-23"},"geometry":{"type":"Point","coordinates":[-118.19163,34.22056]}},{"type":"Feature","properties":{"osm_id":13146308330,"operator":"","manufacturer":"Flock Safety","category":"Flock","query_date":"2026-09-23"},"geometry":{"type":"Point","coordinates":[-118.3111,34.0979]}},{"type":"Feature","properties":{"osm_id":13146308331,"operator":"","manufacturer":"Flock Safety","category":"Flock","query_date":"2026-09-23"},"geometry":{"type":"Point","coordinates":[-118.31109,34.0972]}},{"type":"Feature","properties":{"osm_id":13146310496,"operator":"","manufacturer":null,"category":"other ALPR","query_date":"2026-09-23"},"geometry":{"type":"Point","coordinates":[-118.65957,34.1717]}},{"type":"Feature","properties":{"osm_id":13146310497,"operator":"","manufacturer":null,"category":"other ALPR","query_date":"2026-09-23"},"geometry":{"type":"Point","coordinates":[-118.65959,34.17161]}},{"type":"Feature","properties":{"osm_id":13148424760,"operator":"","manufacturer":"Flock Safety","category":"Flock","query_date":"2026-09-23"},"geometry":{"type":"Point","coordinates":[-117.74091,34.07961]}},{"type":"Feature","properties":{"osm_id":13148472227,"operator":"","manufacturer":"Flock Safety","category":"Flock","query_date":"2026-09-23"},"geometry":{"type":"Point","coordinates":[-117.74573,34.05956]}},{"type":"Feature","properties":{"osm_id":13148503567,"operator":"","manufacturer":"Flock Safety","category":"Flock","query_date":"2026-09-23"},"geometry":{"type":"Point","coordinates":[-117.75898,34.07304]}},{"type":"Feature","properties":{"osm_id":13151988056,"operator":"","manufacturer":"Flock Safety","category":"Flock","query_date":"2026-09-23"},"geometry":{"type":"Point","coordinates":[-118.11339,33.97377]}},{"type":"Feature","properties":{"osm_id":13151988057,"operator":"","manufacturer":"Flock Safety","category":"Flock","query_date":"2026-09-23"},"geometry":{"type":"Point","coordinates":[-118.11255,33.97323]}},{"type":"Feature","properties":{"osm_id":13153376484,"operator":"","manufacturer":"Flock Safety","category":"Flock","query_date":"2026-09-23"},"geometry":{"type":"Point","coordinates":[-118.80151,34.15182]}},{"type":"Feature","properties":{"osm_id":13153972170,"operator":"","manufacturer":"Flock Safety","category":"Flock","query_date":"2026-09-23"},"geometry":{"type":"Point","coordinates":[-118.22637,34.15044]}},{"type":"Feature","properties":{"osm_id":13154295872,"operator":"City of Beverly Hills","manufacturer":null,"category":"other ALPR","query_date":"2026-09-23"},"geometry":{"type":"Point","coordinates":[-118.39257,34.07943]}},{"type":"Feature","properties":{"osm_id":13154295873,"operator":"City of Beverly Hills","manufacturer":null,"category":"other ALPR","query_date":"2026-09-23"},"geometry":{"type":"Point","coordinates":[-118.39158,34.0801]}},{"type":"Feature","properties":{"osm_id":13154295874,"operator":"City of Beverly Hills","manufacturer":"Flock Safety","category":"Flock","query_date":"2026-09-23"},"geometry":{"type":"Point","coordinates":[-118.39131,34.08029]}},{"type":"Feature","properties":{"osm_id":13154295875,"operator":"City of Beverly Hills","manufacturer":null,"category":"other ALPR","query_date":"2026-09-23"},"geometry":{"type":"Point","coordinates":[-118.39048,34.08085]}},{"type":"Feature","properties":{"osm_id":13154295876,"operator":"City of Beverly Hills","manufacturer":"Flock Safety","category":"Flock","query_date":"2026-09-23"},"geometry":{"type":"Point","coordinates":[-118.38957,34.07705]}},{"type":"Feature","properties":{"osm_id":13154305604,"operator":"City of Beverly Hills","manufacturer":null,"category":"other ALPR","query_date":"2026-09-23"},"geometry":{"type":"Point","coordinates":[-118.40518,34.07076]}},{"type":"Feature","properties":{"osm_id":13154305605,"operator":"City of Beverly Hills","manufacturer":null,"category":"other ALPR","query_date":"2026-09-23"},"geometry":{"type":"Point","coordinates":[-118.40615,34.07008]}},{"type":"Feature","properties":{"osm_id":13154305606,"operator":"City of Beverly Hills","manufacturer":null,"category":"other ALPR","query_date":"2026-09-23"},"geometry":{"type":"Point","coordinates":[-118.40717,34.0694]}},{"type":"Feature","properties":{"osm_id":13154305607,"operator":"City of Beverly Hills","manufacturer":null,"category":"other ALPR","query_date":"2026-09-23"},"geometry":{"type":"Point","coordinates":[-118.40816,34.06871]}},{"type":"Feature","properties":{"osm_id":13154305608,"operator":"City of Beverly Hills","manufacturer":null,"category":"other ALPR","query_date":"2026-09-23"},"geometry":{"type":"Point","coordinates":[-118.40969,34.06767]}},{"type":"Feature","properties":{"osm_id":13158888254,"operator":"","manufacturer":"Flock Safety","category":"Flock","query_date":"2026-09-23"},"geometry":{"type":"Point","coordinates":[-118.31668,34.17351]}},{"type":"Feature","properties":{"osm_id":13158888255,"operator":"","manufacturer":"Flock Safety","category":"Flock","query_date":"2026-09-23"},"geometry":{"type":"Point","coordinates":[-118.34502,34.19572]}},{"type":"Feature","properties":{"osm_id":13159010000,"operator":"Los Angeles County Sheriff's Department","manufacturer":"Flock Safety","category":"Flock","query_date":"2026-09-23"},"geometry":{"type":"Point","coordinates":[-118.08431,34.53625]}},{"type":"Feature","properties":{"osm_id":13159115409,"operator":"Lowe's","manufacturer":"Flock Safety","category":"Flock (store-operated)","query_date":"2026-09-23"},"geometry":{"type":"Point","coordinates":[-118.53932,34.42721]}},{"type":"Feature","properties":{"osm_id":13159148977,"operator":"Lowe's","manufacturer":"Flock Safety","category":"Flock (store-operated)","query_date":"2026-09-23"},"geometry":{"type":"Point","coordinates":[-118.14639,34.67275]}},{"type":"Feature","properties":{"osm_id":13161064417,"operator":"City of Beverly Hills","manufacturer":null,"category":"other ALPR","query_date":"2026-09-23"},"geometry":{"type":"Point","coordinates":[-118.39037,34.08038]}},{"type":"Feature","properties":{"osm_id":13161064418,"operator":"City of Beverly Hills","manufacturer":"Flock Safety","category":"Flock","query_date":"2026-09-23"},"geometry":{"type":"Point","coordinates":[-118.39071,34.08028]}},{"type":"Feature","properties":{"osm_id":13161095579,"operator":"City of Beverly Hills","manufacturer":null,"category":"other ALPR","query_date":"2026-09-23"},"geometry":{"type":"Point","coordinates":[-118.41428,34.06719]}},{"type":"Feature","properties":{"osm_id":13161095580,"operator":"City of Beverly Hills","manufacturer":null,"category":"other ALPR","query_date":"2026-09-23"},"geometry":{"type":"Point","coordinates":[-118.41444,34.06699]}},{"type":"Feature","properties":{"osm_id":13161095581,"operator":"City of Beverly Hills","manufacturer":null,"category":"other ALPR","query_date":"2026-09-23"},"geometry":{"type":"Point","coordinates":[-118.41456,34.06719]}},{"type":"Feature","properties":{"osm_id":13161095582,"operator":"City of Beverly Hills","manufacturer":null,"category":"other ALPR","query_date":"2026-09-23"},"geometry":{"type":"Point","coordinates":[-118.41502,34.06698]}},{"type":"Feature","properties":{"osm_id":13161096281,"operator":"City of Beverly Hills","manufacturer":null,"category":"other ALPR","query_date":"2026-09-23"},"geometry":{"type":"Point","coordinates":[-118.4103,34.06696]}},{"type":"Feature","properties":{"osm_id":13161096282,"operator":"City of Beverly Hills","manufacturer":null,"category":"other ALPR","query_date":"2026-09-23"},"geometry":{"type":"Point","coordinates":[-118.41057,34.0672]}},{"type":"Feature","properties":{"osm_id":13161106547,"operator":"City of Beverly Hills","manufacturer":"Flock Safety","category":"Flock","query_date":"2026-09-23"},"geometry":{"type":"Point","coordinates":[-118.416,34.06719]}},{"type":"Feature","properties":{"osm_id":13161106548,"operator":"City of Beverly Hills","manufacturer":null,"category":"other ALPR","query_date":"2026-09-23"},"geometry":{"type":"Point","coordinates":[-118.41624,34.06699]}},{"type":"Feature","properties":{"osm_id":13161109539,"operator":"City of Beverly Hills","manufacturer":null,"category":"other ALPR","query_date":"2026-09-23"},"geometry":{"type":"Point","coordinates":[-118.40983,34.06696]}},{"type":"Feature","properties":{"osm_id":13161109540,"operator":"City of Beverly Hills","manufacturer":null,"category":"other ALPR","query_date":"2026-09-23"},"geometry":{"type":"Point","coordinates":[-118.40923,34.06719]}},{"type":"Feature","properties":{"osm_id":13161115536,"operator":"City of Beverly Hills","manufacturer":"Flock Safety","category":"Flock","query_date":"2026-09-23"},"geometry":{"type":"Point","coordinates":[-118.41315,34.06508]}},{"type":"Feature","properties":{"osm_id":13161191836,"operator":"City of Beverly Hills","manufacturer":null,"category":"other ALPR","query_date":"2026-09-23"},"geometry":{"type":"Point","coordinates":[-118.40114,34.06697]}},{"type":"Feature","properties":{"osm_id":13161224530,"operator":"City of Beverly Hills","manufacturer":null,"category":"other ALPR","query_date":"2026-09-23"},"geometry":{"type":"Point","coordinates":[-118.40576,34.06697]}},{"type":"Feature","properties":{"osm_id":13161224531,"operator":"City of Beverly Hills","manufacturer":null,"category":"other ALPR","query_date":"2026-09-23"},"geometry":{"type":"Point","coordinates":[-118.4056,34.06718]}},{"type":"Feature","properties":{"osm_id":13161251095,"operator":"","manufacturer":"Flock Safety","category":"Flock","query_date":"2026-09-23"},"geometry":{"type":"Point","coordinates":[-118.5226,34.37509]}},{"type":"Feature","properties":{"osm_id":13161251753,"operator":"City of Beverly Hills","manufacturer":null,"category":"other ALPR","query_date":"2026-09-23"},"geometry":{"type":"Point","coordinates":[-118.40128,34.06717]}},{"type":"Feature","properties":{"osm_id":13161328775,"operator":"City of Beverly Hills","manufacturer":null,"category":"other ALPR","query_date":"2026-09-23"},"geometry":{"type":"Point","coordinates":[-118.39399,34.06695]}},{"type":"Feature","properties":{"osm_id":13161328776,"operator":"City of Beverly Hills","manufacturer":null,"category":"other ALPR","query_date":"2026-09-23"},"geometry":{"type":"Point","coordinates":[-118.39429,34.06712]}},{"type":"Feature","properties":{"osm_id":13161362394,"operator":"","manufacturer":"Flock Safety","category":"Flock","query_date":"2026-09-23"},"geometry":{"type":"Point","coordinates":[-118.50206,34.37273]}},{"type":"Feature","properties":{"osm_id":13161423813,"operator":"","manufacturer":"Flock Safety","category":"Flock","query_date":"2026-09-23"},"geometry":{"type":"Point","coordinates":[-118.50098,34.37236]}},{"type":"Feature","properties":{"osm_id":13161454930,"operator":"Santa Clarita","manufacturer":"Unknown","category":"other ALPR","query_date":"2026-09-23"},"geometry":{"type":"Point","coordinates":[-118.46279,34.38005]}},{"type":"Feature","properties":{"osm_id":13161491454,"operator":"City of Beverly Hills","manufacturer":null,"category":"other ALPR","query_date":"2026-09-23"},"geometry":{"type":"Point","coordinates":[-118.38956,34.06695]}},{"type":"Feature","properties":{"osm_id":13161491455,"operator":"City of Beverly Hills","manufacturer":null,"category":"other ALPR","query_date":"2026-09-23"},"geometry":{"type":"Point","coordinates":[-118.38984,34.06716]}},{"type":"Feature","properties":{"osm_id":13161514157,"operator":"City of Beverly Hills","manufacturer":null,"category":"other ALPR","query_date":"2026-09-23"},"geometry":{"type":"Point","coordinates":[-118.41439,34.06699]}},{"type":"Feature","properties":{"osm_id":13161514158,"operator":"","manufacturer":"Motorola Solutions","category":"other ALPR","query_date":"2026-09-23"},"geometry":{"type":"Point","coordinates":[-118.41445,34.067]}},{"type":"Feature","properties":{"osm_id":13161514159,"operator":"","manufacturer":"Motorola Solutions","category":"other ALPR","query_date":"2026-09-23"},"geometry":{"type":"Point","coordinates":[-118.41445,34.06703]}},{"type":"Feature","properties":{"osm_id":13161514160,"operator":"","manufacturer":"Motorola Solutions","category":"other ALPR","query_date":"2026-09-23"},"geometry":{"type":"Point","coordinates":[-118.41445,34.06706]}},{"type":"Feature","properties":{"osm_id":13161514161,"operator":"City of Beverly Hills","manufacturer":null,"category":"other ALPR","query_date":"2026-09-23"},"geometry":{"type":"Point","coordinates":[-118.41484,34.06719]}},{"type":"Feature","properties":{"osm_id":13161514162,"operator":"City of Beverly Hills","manufacturer":null,"category":"other ALPR","query_date":"2026-09-23"},"geometry":{"type":"Point","coordinates":[-118.41484,34.0672]}},{"type":"Feature","properties":{"osm_id":13161528123,"operator":"City of Beverly Hills","manufacturer":null,"category":"other ALPR","query_date":"2026-09-23"},"geometry":{"type":"Point","coordinates":[-118.38657,34.06695]}},{"type":"Feature","properties":{"osm_id":13161528124,"operator":"City of Beverly Hills","manufacturer":null,"category":"other ALPR","query_date":"2026-09-23"},"geometry":{"type":"Point","coordinates":[-118.38682,34.06716]}},{"type":"Feature","properties":{"osm_id":13161539015,"operator":"City of Beverly Hills","manufacturer":null,"category":"other ALPR","query_date":"2026-09-23"},"geometry":{"type":"Point","coordinates":[-118.38364,34.0672]}},{"type":"Feature","properties":{"osm_id":13161539016,"operator":"City of Beverly Hills","manufacturer":null,"category":"other ALPR","query_date":"2026-09-23"},"geometry":{"type":"Point","coordinates":[-118.38386,34.06715]}},{"type":"Feature","properties":{"osm_id":13161712716,"operator":"Los Angeles County Sheriff's Department,Santa Clarita","manufacturer":"Flock Safety","category":"Flock","query_date":"2026-09-23"},"geometry":{"type":"Point","coordinates":[-118.52645,34.37946]}},{"type":"Feature","properties":{"osm_id":13163040556,"operator":"","manufacturer":"Flock Safety","category":"Flock","query_date":"2026-09-23"},"geometry":{"type":"Point","coordinates":[-118.34907,34.15232]}},{"type":"Feature","properties":{"osm_id":13163059598,"operator":"Studio City Property & Business Improvement District","manufacturer":"Flock Safety","category":"Flock","query_date":"2026-09-23"},"geometry":{"type":"Point","coordinates":[-118.39321,34.14357]}},{"type":"Feature","properties":{"osm_id":13163086990,"operator":"","manufacturer":"Flock Safety","category":"Flock","query_date":"2026-09-23"},"geometry":{"type":"Point","coordinates":[-118.35587,34.169]}},{"type":"Feature","properties":{"osm_id":13164602890,"operator":"","manufacturer":"Flock Safety","category":"Flock","query_date":"2026-09-23"},"geometry":{"type":"Point","coordinates":[-117.95384,34.03008]}},{"type":"Feature","properties":{"osm_id":13164605249,"operator":"","manufacturer":"Flock Safety","category":"Flock","query_date":"2026-09-23"},"geometry":{"type":"Point","coordinates":[-117.84426,34.00011]}},{"type":"Feature","properties":{"osm_id":13164605250,"operator":"","manufacturer":"Flock Safety","category":"Flock","query_date":"2026-09-23"},"geometry":{"type":"Point","coordinates":[-117.84399,33.99986]}},{"type":"Feature","properties":{"osm_id":13164605251,"operator":"","manufacturer":"Flock Safety","category":"Flock","query_date":"2026-09-23"},"geometry":{"type":"Point","coordinates":[-117.84457,33.99993]}},{"type":"Feature","properties":{"osm_id":13164605252,"operator":"","manufacturer":"Flock Safety","category":"Flock","query_date":"2026-09-23"},"geometry":{"type":"Point","coordinates":[-117.84424,33.99968]}},{"type":"Feature","properties":{"osm_id":13164631594,"operator":"","manufacturer":"Flock Safety","category":"Flock","query_date":"2026-09-23"},"geometry":{"type":"Point","coordinates":[-117.90907,33.99584]}},{"type":"Feature","properties":{"osm_id":13164631595,"operator":"","manufacturer":"Flock Safety","category":"Flock","query_date":"2026-09-23"},"geometry":{"type":"Point","coordinates":[-117.90893,33.99536]}},{"type":"Feature","properties":{"osm_id":13164631596,"operator":"","manufacturer":"Flock Safety","category":"Flock","query_date":"2026-09-23"},"geometry":{"type":"Point","coordinates":[-117.90718,33.99572]}},{"type":"Feature","properties":{"osm_id":13166702235,"operator":"","manufacturer":"Flock Safety","category":"Flock","query_date":"2026-09-23"},"geometry":{"type":"Point","coordinates":[-117.88712,34.14687]}},{"type":"Feature","properties":{"osm_id":13166941606,"operator":"","manufacturer":"Flock Safety","category":"Flock","query_date":"2026-09-23"},"geometry":{"type":"Point","coordinates":[-118.39338,33.8655]}},{"type":"Feature","properties":{"osm_id":13166941607,"operator":"","manufacturer":"Flock Safety","category":"Flock","query_date":"2026-09-23"},"geometry":{"type":"Point","coordinates":[-118.3931,33.86549]}},{"type":"Feature","properties":{"osm_id":13166984982,"operator":"","manufacturer":"Flock Safety","category":"Flock","query_date":"2026-09-23"},"geometry":{"type":"Point","coordinates":[-117.91129,34.0358]}},{"type":"Feature","properties":{"osm_id":13168255120,"operator":"","manufacturer":"Flock Safety","category":"Flock","query_date":"2026-09-23"},"geometry":{"type":"Point","coordinates":[-118.76194,34.14333]}},{"type":"Feature","properties":{"osm_id":13168255121,"operator":"","manufacturer":"Flock Safety","category":"Flock","query_date":"2026-09-23"},"geometry":{"type":"Point","coordinates":[-118.76156,34.1437]}},{"type":"Feature","properties":{"osm_id":13168256750,"operator":"","manufacturer":"Flock Safety","category":"Flock","query_date":"2026-09-23"},"geometry":{"type":"Point","coordinates":[-118.79418,34.14493]}},{"type":"Feature","properties":{"osm_id":13168256751,"operator":"","manufacturer":"Flock Safety","category":"Flock","query_date":"2026-09-23"},"geometry":{"type":"Point","coordinates":[-118.79679,34.14495]}},{"type":"Feature","properties":{"osm_id":13168948144,"operator":"City of Beverly Hills","manufacturer":null,"category":"other ALPR","query_date":"2026-09-23"},"geometry":{"type":"Point","coordinates":[-118.41392,34.07998]}},{"type":"Feature","properties":{"osm_id":13168948145,"operator":"City of Beverly Hills","manufacturer":null,"category":"other ALPR","query_date":"2026-09-23"},"geometry":{"type":"Point","coordinates":[-118.41482,34.08005]}},{"type":"Feature","properties":{"osm_id":13168948146,"operator":"City of Beverly Hills","manufacturer":null,"category":"other ALPR","query_date":"2026-09-23"},"geometry":{"type":"Point","coordinates":[-118.41438,34.08015]}},{"type":"Feature","properties":{"osm_id":13168948147,"operator":"City of Beverly Hills","manufacturer":null,"category":"other ALPR","query_date":"2026-09-23"},"geometry":{"type":"Point","coordinates":[-118.41334,34.08008]}},{"type":"Feature","properties":{"osm_id":13168948148,"operator":"City of Beverly Hills","manufacturer":null,"category":"other ALPR","query_date":"2026-09-23"},"geometry":{"type":"Point","coordinates":[-118.41399,34.07998]}},{"type":"Feature","properties":{"osm_id":13168948149,"operator":"City of Beverly Hills","manufacturer":null,"category":"other ALPR","query_date":"2026-09-23"},"geometry":{"type":"Point","coordinates":[-118.41433,34.08016]}},{"type":"Feature","properties":{"osm_id":13169113198,"operator":"City of Beverly Hills","manufacturer":null,"category":"other ALPR","query_date":"2026-09-23"},"geometry":{"type":"Point","coordinates":[-118.41179,34.08145]}},{"type":"Feature","properties":{"osm_id":13169113199,"operator":"City of Beverly Hills","manufacturer":null,"category":"other ALPR","query_date":"2026-09-23"},"geometry":{"type":"Point","coordinates":[-118.41144,34.08155]}},{"type":"Feature","properties":{"osm_id":13169113200,"operator":"City of Beverly Hills","manufacturer":null,"category":"other ALPR","query_date":"2026-09-23"},"geometry":{"type":"Point","coordinates":[-118.41209,34.08173]}},{"type":"Feature","properties":{"osm_id":13169121457,"operator":"City of Beverly Hills","manufacturer":null,"category":"other ALPR","query_date":"2026-09-23"},"geometry":{"type":"Point","coordinates":[-118.39791,34.08775]}},{"type":"Feature","properties":{"osm_id":13169121458,"operator":"City of Beverly Hills","manufacturer":null,"category":"other ALPR","query_date":"2026-09-23"},"geometry":{"type":"Point","coordinates":[-118.39863,34.08727]}},{"type":"Feature","properties":{"osm_id":13169121459,"operator":"City of Beverly Hills","manufacturer":null,"category":"other ALPR","query_date":"2026-09-23"},"geometry":{"type":"Point","coordinates":[-118.39838,34.08761]}},{"type":"Feature","properties":{"osm_id":13169121460,"operator":"City of Beverly Hills","manufacturer":null,"category":"other ALPR","query_date":"2026-09-23"},"geometry":{"type":"Point","coordinates":[-118.39802,34.08758]}},{"type":"Feature","properties":{"osm_id":13169121461,"operator":"City of Beverly Hills","manufacturer":null,"category":"other ALPR","query_date":"2026-09-23"},"geometry":{"type":"Point","coordinates":[-118.39809,34.08742]}},{"type":"Feature","properties":{"osm_id":13169121462,"operator":"City of Beverly Hills","manufacturer":"Motorola Solutions","category":"other ALPR","query_date":"2026-09-23"},"geometry":{"type":"Point","coordinates":[-118.39835,34.08756]}},{"type":"Feature","properties":{"osm_id":13169121463,"operator":"City of Beverly Hills","manufacturer":"Motorola Solutions","category":"other ALPR","query_date":"2026-09-23"},"geometry":{"type":"Point","coordinates":[-118.39836,34.08758]}},{"type":"Feature","properties":{"osm_id":13169121464,"operator":"City of Beverly Hills","manufacturer":null,"category":"other ALPR","query_date":"2026-09-23"},"geometry":{"type":"Point","coordinates":[-118.39813,34.08741]}},{"type":"Feature","properties":{"osm_id":13169121465,"operator":"City of Beverly Hills","manufacturer":null,"category":"other ALPR","query_date":"2026-09-23"},"geometry":{"type":"Point","coordinates":[-118.39838,34.08764]}},{"type":"Feature","properties":{"osm_id":13169142101,"operator":"City of Beverly Hills","manufacturer":null,"category":"other ALPR","query_date":"2026-09-23"},"geometry":{"type":"Point","coordinates":[-118.41255,34.08169]}},{"type":"Feature","properties":{"osm_id":13169142102,"operator":"City of Beverly Hills","manufacturer":null,"category":"other ALPR","query_date":"2026-09-23"},"geometry":{"type":"Point","coordinates":[-118.41209,34.08171]}},{"type":"Feature","properties":{"osm_id":13169285845,"operator":"City of Beverly Hills","manufacturer":null,"category":"other ALPR","query_date":"2026-09-23"},"geometry":{"type":"Point","coordinates":[-118.40926,34.05961]}},{"type":"Feature","properties":{"osm_id":13169285846,"operator":"City of Beverly Hills","manufacturer":null,"category":"other ALPR","query_date":"2026-09-23"},"geometry":{"type":"Point","coordinates":[-118.40866,34.05961]}},{"type":"Feature","properties":{"osm_id":13169289310,"operator":"City of Beverly Hills","manufacturer":null,"category":"other ALPR","query_date":"2026-09-23"},"geometry":{"type":"Point","coordinates":[-118.40094,34.07187]}},{"type":"Feature","properties":{"osm_id":13169289311,"operator":"City of Beverly Hills","manufacturer":null,"category":"other ALPR","query_date":"2026-09-23"},"geometry":{"type":"Point","coordinates":[-118.40094,34.07203]}},{"type":"Feature","properties":{"osm_id":13169289312,"operator":"City of Beverly Hills","manufacturer":null,"category":"other ALPR","query_date":"2026-09-23"},"geometry":{"type":"Point","coordinates":[-118.40013,34.07203]}},{"type":"Feature","properties":{"osm_id":13169292841,"operator":"City of Beverly Hills","manufacturer":null,"category":"other ALPR","query_date":"2026-09-23"},"geometry":{"type":"Point","coordinates":[-118.4058,34.05981]}},{"type":"Feature","properties":{"osm_id":13169292842,"operator":"City of Beverly Hills","manufacturer":null,"category":"other ALPR","query_date":"2026-09-23"},"geometry":{"type":"Point","coordinates":[-118.40528,34.05981]}},{"type":"Feature","properties":{"osm_id":13169323514,"operator":"City of Beverly Hills","manufacturer":null,"category":"other ALPR","query_date":"2026-09-23"},"geometry":{"type":"Point","coordinates":[-118.38932,34.05948]}},{"type":"Feature","properties":{"osm_id":13169323515,"operator":"City of Beverly Hills","manufacturer":null,"category":"other ALPR","query_date":"2026-09-23"},"geometry":{"type":"Point","coordinates":[-118.38964,34.05927]}},{"type":"Feature","properties":{"osm_id":13169323516,"operator":"City of Beverly Hills","manufacturer":null,"category":"other ALPR","query_date":"2026-09-23"},"geometry":{"type":"Point","coordinates":[-118.39021,34.05929]}},{"type":"Feature","properties":{"osm_id":13169323517,"operator":"City of Beverly Hills","manufacturer":null,"category":"other ALPR","query_date":"2026-09-23"},"geometry":{"type":"Point","coordinates":[-118.38998,34.05949]}},{"type":"Feature","properties":{"osm_id":13171731028,"operator":"","manufacturer":"Flock Safety","category":"Flock","query_date":"2026-09-23"},"geometry":{"type":"Point","coordinates":[-118.40307,34.03104]}},{"type":"Feature","properties":{"osm_id":13171754745,"operator":"City of Beverly Hills","manufacturer":"Motorola Solutions","category":"other ALPR","query_date":"2026-09-23"},"geometry":{"type":"Point","coordinates":[-118.3762,34.06247]}},{"type":"Feature","properties":{"osm_id":13171754746,"operator":"City of Beverly Hills","manufacturer":"Motorola Solutions","category":"other ALPR","query_date":"2026-09-23"},"geometry":{"type":"Point","coordinates":[-118.37622,34.06248]}},{"type":"Feature","properties":{"osm_id":13171754747,"operator":"City of Beverly Hills","manufacturer":"Motorola Solutions","category":"other ALPR","query_date":"2026-09-23"},"geometry":{"type":"Point","coordinates":[-118.37625,34.06248]}},{"type":"Feature","properties":{"osm_id":13171754748,"operator":"City of Beverly Hills","manufacturer":"Motorola Solutions","category":"other ALPR","query_date":"2026-09-23"},"geometry":{"type":"Point","coordinates":[-118.37606,34.06217]}},{"type":"Feature","properties":{"osm_id":13171754749,"operator":"City of Beverly Hills","manufacturer":"Motorola Solutions","category":"other ALPR","query_date":"2026-09-23"},"geometry":{"type":"Point","coordinates":[-118.37609,34.06217]}},{"type":"Feature","properties":{"osm_id":13171754750,"operator":"City of Beverly Hills","manufacturer":"Motorola Solutions","category":"other ALPR","query_date":"2026-09-23"},"geometry":{"type":"Point","coordinates":[-118.37612,34.06217]}},{"type":"Feature","properties":{"osm_id":13171761448,"operator":"Culver City","manufacturer":"ICamera","category":"other ALPR","query_date":"2026-09-23"},"geometry":{"type":"Point","coordinates":[-118.37396,34.03255]}},{"type":"Feature","properties":{"osm_id":13171761449,"operator":"Culver City","manufacturer":"Flock Safety","category":"Flock","query_date":"2026-09-23"},"geometry":{"type":"Point","coordinates":[-118.37402,34.0325]}},{"type":"Feature","properties":{"osm_id":13171761450,"operator":"Culver City","manufacturer":"Flock Safety","category":"Flock","query_date":"2026-09-23"},"geometry":{"type":"Point","coordinates":[-118.37467,34.03249]}},{"type":"Feature","properties":{"osm_id":13171761451,"operator":"Culver City","manufacturer":"ICamera","category":"other ALPR","query_date":"2026-09-23"},"geometry":{"type":"Point","coordinates":[-118.37449,34.03231]}},{"type":"Feature","properties":{"osm_id":13171761452,"operator":"Culver City","manufacturer":"ICamera","category":"other ALPR","query_date":"2026-09-23"},"geometry":{"type":"Point","coordinates":[-118.37432,34.03263]}},{"type":"Feature","properties":{"osm_id":13171761453,"operator":"Culver City","manufacturer":"ICamera","category":"other ALPR","query_date":"2026-09-23"},"geometry":{"type":"Point","coordinates":[-118.37428,34.0323]}},{"type":"Feature","properties":{"osm_id":13171770654,"operator":"Culver City","manufacturer":"ICamera","category":"other ALPR","query_date":"2026-09-23"},"geometry":{"type":"Point","coordinates":[-118.3837,34.02993]}},{"type":"Feature","properties":{"osm_id":13171770655,"operator":"Culver City","manufacturer":"ICamera","category":"other ALPR","query_date":"2026-09-23"},"geometry":{"type":"Point","coordinates":[-118.38367,34.02972]}},{"type":"Feature","properties":{"osm_id":13171770656,"operator":"Culver City","manufacturer":"ICamera","category":"other ALPR","query_date":"2026-09-23"},"geometry":{"type":"Point","coordinates":[-118.38403,34.02957]}},{"type":"Feature","properties":{"osm_id":13171775550,"operator":"","manufacturer":"Flock Safety","category":"Flock","query_date":"2026-09-23"},"geometry":{"type":"Point","coordinates":[-117.88928,34.07056]}},{"type":"Feature","properties":{"osm_id":13171814693,"operator":"Culver City","manufacturer":"ICamera","category":"other ALPR","query_date":"2026-09-23"},"geometry":{"type":"Point","coordinates":[-118.38687,34.02814]}},{"type":"Feature","properties":{"osm_id":13171814694,"operator":"Culver City","manufacturer":"ICamera","category":"other ALPR","query_date":"2026-09-23"},"geometry":{"type":"Point","coordinates":[-118.38662,34.02837]}},{"type":"Feature","properties":{"osm_id":13171814695,"operator":"Culver City","manufacturer":"Flock Safety","category":"Flock","query_date":"2026-09-23"},"geometry":{"type":"Point","coordinates":[-118.3866,34.02837]}},{"type":"Feature","properties":{"osm_id":13171814696,"operator":"Culver City","manufacturer":"ICamera","category":"other ALPR","query_date":"2026-09-23"},"geometry":{"type":"Point","coordinates":[-118.38625,34.02824]}},{"type":"Feature","properties":{"osm_id":13171814697,"operator":"Culver City","manufacturer":"Flock Safety","category":"Flock","query_date":"2026-09-23"},"geometry":{"type":"Point","coordinates":[-118.38624,34.02821]}},{"type":"Feature","properties":{"osm_id":13171814698,"operator":"Culver City","manufacturer":"ICamera","category":"other ALPR","query_date":"2026-09-23"},"geometry":{"type":"Point","coordinates":[-118.3865,34.028]}},{"type":"Feature","properties":{"osm_id":13171838296,"operator":"Culver City","manufacturer":"ICamera","category":"other ALPR","query_date":"2026-09-23"},"geometry":{"type":"Point","coordinates":[-118.38778,34.01693]}},{"type":"Feature","properties":{"osm_id":13171838297,"operator":"Culver City","manufacturer":"ICamera","category":"other ALPR","query_date":"2026-09-23"},"geometry":{"type":"Point","coordinates":[-118.38798,34.01709]}},{"type":"Feature","properties":{"osm_id":13171838298,"operator":"Culver City","manufacturer":"ICamera","category":"other ALPR","query_date":"2026-09-23"},"geometry":{"type":"Point","coordinates":[-118.38821,34.01669]}},{"type":"Feature","properties":{"osm_id":13171838299,"operator":"Culver City","manufacturer":"ICamera","category":"other ALPR","query_date":"2026-09-23"},"geometry":{"type":"Point","coordinates":[-118.38805,34.01641]}},{"type":"Feature","properties":{"osm_id":13171902716,"operator":"Culver City","manufacturer":"ICamera","category":"other ALPR","query_date":"2026-09-23"},"geometry":{"type":"Point","coordinates":[-118.39354,34.00377]}},{"type":"Feature","properties":{"osm_id":13171902717,"operator":"Culver City","manufacturer":"ICamera","category":"other ALPR","query_date":"2026-09-23"},"geometry":{"type":"Point","coordinates":[-118.39341,34.00395]}},{"type":"Feature","properties":{"osm_id":13171902718,"operator":"Culver City","manufacturer":"ICamera","category":"other ALPR","query_date":"2026-09-23"},"geometry":{"type":"Point","coordinates":[-118.39321,34.00432]}},{"type":"Feature","properties":{"osm_id":13171902719,"operator":"Culver City","manufacturer":"ICamera","category":"other ALPR","query_date":"2026-09-23"},"geometry":{"type":"Point","coordinates":[-118.39317,34.0044]}},{"type":"Feature","properties":{"osm_id":13171902720,"operator":"Culver City","manufacturer":"ICamera","category":"other ALPR","query_date":"2026-09-23"},"geometry":{"type":"Point","coordinates":[-118.39354,34.00443]}},{"type":"Feature","properties":{"osm_id":13171915601,"operator":"Culver City","manufacturer":"ICamera","category":"other ALPR","query_date":"2026-09-23"},"geometry":{"type":"Point","coordinates":[-118.39745,33.99749]}},{"type":"Feature","properties":{"osm_id":13171915602,"operator":"Culver City","manufacturer":"ICamera","category":"other ALPR","query_date":"2026-09-23"},"geometry":{"type":"Point","coordinates":[-118.39786,33.99744]}},{"type":"Feature","properties":{"osm_id":13171915603,"operator":"Culver City","manufacturer":"ICamera","category":"other ALPR","query_date":"2026-09-23"},"geometry":{"type":"Point","coordinates":[-118.39831,33.99772]}},{"type":"Feature","properties":{"osm_id":13171915604,"operator":"Culver City","manufacturer":"ICamera","category":"other ALPR","query_date":"2026-09-23"},"geometry":{"type":"Point","coordinates":[-118.398,33.99789]}},{"type":"Feature","properties":{"osm_id":13171923736,"operator":"Culver City","manufacturer":null,"category":"other ALPR","query_date":"2026-09-23"},"geometry":{"type":"Point","coordinates":[-118.413,34.00751]}},{"type":"Feature","properties":{"osm_id":13171923737,"operator":"Culver City","manufacturer":null,"category":"other ALPR","query_date":"2026-09-23"},"geometry":{"type":"Point","coordinates":[-118.41282,34.00723]}},{"type":"Feature","properties":{"osm_id":13171923738,"operator":"Culver City","manufacturer":null,"category":"other ALPR","query_date":"2026-09-23"},"geometry":{"type":"Point","coordinates":[-118.41268,34.00687]}},{"type":"Feature","properties":{"osm_id":13171923739,"operator":"Culver City","manufacturer":null,"category":"other ALPR","query_date":"2026-09-23"},"geometry":{"type":"Point","coordinates":[-118.41297,34.00684]}},{"type":"Feature","properties":{"osm_id":13171923740,"operator":"Culver City","manufacturer":null,"category":"other ALPR","query_date":"2026-09-23"},"geometry":{"type":"Point","coordinates":[-118.41333,34.00751]}},{"type":"Feature","properties":{"osm_id":13171923942,"operator":"Culver City","manufacturer":null,"category":"other ALPR","query_date":"2026-09-23"},"geometry":{"type":"Point","coordinates":[-118.41447,34.00425]}},{"type":"Feature","properties":{"osm_id":13171923943,"operator":"Culver City","manufacturer":null,"category":"other ALPR","query_date":"2026-09-23"},"geometry":{"type":"Point","coordinates":[-118.41468,34.00386]}},{"type":"Feature","properties":{"osm_id":13171927535,"operator":"","manufacturer":"Flock Safety","category":"Flock","query_date":"2026-09-23"},"geometry":{"type":"Point","coordinates":[-118.41627,34.00727]}},{"type":"Feature","properties":{"osm_id":13171969849,"operator":"","manufacturer":"Flock Safety","category":"Flock","query_date":"2026-09-23"},"geometry":{"type":"Point","coordinates":[-118.53519,34.03626]}},{"type":"Feature","properties":{"osm_id":13171969850,"operator":"","manufacturer":"Flock Safety","category":"Flock","query_date":"2026-09-23"},"geometry":{"type":"Point","coordinates":[-118.53628,34.03593]}},{"type":"Feature","properties":{"osm_id":13171969851,"operator":"","manufacturer":"Flock Safety","category":"Flock","query_date":"2026-09-23"},"geometry":{"type":"Point","coordinates":[-118.55538,34.03864]}},{"type":"Feature","properties":{"osm_id":13171969852,"operator":"","manufacturer":"Flock Safety","category":"Flock","query_date":"2026-09-23"},"geometry":{"type":"Point","coordinates":[-118.5552,34.03865]}},{"type":"Feature","properties":{"osm_id":13171981171,"operator":"","manufacturer":"Flock Safety","category":"Flock","query_date":"2026-09-23"},"geometry":{"type":"Point","coordinates":[-118.56754,34.04201]}},{"type":"Feature","properties":{"osm_id":13171995679,"operator":"","manufacturer":"Flock Safety","category":"Flock","query_date":"2026-09-23"},"geometry":{"type":"Point","coordinates":[-118.5192,34.0283]}},{"type":"Feature","properties":{"osm_id":13171995680,"operator":"","manufacturer":"Flock Safety","category":"Flock","query_date":"2026-09-23"},"geometry":{"type":"Point","coordinates":[-118.51927,34.02847]}},{"type":"Feature","properties":{"osm_id":13172030945,"operator":"","manufacturer":"Flock Safety","category":"Flock","query_date":"2026-09-23"},"geometry":{"type":"Point","coordinates":[-118.57921,34.04023]}},{"type":"Feature","properties":{"osm_id":13172030946,"operator":"","manufacturer":"Motorola Solutions","category":"other ALPR","query_date":"2026-09-23"},"geometry":{"type":"Point","coordinates":[-118.68509,34.03457]}},{"type":"Feature","properties":{"osm_id":13172400665,"operator":"","manufacturer":"Flock Safety","category":"Flock","query_date":"2026-09-23"},"geometry":{"type":"Point","coordinates":[-118.51876,34.02797]}},{"type":"Feature","properties":{"osm_id":13173896149,"operator":"","manufacturer":null,"category":"other ALPR","query_date":"2026-09-23"},"geometry":{"type":"Point","coordinates":[-118.42099,34.03856]}},{"type":"Feature","properties":{"osm_id":13174557420,"operator":"","manufacturer":"Flock Safety","category":"Flock","query_date":"2026-09-23"},"geometry":{"type":"Point","coordinates":[-118.05844,34.07331]}},{"type":"Feature","properties":{"osm_id":13175324725,"operator":"","manufacturer":"Flock Safety","category":"Flock","query_date":"2026-09-23"},"geometry":{"type":"Point","coordinates":[-118.04275,34.09155]}},{"type":"Feature","properties":{"osm_id":13175324726,"operator":"","manufacturer":"Flock Safety","category":"Flock","query_date":"2026-09-23"},"geometry":{"type":"Point","coordinates":[-118.04288,34.09154]}},{"type":"Feature","properties":{"osm_id":13175767492,"operator":"","manufacturer":null,"category":"other ALPR","query_date":"2026-09-23"},"geometry":{"type":"Point","coordinates":[-118.42023,34.03896]}},{"type":"Feature","properties":{"osm_id":13176309053,"operator":"El Monte Police Department","manufacturer":"Flock Safety","category":"Flock","query_date":"2026-09-23"},"geometry":{"type":"Point","coordinates":[-118.05305,34.07892]}},{"type":"Feature","properties":{"osm_id":13176309100,"operator":"El Monte Police Department","manufacturer":"Flock Safety","category":"Flock","query_date":"2026-09-23"},"geometry":{"type":"Point","coordinates":[-118.04872,34.09091]}},{"type":"Feature","properties":{"osm_id":13176309102,"operator":"El Monte Police Department","manufacturer":"Flock Safety","category":"Flock","query_date":"2026-09-23"},"geometry":{"type":"Point","coordinates":[-118.04913,34.09078]}},{"type":"Feature","properties":{"osm_id":13178159060,"operator":"","manufacturer":"Flock Safety","category":"Flock","query_date":"2026-09-23"},"geometry":{"type":"Point","coordinates":[-118.4308,33.96382]}},{"type":"Feature","properties":{"osm_id":13179044848,"operator":"Studio City Property & Business Improvement District","manufacturer":"Flock Safety","category":"Flock","query_date":"2026-09-23"},"geometry":{"type":"Point","coordinates":[-118.39061,34.14278]}},{"type":"Feature","properties":{"osm_id":13179295868,"operator":"","manufacturer":"Flock Safety","category":"Flock","query_date":"2026-09-23"},"geometry":{"type":"Point","coordinates":[-118.40017,34.03499]}},{"type":"Feature","properties":{"osm_id":13188136246,"operator":"","manufacturer":"Motorola Solutions","category":"other ALPR","query_date":"2026-09-23"},"geometry":{"type":"Point","coordinates":[-118.39232,33.78175]}},{"type":"Feature","properties":{"osm_id":13188136248,"operator":"","manufacturer":"Motorola Solutions","category":"other ALPR","query_date":"2026-09-23"},"geometry":{"type":"Point","coordinates":[-118.39231,33.78178]}},{"type":"Feature","properties":{"osm_id":13189935350,"operator":"The Home Depot","manufacturer":"Flock Safety","category":"Flock (store-operated)","query_date":"2026-09-23"},"geometry":{"type":"Point","coordinates":[-118.32997,33.80292]}},{"type":"Feature","properties":{"osm_id":13190009144,"operator":"","manufacturer":null,"category":"other ALPR","query_date":"2026-09-23"},"geometry":{"type":"Point","coordinates":[-118.22344,33.91979]}},{"type":"Feature","properties":{"osm_id":13190009145,"operator":"","manufacturer":null,"category":"other ALPR","query_date":"2026-09-23"},"geometry":{"type":"Point","coordinates":[-118.22432,33.91985]}},{"type":"Feature","properties":{"osm_id":13190020461,"operator":"Sam's Club","manufacturer":"AXIS","category":"other ALPR","query_date":"2026-09-23"},"geometry":{"type":"Point","coordinates":[-118.14368,34.6088]}},{"type":"Feature","properties":{"osm_id":13190020462,"operator":"Sam's Club","manufacturer":"AXIS","category":"other ALPR","query_date":"2026-09-23"},"geometry":{"type":"Point","coordinates":[-118.14488,34.60767]}},{"type":"Feature","properties":{"osm_id":13190020463,"operator":"Sam's Club","manufacturer":"AXIS","category":"other ALPR","query_date":"2026-09-23"},"geometry":{"type":"Point","coordinates":[-118.14457,34.60776]}},{"type":"Feature","properties":{"osm_id":13190020464,"operator":"Sam's Club","manufacturer":"AXIS","category":"other ALPR","query_date":"2026-09-23"},"geometry":{"type":"Point","coordinates":[-118.14466,34.60775]}},{"type":"Feature","properties":{"osm_id":13190020465,"operator":"Walmart","manufacturer":"AXIS","category":"other ALPR","query_date":"2026-09-23"},"geometry":{"type":"Point","coordinates":[-118.14403,34.61078]}},{"type":"Feature","properties":{"osm_id":13191363889,"operator":"","manufacturer":"Flock Safety","category":"Flock","query_date":"2026-09-23"},"geometry":{"type":"Point","coordinates":[-118.26063,34.12902]}},{"type":"Feature","properties":{"osm_id":13192085847,"operator":"","manufacturer":"Flock Safety","category":"Flock","query_date":"2026-09-23"},"geometry":{"type":"Point","coordinates":[-118.0822,34.06986]}},{"type":"Feature","properties":{"osm_id":13192533598,"operator":"","manufacturer":"Flock Safety","category":"Flock","query_date":"2026-09-23"},"geometry":{"type":"Point","coordinates":[-118.09041,34.06986]}},{"type":"Feature","properties":{"osm_id":13192539301,"operator":"","manufacturer":"Flock Safety","category":"Flock","query_date":"2026-09-23"},"geometry":{"type":"Point","coordinates":[-118.09084,34.06998]}},{"type":"Feature","properties":{"osm_id":13192539302,"operator":"","manufacturer":"Flock Safety","category":"Flock","query_date":"2026-09-23"},"geometry":{"type":"Point","coordinates":[-118.09076,34.06983]}},{"type":"Feature","properties":{"osm_id":13194300913,"operator":"","manufacturer":"Flock Safety","category":"Flock","query_date":"2026-09-23"},"geometry":{"type":"Point","coordinates":[-117.81023,34.09692]}},{"type":"Feature","properties":{"osm_id":13196959021,"operator":"","manufacturer":"Flock Safety","category":"Flock","query_date":"2026-09-23"},"geometry":{"type":"Point","coordinates":[-117.88934,34.03003]}},{"type":"Feature","properties":{"osm_id":13196959022,"operator":"","manufacturer":"Flock Safety","category":"Flock","query_date":"2026-09-23"},"geometry":{"type":"Point","coordinates":[-117.88892,34.03]}},{"type":"Feature","properties":{"osm_id":13196959023,"operator":"","manufacturer":"Flock Safety","category":"Flock","query_date":"2026-09-23"},"geometry":{"type":"Point","coordinates":[-117.85905,34.00984]}},{"type":"Feature","properties":{"osm_id":13196959024,"operator":"","manufacturer":"Flock Safety","category":"Flock","query_date":"2026-09-23"},"geometry":{"type":"Point","coordinates":[-117.85881,34.01001]}},{"type":"Feature","properties":{"osm_id":13196959983,"operator":"","manufacturer":"Flock Safety","category":"Flock","query_date":"2026-09-23"},"geometry":{"type":"Point","coordinates":[-117.91731,33.99323]}},{"type":"Feature","properties":{"osm_id":13196959984,"operator":"","manufacturer":"Flock Safety","category":"Flock","query_date":"2026-09-23"},"geometry":{"type":"Point","coordinates":[-117.91586,33.99302]}},{"type":"Feature","properties":{"osm_id":13196959985,"operator":"","manufacturer":"Flock Safety","category":"Flock","query_date":"2026-09-23"},"geometry":{"type":"Point","coordinates":[-117.91492,33.99301]}},{"type":"Feature","properties":{"osm_id":13196967900,"operator":"","manufacturer":"Flock Safety","category":"Flock","query_date":"2026-09-23"},"geometry":{"type":"Point","coordinates":[-117.89592,34.02766]}},{"type":"Feature","properties":{"osm_id":13196973541,"operator":"","manufacturer":"Flock Safety","category":"Flock","query_date":"2026-09-23"},"geometry":{"type":"Point","coordinates":[-117.87464,34.03527]}},{"type":"Feature","properties":{"osm_id":13196987029,"operator":"","manufacturer":"Flock Safety","category":"Flock","query_date":"2026-09-23"},"geometry":{"type":"Point","coordinates":[-117.88817,34.01724]}},{"type":"Feature","properties":{"osm_id":13196987030,"operator":"","manufacturer":"Flock Safety","category":"Flock","query_date":"2026-09-23"},"geometry":{"type":"Point","coordinates":[-117.88809,34.01763]}},{"type":"Feature","properties":{"osm_id":13196998042,"operator":"","manufacturer":"Flock Safety","category":"Flock","query_date":"2026-09-23"},"geometry":{"type":"Point","coordinates":[-117.92549,34.0505]}},{"type":"Feature","properties":{"osm_id":13198831980,"operator":"San Marino PD","manufacturer":"Motorola Solutions","category":"other ALPR","query_date":"2026-09-23"},"geometry":{"type":"Point","coordinates":[-118.12283,34.11019]}},{"type":"Feature","properties":{"osm_id":13201950419,"operator":"","manufacturer":"Flock Safety","category":"Flock","query_date":"2026-09-23"},"geometry":{"type":"Point","coordinates":[-117.94654,34.06122]}},{"type":"Feature","properties":{"osm_id":13201950420,"operator":"West Covina Police Department","manufacturer":"Flock Safety","category":"Flock","query_date":"2026-09-23"},"geometry":{"type":"Point","coordinates":[-117.95799,34.06994]}},{"type":"Feature","properties":{"osm_id":13203273100,"operator":"","manufacturer":"Flock Safety","category":"Flock","query_date":"2026-09-23"},"geometry":{"type":"Point","coordinates":[-118.03537,34.54467]}},{"type":"Feature","properties":{"osm_id":13207803990,"operator":"","manufacturer":"Flock Safety","category":"Flock","query_date":"2026-09-23"},"geometry":{"type":"Point","coordinates":[-117.81128,34.00122]}},{"type":"Feature","properties":{"osm_id":13207803991,"operator":"","manufacturer":"Flock Safety","category":"Flock","query_date":"2026-09-23"},"geometry":{"type":"Point","coordinates":[-117.81139,34.00092]}},{"type":"Feature","properties":{"osm_id":13207803992,"operator":"","manufacturer":"Flock Safety","category":"Flock","query_date":"2026-09-23"},"geometry":{"type":"Point","coordinates":[-117.81097,34.0008]}},{"type":"Feature","properties":{"osm_id":13207803993,"operator":"","manufacturer":"Flock Safety","category":"Flock","query_date":"2026-09-23"},"geometry":{"type":"Point","coordinates":[-117.81087,34.0011]}},{"type":"Feature","properties":{"osm_id":13207803994,"operator":"","manufacturer":"Flock Safety","category":"Flock","query_date":"2026-09-23"},"geometry":{"type":"Point","coordinates":[-117.83046,33.9815]}},{"type":"Feature","properties":{"osm_id":13207803995,"operator":"","manufacturer":"Flock Safety","category":"Flock","query_date":"2026-09-23"},"geometry":{"type":"Point","coordinates":[-117.83088,33.98165]}},{"type":"Feature","properties":{"osm_id":13207803996,"operator":"","manufacturer":"Flock Safety","category":"Flock","query_date":"2026-09-23"},"geometry":{"type":"Point","coordinates":[-117.83101,33.98136]}},{"type":"Feature","properties":{"osm_id":13207826621,"operator":"","manufacturer":"Flock Safety","category":"Flock","query_date":"2026-09-23"},"geometry":{"type":"Point","coordinates":[-117.84731,33.96804]}},{"type":"Feature","properties":{"osm_id":13207826622,"operator":"","manufacturer":"Flock Safety","category":"Flock","query_date":"2026-09-23"},"geometry":{"type":"Point","coordinates":[-117.84704,33.96772]}},{"type":"Feature","properties":{"osm_id":13207826623,"operator":"","manufacturer":"Flock Safety","category":"Flock","query_date":"2026-09-23"},"geometry":{"type":"Point","coordinates":[-117.8475,33.96769]}},{"type":"Feature","properties":{"osm_id":13207826624,"operator":"","manufacturer":"Flock Safety","category":"Flock","query_date":"2026-09-23"},"geometry":{"type":"Point","coordinates":[-117.84695,33.96807]}},{"type":"Feature","properties":{"osm_id":13207851332,"operator":"","manufacturer":"Flock Safety","category":"Flock","query_date":"2026-09-23"},"geometry":{"type":"Point","coordinates":[-117.83622,34.07025]}},{"type":"Feature","properties":{"osm_id":13207865185,"operator":"","manufacturer":"Flock Safety","category":"Flock","query_date":"2026-09-23"},"geometry":{"type":"Point","coordinates":[-117.82183,34.00633]}},{"type":"Feature","properties":{"osm_id":13207865186,"operator":"","manufacturer":"Flock Safety","category":"Flock","query_date":"2026-09-23"},"geometry":{"type":"Point","coordinates":[-117.82206,34.0066]}},{"type":"Feature","properties":{"osm_id":13207865187,"operator":"","manufacturer":"Flock Safety","category":"Flock","query_date":"2026-09-23"},"geometry":{"type":"Point","coordinates":[-117.82177,34.00683]}},{"type":"Feature","properties":{"osm_id":13207865188,"operator":"","manufacturer":"Flock Safety","category":"Flock","query_date":"2026-09-23"},"geometry":{"type":"Point","coordinates":[-117.82155,34.00664]}},{"type":"Feature","properties":{"osm_id":13207873127,"operator":"","manufacturer":"Flock Safety","category":"Flock","query_date":"2026-09-23"},"geometry":{"type":"Point","coordinates":[-117.81044,34.02868]}},{"type":"Feature","properties":{"osm_id":13207873128,"operator":"","manufacturer":"Flock Safety","category":"Flock","query_date":"2026-09-23"},"geometry":{"type":"Point","coordinates":[-117.8108,34.02877]}},{"type":"Feature","properties":{"osm_id":13207873129,"operator":"","manufacturer":"Flock Safety","category":"Flock","query_date":"2026-09-23"},"geometry":{"type":"Point","coordinates":[-117.81085,34.02851]}},{"type":"Feature","properties":{"osm_id":13207877032,"operator":"","manufacturer":"Flock Safety","category":"Flock","query_date":"2026-09-23"},"geometry":{"type":"Point","coordinates":[-117.80826,34.01903]}},{"type":"Feature","properties":{"osm_id":13207877033,"operator":"","manufacturer":"Flock Safety","category":"Flock","query_date":"2026-09-23"},"geometry":{"type":"Point","coordinates":[-117.80854,34.01878]}},{"type":"Feature","properties":{"osm_id":13207891420,"operator":"","manufacturer":"Flock Safety","category":"Flock","query_date":"2026-09-23"},"geometry":{"type":"Point","coordinates":[-117.79465,34.03765]}},{"type":"Feature","properties":{"osm_id":13207891421,"operator":"","manufacturer":"Flock Safety","category":"Flock","query_date":"2026-09-23"},"geometry":{"type":"Point","coordinates":[-117.79495,34.03771]}},{"type":"Feature","properties":{"osm_id":13208384190,"operator":"","manufacturer":"Flock Safety","category":"Flock","query_date":"2026-09-23"},"geometry":{"type":"Point","coordinates":[-118.03504,34.54532]}},{"type":"Feature","properties":{"osm_id":13208384191,"operator":"","manufacturer":"Flock Safety","category":"Flock","query_date":"2026-09-23"},"geometry":{"type":"Point","coordinates":[-118.03122,34.54321]}},{"type":"Feature","properties":{"osm_id":13226821842,"operator":"LASD","manufacturer":"Motorola Solutions","category":"other ALPR","query_date":"2026-09-23"},"geometry":{"type":"Point","coordinates":[-118.79909,34.03815]}},{"type":"Feature","properties":{"osm_id":13226821843,"operator":"LASD","manufacturer":"Flock Safety","category":"Flock","query_date":"2026-09-23"},"geometry":{"type":"Point","coordinates":[-118.77351,34.0421]}},{"type":"Feature","properties":{"osm_id":13226821844,"operator":"LASD","manufacturer":"Motorola Solutions","category":"other ALPR","query_date":"2026-09-23"},"geometry":{"type":"Point","coordinates":[-118.69232,34.04531]}},{"type":"Feature","properties":{"osm_id":13226821845,"operator":"LASD","manufacturer":"Motorola Solutions","category":"other ALPR","query_date":"2026-09-23"},"geometry":{"type":"Point","coordinates":[-118.69133,34.03575]}},{"type":"Feature","properties":{"osm_id":13226821846,"operator":"LASD","manufacturer":"Motorola Solutions","category":"other ALPR","query_date":"2026-09-23"},"geometry":{"type":"Point","coordinates":[-118.64824,34.0465]}},{"type":"Feature","properties":{"osm_id":13226821847,"operator":"LASD","manufacturer":"Motorola Solutions","category":"other ALPR","query_date":"2026-09-23"},"geometry":{"type":"Point","coordinates":[-118.6394,34.0462]}},{"type":"Feature","properties":{"osm_id":13226821848,"operator":"LASD","manufacturer":"Motorola Solutions","category":"other ALPR","query_date":"2026-09-23"},"geometry":{"type":"Point","coordinates":[-118.58928,34.03965]}},{"type":"Feature","properties":{"osm_id":13226821849,"operator":"LASD","manufacturer":"Motorola Solutions","category":"other ALPR","query_date":"2026-09-23"},"geometry":{"type":"Point","coordinates":[-118.5866,34.03916]}},{"type":"Feature","properties":{"osm_id":13226821850,"operator":"LASD","manufacturer":"Motorola Solutions","category":"other ALPR","query_date":"2026-09-23"},"geometry":{"type":"Point","coordinates":[-118.89737,34.05931]}},{"type":"Feature","properties":{"osm_id":13226821851,"operator":"LASD","manufacturer":"Motorola Solutions","category":"other ALPR","query_date":"2026-09-23"},"geometry":{"type":"Point","coordinates":[-118.92873,34.04692]}},{"type":"Feature","properties":{"osm_id":13233721578,"operator":"LASD","manufacturer":"Motorola Solutions","category":"other ALPR","query_date":"2026-09-23"},"geometry":{"type":"Point","coordinates":[-118.87523,34.04895]}},{"type":"Feature","properties":{"osm_id":13235253388,"operator":"","manufacturer":"Flock Safety","category":"Flock","query_date":"2026-09-23"},"geometry":{"type":"Point","coordinates":[-118.02899,34.54266]}},{"type":"Feature","properties":{"osm_id":13238026006,"operator":"City of Beverly Hills","manufacturer":"Flock Safety","category":"Flock","query_date":"2026-09-23"},"geometry":{"type":"Point","coordinates":[-118.41325,34.06522]}},{"type":"Feature","properties":{"osm_id":13238495137,"operator":"","manufacturer":"Flock Safety","category":"Flock","query_date":"2026-09-23"},"geometry":{"type":"Point","coordinates":[-118.14806,34.70524]}},{"type":"Feature","properties":{"osm_id":13238495138,"operator":"","manufacturer":"Flock Safety","category":"Flock","query_date":"2026-09-23"},"geometry":{"type":"Point","coordinates":[-118.14822,34.70154]}},{"type":"Feature","properties":{"osm_id":13238501352,"operator":"","manufacturer":"Flock Safety","category":"Flock","query_date":"2026-09-23"},"geometry":{"type":"Point","coordinates":[-118.16627,34.67513]}},{"type":"Feature","properties":{"osm_id":13238518184,"operator":"","manufacturer":"Flock Safety","category":"Flock","query_date":"2026-09-23"},"geometry":{"type":"Point","coordinates":[-118.16454,34.67488]}},{"type":"Feature","properties":{"osm_id":13238518359,"operator":"","manufacturer":"Flock Safety","category":"Flock","query_date":"2026-09-23"},"geometry":{"type":"Point","coordinates":[-118.16558,34.67683]}},{"type":"Feature","properties":{"osm_id":13240351235,"operator":"","manufacturer":"Flock Safety","category":"Flock","query_date":"2026-09-23"},"geometry":{"type":"Point","coordinates":[-118.01025,33.91735]}},{"type":"Feature","properties":{"osm_id":13240411670,"operator":"","manufacturer":"Flock Safety","category":"Flock","query_date":"2026-09-23"},"geometry":{"type":"Point","coordinates":[-118.00895,33.91927]}},{"type":"Feature","properties":{"osm_id":13243300606,"operator":"","manufacturer":"Flock Safety","category":"Flock","query_date":"2026-09-23"},"geometry":{"type":"Point","coordinates":[-118.32417,33.92346]}},{"type":"Feature","properties":{"osm_id":13243300608,"operator":"Lowe's","manufacturer":"Flock Safety","category":"Flock (store-operated)","query_date":"2026-09-23"},"geometry":{"type":"Point","coordinates":[-118.32305,33.92256]}},{"type":"Feature","properties":{"osm_id":13243300609,"operator":"","manufacturer":"Flock Safety","category":"Flock","query_date":"2026-09-23"},"geometry":{"type":"Point","coordinates":[-118.3252,33.92343]}},{"type":"Feature","properties":{"osm_id":13247472993,"operator":"Lowe's","manufacturer":"Flock Safety","category":"Flock (store-operated)","query_date":"2026-09-23"},"geometry":{"type":"Point","coordinates":[-118.60635,34.2215]}},{"type":"Feature","properties":{"osm_id":13247472994,"operator":"Lowe's","manufacturer":"Flock Safety","category":"Flock (store-operated)","query_date":"2026-09-23"},"geometry":{"type":"Point","coordinates":[-118.60636,34.22151]}},{"type":"Feature","properties":{"osm_id":13247472995,"operator":"Lowe's","manufacturer":"Flock Safety","category":"Flock (store-operated)","query_date":"2026-09-23"},"geometry":{"type":"Point","coordinates":[-118.60641,34.22099]}},{"type":"Feature","properties":{"osm_id":13247507663,"operator":"","manufacturer":"Motorola/Vigilant","category":"other ALPR","query_date":"2026-09-23"},"geometry":{"type":"Point","coordinates":[-118.60615,34.21916]}},{"type":"Feature","properties":{"osm_id":13247507664,"operator":"Lowe's","manufacturer":"Flock Safety","category":"Flock (store-operated)","query_date":"2026-09-23"},"geometry":{"type":"Point","coordinates":[-118.60586,34.22021]}},{"type":"Feature","properties":{"osm_id":13247521891,"operator":"","manufacturer":null,"category":"other ALPR","query_date":"2026-09-23"},"geometry":{"type":"Point","coordinates":[-118.59712,34.2197]}},{"type":"Feature","properties":{"osm_id":13247521892,"operator":"","manufacturer":null,"category":"other ALPR","query_date":"2026-09-23"},"geometry":{"type":"Point","coordinates":[-118.5967,34.21993]}},{"type":"Feature","properties":{"osm_id":13247521893,"operator":"","manufacturer":null,"category":"other ALPR","query_date":"2026-09-23"},"geometry":{"type":"Point","coordinates":[-118.59769,34.21993]}},{"type":"Feature","properties":{"osm_id":13252698093,"operator":"","manufacturer":"Flock Safety","category":"Flock","query_date":"2026-09-23"},"geometry":{"type":"Point","coordinates":[-118.1507,34.18337]}},{"type":"Feature","properties":{"osm_id":13252698094,"operator":"","manufacturer":"Flock Safety","category":"Flock","query_date":"2026-09-23"},"geometry":{"type":"Point","coordinates":[-118.15102,34.18332]}},{"type":"Feature","properties":{"osm_id":13252698097,"operator":"","manufacturer":"Flock Safety","category":"Flock","query_date":"2026-09-23"},"geometry":{"type":"Point","coordinates":[-118.1506,34.18308]}},{"type":"Feature","properties":{"osm_id":13252700832,"operator":"","manufacturer":"Flock Safety","category":"Flock","query_date":"2026-09-23"},"geometry":{"type":"Point","coordinates":[-118.16877,34.18339]}},{"type":"Feature","properties":{"osm_id":13252720121,"operator":"","manufacturer":"Flock Safety","category":"Flock","query_date":"2026-09-23"},"geometry":{"type":"Point","coordinates":[-118.15922,34.19845]}},{"type":"Feature","properties":{"osm_id":13252720122,"operator":"","manufacturer":"Flock Safety","category":"Flock","query_date":"2026-09-23"},"geometry":{"type":"Point","coordinates":[-118.1591,34.1982]}},{"type":"Feature","properties":{"osm_id":13252720123,"operator":"","manufacturer":"Flock Safety","category":"Flock","query_date":"2026-09-23"},"geometry":{"type":"Point","coordinates":[-118.15874,34.19811]}},{"type":"Feature","properties":{"osm_id":13252720124,"operator":"","manufacturer":"Flock Safety","category":"Flock","query_date":"2026-09-23"},"geometry":{"type":"Point","coordinates":[-118.15889,34.19835]}},{"type":"Feature","properties":{"osm_id":13252721795,"operator":"","manufacturer":"Flock Safety","category":"Flock","query_date":"2026-09-23"},"geometry":{"type":"Point","coordinates":[-118.15958,34.18306]}},{"type":"Feature","properties":{"osm_id":13252721796,"operator":"","manufacturer":"Flock Safety","category":"Flock","query_date":"2026-09-23"},"geometry":{"type":"Point","coordinates":[-118.15982,34.18282]}},{"type":"Feature","properties":{"osm_id":13252728709,"operator":"Los Angeles Sheriff's Department","manufacturer":"Flock Safety","category":"Flock","query_date":"2026-09-23"},"geometry":{"type":"Point","coordinates":[-118.14162,34.18116]}},{"type":"Feature","properties":{"osm_id":13252728710,"operator":"","manufacturer":"Flock Safety","category":"Flock","query_date":"2026-09-23"},"geometry":{"type":"Point","coordinates":[-118.14184,34.18113]}},{"type":"Feature","properties":{"osm_id":13252728711,"operator":"","manufacturer":"Flock Safety","category":"Flock","query_date":"2026-09-23"},"geometry":{"type":"Point","coordinates":[-118.14181,34.18153]}},{"type":"Feature","properties":{"osm_id":13252731427,"operator":"","manufacturer":"Flock Safety","category":"Flock","query_date":"2026-09-23"},"geometry":{"type":"Point","coordinates":[-118.13181,34.17721]}},{"type":"Feature","properties":{"osm_id":13252736599,"operator":"The Home Depot","manufacturer":"Flock Safety","category":"Flock (store-operated)","query_date":"2026-09-23"},"geometry":{"type":"Point","coordinates":[-118.22434,34.08305]}},{"type":"Feature","properties":{"osm_id":13252736600,"operator":"","manufacturer":"Motorola Solutions","category":"other ALPR","query_date":"2026-09-23"},"geometry":{"type":"Point","coordinates":[-118.22604,34.08332]}},{"type":"Feature","properties":{"osm_id":13252752200,"operator":"","manufacturer":"Flock Safety","category":"Flock","query_date":"2026-09-23"},"geometry":{"type":"Point","coordinates":[-118.09851,34.17472]}},{"type":"Feature","properties":{"osm_id":13252774409,"operator":"","manufacturer":"Motorola Solutions","category":"other ALPR","query_date":"2026-09-23"},"geometry":{"type":"Point","coordinates":[-118.13115,34.19013]}},{"type":"Feature","properties":{"osm_id":13252774410,"operator":"","manufacturer":"Motorola Solutions","category":"other ALPR","query_date":"2026-09-23"},"geometry":{"type":"Point","coordinates":[-118.13145,34.18996]}},{"type":"Feature","properties":{"osm_id":13252774411,"operator":"","manufacturer":"Motorola Solutions","category":"other ALPR","query_date":"2026-09-23"},"geometry":{"type":"Point","coordinates":[-118.1315,34.19029]}},{"type":"Feature","properties":{"osm_id":13252774412,"operator":"","manufacturer":"Motorola Solutions","category":"other ALPR","query_date":"2026-09-23"},"geometry":{"type":"Point","coordinates":[-118.1312,34.19047]}},{"type":"Feature","properties":{"osm_id":13252823901,"operator":"","manufacturer":"Motorola Solutions","category":"other ALPR","query_date":"2026-09-23"},"geometry":{"type":"Point","coordinates":[-118.09836,34.17442]}},{"type":"Feature","properties":{"osm_id":13252908391,"operator":"","manufacturer":"Motorola Solutions","category":"other ALPR","query_date":"2026-09-23"},"geometry":{"type":"Point","coordinates":[-118.23438,33.97463]}},{"type":"Feature","properties":{"osm_id":13252908392,"operator":"","manufacturer":null,"category":"other ALPR","query_date":"2026-09-23"},"geometry":{"type":"Point","coordinates":[-118.23424,33.97484]}},{"type":"Feature","properties":{"osm_id":13252931225,"operator":"","manufacturer":"Flock Safety","category":"Flock","query_date":"2026-09-23"},"geometry":{"type":"Point","coordinates":[-118.23061,33.95755]}},{"type":"Feature","properties":{"osm_id":13252931226,"operator":"","manufacturer":null,"category":"other ALPR","query_date":"2026-09-23"},"geometry":{"type":"Point","coordinates":[-118.22771,33.94652]}},{"type":"Feature","properties":{"osm_id":13252931227,"operator":"","manufacturer":null,"category":"other ALPR","query_date":"2026-09-23"},"geometry":{"type":"Point","coordinates":[-118.22677,33.93812]}},{"type":"Feature","properties":{"osm_id":13252961291,"operator":"","manufacturer":"Motorola Solutions","category":"other ALPR","query_date":"2026-09-23"},"geometry":{"type":"Point","coordinates":[-118.20969,33.97266]}},{"type":"Feature","properties":{"osm_id":13252967197,"operator":"","manufacturer":"Flock Safety","category":"Flock","query_date":"2026-09-23"},"geometry":{"type":"Point","coordinates":[-118.16499,33.96803]}},{"type":"Feature","properties":{"osm_id":13252985391,"operator":"","manufacturer":"Flock Safety","category":"Flock","query_date":"2026-09-23"},"geometry":{"type":"Point","coordinates":[-118.06421,33.942]}},{"type":"Feature","properties":{"osm_id":13252985882,"operator":"","manufacturer":"Motorola Solutions","category":"other ALPR","query_date":"2026-09-23"},"geometry":{"type":"Point","coordinates":[-118.02325,33.92406]}},{"type":"Feature","properties":{"osm_id":13252986040,"operator":"","manufacturer":"Flock Safety","category":"Flock","query_date":"2026-09-23"},"geometry":{"type":"Point","coordinates":[-118.07203,33.94172]}},{"type":"Feature","properties":{"osm_id":13252987239,"operator":"","manufacturer":"Flock Safety","category":"Flock","query_date":"2026-09-23"},"geometry":{"type":"Point","coordinates":[-118.04676,33.94063]}},{"type":"Feature","properties":{"osm_id":13252990375,"operator":"The Home Depot","manufacturer":"Flock Safety","category":"Flock (store-operated)","query_date":"2026-09-23"},"geometry":{"type":"Point","coordinates":[-118.01004,33.91804]}},{"type":"Feature","properties":{"osm_id":13253010597,"operator":"","manufacturer":"Motorola Solutions","category":"other ALPR","query_date":"2026-09-23"},"geometry":{"type":"Point","coordinates":[-118.01118,33.89858]}},{"type":"Feature","properties":{"osm_id":13253010598,"operator":"","manufacturer":"Motorola Solutions","category":"other ALPR","query_date":"2026-09-23"},"geometry":{"type":"Point","coordinates":[-118.01085,33.89866]}},{"type":"Feature","properties":{"osm_id":13253146154,"operator":"","manufacturer":"Flock Safety","category":"Flock","query_date":"2026-09-23"},"geometry":{"type":"Point","coordinates":[-118.12762,33.92279]}},{"type":"Feature","properties":{"osm_id":13253146155,"operator":"","manufacturer":"Flock Safety","category":"Flock","query_date":"2026-09-23"},"geometry":{"type":"Point","coordinates":[-118.12761,33.92234]}},{"type":"Feature","properties":{"osm_id":13253146156,"operator":"","manufacturer":"Flock Safety","category":"Flock","query_date":"2026-09-23"},"geometry":{"type":"Point","coordinates":[-118.1295,33.92229]}},{"type":"Feature","properties":{"osm_id":13253176548,"operator":"","manufacturer":"Flock Safety","category":"Flock","query_date":"2026-09-23"},"geometry":{"type":"Point","coordinates":[-118.16352,33.97564]}},{"type":"Feature","properties":{"osm_id":13253176549,"operator":"","manufacturer":"Motorola Solutions","category":"other ALPR","query_date":"2026-09-23"},"geometry":{"type":"Point","coordinates":[-118.1872,33.9781]}},{"type":"Feature","properties":{"osm_id":13253176550,"operator":"","manufacturer":"Motorola Solutions","category":"other ALPR","query_date":"2026-09-23"},"geometry":{"type":"Point","coordinates":[-118.1872,33.97808]}},{"type":"Feature","properties":{"osm_id":13253176551,"operator":"","manufacturer":"Motorola Solutions","category":"other ALPR","query_date":"2026-09-23"},"geometry":{"type":"Point","coordinates":[-118.18682,33.97795]}},{"type":"Feature","properties":{"osm_id":13253178445,"operator":"","manufacturer":"Flock Safety","category":"Flock","query_date":"2026-09-23"},"geometry":{"type":"Point","coordinates":[-118.16368,33.95408]}},{"type":"Feature","properties":{"osm_id":13253178446,"operator":"","manufacturer":"Flock Safety","category":"Flock","query_date":"2026-09-23"},"geometry":{"type":"Point","coordinates":[-118.1642,33.95303]}},{"type":"Feature","properties":{"osm_id":13253207018,"operator":"","manufacturer":"Flock Safety","category":"Flock","query_date":"2026-09-23"},"geometry":{"type":"Point","coordinates":[-118.16225,33.986]}},{"type":"Feature","properties":{"osm_id":13253207019,"operator":"","manufacturer":null,"category":"other ALPR","query_date":"2026-09-23"},"geometry":{"type":"Point","coordinates":[-118.16225,33.98565]}},{"type":"Feature","properties":{"osm_id":13253207020,"operator":"","manufacturer":null,"category":"other ALPR","query_date":"2026-09-23"},"geometry":{"type":"Point","coordinates":[-118.16181,33.98572]}},{"type":"Feature","properties":{"osm_id":13253208290,"operator":"The Home Depot","manufacturer":"Flock Safety","category":"Flock (store-operated)","query_date":"2026-09-23"},"geometry":{"type":"Point","coordinates":[-118.21489,33.98893]}},{"type":"Feature","properties":{"osm_id":13253208291,"operator":"The Home Depot","manufacturer":"Flock Safety","category":"Flock (store-operated)","query_date":"2026-09-23"},"geometry":{"type":"Point","coordinates":[-118.21357,33.98871]}},{"type":"Feature","properties":{"osm_id":13253210807,"operator":"","manufacturer":"Flock Safety","category":"Flock","query_date":"2026-09-23"},"geometry":{"type":"Point","coordinates":[-118.18402,33.95513]}},{"type":"Feature","properties":{"osm_id":13253215965,"operator":"","manufacturer":"Unknown","category":"other ALPR","query_date":"2026-09-23"},"geometry":{"type":"Point","coordinates":[-118.16377,33.95387]}},{"type":"Feature","properties":{"osm_id":13253215966,"operator":"","manufacturer":"Unknown","category":"other ALPR","query_date":"2026-09-23"},"geometry":{"type":"Point","coordinates":[-118.16378,33.95387]}},{"type":"Feature","properties":{"osm_id":13253215967,"operator":"","manufacturer":"Unknown","category":"other ALPR","query_date":"2026-09-23"},"geometry":{"type":"Point","coordinates":[-118.1637,33.95372]}},{"type":"Feature","properties":{"osm_id":13253215973,"operator":"","manufacturer":"Flock Safety","category":"Flock","query_date":"2026-09-23"},"geometry":{"type":"Point","coordinates":[-118.18345,33.95212]}},{"type":"Feature","properties":{"osm_id":13253215974,"operator":"","manufacturer":"Flock Safety","category":"Flock","query_date":"2026-09-23"},"geometry":{"type":"Point","coordinates":[-118.18399,33.95219]}},{"type":"Feature","properties":{"osm_id":13253218434,"operator":"","manufacturer":"Motorola Solutions","category":"other ALPR","query_date":"2026-09-23"},"geometry":{"type":"Point","coordinates":[-118.23046,33.9893]}},{"type":"Feature","properties":{"osm_id":13253218435,"operator":"","manufacturer":"Motorola Solutions","category":"other ALPR","query_date":"2026-09-23"},"geometry":{"type":"Point","coordinates":[-118.23014,33.98918]}},{"type":"Feature","properties":{"osm_id":13253225914,"operator":"","manufacturer":"Motorola Solutions","category":"other ALPR","query_date":"2026-09-23"},"geometry":{"type":"Point","coordinates":[-118.22531,33.98152]}},{"type":"Feature","properties":{"osm_id":13253225915,"operator":"","manufacturer":"Motorola Solutions","category":"other ALPR","query_date":"2026-09-23"},"geometry":{"type":"Point","coordinates":[-118.23011,33.98157]}},{"type":"Feature","properties":{"osm_id":13253234960,"operator":"","manufacturer":"Motorola Solutions","category":"other ALPR","query_date":"2026-09-23"},"geometry":{"type":"Point","coordinates":[-118.20447,33.97995]}},{"type":"Feature","properties":{"osm_id":13253236603,"operator":"","manufacturer":"Flock Safety","category":"Flock","query_date":"2026-09-23"},"geometry":{"type":"Point","coordinates":[-118.14712,33.97391]}},{"type":"Feature","properties":{"osm_id":13253236604,"operator":"","manufacturer":"Flock Safety","category":"Flock","query_date":"2026-09-23"},"geometry":{"type":"Point","coordinates":[-118.14722,33.97366]}},{"type":"Feature","properties":{"osm_id":13253236605,"operator":"","manufacturer":"Flock Safety","category":"Flock","query_date":"2026-09-23"},"geometry":{"type":"Point","coordinates":[-118.14673,33.97395]}},{"type":"Feature","properties":{"osm_id":13253324683,"operator":"","manufacturer":"Motorola Solutions","category":"other ALPR","query_date":"2026-09-23"},"geometry":{"type":"Point","coordinates":[-118.14239,33.84729]}},{"type":"Feature","properties":{"osm_id":13253324684,"operator":"","manufacturer":"Motorola Solutions","category":"other ALPR","query_date":"2026-09-23"},"geometry":{"type":"Point","coordinates":[-118.14242,33.84729]}},{"type":"Feature","properties":{"osm_id":13253324685,"operator":"","manufacturer":"Motorola Solutions","category":"other ALPR","query_date":"2026-09-23"},"geometry":{"type":"Point","coordinates":[-118.14246,33.84729]}},{"type":"Feature","properties":{"osm_id":13253330441,"operator":"","manufacturer":"Flock Safety","category":"Flock","query_date":"2026-09-23"},"geometry":{"type":"Point","coordinates":[-118.28585,33.83148]}},{"type":"Feature","properties":{"osm_id":13253394407,"operator":"","manufacturer":"Motorola Solutions","category":"other ALPR","query_date":"2026-09-23"},"geometry":{"type":"Point","coordinates":[-118.2803,33.84607]}},{"type":"Feature","properties":{"osm_id":13253396497,"operator":"","manufacturer":"Motorola Solutions","category":"other ALPR","query_date":"2026-09-23"},"geometry":{"type":"Point","coordinates":[-118.24876,33.84694]}},{"type":"Feature","properties":{"osm_id":13253403313,"operator":"","manufacturer":"Motorola Solutions","category":"other ALPR","query_date":"2026-09-23"},"geometry":{"type":"Point","coordinates":[-118.26509,33.84769]}},{"type":"Feature","properties":{"osm_id":13253403314,"operator":"","manufacturer":"Motorola Solutions","category":"other ALPR","query_date":"2026-09-23"},"geometry":{"type":"Point","coordinates":[-118.26509,33.84769]}},{"type":"Feature","properties":{"osm_id":13253403315,"operator":"","manufacturer":"Motorola Solutions","category":"other ALPR","query_date":"2026-09-23"},"geometry":{"type":"Point","coordinates":[-118.26499,33.84737]}},{"type":"Feature","properties":{"osm_id":13253403316,"operator":"","manufacturer":"Motorola Solutions","category":"other ALPR","query_date":"2026-09-23"},"geometry":{"type":"Point","coordinates":[-118.26498,33.84737]}},{"type":"Feature","properties":{"osm_id":13253403317,"operator":"","manufacturer":"Motorola Solutions","category":"other ALPR","query_date":"2026-09-23"},"geometry":{"type":"Point","coordinates":[-118.26447,33.84741]}},{"type":"Feature","properties":{"osm_id":13253403318,"operator":"","manufacturer":"Motorola Solutions","category":"other ALPR","query_date":"2026-09-23"},"geometry":{"type":"Point","coordinates":[-118.26458,33.84773]}},{"type":"Feature","properties":{"osm_id":13253403319,"operator":"","manufacturer":"Motorola Solutions","category":"other ALPR","query_date":"2026-09-23"},"geometry":{"type":"Point","coordinates":[-118.26458,33.84773]}},{"type":"Feature","properties":{"osm_id":13253455943,"operator":"","manufacturer":"Flock Safety","category":"Flock","query_date":"2026-09-23"},"geometry":{"type":"Point","coordinates":[-118.23964,33.83186]}},{"type":"Feature","properties":{"osm_id":13253455944,"operator":"","manufacturer":"Flock Safety","category":"Flock","query_date":"2026-09-23"},"geometry":{"type":"Point","coordinates":[-118.23933,33.83162]}},{"type":"Feature","properties":{"osm_id":13253455945,"operator":"","manufacturer":"Flock Safety","category":"Flock","query_date":"2026-09-23"},"geometry":{"type":"Point","coordinates":[-118.23974,33.83156]}},{"type":"Feature","properties":{"osm_id":13253455946,"operator":"","manufacturer":"Flock Safety","category":"Flock","query_date":"2026-09-23"},"geometry":{"type":"Point","coordinates":[-118.23925,33.83192]}},{"type":"Feature","properties":{"osm_id":13269517591,"operator":"","manufacturer":"Flock Safety","category":"Flock","query_date":"2026-09-23"},"geometry":{"type":"Point","coordinates":[-118.34747,33.73488]}},{"type":"Feature","properties":{"osm_id":13269528656,"operator":"","manufacturer":"Flock Safety","category":"Flock","query_date":"2026-09-23"},"geometry":{"type":"Point","coordinates":[-118.3938,33.74428]}},{"type":"Feature","properties":{"osm_id":13269532363,"operator":"","manufacturer":"Flock Safety","category":"Flock","query_date":"2026-09-23"},"geometry":{"type":"Point","coordinates":[-118.34867,33.73374]}},{"type":"Feature","properties":{"osm_id":13269546733,"operator":"","manufacturer":"Flock Safety","category":"Flock","query_date":"2026-09-23"},"geometry":{"type":"Point","coordinates":[-118.33494,33.73304]}},{"type":"Feature","properties":{"osm_id":13269548561,"operator":"","manufacturer":"Flock Safety","category":"Flock","query_date":"2026-09-23"},"geometry":{"type":"Point","coordinates":[-118.34708,33.7372]}},{"type":"Feature","properties":{"osm_id":13269552760,"operator":"","manufacturer":"Flock Safety","category":"Flock","query_date":"2026-09-23"},"geometry":{"type":"Point","coordinates":[-118.33458,33.7331]}},{"type":"Feature","properties":{"osm_id":13269560956,"operator":"","manufacturer":"Flock Safety","category":"Flock","query_date":"2026-09-23"},"geometry":{"type":"Point","coordinates":[-118.35406,33.73498]}},{"type":"Feature","properties":{"osm_id":13269560957,"operator":"","manufacturer":"Flock Safety","category":"Flock","query_date":"2026-09-23"},"geometry":{"type":"Point","coordinates":[-118.35406,33.73524]}},{"type":"Feature","properties":{"osm_id":13269568121,"operator":"","manufacturer":"Flock Safety","category":"Flock","query_date":"2026-09-23"},"geometry":{"type":"Point","coordinates":[-118.34882,33.73392]}},{"type":"Feature","properties":{"osm_id":13269594464,"operator":"","manufacturer":"Flock Safety","category":"Flock","query_date":"2026-09-23"},"geometry":{"type":"Point","coordinates":[-118.39162,33.74523]}},{"type":"Feature","properties":{"osm_id":13269607518,"operator":"","manufacturer":"Flock Safety","category":"Flock","query_date":"2026-09-23"},"geometry":{"type":"Point","coordinates":[-118.36788,33.75823]}},{"type":"Feature","properties":{"osm_id":13269634746,"operator":"","manufacturer":"Flock Safety","category":"Flock","query_date":"2026-09-23"},"geometry":{"type":"Point","coordinates":[-118.36976,33.76104]}},{"type":"Feature","properties":{"osm_id":13269661705,"operator":"","manufacturer":"Flock Safety","category":"Flock","query_date":"2026-09-23"},"geometry":{"type":"Point","coordinates":[-118.38009,33.75892]}},{"type":"Feature","properties":{"osm_id":13269661706,"operator":"","manufacturer":"Flock Safety","category":"Flock","query_date":"2026-09-23"},"geometry":{"type":"Point","coordinates":[-118.37995,33.75846]}},{"type":"Feature","properties":{"osm_id":13269700243,"operator":"","manufacturer":"Flock Safety","category":"Flock","query_date":"2026-09-23"},"geometry":{"type":"Point","coordinates":[-118.41294,33.75744]}},{"type":"Feature","properties":{"osm_id":13269700244,"operator":"","manufacturer":"Flock Safety","category":"Flock","query_date":"2026-09-23"},"geometry":{"type":"Point","coordinates":[-118.41323,33.75714]}},{"type":"Feature","properties":{"osm_id":13269712026,"operator":"","manufacturer":"Flock Safety","category":"Flock","query_date":"2026-09-23"},"geometry":{"type":"Point","coordinates":[-118.40824,33.7493]}},{"type":"Feature","properties":{"osm_id":13269712027,"operator":"","manufacturer":"Flock Safety","category":"Flock","query_date":"2026-09-23"},"geometry":{"type":"Point","coordinates":[-118.40815,33.74906]}},{"type":"Feature","properties":{"osm_id":13269905929,"operator":"","manufacturer":"Flock Safety","category":"Flock","query_date":"2026-09-23"},"geometry":{"type":"Point","coordinates":[-118.3857,34.08393]}},{"type":"Feature","properties":{"osm_id":13269905930,"operator":"","manufacturer":"Flock Safety","category":"Flock","query_date":"2026-09-23"},"geometry":{"type":"Point","coordinates":[-118.38538,34.08386]}},{"type":"Feature","properties":{"osm_id":13269914810,"operator":"","manufacturer":"Flock Safety","category":"Flock","query_date":"2026-09-23"},"geometry":{"type":"Point","coordinates":[-118.3797,34.07649]}},{"type":"Feature","properties":{"osm_id":13271238701,"operator":"","manufacturer":"Flock Safety","category":"Flock","query_date":"2026-09-23"},"geometry":{"type":"Point","coordinates":[-117.94429,34.13786]}},{"type":"Feature","properties":{"osm_id":13271239801,"operator":"","manufacturer":"Flock Safety","category":"Flock","query_date":"2026-09-23"},"geometry":{"type":"Point","coordinates":[-117.95554,34.13903]}},{"type":"Feature","properties":{"osm_id":13271312101,"operator":"","manufacturer":"Flock Safety","category":"Flock","query_date":"2026-09-23"},"geometry":{"type":"Point","coordinates":[-117.98192,34.05079]}},{"type":"Feature","properties":{"osm_id":13271317801,"operator":"","manufacturer":"Flock Safety","category":"Flock","query_date":"2026-09-23"},"geometry":{"type":"Point","coordinates":[-117.97832,34.05442]}},{"type":"Feature","properties":{"osm_id":13271317802,"operator":"","manufacturer":"Flock Safety","category":"Flock","query_date":"2026-09-23"},"geometry":{"type":"Point","coordinates":[-117.97811,34.05471]}},{"type":"Feature","properties":{"osm_id":13271319701,"operator":"","manufacturer":"Flock Safety","category":"Flock","query_date":"2026-09-23"},"geometry":{"type":"Point","coordinates":[-117.98101,34.05148]}},{"type":"Feature","properties":{"osm_id":13271348679,"operator":"","manufacturer":"Flock Safety","category":"Flock","query_date":"2026-09-23"},"geometry":{"type":"Point","coordinates":[-118.3216,33.77482]}},{"type":"Feature","properties":{"osm_id":13271350201,"operator":"","manufacturer":"Flock Safety","category":"Flock","query_date":"2026-09-23"},"geometry":{"type":"Point","coordinates":[-117.97041,34.03829]}},{"type":"Feature","properties":{"osm_id":13271351201,"operator":"","manufacturer":"Flock Safety","category":"Flock","query_date":"2026-09-23"},"geometry":{"type":"Point","coordinates":[-117.9685,34.04034]}},{"type":"Feature","properties":{"osm_id":13271351901,"operator":"","manufacturer":"Flock Safety","category":"Flock","query_date":"2026-09-23"},"geometry":{"type":"Point","coordinates":[-117.96401,34.04455]}},{"type":"Feature","properties":{"osm_id":13271355601,"operator":"","manufacturer":"Flock Safety","category":"Flock","query_date":"2026-09-23"},"geometry":{"type":"Point","coordinates":[-117.94908,34.04604]}},{"type":"Feature","properties":{"osm_id":13271356501,"operator":"","manufacturer":"Flock Safety","category":"Flock","query_date":"2026-09-23"},"geometry":{"type":"Point","coordinates":[-117.94933,34.0451]}},{"type":"Feature","properties":{"osm_id":13271356502,"operator":"","manufacturer":"Flock Safety","category":"Flock","query_date":"2026-09-23"},"geometry":{"type":"Point","coordinates":[-117.94931,34.04258]}},{"type":"Feature","properties":{"osm_id":13271358401,"operator":"","manufacturer":"Flock Safety","category":"Flock","query_date":"2026-09-23"},"geometry":{"type":"Point","coordinates":[-117.94966,34.04143]}},{"type":"Feature","properties":{"osm_id":13271359001,"operator":"","manufacturer":"Flock Safety","category":"Flock","query_date":"2026-09-23"},"geometry":{"type":"Point","coordinates":[-117.94946,34.0411]}},{"type":"Feature","properties":{"osm_id":13271360501,"operator":"","manufacturer":"Flock Safety","category":"Flock","query_date":"2026-09-23"},"geometry":{"type":"Point","coordinates":[-117.94984,34.03724]}},{"type":"Feature","properties":{"osm_id":13271363501,"operator":"","manufacturer":"Flock Safety","category":"Flock","query_date":"2026-09-23"},"geometry":{"type":"Point","coordinates":[-117.95418,34.03888]}},{"type":"Feature","properties":{"osm_id":13271363502,"operator":"","manufacturer":"Flock Safety","category":"Flock","query_date":"2026-09-23"},"geometry":{"type":"Point","coordinates":[-117.9676,34.04897]}},{"type":"Feature","properties":{"osm_id":13271363503,"operator":"","manufacturer":"Flock Safety","category":"Flock","query_date":"2026-09-23"},"geometry":{"type":"Point","coordinates":[-117.97239,34.05246]}},{"type":"Feature","properties":{"osm_id":13271365113,"operator":"","manufacturer":"Flock Safety","category":"Flock","query_date":"2026-09-23"},"geometry":{"type":"Point","coordinates":[-118.32723,33.75106]}},{"type":"Feature","properties":{"osm_id":13271374201,"operator":"","manufacturer":"Flock Safety","category":"Flock","query_date":"2026-09-23"},"geometry":{"type":"Point","coordinates":[-117.96368,34.04592]}},{"type":"Feature","properties":{"osm_id":13271374202,"operator":"","manufacturer":"Flock Safety","category":"Flock","query_date":"2026-09-23"},"geometry":{"type":"Point","coordinates":[-117.96849,34.0494]}},{"type":"Feature","properties":{"osm_id":13271374401,"operator":"","manufacturer":"Flock Safety","category":"Flock","query_date":"2026-09-23"},"geometry":{"type":"Point","coordinates":[-117.96707,34.04811]}},{"type":"Feature","properties":{"osm_id":13271376601,"operator":"","manufacturer":"Flock Safety","category":"Flock","query_date":"2026-09-23"},"geometry":{"type":"Point","coordinates":[-117.97208,34.05177]}},{"type":"Feature","properties":{"osm_id":13271376602,"operator":"","manufacturer":"Flock Safety","category":"Flock","query_date":"2026-09-23"},"geometry":{"type":"Point","coordinates":[-117.98111,34.05005]}},{"type":"Feature","properties":{"osm_id":13271378001,"operator":"","manufacturer":"Flock Safety","category":"Flock","query_date":"2026-09-23"},"geometry":{"type":"Point","coordinates":[-117.97774,34.05416]}},{"type":"Feature","properties":{"osm_id":13271378002,"operator":"","manufacturer":"Flock Safety","category":"Flock","query_date":"2026-09-23"},"geometry":{"type":"Point","coordinates":[-117.97855,34.04903]}},{"type":"Feature","properties":{"osm_id":13271378003,"operator":"","manufacturer":"Flock Safety","category":"Flock","query_date":"2026-09-23"},"geometry":{"type":"Point","coordinates":[-117.96886,34.04136]}},{"type":"Feature","properties":{"osm_id":13271380807,"operator":"","manufacturer":"Flock Safety","category":"Flock","query_date":"2026-09-23"},"geometry":{"type":"Point","coordinates":[-118.32982,33.75916]}},{"type":"Feature","properties":{"osm_id":13271381001,"operator":"","manufacturer":"Flock Safety","category":"Flock","query_date":"2026-09-23"},"geometry":{"type":"Point","coordinates":[-117.97521,34.04607]}},{"type":"Feature","properties":{"osm_id":13271382301,"operator":"","manufacturer":"Flock Safety","category":"Flock","query_date":"2026-09-23"},"geometry":{"type":"Point","coordinates":[-117.9628,34.03677]}},{"type":"Feature","properties":{"osm_id":13271382302,"operator":"","manufacturer":"Flock Safety","category":"Flock","query_date":"2026-09-23"},"geometry":{"type":"Point","coordinates":[-117.94432,34.02771]}},{"type":"Feature","properties":{"osm_id":13271383001,"operator":"","manufacturer":"Flock Safety","category":"Flock","query_date":"2026-09-23"},"geometry":{"type":"Point","coordinates":[-117.95398,34.0305]}},{"type":"Feature","properties":{"osm_id":13271384801,"operator":"","manufacturer":"Flock Safety","category":"Flock","query_date":"2026-09-23"},"geometry":{"type":"Point","coordinates":[-117.94403,34.0283]}},{"type":"Feature","properties":{"osm_id":13271387501,"operator":"","manufacturer":"Flock Safety","category":"Flock","query_date":"2026-09-23"},"geometry":{"type":"Point","coordinates":[-117.94438,34.0282]}},{"type":"Feature","properties":{"osm_id":13271395301,"operator":"","manufacturer":"Flock Safety","category":"Flock","query_date":"2026-09-23"},"geometry":{"type":"Point","coordinates":[-117.9141,34.03229]}},{"type":"Feature","properties":{"osm_id":13271396801,"operator":"","manufacturer":"Flock Safety","category":"Flock","query_date":"2026-09-23"},"geometry":{"type":"Point","coordinates":[-117.90691,34.0474]}},{"type":"Feature","properties":{"osm_id":13271415401,"operator":"","manufacturer":"Flock Safety","category":"Flock","query_date":"2026-09-23"},"geometry":{"type":"Point","coordinates":[-117.94731,34.04792]}},{"type":"Feature","properties":{"osm_id":13271416702,"operator":"","manufacturer":"Flock Safety","category":"Flock","query_date":"2026-09-23"},"geometry":{"type":"Point","coordinates":[-117.98245,34.04487]}},{"type":"Feature","properties":{"osm_id":13271416703,"operator":"","manufacturer":"Flock Safety","category":"Flock","query_date":"2026-09-23"},"geometry":{"type":"Point","coordinates":[-117.98385,34.04601]}},{"type":"Feature","properties":{"osm_id":13271417101,"operator":"","manufacturer":"Flock Safety","category":"Flock","query_date":"2026-09-23"},"geometry":{"type":"Point","coordinates":[-117.95216,34.03997]}},{"type":"Feature","properties":{"osm_id":13271418801,"operator":"","manufacturer":"Flock Safety","category":"Flock","query_date":"2026-09-23"},"geometry":{"type":"Point","coordinates":[-117.95907,34.03339]}},{"type":"Feature","properties":{"osm_id":13271418802,"operator":"","manufacturer":"Flock Safety","category":"Flock","query_date":"2026-09-23"},"geometry":{"type":"Point","coordinates":[-117.9619,34.03048]}},{"type":"Feature","properties":{"osm_id":13271420301,"operator":"","manufacturer":"Flock Safety","category":"Flock","query_date":"2026-09-23"},"geometry":{"type":"Point","coordinates":[-117.96363,34.03717]}},{"type":"Feature","properties":{"osm_id":13271424203,"operator":"","manufacturer":"Flock Safety","category":"Flock","query_date":"2026-09-23"},"geometry":{"type":"Point","coordinates":[-117.96595,34.04702]}},{"type":"Feature","properties":{"osm_id":13271434801,"operator":"","manufacturer":"Flock Safety","category":"Flock","query_date":"2026-09-23"},"geometry":{"type":"Point","coordinates":[-117.96865,34.04826]}},{"type":"Feature","properties":{"osm_id":13271436601,"operator":"","manufacturer":"Flock Safety","category":"Flock","query_date":"2026-09-23"},"geometry":{"type":"Point","coordinates":[-117.97633,34.04071]}},{"type":"Feature","properties":{"osm_id":13271520899,"operator":"","manufacturer":"Flock Safety","category":"Flock","query_date":"2026-09-23"},"geometry":{"type":"Point","coordinates":[-118.39379,33.74887]}},{"type":"Feature","properties":{"osm_id":13271577594,"operator":"","manufacturer":"Flock Safety","category":"Flock","query_date":"2026-09-23"},"geometry":{"type":"Point","coordinates":[-118.04965,34.15061]}},{"type":"Feature","properties":{"osm_id":13271588584,"operator":"","manufacturer":"Motorola Solutions","category":"other ALPR","query_date":"2026-09-23"},"geometry":{"type":"Point","coordinates":[-118.32629,33.75343]}},{"type":"Feature","properties":{"osm_id":13271633367,"operator":"","manufacturer":"Motorola Solutions","category":"other ALPR","query_date":"2026-09-23"},"geometry":{"type":"Point","coordinates":[-118.40452,33.75453]}},{"type":"Feature","properties":{"osm_id":13271670636,"operator":"","manufacturer":"Flock Safety","category":"Flock","query_date":"2026-09-23"},"geometry":{"type":"Point","coordinates":[-118.31906,33.73925]}},{"type":"Feature","properties":{"osm_id":13271670637,"operator":"","manufacturer":"Flock Safety","category":"Flock","query_date":"2026-09-23"},"geometry":{"type":"Point","coordinates":[-118.31944,33.73916]}},{"type":"Feature","properties":{"osm_id":13271765526,"operator":"Walmart","manufacturer":"AXIS","category":"other ALPR","query_date":"2026-09-23"},"geometry":{"type":"Point","coordinates":[-118.04314,34.55563]}},{"type":"Feature","properties":{"osm_id":13271765527,"operator":"Walmart","manufacturer":"AXIS","category":"other ALPR","query_date":"2026-09-23"},"geometry":{"type":"Point","coordinates":[-118.04289,34.55591]}},{"type":"Feature","properties":{"osm_id":13272890935,"operator":"","manufacturer":"Flock Safety","category":"Flock","query_date":"2026-09-23"},"geometry":{"type":"Point","coordinates":[-118.37753,34.02666]}},{"type":"Feature","properties":{"osm_id":13274461712,"operator":"","manufacturer":"Flock Safety","category":"Flock","query_date":"2026-09-23"},"geometry":{"type":"Point","coordinates":[-118.50004,34.01561]}},{"type":"Feature","properties":{"osm_id":13274471848,"operator":"","manufacturer":"Motorola Solutions","category":"other ALPR","query_date":"2026-09-23"},"geometry":{"type":"Point","coordinates":[-118.49534,34.01102]}},{"type":"Feature","properties":{"osm_id":13274745901,"operator":"","manufacturer":"Flock Safety","category":"Flock","query_date":"2026-09-23"},"geometry":{"type":"Point","coordinates":[-117.9773,34.05531]}},{"type":"Feature","properties":{"osm_id":13274749701,"operator":"","manufacturer":"Flock Safety","category":"Flock","query_date":"2026-09-23"},"geometry":{"type":"Point","coordinates":[-117.95943,34.07242]}},{"type":"Feature","properties":{"osm_id":13274749702,"operator":"","manufacturer":"Flock Safety","category":"Flock","query_date":"2026-09-23"},"geometry":{"type":"Point","coordinates":[-117.95718,34.07142]}},{"type":"Feature","properties":{"osm_id":13274750201,"operator":"","manufacturer":"Flock Safety","category":"Flock","query_date":"2026-09-23"},"geometry":{"type":"Point","coordinates":[-117.959,34.07287]}},{"type":"Feature","properties":{"osm_id":13274751101,"operator":"","manufacturer":"Flock Safety","category":"Flock","query_date":"2026-09-23"},"geometry":{"type":"Point","coordinates":[-117.95718,34.07142]}},{"type":"Feature","properties":{"osm_id":13274795709,"operator":"","manufacturer":"Flock Safety","category":"Flock","query_date":"2026-09-23"},"geometry":{"type":"Point","coordinates":[-118.12377,33.97498]}},{"type":"Feature","properties":{"osm_id":13274802727,"operator":"","manufacturer":"Flock Safety","category":"Flock","query_date":"2026-09-23"},"geometry":{"type":"Point","coordinates":[-118.1634,33.97829]}},{"type":"Feature","properties":{"osm_id":13274806450,"operator":"","manufacturer":"Flock Safety","category":"Flock","query_date":"2026-09-23"},"geometry":{"type":"Point","coordinates":[-118.04673,33.93637]}},{"type":"Feature","properties":{"osm_id":13274808152,"operator":"","manufacturer":"Flock Safety","category":"Flock","query_date":"2026-09-23"},"geometry":{"type":"Point","coordinates":[-118.13556,33.98703]}},{"type":"Feature","properties":{"osm_id":13274808153,"operator":"","manufacturer":"Flock Safety","category":"Flock","query_date":"2026-09-23"},"geometry":{"type":"Point","coordinates":[-118.16645,33.97572]}},{"type":"Feature","properties":{"osm_id":13274822586,"operator":"","manufacturer":"Flock Safety","category":"Flock","query_date":"2026-09-23"},"geometry":{"type":"Point","coordinates":[-118.14561,33.96145]}},{"type":"Feature","properties":{"osm_id":13274837046,"operator":"","manufacturer":"Flock Safety","category":"Flock","query_date":"2026-09-23"},"geometry":{"type":"Point","coordinates":[-118.14559,33.96175]}},{"type":"Feature","properties":{"osm_id":13276547861,"operator":"","manufacturer":"Motorola Solutions","category":"other ALPR","query_date":"2026-09-23"},"geometry":{"type":"Point","coordinates":[-118.00181,33.89103]}},{"type":"Feature","properties":{"osm_id":13276548895,"operator":"","manufacturer":"Motorola Solutions","category":"other ALPR","query_date":"2026-09-23"},"geometry":{"type":"Point","coordinates":[-118.00209,33.89115]}},{"type":"Feature","properties":{"osm_id":13277202552,"operator":"","manufacturer":"Flock Safety","category":"Flock","query_date":"2026-09-23"},"geometry":{"type":"Point","coordinates":[-118.36894,33.79413]}},{"type":"Feature","properties":{"osm_id":13277287076,"operator":"","manufacturer":"Motorola Solutions","category":"other ALPR","query_date":"2026-09-23"},"geometry":{"type":"Point","coordinates":[-118.31218,33.75986]}},{"type":"Feature","properties":{"osm_id":13277319414,"operator":"","manufacturer":"Motorola Solutions","category":"other ALPR","query_date":"2026-09-23"},"geometry":{"type":"Point","coordinates":[-118.31044,33.76773]}},{"type":"Feature","properties":{"osm_id":13277326767,"operator":"","manufacturer":"Motorola Solutions","category":"other ALPR","query_date":"2026-09-23"},"geometry":{"type":"Point","coordinates":[-118.3127,33.76334]}},{"type":"Feature","properties":{"osm_id":13277331003,"operator":"","manufacturer":"Motorola Solutions","category":"other ALPR","query_date":"2026-09-23"},"geometry":{"type":"Point","coordinates":[-118.31173,33.75744]}},{"type":"Feature","properties":{"osm_id":13277331004,"operator":"","manufacturer":"Motorola Solutions","category":"other ALPR","query_date":"2026-09-23"},"geometry":{"type":"Point","coordinates":[-118.31213,33.75707]}},{"type":"Feature","properties":{"osm_id":13277339165,"operator":"","manufacturer":"Motorola Solutions","category":"other ALPR","query_date":"2026-09-23"},"geometry":{"type":"Point","coordinates":[-118.31289,33.76011]}},{"type":"Feature","properties":{"osm_id":13277359784,"operator":"","manufacturer":"Motorola Solutions","category":"other ALPR","query_date":"2026-09-23"},"geometry":{"type":"Point","coordinates":[-118.31406,33.7602]}},{"type":"Feature","properties":{"osm_id":13277359785,"operator":"","manufacturer":"Motorola Solutions","category":"other ALPR","query_date":"2026-09-23"},"geometry":{"type":"Point","coordinates":[-118.30977,33.75357]}},{"type":"Feature","properties":{"osm_id":13277359792,"operator":"","manufacturer":"Motorola Solutions","category":"other ALPR","query_date":"2026-09-23"},"geometry":{"type":"Point","coordinates":[-118.30992,33.75022]}},{"type":"Feature","properties":{"osm_id":13277366117,"operator":"","manufacturer":"Motorola Solutions","category":"other ALPR","query_date":"2026-09-23"},"geometry":{"type":"Point","coordinates":[-118.31072,33.76018]}},{"type":"Feature","properties":{"osm_id":13277386013,"operator":"","manufacturer":"Motorola Solutions","category":"other ALPR","query_date":"2026-09-23"},"geometry":{"type":"Point","coordinates":[-118.31135,33.76699]}},{"type":"Feature","properties":{"osm_id":13277389809,"operator":"","manufacturer":"Motorola Solutions","category":"other ALPR","query_date":"2026-09-23"},"geometry":{"type":"Point","coordinates":[-118.31846,33.74571]}},{"type":"Feature","properties":{"osm_id":13277450970,"operator":"","manufacturer":"Motorola Solutions","category":"other ALPR","query_date":"2026-09-23"},"geometry":{"type":"Point","coordinates":[-118.32686,33.77258]}},{"type":"Feature","properties":{"osm_id":13277450971,"operator":"","manufacturer":"Motorola Solutions","category":"other ALPR","query_date":"2026-09-23"},"geometry":{"type":"Point","coordinates":[-118.32642,33.77288]}},{"type":"Feature","properties":{"osm_id":13277450972,"operator":"","manufacturer":"Motorola Solutions","category":"other ALPR","query_date":"2026-09-23"},"geometry":{"type":"Point","coordinates":[-118.32686,33.77304]}},{"type":"Feature","properties":{"osm_id":13277450973,"operator":"","manufacturer":"Motorola Solutions","category":"other ALPR","query_date":"2026-09-23"},"geometry":{"type":"Point","coordinates":[-118.32643,33.7732]}},{"type":"Feature","properties":{"osm_id":13277486487,"operator":"","manufacturer":"Motorola Solutions","category":"other ALPR","query_date":"2026-09-23"},"geometry":{"type":"Point","coordinates":[-118.32641,33.77285]}},{"type":"Feature","properties":{"osm_id":13277486488,"operator":"","manufacturer":"Motorola Solutions","category":"other ALPR","query_date":"2026-09-23"},"geometry":{"type":"Point","coordinates":[-118.32684,33.77258]}},{"type":"Feature","properties":{"osm_id":13277486489,"operator":"","manufacturer":"Motorola Solutions","category":"other ALPR","query_date":"2026-09-23"},"geometry":{"type":"Point","coordinates":[-118.32686,33.77302]}},{"type":"Feature","properties":{"osm_id":13277486490,"operator":"","manufacturer":"Motorola Solutions","category":"other ALPR","query_date":"2026-09-23"},"geometry":{"type":"Point","coordinates":[-118.32642,33.7732]}},{"type":"Feature","properties":{"osm_id":13277487009,"operator":"","manufacturer":"Motorola Solutions","category":"other ALPR","query_date":"2026-09-23"},"geometry":{"type":"Point","coordinates":[-118.32973,33.72756]}},{"type":"Feature","properties":{"osm_id":13277501499,"operator":"","manufacturer":"Motorola Solutions","category":"other ALPR","query_date":"2026-09-23"},"geometry":{"type":"Point","coordinates":[-118.31846,33.74572]}},{"type":"Feature","properties":{"osm_id":13277507425,"operator":"","manufacturer":"Motorola Solutions","category":"other ALPR","query_date":"2026-09-23"},"geometry":{"type":"Point","coordinates":[-118.34371,33.77656]}},{"type":"Feature","properties":{"osm_id":13277523156,"operator":"","manufacturer":"Motorola Solutions","category":"other ALPR","query_date":"2026-09-23"},"geometry":{"type":"Point","coordinates":[-118.3298,33.72757]}},{"type":"Feature","properties":{"osm_id":13277523587,"operator":"","manufacturer":"Motorola Solutions","category":"other ALPR","query_date":"2026-09-23"},"geometry":{"type":"Point","coordinates":[-118.35535,33.79854]}},{"type":"Feature","properties":{"osm_id":13277523588,"operator":"","manufacturer":"Motorola Solutions","category":"other ALPR","query_date":"2026-09-23"},"geometry":{"type":"Point","coordinates":[-118.35536,33.79853]}},{"type":"Feature","properties":{"osm_id":13277531921,"operator":"","manufacturer":"Motorola Solutions","category":"other ALPR","query_date":"2026-09-23"},"geometry":{"type":"Point","coordinates":[-118.30994,33.75023]}},{"type":"Feature","properties":{"osm_id":13277531922,"operator":"","manufacturer":"Motorola Solutions","category":"other ALPR","query_date":"2026-09-23"},"geometry":{"type":"Point","coordinates":[-118.30975,33.75357]}},{"type":"Feature","properties":{"osm_id":13277531923,"operator":"","manufacturer":"Motorola Solutions","category":"other ALPR","query_date":"2026-09-23"},"geometry":{"type":"Point","coordinates":[-118.31267,33.76333]}},{"type":"Feature","properties":{"osm_id":13277531924,"operator":"","manufacturer":"Motorola Solutions","category":"other ALPR","query_date":"2026-09-23"},"geometry":{"type":"Point","coordinates":[-118.31133,33.76699]}},{"type":"Feature","properties":{"osm_id":13277531925,"operator":"","manufacturer":"Motorola Solutions","category":"other ALPR","query_date":"2026-09-23"},"geometry":{"type":"Point","coordinates":[-118.31044,33.76772]}},{"type":"Feature","properties":{"osm_id":13277540720,"operator":"","manufacturer":"Motorola Solutions","category":"other ALPR","query_date":"2026-09-23"},"geometry":{"type":"Point","coordinates":[-118.35833,33.78789]}},{"type":"Feature","properties":{"osm_id":13277540721,"operator":"","manufacturer":"Motorola Solutions","category":"other ALPR","query_date":"2026-09-23"},"geometry":{"type":"Point","coordinates":[-118.3583,33.78787]}},{"type":"Feature","properties":{"osm_id":13277540722,"operator":"","manufacturer":"Motorola Solutions","category":"other ALPR","query_date":"2026-09-23"},"geometry":{"type":"Point","coordinates":[-118.35827,33.78784]}},{"type":"Feature","properties":{"osm_id":13277540723,"operator":"","manufacturer":"Motorola Solutions","category":"other ALPR","query_date":"2026-09-23"},"geometry":{"type":"Point","coordinates":[-118.35813,33.7877]}},{"type":"Feature","properties":{"osm_id":13277540724,"operator":"","manufacturer":"Motorola Solutions","category":"other ALPR","query_date":"2026-09-23"},"geometry":{"type":"Point","coordinates":[-118.35812,33.7877]}},{"type":"Feature","properties":{"osm_id":13277540725,"operator":"","manufacturer":"Motorola Solutions","category":"other ALPR","query_date":"2026-09-23"},"geometry":{"type":"Point","coordinates":[-118.35781,33.78794]}},{"type":"Feature","properties":{"osm_id":13277540726,"operator":"","manufacturer":"Motorola Solutions","category":"other ALPR","query_date":"2026-09-23"},"geometry":{"type":"Point","coordinates":[-118.35782,33.78795]}},{"type":"Feature","properties":{"osm_id":13277540727,"operator":"","manufacturer":"Motorola Solutions","category":"other ALPR","query_date":"2026-09-23"},"geometry":{"type":"Point","coordinates":[-118.35786,33.78799]}},{"type":"Feature","properties":{"osm_id":13277540728,"operator":"","manufacturer":"Motorola Solutions","category":"other ALPR","query_date":"2026-09-23"},"geometry":{"type":"Point","coordinates":[-118.35797,33.78811]}},{"type":"Feature","properties":{"osm_id":13277540729,"operator":"","manufacturer":"Motorola Solutions","category":"other ALPR","query_date":"2026-09-23"},"geometry":{"type":"Point","coordinates":[-118.358,33.7881]}},{"type":"Feature","properties":{"osm_id":13277546821,"operator":"","manufacturer":"Motorola Solutions","category":"other ALPR","query_date":"2026-09-23"},"geometry":{"type":"Point","coordinates":[-118.39038,33.80423]}},{"type":"Feature","properties":{"osm_id":13277546822,"operator":"","manufacturer":"Motorola Solutions","category":"other ALPR","query_date":"2026-09-23"},"geometry":{"type":"Point","coordinates":[-118.39066,33.80422]}},{"type":"Feature","properties":{"osm_id":13277568376,"operator":"","manufacturer":"Motorola Solutions","category":"other ALPR","query_date":"2026-09-23"},"geometry":{"type":"Point","coordinates":[-118.36572,33.76238]}},{"type":"Feature","properties":{"osm_id":13277568377,"operator":"","manufacturer":"Motorola Solutions","category":"other ALPR","query_date":"2026-09-23"},"geometry":{"type":"Point","coordinates":[-118.34432,33.77586]}},{"type":"Feature","properties":{"osm_id":13277568378,"operator":"","manufacturer":"Motorola Solutions","category":"other ALPR","query_date":"2026-09-23"},"geometry":{"type":"Point","coordinates":[-118.33061,33.75978]}},{"type":"Feature","properties":{"osm_id":13278482482,"operator":"","manufacturer":"Motorola Solutions","category":"other ALPR","query_date":"2026-09-23"},"geometry":{"type":"Point","coordinates":[-118.3522,33.78263]}},{"type":"Feature","properties":{"osm_id":13278482483,"operator":"","manufacturer":"Motorola Solutions","category":"other ALPR","query_date":"2026-09-23"},"geometry":{"type":"Point","coordinates":[-118.3522,33.78264]}},{"type":"Feature","properties":{"osm_id":13278482484,"operator":"","manufacturer":"Motorola Solutions","category":"other ALPR","query_date":"2026-09-23"},"geometry":{"type":"Point","coordinates":[-118.35221,33.78264]}},{"type":"Feature","properties":{"osm_id":13278482485,"operator":"","manufacturer":"Motorola Solutions","category":"other ALPR","query_date":"2026-09-23"},"geometry":{"type":"Point","coordinates":[-118.35227,33.78266]}},{"type":"Feature","properties":{"osm_id":13278482486,"operator":"","manufacturer":"Motorola Solutions","category":"other ALPR","query_date":"2026-09-23"},"geometry":{"type":"Point","coordinates":[-118.35224,33.78226]}},{"type":"Feature","properties":{"osm_id":13278482487,"operator":"","manufacturer":"Motorola Solutions","category":"other ALPR","query_date":"2026-09-23"},"geometry":{"type":"Point","coordinates":[-118.35224,33.78227]}},{"type":"Feature","properties":{"osm_id":13278482488,"operator":"","manufacturer":"Motorola Solutions","category":"other ALPR","query_date":"2026-09-23"},"geometry":{"type":"Point","coordinates":[-118.35223,33.7823]}},{"type":"Feature","properties":{"osm_id":13278482489,"operator":"","manufacturer":"Motorola Solutions","category":"other ALPR","query_date":"2026-09-23"},"geometry":{"type":"Point","coordinates":[-118.35254,33.78243]}},{"type":"Feature","properties":{"osm_id":13278482491,"operator":"","manufacturer":"Motorola Solutions","category":"other ALPR","query_date":"2026-09-23"},"geometry":{"type":"Point","coordinates":[-118.35253,33.78243]}},{"type":"Feature","properties":{"osm_id":13278482492,"operator":"","manufacturer":"Motorola Solutions","category":"other ALPR","query_date":"2026-09-23"},"geometry":{"type":"Point","coordinates":[-118.35248,33.78242]}},{"type":"Feature","properties":{"osm_id":13278482493,"operator":"","manufacturer":"Motorola Solutions","category":"other ALPR","query_date":"2026-09-23"},"geometry":{"type":"Point","coordinates":[-118.3525,33.78279]}},{"type":"Feature","properties":{"osm_id":13278482494,"operator":"","manufacturer":"Motorola Solutions","category":"other ALPR","query_date":"2026-09-23"},"geometry":{"type":"Point","coordinates":[-118.35251,33.78278]}},{"type":"Feature","properties":{"osm_id":13278482495,"operator":"","manufacturer":"Motorola Solutions","category":"other ALPR","query_date":"2026-09-23"},"geometry":{"type":"Point","coordinates":[-118.35829,33.78785]}},{"type":"Feature","properties":{"osm_id":13278482496,"operator":"","manufacturer":"Motorola Solutions","category":"other ALPR","query_date":"2026-09-23"},"geometry":{"type":"Point","coordinates":[-118.35802,33.78808]}},{"type":"Feature","properties":{"osm_id":13278503129,"operator":"","manufacturer":"Motorola Solutions","category":"other ALPR","query_date":"2026-09-23"},"geometry":{"type":"Point","coordinates":[-118.3439,33.77636]}},{"type":"Feature","properties":{"osm_id":13278504530,"operator":"","manufacturer":"Motorola Solutions","category":"other ALPR","query_date":"2026-09-23"},"geometry":{"type":"Point","coordinates":[-118.34922,33.79457]}},{"type":"Feature","properties":{"osm_id":13278504531,"operator":"","manufacturer":"Motorola Solutions","category":"other ALPR","query_date":"2026-09-23"},"geometry":{"type":"Point","coordinates":[-118.34919,33.79456]}},{"type":"Feature","properties":{"osm_id":13278515333,"operator":"","manufacturer":"Flock Safety","category":"Flock","query_date":"2026-09-23"},"geometry":{"type":"Point","coordinates":[-118.00301,33.93784]}},{"type":"Feature","properties":{"osm_id":13278515334,"operator":"","manufacturer":null,"category":"other ALPR","query_date":"2026-09-23"},"geometry":{"type":"Point","coordinates":[-118.34077,33.78824]}},{"type":"Feature","properties":{"osm_id":13278546159,"operator":"","manufacturer":"Motorola Solutions","category":"other ALPR","query_date":"2026-09-23"},"geometry":{"type":"Point","coordinates":[-118.29297,33.72091]}},{"type":"Feature","properties":{"osm_id":13278547590,"operator":"","manufacturer":"Motorola Solutions","category":"other ALPR","query_date":"2026-09-23"},"geometry":{"type":"Point","coordinates":[-118.29315,33.72162]}},{"type":"Feature","properties":{"osm_id":13278567433,"operator":"","manufacturer":"Motorola Solutions","category":"other ALPR","query_date":"2026-09-23"},"geometry":{"type":"Point","coordinates":[-118.29246,33.74617]}},{"type":"Feature","properties":{"osm_id":13278574246,"operator":"","manufacturer":"Motorola Solutions","category":"other ALPR","query_date":"2026-09-23"},"geometry":{"type":"Point","coordinates":[-118.29214,33.75422]}},{"type":"Feature","properties":{"osm_id":13278574271,"operator":"","manufacturer":"Motorola Solutions","category":"other ALPR","query_date":"2026-09-23"},"geometry":{"type":"Point","coordinates":[-118.29739,33.78252]}},{"type":"Feature","properties":{"osm_id":13278584703,"operator":"","manufacturer":"Motorola Solutions","category":"other ALPR","query_date":"2026-09-23"},"geometry":{"type":"Point","coordinates":[-118.29216,33.74591]}},{"type":"Feature","properties":{"osm_id":13278586685,"operator":"","manufacturer":"Motorola Solutions","category":"other ALPR","query_date":"2026-09-23"},"geometry":{"type":"Point","coordinates":[-118.29799,33.78156]}},{"type":"Feature","properties":{"osm_id":13278610055,"operator":"","manufacturer":"Motorola Solutions","category":"other ALPR","query_date":"2026-09-23"},"geometry":{"type":"Point","coordinates":[-118.31501,33.77649]}},{"type":"Feature","properties":{"osm_id":13278610056,"operator":"","manufacturer":"Motorola Solutions","category":"other ALPR","query_date":"2026-09-23"},"geometry":{"type":"Point","coordinates":[-118.315,33.77648]}},{"type":"Feature","properties":{"osm_id":13278610057,"operator":"","manufacturer":"Motorola Solutions","category":"other ALPR","query_date":"2026-09-23"},"geometry":{"type":"Point","coordinates":[-118.315,33.77647]}},{"type":"Feature","properties":{"osm_id":13278883150,"operator":"City of Torrance","manufacturer":"Motorola Solutions","category":"other ALPR","query_date":"2026-09-23"},"geometry":{"type":"Point","coordinates":[-118.30928,33.87268]}},{"type":"Feature","properties":{"osm_id":13278883151,"operator":"City of Torrance","manufacturer":"Motorola Solutions","category":"other ALPR","query_date":"2026-09-23"},"geometry":{"type":"Point","coordinates":[-118.30938,33.873]}},{"type":"Feature","properties":{"osm_id":13278883152,"operator":"City of Torrance","manufacturer":"Motorola Solutions","category":"other ALPR","query_date":"2026-09-23"},"geometry":{"type":"Point","coordinates":[-118.30937,33.87295]}},{"type":"Feature","properties":{"osm_id":13278883153,"operator":"City of Torrance","manufacturer":"Motorola Solutions","category":"other ALPR","query_date":"2026-09-23"},"geometry":{"type":"Point","coordinates":[-118.30912,33.87306]}},{"type":"Feature","properties":{"osm_id":13278883154,"operator":"City of Torrance","manufacturer":"Motorola Solutions","category":"other ALPR","query_date":"2026-09-23"},"geometry":{"type":"Point","coordinates":[-118.30907,33.87306]}},{"type":"Feature","properties":{"osm_id":13278883155,"operator":"City of Torrance","manufacturer":"Motorola Solutions","category":"other ALPR","query_date":"2026-09-23"},"geometry":{"type":"Point","coordinates":[-118.30898,33.87287]}},{"type":"Feature","properties":{"osm_id":13278883156,"operator":"City of Torrance","manufacturer":"Motorola Solutions","category":"other ALPR","query_date":"2026-09-23"},"geometry":{"type":"Point","coordinates":[-118.30898,33.87284]}},{"type":"Feature","properties":{"osm_id":13278883541,"operator":"","manufacturer":"Motorola Solutions","category":"other ALPR","query_date":"2026-09-23"},"geometry":{"type":"Point","coordinates":[-118.2814,33.77887]}},{"type":"Feature","properties":{"osm_id":13278893915,"operator":"","manufacturer":"Motorola Solutions","category":"other ALPR","query_date":"2026-09-23"},"geometry":{"type":"Point","coordinates":[-118.28443,33.79074]}},{"type":"Feature","properties":{"osm_id":13278901225,"operator":"","manufacturer":"Motorola Solutions","category":"other ALPR","query_date":"2026-09-23"},"geometry":{"type":"Point","coordinates":[-118.32648,33.86564]}},{"type":"Feature","properties":{"osm_id":13278901226,"operator":"","manufacturer":"Motorola Solutions","category":"other ALPR","query_date":"2026-09-23"},"geometry":{"type":"Point","coordinates":[-118.32648,33.86571]}},{"type":"Feature","properties":{"osm_id":13278901227,"operator":"","manufacturer":"Motorola Solutions","category":"other ALPR","query_date":"2026-09-23"},"geometry":{"type":"Point","coordinates":[-118.32648,33.86568]}},{"type":"Feature","properties":{"osm_id":13278901228,"operator":"","manufacturer":"Motorola Solutions","category":"other ALPR","query_date":"2026-09-23"},"geometry":{"type":"Point","coordinates":[-118.32668,33.86559]}},{"type":"Feature","properties":{"osm_id":13278901229,"operator":"","manufacturer":"Motorola Solutions","category":"other ALPR","query_date":"2026-09-23"},"geometry":{"type":"Point","coordinates":[-118.32672,33.86559]}},{"type":"Feature","properties":{"osm_id":13278901230,"operator":"","manufacturer":"Motorola Solutions","category":"other ALPR","query_date":"2026-09-23"},"geometry":{"type":"Point","coordinates":[-118.32649,33.86547]}},{"type":"Feature","properties":{"osm_id":13278901231,"operator":"","manufacturer":"Motorola Solutions","category":"other ALPR","query_date":"2026-09-23"},"geometry":{"type":"Point","coordinates":[-118.32649,33.86544]}},{"type":"Feature","properties":{"osm_id":13278901234,"operator":"","manufacturer":"Motorola Solutions","category":"other ALPR","query_date":"2026-09-23"},"geometry":{"type":"Point","coordinates":[-118.32624,33.86559]}},{"type":"Feature","properties":{"osm_id":13278909256,"operator":"","manufacturer":"Motorola Solutions","category":"other ALPR","query_date":"2026-09-23"},"geometry":{"type":"Point","coordinates":[-118.37644,33.83889]}},{"type":"Feature","properties":{"osm_id":13278909257,"operator":"","manufacturer":"Motorola Solutions","category":"other ALPR","query_date":"2026-09-23"},"geometry":{"type":"Point","coordinates":[-118.37643,33.83886]}},{"type":"Feature","properties":{"osm_id":13279030267,"operator":"","manufacturer":"Flock Safety","category":"Flock","query_date":"2026-09-23"},"geometry":{"type":"Point","coordinates":[-118.06696,34.13078]}},{"type":"Feature","properties":{"osm_id":13279030268,"operator":"","manufacturer":"Flock Safety","category":"Flock","query_date":"2026-09-23"},"geometry":{"type":"Point","coordinates":[-117.82895,34.11695]}},{"type":"Feature","properties":{"osm_id":13279045955,"operator":"","manufacturer":"Flock Safety","category":"Flock","query_date":"2026-09-23"},"geometry":{"type":"Point","coordinates":[-118.11218,34.11958]}},{"type":"Feature","properties":{"osm_id":13281939719,"operator":"","manufacturer":"Motorola Solutions","category":"other ALPR","query_date":"2026-09-23"},"geometry":{"type":"Point","coordinates":[-118.23421,33.84689]}},{"type":"Feature","properties":{"osm_id":13281939720,"operator":"","manufacturer":"Motorola Solutions","category":"other ALPR","query_date":"2026-09-23"},"geometry":{"type":"Point","coordinates":[-118.23417,33.84657]}},{"type":"Feature","properties":{"osm_id":13282080682,"operator":"","manufacturer":"Motorola Solutions","category":"other ALPR","query_date":"2026-09-23"},"geometry":{"type":"Point","coordinates":[-118.21189,33.84642]}},{"type":"Feature","properties":{"osm_id":13282353845,"operator":"Los Angeles County Sheriff","manufacturer":"Flock Safety","category":"Flock","query_date":"2026-09-23"},"geometry":{"type":"Point","coordinates":[-118.16786,34.19394]}},{"type":"Feature","properties":{"osm_id":13282353846,"operator":"Los Angeles County Sheriff","manufacturer":"Flock Safety","category":"Flock","query_date":"2026-09-23"},"geometry":{"type":"Point","coordinates":[-118.16828,34.19392]}},{"type":"Feature","properties":{"osm_id":13282377174,"operator":"The Home Depot","manufacturer":"Flock Safety","category":"Flock (store-operated)","query_date":"2026-09-23"},"geometry":{"type":"Point","coordinates":[-118.16541,34.68612]}},{"type":"Feature","properties":{"osm_id":13282381874,"operator":"","manufacturer":"LVT","category":"other ALPR","query_date":"2026-09-23"},"geometry":{"type":"Point","coordinates":[-118.14657,34.76254]}},{"type":"Feature","properties":{"osm_id":13284406518,"operator":"","manufacturer":"Flock Safety","category":"Flock","query_date":"2026-09-23"},"geometry":{"type":"Point","coordinates":[-117.79504,34.10223]}},{"type":"Feature","properties":{"osm_id":13284406519,"operator":"","manufacturer":"Flock Safety","category":"Flock","query_date":"2026-09-23"},"geometry":{"type":"Point","coordinates":[-117.79497,34.10222]}},{"type":"Feature","properties":{"osm_id":13284406521,"operator":"","manufacturer":"Flock Safety","category":"Flock","query_date":"2026-09-23"},"geometry":{"type":"Point","coordinates":[-117.81998,34.08704]}},{"type":"Feature","properties":{"osm_id":13284683735,"operator":"","manufacturer":"Flock Safety","category":"Flock","query_date":"2026-09-23"},"geometry":{"type":"Point","coordinates":[-117.75793,34.03215]}},{"type":"Feature","properties":{"osm_id":13284781019,"operator":"","manufacturer":"Flock Safety","category":"Flock","query_date":"2026-09-23"},"geometry":{"type":"Point","coordinates":[-117.71909,34.06331]}},{"type":"Feature","properties":{"osm_id":13284781020,"operator":"","manufacturer":"Flock Safety","category":"Flock","query_date":"2026-09-23"},"geometry":{"type":"Point","coordinates":[-117.7194,34.06327]}},{"type":"Feature","properties":{"osm_id":13284831310,"operator":"","manufacturer":"Flock Safety","category":"Flock","query_date":"2026-09-23"},"geometry":{"type":"Point","coordinates":[-117.76321,34.06196]}},{"type":"Feature","properties":{"osm_id":13284832440,"operator":"","manufacturer":"Flock Safety","category":"Flock","query_date":"2026-09-23"},"geometry":{"type":"Point","coordinates":[-117.72405,34.05587]}},{"type":"Feature","properties":{"osm_id":13284832441,"operator":"","manufacturer":"Flock Safety","category":"Flock","query_date":"2026-09-23"},"geometry":{"type":"Point","coordinates":[-117.72368,34.05593]}},{"type":"Feature","properties":{"osm_id":13285876194,"operator":"","manufacturer":"Flock Safety","category":"Flock","query_date":"2026-09-23"},"geometry":{"type":"Point","coordinates":[-117.98664,34.13957]}},{"type":"Feature","properties":{"osm_id":13286202593,"operator":"","manufacturer":"Motorola Solutions","category":"other ALPR","query_date":"2026-09-23"},"geometry":{"type":"Point","coordinates":[-118.11634,33.83413]}},{"type":"Feature","properties":{"osm_id":13286599201,"operator":"","manufacturer":"Flock Safety","category":"Flock","query_date":"2026-09-23"},"geometry":{"type":"Point","coordinates":[-118.15932,34.2024]}},{"type":"Feature","properties":{"osm_id":13286609815,"operator":"The Home Depot","manufacturer":"Flock Safety","category":"Flock (store-operated)","query_date":"2026-09-23"},"geometry":{"type":"Point","coordinates":[-118.05514,34.08895]}},{"type":"Feature","properties":{"osm_id":13287579780,"operator":"El Monte Police Department","manufacturer":"Flock Safety","category":"Flock","query_date":"2026-09-23"},"geometry":{"type":"Point","coordinates":[-118.05347,34.0794]}},{"type":"Feature","properties":{"osm_id":13287579781,"operator":"El Monte Police Department","manufacturer":"Flock Safety","category":"Flock","query_date":"2026-09-23"},"geometry":{"type":"Point","coordinates":[-118.05417,34.07166]}},{"type":"Feature","properties":{"osm_id":13287579782,"operator":"El Monte Police Department","manufacturer":"Flock Safety","category":"Flock","query_date":"2026-09-23"},"geometry":{"type":"Point","coordinates":[-118.05425,34.07202]}},{"type":"Feature","properties":{"osm_id":13287579783,"operator":"El Monte Police Department","manufacturer":"Flock Safety","category":"Flock","query_date":"2026-09-23"},"geometry":{"type":"Point","coordinates":[-118.06886,34.07147]}},{"type":"Feature","properties":{"osm_id":13287634388,"operator":"","manufacturer":"Flock Safety","category":"Flock","query_date":"2026-09-23"},"geometry":{"type":"Point","coordinates":[-118.00118,34.15146]}},{"type":"Feature","properties":{"osm_id":13287841729,"operator":"Studio City Property & Business Improvement District","manufacturer":"Flock Safety","category":"Flock","query_date":"2026-09-23"},"geometry":{"type":"Point","coordinates":[-118.40633,34.143]}},{"type":"Feature","properties":{"osm_id":13287864617,"operator":"","manufacturer":"Flock Safety","category":"Flock","query_date":"2026-09-23"},"geometry":{"type":"Point","coordinates":[-118.32671,34.15503]}},{"type":"Feature","properties":{"osm_id":13287875659,"operator":"","manufacturer":"Flock Safety","category":"Flock","query_date":"2026-09-23"},"geometry":{"type":"Point","coordinates":[-118.33465,34.15617]}},{"type":"Feature","properties":{"osm_id":13289287365,"operator":"","manufacturer":"Flock Safety","category":"Flock","query_date":"2026-09-23"},"geometry":{"type":"Point","coordinates":[-118.00103,34.14057]}},{"type":"Feature","properties":{"osm_id":13289287368,"operator":"","manufacturer":"Flock Safety","category":"Flock","query_date":"2026-09-23"},"geometry":{"type":"Point","coordinates":[-118.00072,34.13645]}},{"type":"Feature","properties":{"osm_id":13289327041,"operator":"","manufacturer":"Flock Safety","category":"Flock","query_date":"2026-09-23"},"geometry":{"type":"Point","coordinates":[-118.03161,34.1469]}},{"type":"Feature","properties":{"osm_id":13293655955,"operator":"","manufacturer":"Flock Safety","category":"Flock","query_date":"2026-09-23"},"geometry":{"type":"Point","coordinates":[-117.74078,34.0231]}},{"type":"Feature","properties":{"osm_id":13293671309,"operator":"","manufacturer":"Flock Safety","category":"Flock","query_date":"2026-09-23"},"geometry":{"type":"Point","coordinates":[-117.90759,34.07398]}},{"type":"Feature","properties":{"osm_id":13293677950,"operator":"","manufacturer":"Flock Safety","category":"Flock","query_date":"2026-09-23"},"geometry":{"type":"Point","coordinates":[-117.89904,34.07275]}},{"type":"Feature","properties":{"osm_id":13293776480,"operator":"","manufacturer":"Flock Safety","category":"Flock","query_date":"2026-09-23"},"geometry":{"type":"Point","coordinates":[-118.02661,34.09197]}},{"type":"Feature","properties":{"osm_id":13293776481,"operator":"","manufacturer":"Flock Safety","category":"Flock","query_date":"2026-09-23"},"geometry":{"type":"Point","coordinates":[-118.0262,34.092]}},{"type":"Feature","properties":{"osm_id":13293776482,"operator":"","manufacturer":"Flock Safety","category":"Flock","query_date":"2026-09-23"},"geometry":{"type":"Point","coordinates":[-118.02664,34.09224]}},{"type":"Feature","properties":{"osm_id":13293776483,"operator":"","manufacturer":"Flock Safety","category":"Flock","query_date":"2026-09-23"},"geometry":{"type":"Point","coordinates":[-118.02623,34.09221]}},{"type":"Feature","properties":{"osm_id":13293776484,"operator":"El Monte Police Department","manufacturer":"Flock Safety","category":"Flock","query_date":"2026-09-23"},"geometry":{"type":"Point","coordinates":[-118.01468,34.09108]}},{"type":"Feature","properties":{"osm_id":13293776485,"operator":"El Monte Police Department","manufacturer":"Flock Safety","category":"Flock","query_date":"2026-09-23"},"geometry":{"type":"Point","coordinates":[-118.01428,34.091]}},{"type":"Feature","properties":{"osm_id":13293776486,"operator":"El Monte Police Department","manufacturer":"Flock Safety","category":"Flock","query_date":"2026-09-23"},"geometry":{"type":"Point","coordinates":[-118.01473,34.09081]}},{"type":"Feature","properties":{"osm_id":13293776487,"operator":"El Monte Police Department","manufacturer":"Flock Safety","category":"Flock","query_date":"2026-09-23"},"geometry":{"type":"Point","coordinates":[-118.01435,34.0908]}},{"type":"Feature","properties":{"osm_id":13293776488,"operator":"El Monte Police Department","manufacturer":"Flock Safety","category":"Flock","query_date":"2026-09-23"},"geometry":{"type":"Point","coordinates":[-118.00155,34.0881]}},{"type":"Feature","properties":{"osm_id":13293776489,"operator":"El Monte Police Department","manufacturer":"Flock Safety","category":"Flock","query_date":"2026-09-23"},"geometry":{"type":"Point","coordinates":[-118.00208,34.0881]}},{"type":"Feature","properties":{"osm_id":13295504794,"operator":"","manufacturer":"Flock Safety","category":"Flock","query_date":"2026-09-23"},"geometry":{"type":"Point","coordinates":[-117.77182,34.0207]}},{"type":"Feature","properties":{"osm_id":13298205484,"operator":"","manufacturer":"Flock Safety","category":"Flock","query_date":"2026-09-23"},"geometry":{"type":"Point","coordinates":[-117.8289,34.11476]}},{"type":"Feature","properties":{"osm_id":13298230533,"operator":"","manufacturer":"Flock Safety","category":"Flock","query_date":"2026-09-23"},"geometry":{"type":"Point","coordinates":[-117.82894,34.12211]}},{"type":"Feature","properties":{"osm_id":13298249810,"operator":"","manufacturer":"Flock Safety","category":"Flock","query_date":"2026-09-23"},"geometry":{"type":"Point","coordinates":[-117.82511,34.11756]}},{"type":"Feature","properties":{"osm_id":13298389623,"operator":"","manufacturer":"Flock Safety","category":"Flock","query_date":"2026-09-23"},"geometry":{"type":"Point","coordinates":[-117.84356,34.12883]}},{"type":"Feature","properties":{"osm_id":13298412548,"operator":"","manufacturer":"Flock Safety","category":"Flock","query_date":"2026-09-23"},"geometry":{"type":"Point","coordinates":[-117.82125,34.12719]}},{"type":"Feature","properties":{"osm_id":13298420896,"operator":"","manufacturer":"Flock Safety","category":"Flock","query_date":"2026-09-23"},"geometry":{"type":"Point","coordinates":[-117.87262,34.10774]}},{"type":"Feature","properties":{"osm_id":13298427540,"operator":"","manufacturer":"Flock Safety","category":"Flock","query_date":"2026-09-23"},"geometry":{"type":"Point","coordinates":[-117.88068,34.12872]}},{"type":"Feature","properties":{"osm_id":13298465682,"operator":"","manufacturer":"Flock Safety","category":"Flock","query_date":"2026-09-23"},"geometry":{"type":"Point","coordinates":[-117.87268,34.11804]}},{"type":"Feature","properties":{"osm_id":13298611801,"operator":"California State Parks","manufacturer":"Flock Safety","category":"Flock","query_date":"2026-09-23"},"geometry":{"type":"Point","coordinates":[-118.23122,34.06804]}},{"type":"Feature","properties":{"osm_id":13300402962,"operator":"","manufacturer":"Motorola Solutions","category":"other ALPR","query_date":"2026-09-23"},"geometry":{"type":"Point","coordinates":[-118.02903,33.90269]}},{"type":"Feature","properties":{"osm_id":13300402963,"operator":"","manufacturer":"Motorola Solutions","category":"other ALPR","query_date":"2026-09-23"},"geometry":{"type":"Point","coordinates":[-118.02899,33.90242]}},{"type":"Feature","properties":{"osm_id":13300402964,"operator":"","manufacturer":null,"category":"other ALPR","query_date":"2026-09-23"},"geometry":{"type":"Point","coordinates":[-118.01169,33.91842]}},{"type":"Feature","properties":{"osm_id":13300402965,"operator":"","manufacturer":null,"category":"other ALPR","query_date":"2026-09-23"},"geometry":{"type":"Point","coordinates":[-118.01174,33.91842]}},{"type":"Feature","properties":{"osm_id":13300719801,"operator":"","manufacturer":"Flock Safety","category":"Flock","query_date":"2026-09-23"},"geometry":{"type":"Point","coordinates":[-118.63316,34.13463]}},{"type":"Feature","properties":{"osm_id":13300720603,"operator":"","manufacturer":"Motorola Solutions","category":"other ALPR","query_date":"2026-09-23"},"geometry":{"type":"Point","coordinates":[-118.63797,34.1383]}},{"type":"Feature","properties":{"osm_id":13302091701,"operator":"","manufacturer":"Flock Safety","category":"Flock","query_date":"2026-09-23"},"geometry":{"type":"Point","coordinates":[-118.00186,33.94862]}},{"type":"Feature","properties":{"osm_id":13310080001,"operator":"","manufacturer":"Flock Safety","category":"Flock","query_date":"2026-09-23"},"geometry":{"type":"Point","coordinates":[-118.39831,33.9164]}},{"type":"Feature","properties":{"osm_id":13310080002,"operator":"","manufacturer":"Flock Safety","category":"Flock","query_date":"2026-09-23"},"geometry":{"type":"Point","coordinates":[-118.39568,33.90684]}},{"type":"Feature","properties":{"osm_id":13310082401,"operator":"","manufacturer":"Flock Safety","category":"Flock","query_date":"2026-09-23"},"geometry":{"type":"Point","coordinates":[-118.39567,33.90625]}},{"type":"Feature","properties":{"osm_id":13310127365,"operator":"","manufacturer":"Flock Safety","category":"Flock","query_date":"2026-09-23"},"geometry":{"type":"Point","coordinates":[-118.23237,34.16499]}},{"type":"Feature","properties":{"osm_id":13310128984,"operator":"","manufacturer":"Flock Safety","category":"Flock","query_date":"2026-09-23"},"geometry":{"type":"Point","coordinates":[-118.23194,34.16483]}},{"type":"Feature","properties":{"osm_id":13312737301,"operator":"","manufacturer":"Motorola Solutions","category":"other ALPR","query_date":"2026-09-23"},"geometry":{"type":"Point","coordinates":[-118.25505,33.80851]}},{"type":"Feature","properties":{"osm_id":13312737401,"operator":"","manufacturer":"Motorola Solutions","category":"other ALPR","query_date":"2026-09-23"},"geometry":{"type":"Point","coordinates":[-118.2551,33.80852]}},{"type":"Feature","properties":{"osm_id":13312737601,"operator":"","manufacturer":"Flock Safety","category":"Flock","query_date":"2026-09-23"},"geometry":{"type":"Point","coordinates":[-118.25502,33.80851]}},{"type":"Feature","properties":{"osm_id":13312737602,"operator":"","manufacturer":"Flock Safety","category":"Flock","query_date":"2026-09-23"},"geometry":{"type":"Point","coordinates":[-118.25514,33.80836]}},{"type":"Feature","properties":{"osm_id":13312738701,"operator":"","manufacturer":"Flock Safety","category":"Flock","query_date":"2026-09-23"},"geometry":{"type":"Point","coordinates":[-118.25531,33.80853]}},{"type":"Feature","properties":{"osm_id":13312751501,"operator":"","manufacturer":"Flock Safety","category":"Flock","query_date":"2026-09-23"},"geometry":{"type":"Point","coordinates":[-118.24258,33.82417]}},{"type":"Feature","properties":{"osm_id":13312751701,"operator":"","manufacturer":"Motorola Solutions","category":"other ALPR","query_date":"2026-09-23"},"geometry":{"type":"Point","coordinates":[-118.24217,33.82434]}},{"type":"Feature","properties":{"osm_id":13312751702,"operator":"","manufacturer":"Motorola Solutions","category":"other ALPR","query_date":"2026-09-23"},"geometry":{"type":"Point","coordinates":[-118.23501,33.85818]}},{"type":"Feature","properties":{"osm_id":13312752501,"operator":"","manufacturer":"Motorola Solutions","category":"other ALPR","query_date":"2026-09-23"},"geometry":{"type":"Point","coordinates":[-118.24254,33.82429]}},{"type":"Feature","properties":{"osm_id":13312754301,"operator":"","manufacturer":"Motorola Solutions","category":"other ALPR","query_date":"2026-09-23"},"geometry":{"type":"Point","coordinates":[-118.23578,33.86776]}},{"type":"Feature","properties":{"osm_id":13312759501,"operator":"","manufacturer":"Neology, Inc.","category":"other ALPR","query_date":"2026-09-23"},"geometry":{"type":"Point","coordinates":[-118.22508,33.90339]}},{"type":"Feature","properties":{"osm_id":13312759601,"operator":"","manufacturer":"Neology, Inc.","category":"other ALPR","query_date":"2026-09-23"},"geometry":{"type":"Point","coordinates":[-118.22507,33.90335]}},{"type":"Feature","properties":{"osm_id":13312759602,"operator":"","manufacturer":"Neology, Inc.","category":"other ALPR","query_date":"2026-09-23"},"geometry":{"type":"Point","coordinates":[-118.225,33.90329]}},{"type":"Feature","properties":{"osm_id":13312759603,"operator":"","manufacturer":"Neology, Inc.","category":"other ALPR","query_date":"2026-09-23"},"geometry":{"type":"Point","coordinates":[-118.225,33.90324]}},{"type":"Feature","properties":{"osm_id":13312760201,"operator":"","manufacturer":"Neology, Inc.","category":"other ALPR","query_date":"2026-09-23"},"geometry":{"type":"Point","coordinates":[-118.225,33.90326]}},{"type":"Feature","properties":{"osm_id":13312772401,"operator":"","manufacturer":"Motorola Solutions","category":"other ALPR","query_date":"2026-09-23"},"geometry":{"type":"Point","coordinates":[-118.21946,33.7827]}},{"type":"Feature","properties":{"osm_id":13312774201,"operator":"","manufacturer":"Motorola Solutions","category":"other ALPR","query_date":"2026-09-23"},"geometry":{"type":"Point","coordinates":[-118.21945,33.78265]}},{"type":"Feature","properties":{"osm_id":13312774301,"operator":"","manufacturer":"Motorola Solutions","category":"other ALPR","query_date":"2026-09-23"},"geometry":{"type":"Point","coordinates":[-118.21945,33.78265]}},{"type":"Feature","properties":{"osm_id":13312774302,"operator":"","manufacturer":"Motorola Solutions","category":"other ALPR","query_date":"2026-09-23"},"geometry":{"type":"Point","coordinates":[-118.21945,33.78265]}},{"type":"Feature","properties":{"osm_id":13314975701,"operator":"","manufacturer":"Flock Safety","category":"Flock","query_date":"2026-09-23"},"geometry":{"type":"Point","coordinates":[-118.00067,33.9471]}},{"type":"Feature","properties":{"osm_id":13314978301,"operator":"","manufacturer":"Flock Safety","category":"Flock","query_date":"2026-09-23"},"geometry":{"type":"Point","coordinates":[-118.00647,33.94867]}},{"type":"Feature","properties":{"osm_id":13315324801,"operator":"","manufacturer":"Motorola Solutions","category":"other ALPR","query_date":"2026-09-23"},"geometry":{"type":"Point","coordinates":[-118.48597,34.01472]}},{"type":"Feature","properties":{"osm_id":13315454601,"operator":"","manufacturer":"Flock Safety","category":"Flock","query_date":"2026-09-23"},"geometry":{"type":"Point","coordinates":[-118.04951,33.96691]}},{"type":"Feature","properties":{"osm_id":13315459301,"operator":"","manufacturer":"Flock Safety","category":"Flock","query_date":"2026-09-23"},"geometry":{"type":"Point","coordinates":[-118.04902,33.96657]}},{"type":"Feature","properties":{"osm_id":13315461101,"operator":"","manufacturer":"Flock Safety","category":"Flock","query_date":"2026-09-23"},"geometry":{"type":"Point","coordinates":[-118.05291,33.97781]}},{"type":"Feature","properties":{"osm_id":13315836701,"operator":"Lowe's","manufacturer":"Flock Safety","category":"Flock (store-operated)","query_date":"2026-09-23"},"geometry":{"type":"Point","coordinates":[-117.82021,34.10798]}},{"type":"Feature","properties":{"osm_id":13315837201,"operator":"","manufacturer":"Flock Safety","category":"Flock","query_date":"2026-09-23"},"geometry":{"type":"Point","coordinates":[-117.83972,34.09616]}},{"type":"Feature","properties":{"osm_id":13318587902,"operator":"","manufacturer":"Flock Safety","category":"Flock","query_date":"2026-09-23"},"geometry":{"type":"Point","coordinates":[-118.07198,33.83161]}},{"type":"Feature","properties":{"osm_id":13318588501,"operator":"","manufacturer":"Flock Safety","category":"Flock","query_date":"2026-09-23"},"geometry":{"type":"Point","coordinates":[-118.06343,33.8317]}},{"type":"Feature","properties":{"osm_id":13318588502,"operator":"","manufacturer":"Flock Safety","category":"Flock","query_date":"2026-09-23"},"geometry":{"type":"Point","coordinates":[-118.07194,33.83136]}},{"type":"Feature","properties":{"osm_id":13318588503,"operator":"","manufacturer":"Flock Safety","category":"Flock","query_date":"2026-09-23"},"geometry":{"type":"Point","coordinates":[-118.07214,33.83136]}},{"type":"Feature","properties":{"osm_id":13318588601,"operator":"","manufacturer":"Flock Safety","category":"Flock","query_date":"2026-09-23"},"geometry":{"type":"Point","coordinates":[-118.06343,33.8317]}},{"type":"Feature","properties":{"osm_id":13318590201,"operator":"","manufacturer":"Flock Safety","category":"Flock","query_date":"2026-09-23"},"geometry":{"type":"Point","coordinates":[-118.07214,33.83136]}},{"type":"Feature","properties":{"osm_id":13318590601,"operator":"","manufacturer":"Flock Safety","category":"Flock","query_date":"2026-09-23"},"geometry":{"type":"Point","coordinates":[-118.07215,33.83157]}},{"type":"Feature","properties":{"osm_id":13318779916,"operator":"","manufacturer":"Flock Safety","category":"Flock","query_date":"2026-09-23"},"geometry":{"type":"Point","coordinates":[-117.953,34.03096]}},{"type":"Feature","properties":{"osm_id":13321366862,"operator":"The Home Depot","manufacturer":"Flock Safety","category":"Flock (store-operated)","query_date":"2026-09-23"},"geometry":{"type":"Point","coordinates":[-118.50097,34.21895]}},{"type":"Feature","properties":{"osm_id":13321368586,"operator":"The Home Depot","manufacturer":"Flock Safety","category":"Flock (store-operated)","query_date":"2026-09-23"},"geometry":{"type":"Point","coordinates":[-118.5001,34.22081]}},{"type":"Feature","properties":{"osm_id":13321376807,"operator":"The Home Depot","manufacturer":"Flock Safety","category":"Flock (store-operated)","query_date":"2026-09-23"},"geometry":{"type":"Point","coordinates":[-118.50099,34.21896]}},{"type":"Feature","properties":{"osm_id":13323286601,"operator":"","manufacturer":"Flock Safety","category":"Flock","query_date":"2026-09-23"},"geometry":{"type":"Point","coordinates":[-117.85425,33.99724]}},{"type":"Feature","properties":{"osm_id":13323419800,"operator":"Burbank","manufacturer":"Flock Safety","category":"Flock","query_date":"2026-09-23"},"geometry":{"type":"Point","coordinates":[-118.34115,34.14577]}},{"type":"Feature","properties":{"osm_id":13323504987,"operator":"Burbank","manufacturer":"Flock Safety","category":"Flock","query_date":"2026-09-23"},"geometry":{"type":"Point","coordinates":[-118.35456,34.16546]}},{"type":"Feature","properties":{"osm_id":13323634174,"operator":"","manufacturer":"Flock Safety","category":"Flock","query_date":"2026-09-23"},"geometry":{"type":"Point","coordinates":[-117.85472,33.99798]}},{"type":"Feature","properties":{"osm_id":13324842901,"operator":"","manufacturer":"Flock Safety","category":"Flock","query_date":"2026-09-23"},"geometry":{"type":"Point","coordinates":[-118.64864,34.21976]}},{"type":"Feature","properties":{"osm_id":13324845701,"operator":"","manufacturer":"Flock Safety","category":"Flock","query_date":"2026-09-23"},"geometry":{"type":"Point","coordinates":[-118.64687,34.22094]}},{"type":"Feature","properties":{"osm_id":13325635801,"operator":"","manufacturer":"Flock Safety","category":"Flock","query_date":"2026-09-23"},"geometry":{"type":"Point","coordinates":[-117.92808,34.13367]}},{"type":"Feature","properties":{"osm_id":13325665301,"operator":"","manufacturer":"Flock Safety","category":"Flock","query_date":"2026-09-23"},"geometry":{"type":"Point","coordinates":[-118.15921,34.20184]}},{"type":"Feature","properties":{"osm_id":13327040356,"operator":"","manufacturer":"Motorola Solutions","category":"other ALPR","query_date":"2026-09-23"},"geometry":{"type":"Point","coordinates":[-118.29173,34.11068]}},{"type":"Feature","properties":{"osm_id":13328730401,"operator":"","manufacturer":"Flock Safety","category":"Flock","query_date":"2026-09-23"},"geometry":{"type":"Point","coordinates":[-118.18652,34.19792]}},{"type":"Feature","properties":{"osm_id":13328732101,"operator":"","manufacturer":"Flock Safety","category":"Flock","query_date":"2026-09-23"},"geometry":{"type":"Point","coordinates":[-118.19146,34.20036]}},{"type":"Feature","properties":{"osm_id":13330512001,"operator":"","manufacturer":"Flock Safety","category":"Flock","query_date":"2026-09-23"},"geometry":{"type":"Point","coordinates":[-117.98223,34.13496]}},{"type":"Feature","properties":{"osm_id":13332535401,"operator":"","manufacturer":"Flock Safety","category":"Flock","query_date":"2026-09-23"},"geometry":{"type":"Point","coordinates":[-118.48832,34.13518]}},{"type":"Feature","properties":{"osm_id":13332966940,"operator":"Burbank","manufacturer":"Flock Safety","category":"Flock","query_date":"2026-09-23"},"geometry":{"type":"Point","coordinates":[-118.32417,34.1597]}},{"type":"Feature","properties":{"osm_id":13333003413,"operator":"Burbank","manufacturer":"Flock Safety","category":"Flock","query_date":"2026-09-23"},"geometry":{"type":"Point","coordinates":[-118.30232,34.1805]}},{"type":"Feature","properties":{"osm_id":13333081001,"operator":"","manufacturer":"Flock Safety","category":"Flock","query_date":"2026-09-23"},"geometry":{"type":"Point","coordinates":[-117.91573,34.12687]}},{"type":"Feature","properties":{"osm_id":13333104801,"operator":"","manufacturer":"Flock Safety","category":"Flock","query_date":"2026-09-23"},"geometry":{"type":"Point","coordinates":[-117.92302,34.14314]}},{"type":"Feature","properties":{"osm_id":13333109901,"operator":"","manufacturer":"Flock Safety","category":"Flock","query_date":"2026-09-23"},"geometry":{"type":"Point","coordinates":[-117.89004,34.12154]}},{"type":"Feature","properties":{"osm_id":13334017794,"operator":"","manufacturer":"Flock Safety","category":"Flock","query_date":"2026-09-23"},"geometry":{"type":"Point","coordinates":[-118.08416,34.00091]}},{"type":"Feature","properties":{"osm_id":13334929701,"operator":"","manufacturer":"Flock Safety","category":"Flock","query_date":"2026-09-23"},"geometry":{"type":"Point","coordinates":[-117.86371,34.10709]}},{"type":"Feature","properties":{"osm_id":13334932901,"operator":"","manufacturer":"Flock Safety","category":"Flock","query_date":"2026-09-23"},"geometry":{"type":"Point","coordinates":[-117.855,34.10718]}},{"type":"Feature","properties":{"osm_id":13335005994,"operator":"","manufacturer":"Flock Safety","category":"Flock","query_date":"2026-09-23"},"geometry":{"type":"Point","coordinates":[-117.79953,34.10317]}},{"type":"Feature","properties":{"osm_id":13337064101,"operator":"","manufacturer":"Flock Safety","category":"Flock","query_date":"2026-09-23"},"geometry":{"type":"Point","coordinates":[-118.04641,33.93857]}},{"type":"Feature","properties":{"osm_id":13337069901,"operator":"","manufacturer":"Flock Safety","category":"Flock","query_date":"2026-09-23"},"geometry":{"type":"Point","coordinates":[-118.0466,33.93855]}},{"type":"Feature","properties":{"osm_id":13339219101,"operator":"","manufacturer":"Flock Safety","category":"Flock","query_date":"2026-09-23"},"geometry":{"type":"Point","coordinates":[-118.01005,33.91803]}},{"type":"Feature","properties":{"osm_id":13339316501,"operator":"The Home Depot","manufacturer":"Flock Safety","category":"Flock (store-operated)","query_date":"2026-09-23"},"geometry":{"type":"Point","coordinates":[-117.83108,34.11592]}},{"type":"Feature","properties":{"osm_id":13339318501,"operator":"","manufacturer":"Flock Safety","category":"Flock","query_date":"2026-09-23"},"geometry":{"type":"Point","coordinates":[-117.7886,34.12163]}},{"type":"Feature","properties":{"osm_id":13339493001,"operator":"","manufacturer":"Flock Safety","category":"Flock","query_date":"2026-09-23"},"geometry":{"type":"Point","coordinates":[-118.04655,33.93706]}},{"type":"Feature","properties":{"osm_id":13339555801,"operator":"","manufacturer":"Flock Safety","category":"Flock","query_date":"2026-09-23"},"geometry":{"type":"Point","coordinates":[-118.03789,33.90968]}},{"type":"Feature","properties":{"osm_id":13341613901,"operator":"","manufacturer":"Flock Safety","category":"Flock","query_date":"2026-09-23"},"geometry":{"type":"Point","coordinates":[-118.1237,33.97519]}},{"type":"Feature","properties":{"osm_id":13341614801,"operator":"","manufacturer":"Flock Safety","category":"Flock","query_date":"2026-09-23"},"geometry":{"type":"Point","coordinates":[-117.99317,33.93334]}},{"type":"Feature","properties":{"osm_id":13343393102,"operator":"","manufacturer":"Flock Safety","category":"Flock","query_date":"2026-09-23"},"geometry":{"type":"Point","coordinates":[-117.8296,34.11404]}},{"type":"Feature","properties":{"osm_id":13343489903,"operator":"","manufacturer":"Flock Safety","category":"Flock","query_date":"2026-09-23"},"geometry":{"type":"Point","coordinates":[-118.03025,33.98808]}},{"type":"Feature","properties":{"osm_id":13343489904,"operator":"","manufacturer":"Flock Safety","category":"Flock","query_date":"2026-09-23"},"geometry":{"type":"Point","coordinates":[-118.02405,33.98891]}},{"type":"Feature","properties":{"osm_id":13343772101,"operator":"","manufacturer":"Flock Safety","category":"Flock","query_date":"2026-09-23"},"geometry":{"type":"Point","coordinates":[-117.75935,34.03101]}},{"type":"Feature","properties":{"osm_id":13343948901,"operator":"","manufacturer":"Flock Safety","category":"Flock","query_date":"2026-09-23"},"geometry":{"type":"Point","coordinates":[-118.12029,33.97245]}},{"type":"Feature","properties":{"osm_id":13346246302,"operator":"","manufacturer":"Flock Safety","category":"Flock","query_date":"2026-09-23"},"geometry":{"type":"Point","coordinates":[-118.27342,33.80783]}},{"type":"Feature","properties":{"osm_id":13346962401,"operator":"The Home Depot","manufacturer":"Flock Safety","category":"Flock (store-operated)","query_date":"2026-09-23"},"geometry":{"type":"Point","coordinates":[-118.29536,33.76373]}},{"type":"Feature","properties":{"osm_id":13346979601,"operator":"The Home Depot","manufacturer":"Flock Safety","category":"Flock (store-operated)","query_date":"2026-09-23"},"geometry":{"type":"Point","coordinates":[-118.29374,33.76487]}},{"type":"Feature","properties":{"osm_id":13348224301,"operator":"The Home Depot","manufacturer":"Flock Safety","category":"Flock (store-operated)","query_date":"2026-09-23"},"geometry":{"type":"Point","coordinates":[-118.27546,33.80748]}},{"type":"Feature","properties":{"osm_id":13348226101,"operator":"The Home Depot","manufacturer":"Flock Safety","category":"Flock (store-operated)","query_date":"2026-09-23"},"geometry":{"type":"Point","coordinates":[-118.27545,33.80667]}},{"type":"Feature","properties":{"osm_id":13348235001,"operator":"The Home Depot","manufacturer":"Flock Safety","category":"Flock (store-operated)","query_date":"2026-09-23"},"geometry":{"type":"Point","coordinates":[-118.27354,33.80689]}},{"type":"Feature","properties":{"osm_id":13348486813,"operator":"","manufacturer":"Flock Safety","category":"Flock","query_date":"2026-09-23"},"geometry":{"type":"Point","coordinates":[-118.17442,34.15919]}},{"type":"Feature","properties":{"osm_id":13348533602,"operator":"","manufacturer":"Flock Safety","category":"Flock","query_date":"2026-09-23"},"geometry":{"type":"Point","coordinates":[-118.0553,33.92295]}},{"type":"Feature","properties":{"osm_id":13348670601,"operator":"","manufacturer":"Flock Safety","category":"Flock","query_date":"2026-09-23"},"geometry":{"type":"Point","coordinates":[-117.8902,34.1215]}},{"type":"Feature","properties":{"osm_id":13348745460,"operator":"","manufacturer":"Flock Safety","category":"Flock","query_date":"2026-09-23"},"geometry":{"type":"Point","coordinates":[-118.22167,34.15125]}},{"type":"Feature","properties":{"osm_id":13349613101,"operator":"","manufacturer":"Motorola Solutions","category":"other ALPR","query_date":"2026-09-23"},"geometry":{"type":"Point","coordinates":[-118.29228,33.74423]}},{"type":"Feature","properties":{"osm_id":13349845701,"operator":"","manufacturer":"Flock Safety","category":"Flock","query_date":"2026-09-23"},"geometry":{"type":"Point","coordinates":[-117.96978,34.03863]}},{"type":"Feature","properties":{"osm_id":13351722201,"operator":"","manufacturer":"Flock Safety","category":"Flock","query_date":"2026-09-23"},"geometry":{"type":"Point","coordinates":[-118.08998,34.01326]}},{"type":"Feature","properties":{"osm_id":13351980501,"operator":"","manufacturer":"Flock Safety","category":"Flock","query_date":"2026-09-23"},"geometry":{"type":"Point","coordinates":[-118.3355,33.98153]}},{"type":"Feature","properties":{"osm_id":13354431502,"operator":"","manufacturer":"Flock Safety","category":"Flock","query_date":"2026-09-23"},"geometry":{"type":"Point","coordinates":[-118.38157,33.98909]}},{"type":"Feature","properties":{"osm_id":13354434304,"operator":"","manufacturer":"Flock Safety","category":"Flock","query_date":"2026-09-23"},"geometry":{"type":"Point","coordinates":[-118.39174,33.98858]}},{"type":"Feature","properties":{"osm_id":13354528301,"operator":"","manufacturer":"Flock Safety","category":"Flock","query_date":"2026-09-23"},"geometry":{"type":"Point","coordinates":[-118.10191,34.13347]}},{"type":"Feature","properties":{"osm_id":13355705501,"operator":"","manufacturer":"Flock Safety","category":"Flock","query_date":"2026-09-23"},"geometry":{"type":"Point","coordinates":[-118.06229,33.98864]}},{"type":"Feature","properties":{"osm_id":13356478654,"operator":"","manufacturer":"Flock Safety","category":"Flock","query_date":"2026-09-23"},"geometry":{"type":"Point","coordinates":[-118.39316,33.96746]}},{"type":"Feature","properties":{"osm_id":13356492301,"operator":"","manufacturer":"Flock Safety","category":"Flock","query_date":"2026-09-23"},"geometry":{"type":"Point","coordinates":[-117.9867,34.06401]}},{"type":"Feature","properties":{"osm_id":13356493701,"operator":"","manufacturer":"Flock Safety","category":"Flock","query_date":"2026-09-23"},"geometry":{"type":"Point","coordinates":[-118.02264,34.07424]}},{"type":"Feature","properties":{"osm_id":13356914701,"operator":"","manufacturer":"Flock Safety","category":"Flock","query_date":"2026-09-23"},"geometry":{"type":"Point","coordinates":[-118.02273,34.07401]}},{"type":"Feature","properties":{"osm_id":13356915601,"operator":"","manufacturer":"Flock Safety","category":"Flock","query_date":"2026-09-23"},"geometry":{"type":"Point","coordinates":[-118.02294,34.07392]}},{"type":"Feature","properties":{"osm_id":13356915901,"operator":"","manufacturer":"Flock Safety","category":"Flock","query_date":"2026-09-23"},"geometry":{"type":"Point","coordinates":[-118.02299,34.07418]}},{"type":"Feature","properties":{"osm_id":13358117601,"operator":"","manufacturer":"Flock Safety","category":"Flock","query_date":"2026-09-23"},"geometry":{"type":"Point","coordinates":[-117.90746,34.10692]}},{"type":"Feature","properties":{"osm_id":13358118401,"operator":"","manufacturer":"Flock Safety","category":"Flock","query_date":"2026-09-23"},"geometry":{"type":"Point","coordinates":[-117.90745,34.10656]}},{"type":"Feature","properties":{"osm_id":13358129101,"operator":"","manufacturer":"Flock Safety","category":"Flock","query_date":"2026-09-23"},"geometry":{"type":"Point","coordinates":[-118.1125,34.19046]}},{"type":"Feature","properties":{"osm_id":13358130701,"operator":"","manufacturer":"Flock Safety","category":"Flock","query_date":"2026-09-23"},"geometry":{"type":"Point","coordinates":[-118.1124,34.19087]}},{"type":"Feature","properties":{"osm_id":13358475601,"operator":"","manufacturer":"Flock Safety","category":"Flock","query_date":"2026-09-23"},"geometry":{"type":"Point","coordinates":[-118.35052,33.78086]}},{"type":"Feature","properties":{"osm_id":13358476201,"operator":"","manufacturer":"Flock Safety","category":"Flock","query_date":"2026-09-23"},"geometry":{"type":"Point","coordinates":[-118.35056,33.78084]}},{"type":"Feature","properties":{"osm_id":13358477201,"operator":"","manufacturer":"Flock Safety","category":"Flock","query_date":"2026-09-23"},"geometry":{"type":"Point","coordinates":[-118.35056,33.78084]}},{"type":"Feature","properties":{"osm_id":13358760501,"operator":"","manufacturer":"Flock Safety","category":"Flock","query_date":"2026-09-23"},"geometry":{"type":"Point","coordinates":[-118.09227,33.85857]}},{"type":"Feature","properties":{"osm_id":13358782887,"operator":"The Home Depo","manufacturer":"Flock Safety","category":"Flock","query_date":"2026-09-23"},"geometry":{"type":"Point","coordinates":[-118.41756,34.29524]}},{"type":"Feature","properties":{"osm_id":13358782888,"operator":"The Home Depo","manufacturer":"Flock Safety","category":"Flock","query_date":"2026-09-23"},"geometry":{"type":"Point","coordinates":[-118.41747,34.29449]}},{"type":"Feature","properties":{"osm_id":13358782889,"operator":"The Home Depo","manufacturer":"Flock Safety","category":"Flock","query_date":"2026-09-23"},"geometry":{"type":"Point","coordinates":[-118.41787,34.29415]}},{"type":"Feature","properties":{"osm_id":13358925584,"operator":"","manufacturer":"Flock Safety","category":"Flock","query_date":"2026-09-23"},"geometry":{"type":"Point","coordinates":[-117.98635,34.13483]}},{"type":"Feature","properties":{"osm_id":13358925585,"operator":"The Home Depot","manufacturer":"Flock Safety","category":"Flock (store-operated)","query_date":"2026-09-23"},"geometry":{"type":"Point","coordinates":[-117.98677,34.13403]}},{"type":"Feature","properties":{"osm_id":13358925586,"operator":"","manufacturer":"Flock Safety","category":"Flock","query_date":"2026-09-23"},"geometry":{"type":"Point","coordinates":[-117.9865,34.13691]}},{"type":"Feature","properties":{"osm_id":13358939479,"operator":"","manufacturer":"Flock Safety","category":"Flock","query_date":"2026-09-23"},"geometry":{"type":"Point","coordinates":[-118.03283,34.10723]}},{"type":"Feature","properties":{"osm_id":13358939480,"operator":"","manufacturer":"Flock Safety","category":"Flock","query_date":"2026-09-23"},"geometry":{"type":"Point","coordinates":[-118.03085,34.10843]}},{"type":"Feature","properties":{"osm_id":13360566401,"operator":"","manufacturer":"Flock Safety","category":"Flock","query_date":"2026-09-23"},"geometry":{"type":"Point","coordinates":[-117.83533,34.11409]}},{"type":"Feature","properties":{"osm_id":13363881801,"operator":"The Home Depot","manufacturer":"Flock Safety","category":"Flock (store-operated)","query_date":"2026-09-23"},"geometry":{"type":"Point","coordinates":[-118.50094,34.22004]}},{"type":"Feature","properties":{"osm_id":13363883701,"operator":"The Home Depot","manufacturer":"Flock Safety","category":"Flock (store-operated)","query_date":"2026-09-23"},"geometry":{"type":"Point","coordinates":[-118.50086,34.22025]}},{"type":"Feature","properties":{"osm_id":13363885401,"operator":"The Home Depot","manufacturer":"Flock Safety","category":"Flock (store-operated)","query_date":"2026-09-23"},"geometry":{"type":"Point","coordinates":[-118.50093,34.22001]}},{"type":"Feature","properties":{"osm_id":13364237101,"operator":"","manufacturer":"Flock Safety","category":"Flock","query_date":"2026-09-23"},"geometry":{"type":"Point","coordinates":[-118.33671,34.04836]}},{"type":"Feature","properties":{"osm_id":13364240701,"operator":"","manufacturer":"Flock Safety","category":"Flock","query_date":"2026-09-23"},"geometry":{"type":"Point","coordinates":[-118.33626,34.04733]}},{"type":"Feature","properties":{"osm_id":13364241101,"operator":"","manufacturer":"Flock Safety","category":"Flock","query_date":"2026-09-23"},"geometry":{"type":"Point","coordinates":[-118.33625,34.04731]}},{"type":"Feature","properties":{"osm_id":13364243101,"operator":"","manufacturer":"Flock Safety","category":"Flock","query_date":"2026-09-23"},"geometry":{"type":"Point","coordinates":[-118.33678,34.04728]}},{"type":"Feature","properties":{"osm_id":13364247701,"operator":"","manufacturer":"Flock Safety","category":"Flock","query_date":"2026-09-23"},"geometry":{"type":"Point","coordinates":[-118.33693,34.04852]}},{"type":"Feature","properties":{"osm_id":13364248001,"operator":"","manufacturer":"Flock Safety","category":"Flock","query_date":"2026-09-23"},"geometry":{"type":"Point","coordinates":[-118.33692,34.0485]}},{"type":"Feature","properties":{"osm_id":13365857601,"operator":"","manufacturer":"Flock Safety","category":"Flock","query_date":"2026-09-23"},"geometry":{"type":"Point","coordinates":[-118.56672,34.37862]}},{"type":"Feature","properties":{"osm_id":13365977101,"operator":"","manufacturer":"Flock Safety","category":"Flock","query_date":"2026-09-23"},"geometry":{"type":"Point","coordinates":[-118.02405,33.98891]}},{"type":"Feature","properties":{"osm_id":13366245801,"operator":"","manufacturer":"Flock Safety","category":"Flock","query_date":"2026-09-23"},"geometry":{"type":"Point","coordinates":[-118.64543,34.21521]}},{"type":"Feature","properties":{"osm_id":13366245901,"operator":"","manufacturer":"Flock Safety","category":"Flock","query_date":"2026-09-23"},"geometry":{"type":"Point","coordinates":[-118.64674,34.21197]}},{"type":"Feature","properties":{"osm_id":13366246401,"operator":"","manufacturer":"Flock Safety","category":"Flock","query_date":"2026-09-23"},"geometry":{"type":"Point","coordinates":[-118.64847,34.21086]}},{"type":"Feature","properties":{"osm_id":13366247001,"operator":"","manufacturer":"Flock Safety","category":"Flock","query_date":"2026-09-23"},"geometry":{"type":"Point","coordinates":[-118.66445,34.20752]}},{"type":"Feature","properties":{"osm_id":13366257795,"operator":"","manufacturer":"Flock Safety","category":"Flock","query_date":"2026-09-23"},"geometry":{"type":"Point","coordinates":[-117.96014,34.07186]}},{"type":"Feature","properties":{"osm_id":13366260634,"operator":"","manufacturer":"Flock Safety","category":"Flock","query_date":"2026-09-23"},"geometry":{"type":"Point","coordinates":[-117.96143,34.0727]}},{"type":"Feature","properties":{"osm_id":13366260887,"operator":"","manufacturer":"Flock Safety","category":"Flock","query_date":"2026-09-23"},"geometry":{"type":"Point","coordinates":[-118.00263,34.07667]}},{"type":"Feature","properties":{"osm_id":13366268360,"operator":"","manufacturer":"Flock Safety","category":"Flock","query_date":"2026-09-23"},"geometry":{"type":"Point","coordinates":[-117.97766,34.05471]}},{"type":"Feature","properties":{"osm_id":13366281226,"operator":"","manufacturer":"Flock Safety","category":"Flock","query_date":"2026-09-23"},"geometry":{"type":"Point","coordinates":[-118.25475,34.12885]}},{"type":"Feature","properties":{"osm_id":13366282540,"operator":"","manufacturer":"Flock Safety","category":"Flock","query_date":"2026-09-23"},"geometry":{"type":"Point","coordinates":[-117.97811,34.07132]}},{"type":"Feature","properties":{"osm_id":13366282541,"operator":"","manufacturer":"Flock Safety","category":"Flock","query_date":"2026-09-23"},"geometry":{"type":"Point","coordinates":[-117.97767,34.07137]}},{"type":"Feature","properties":{"osm_id":13366285725,"operator":"","manufacturer":"Flock Safety","category":"Flock","query_date":"2026-09-23"},"geometry":{"type":"Point","coordinates":[-117.96845,34.06451]}},{"type":"Feature","properties":{"osm_id":13366285726,"operator":"","manufacturer":"Flock Safety","category":"Flock","query_date":"2026-09-23"},"geometry":{"type":"Point","coordinates":[-117.96809,34.06435]}},{"type":"Feature","properties":{"osm_id":13366288311,"operator":"","manufacturer":"Flock Safety","category":"Flock","query_date":"2026-09-23"},"geometry":{"type":"Point","coordinates":[-117.93403,34.10718]}},{"type":"Feature","properties":{"osm_id":13366288312,"operator":"","manufacturer":"Flock Safety","category":"Flock","query_date":"2026-09-23"},"geometry":{"type":"Point","coordinates":[-117.93448,34.10714]}},{"type":"Feature","properties":{"osm_id":13366288313,"operator":"","manufacturer":"Flock Safety","category":"Flock","query_date":"2026-09-23"},"geometry":{"type":"Point","coordinates":[-117.93437,34.1068]}},{"type":"Feature","properties":{"osm_id":13366288314,"operator":"","manufacturer":"Flock Safety","category":"Flock","query_date":"2026-09-23"},"geometry":{"type":"Point","coordinates":[-117.93405,34.10686]}},{"type":"Feature","properties":{"osm_id":13366295421,"operator":"","manufacturer":"Flock Safety","category":"Flock","query_date":"2026-09-23"},"geometry":{"type":"Point","coordinates":[-118.25769,34.13342]}},{"type":"Feature","properties":{"osm_id":13366320871,"operator":"","manufacturer":"Flock Safety","category":"Flock","query_date":"2026-09-23"},"geometry":{"type":"Point","coordinates":[-118.25774,34.14275]}},{"type":"Feature","properties":{"osm_id":13368493201,"operator":"","manufacturer":"Flock Safety","category":"Flock","query_date":"2026-09-23"},"geometry":{"type":"Point","coordinates":[-118.02791,34.06891]}},{"type":"Feature","properties":{"osm_id":13368493301,"operator":"","manufacturer":"Flock Safety","category":"Flock","query_date":"2026-09-23"},"geometry":{"type":"Point","coordinates":[-118.02822,34.06892]}},{"type":"Feature","properties":{"osm_id":13370397301,"operator":"","manufacturer":"Flock Safety","category":"Flock","query_date":"2026-09-23"},"geometry":{"type":"Point","coordinates":[-118.06702,34.14815]}},{"type":"Feature","properties":{"osm_id":13372141601,"operator":"The Home Depot","manufacturer":"Flock Safety","category":"Flock (store-operated)","query_date":"2026-09-23"},"geometry":{"type":"Point","coordinates":[-118.2939,33.7658]}},{"type":"Feature","properties":{"osm_id":13372142201,"operator":"","manufacturer":"Flock Safety","category":"Flock","query_date":"2026-09-23"},"geometry":{"type":"Point","coordinates":[-118.29358,33.75099]}},{"type":"Feature","properties":{"osm_id":13372804001,"operator":"","manufacturer":"Flock Safety","category":"Flock","query_date":"2026-09-23"},"geometry":{"type":"Point","coordinates":[-118.04597,34.13153]}},{"type":"Feature","properties":{"osm_id":13372824301,"operator":"","manufacturer":"Flock Safety","category":"Flock","query_date":"2026-09-23"},"geometry":{"type":"Point","coordinates":[-118.04596,34.1319]}},{"type":"Feature","properties":{"osm_id":13372897001,"operator":"","manufacturer":"Flock Safety","category":"Flock","query_date":"2026-09-23"},"geometry":{"type":"Point","coordinates":[-118.01122,33.94288]}},{"type":"Feature","properties":{"osm_id":13372987001,"operator":"","manufacturer":"Flock Safety","category":"Flock","query_date":"2026-09-23"},"geometry":{"type":"Point","coordinates":[-117.75835,34.04403]}},{"type":"Feature","properties":{"osm_id":13372994101,"operator":"","manufacturer":"Flock Safety","category":"Flock","query_date":"2026-09-23"},"geometry":{"type":"Point","coordinates":[-117.75843,34.04322]}},{"type":"Feature","properties":{"osm_id":13372998713,"operator":"","manufacturer":"Flock Safety","category":"Flock","query_date":"2026-09-23"},"geometry":{"type":"Point","coordinates":[-117.7578,34.03406]}},{"type":"Feature","properties":{"osm_id":13373189401,"operator":"Lowe's","manufacturer":"Flock Safety","category":"Flock (store-operated)","query_date":"2026-09-23"},"geometry":{"type":"Point","coordinates":[-117.81833,34.10711]}},{"type":"Feature","properties":{"osm_id":13373211301,"operator":"","manufacturer":"Flock Safety","category":"Flock","query_date":"2026-09-23"},"geometry":{"type":"Point","coordinates":[-118.05125,34.06263]}},{"type":"Feature","properties":{"osm_id":13374436101,"operator":"","manufacturer":"Flock Safety","category":"Flock","query_date":"2026-09-23"},"geometry":{"type":"Point","coordinates":[-118.00194,33.94745]}},{"type":"Feature","properties":{"osm_id":13374626502,"operator":"","manufacturer":"Flock Safety","category":"Flock","query_date":"2026-09-23"},"geometry":{"type":"Point","coordinates":[-118.08528,33.95582]}},{"type":"Feature","properties":{"osm_id":13376615900,"operator":"","manufacturer":"Flock Safety","category":"Flock","query_date":"2026-09-23"},"geometry":{"type":"Point","coordinates":[-118.6109,34.4387]}},{"type":"Feature","properties":{"osm_id":13376637001,"operator":"","manufacturer":"Flock Safety","category":"Flock","query_date":"2026-09-23"},"geometry":{"type":"Point","coordinates":[-118.6107,34.43879]}},{"type":"Feature","properties":{"osm_id":13376689701,"operator":"","manufacturer":"Flock Safety","category":"Flock","query_date":"2026-09-23"},"geometry":{"type":"Point","coordinates":[-118.09523,33.98532]}},{"type":"Feature","properties":{"osm_id":13376916201,"operator":"","manufacturer":"Flock Safety","category":"Flock","query_date":"2026-09-23"},"geometry":{"type":"Point","coordinates":[-118.26657,34.16972]}},{"type":"Feature","properties":{"osm_id":13376916601,"operator":"","manufacturer":"Flock Safety","category":"Flock","query_date":"2026-09-23"},"geometry":{"type":"Point","coordinates":[-118.27699,34.18016]}},{"type":"Feature","properties":{"osm_id":13377564544,"operator":"","manufacturer":"Flock Safety","category":"Flock","query_date":"2026-09-23"},"geometry":{"type":"Point","coordinates":[-118.45851,34.06892]}},{"type":"Feature","properties":{"osm_id":13378685101,"operator":"","manufacturer":"Flock Safety","category":"Flock","query_date":"2026-09-23"},"geometry":{"type":"Point","coordinates":[-117.98793,34.06467]}},{"type":"Feature","properties":{"osm_id":13378685102,"operator":"","manufacturer":"Flock Safety","category":"Flock","query_date":"2026-09-23"},"geometry":{"type":"Point","coordinates":[-117.98465,34.06475]}},{"type":"Feature","properties":{"osm_id":13378686201,"operator":"","manufacturer":"Flock Safety","category":"Flock","query_date":"2026-09-23"},"geometry":{"type":"Point","coordinates":[-117.98651,34.06659]}},{"type":"Feature","properties":{"osm_id":13378689001,"operator":"","manufacturer":"Flock Safety","category":"Flock","query_date":"2026-09-23"},"geometry":{"type":"Point","coordinates":[-117.98524,34.06668]}},{"type":"Feature","properties":{"osm_id":13381513801,"operator":"","manufacturer":"Flock Safety","category":"Flock","query_date":"2026-09-23"},"geometry":{"type":"Point","coordinates":[-118.16856,34.18334]}},{"type":"Feature","properties":{"osm_id":13381516601,"operator":"","manufacturer":"Flock Safety","category":"Flock","query_date":"2026-09-23"},"geometry":{"type":"Point","coordinates":[-118.16867,34.18312]}},{"type":"Feature","properties":{"osm_id":13381827901,"operator":"","manufacturer":"Flock Safety","category":"Flock","query_date":"2026-09-23"},"geometry":{"type":"Point","coordinates":[-118.09021,33.94916]}},{"type":"Feature","properties":{"osm_id":13381840701,"operator":"","manufacturer":"Flock Safety","category":"Flock","query_date":"2026-09-23"},"geometry":{"type":"Point","coordinates":[-118.08563,33.95653]}},{"type":"Feature","properties":{"osm_id":13381850301,"operator":"","manufacturer":"Flock Safety","category":"Flock","query_date":"2026-09-23"},"geometry":{"type":"Point","coordinates":[-118.08563,33.95653]}},{"type":"Feature","properties":{"osm_id":13387910001,"operator":"","manufacturer":"Flock Safety","category":"Flock","query_date":"2026-09-23"},"geometry":{"type":"Point","coordinates":[-118.78395,34.02595]}},{"type":"Feature","properties":{"osm_id":13389012201,"operator":"","manufacturer":"Flock Safety","category":"Flock","query_date":"2026-09-23"},"geometry":{"type":"Point","coordinates":[-118.38391,34.018]}},{"type":"Feature","properties":{"osm_id":13389411601,"operator":"","manufacturer":"Flock Safety","category":"Flock","query_date":"2026-09-23"},"geometry":{"type":"Point","coordinates":[-118.03062,34.05522]}},{"type":"Feature","properties":{"osm_id":13389675501,"operator":"","manufacturer":"Flock Safety","category":"Flock","query_date":"2026-09-23"},"geometry":{"type":"Point","coordinates":[-118.39534,33.99538]}},{"type":"Feature","properties":{"osm_id":13389676301,"operator":"","manufacturer":"Flock Safety","category":"Flock","query_date":"2026-09-23"},"geometry":{"type":"Point","coordinates":[-118.39534,33.99515]}},{"type":"Feature","properties":{"osm_id":13389690401,"operator":"","manufacturer":"Flock Safety","category":"Flock","query_date":"2026-09-23"},"geometry":{"type":"Point","coordinates":[-118.39543,33.99506]}},{"type":"Feature","properties":{"osm_id":13389714501,"operator":"","manufacturer":"Flock Safety","category":"Flock","query_date":"2026-09-23"},"geometry":{"type":"Point","coordinates":[-118.05457,34.15052]}},{"type":"Feature","properties":{"osm_id":13389863301,"operator":"","manufacturer":"Flock Safety","category":"Flock","query_date":"2026-09-23"},"geometry":{"type":"Point","coordinates":[-118.00936,34.13234]}},{"type":"Feature","properties":{"osm_id":13391628101,"operator":"","manufacturer":"Flock Safety","category":"Flock","query_date":"2026-09-23"},"geometry":{"type":"Point","coordinates":[-118.12416,34.18578]}},{"type":"Feature","properties":{"osm_id":13393785202,"operator":"","manufacturer":"Flock Safety","category":"Flock","query_date":"2026-09-23"},"geometry":{"type":"Point","coordinates":[-117.87242,34.12131]}},{"type":"Feature","properties":{"osm_id":13394030501,"operator":"","manufacturer":"Flock Safety","category":"Flock","query_date":"2026-09-23"},"geometry":{"type":"Point","coordinates":[-117.86852,34.12134]}},{"type":"Feature","properties":{"osm_id":13395712711,"operator":"","manufacturer":"Flock Safety","category":"Flock","query_date":"2026-09-23"},"geometry":{"type":"Point","coordinates":[-117.83997,34.11402]}},{"type":"Feature","properties":{"osm_id":13395854001,"operator":"","manufacturer":"Flock Safety","category":"Flock","query_date":"2026-09-23"},"geometry":{"type":"Point","coordinates":[-117.87244,34.1139]}},{"type":"Feature","properties":{"osm_id":13398271903,"operator":"","manufacturer":"Flock Safety","category":"Flock","query_date":"2026-09-23"},"geometry":{"type":"Point","coordinates":[-118.10485,33.98726]}},{"type":"Feature","properties":{"osm_id":13398522809,"operator":"","manufacturer":"Flock Safety","category":"Flock","query_date":"2026-09-23"},"geometry":{"type":"Point","coordinates":[-117.91786,34.13349]}},{"type":"Feature","properties":{"osm_id":13398686901,"operator":"","manufacturer":"Flock Safety","category":"Flock","query_date":"2026-09-23"},"geometry":{"type":"Point","coordinates":[-118.06931,33.9646]}},{"type":"Feature","properties":{"osm_id":13403449501,"operator":"","manufacturer":"Flock Safety","category":"Flock","query_date":"2026-09-23"},"geometry":{"type":"Point","coordinates":[-118.03876,33.9098]}},{"type":"Feature","properties":{"osm_id":13406396501,"operator":"","manufacturer":"Flock Safety","category":"Flock","query_date":"2026-09-23"},"geometry":{"type":"Point","coordinates":[-118.05628,33.91733]}},{"type":"Feature","properties":{"osm_id":13406746372,"operator":"","manufacturer":"Flock Safety","category":"Flock","query_date":"2026-09-23"},"geometry":{"type":"Point","coordinates":[-118.44082,34.28355]}},{"type":"Feature","properties":{"osm_id":13406746373,"operator":"","manufacturer":"Flock Safety","category":"Flock","query_date":"2026-09-23"},"geometry":{"type":"Point","coordinates":[-118.44122,34.28349]}},{"type":"Feature","properties":{"osm_id":13409456902,"operator":"","manufacturer":"Motorola Solutions","category":"other ALPR","query_date":"2026-09-23"},"geometry":{"type":"Point","coordinates":[-118.02912,33.91699]}},{"type":"Feature","properties":{"osm_id":13409469801,"operator":"","manufacturer":"Motorola Solutions","category":"other ALPR","query_date":"2026-09-23"},"geometry":{"type":"Point","coordinates":[-118.02946,33.91692]}},{"type":"Feature","properties":{"osm_id":13409978401,"operator":"","manufacturer":"Flock Safety","category":"Flock","query_date":"2026-09-23"},"geometry":{"type":"Point","coordinates":[-118.04643,33.89509]}},{"type":"Feature","properties":{"osm_id":13410062976,"operator":"","manufacturer":"Flock Safety","category":"Flock","query_date":"2026-09-23"},"geometry":{"type":"Point","coordinates":[-118.43736,34.2799]}},{"type":"Feature","properties":{"osm_id":13410092086,"operator":"The Home Depot","manufacturer":"Flock Safety","category":"Flock (store-operated)","query_date":"2026-09-23"},"geometry":{"type":"Point","coordinates":[-118.16465,34.68719]}},{"type":"Feature","properties":{"osm_id":13410092087,"operator":"The Home Depot","manufacturer":"Flock Safety","category":"Flock (store-operated)","query_date":"2026-09-23"},"geometry":{"type":"Point","coordinates":[-118.16542,34.68512]}},{"type":"Feature","properties":{"osm_id":13410109898,"operator":"","manufacturer":"Unkown","category":"other ALPR","query_date":"2026-09-23"},"geometry":{"type":"Point","coordinates":[-118.13727,34.69838]}},{"type":"Feature","properties":{"osm_id":13410129463,"operator":"The Home Depo","manufacturer":"Flock Safety","category":"Flock","query_date":"2026-09-23"},"geometry":{"type":"Point","coordinates":[-118.41668,34.2946]}},{"type":"Feature","properties":{"osm_id":13410137908,"operator":"","manufacturer":"Flock Safety","category":"Flock","query_date":"2026-09-23"},"geometry":{"type":"Point","coordinates":[-118.43946,34.28218]}},{"type":"Feature","properties":{"osm_id":13410142899,"operator":"","manufacturer":"Flock Safety","category":"Flock","query_date":"2026-09-23"},"geometry":{"type":"Point","coordinates":[-118.44035,34.28156]}},{"type":"Feature","properties":{"osm_id":13410147013,"operator":"","manufacturer":"Flock Safety","category":"Flock","query_date":"2026-09-23"},"geometry":{"type":"Point","coordinates":[-118.44899,34.29058]}},{"type":"Feature","properties":{"osm_id":13410147474,"operator":"","manufacturer":"Flock Safety","category":"Flock","query_date":"2026-09-23"},"geometry":{"type":"Point","coordinates":[-118.32118,34.1843]}},{"type":"Feature","properties":{"osm_id":13410147712,"operator":"","manufacturer":"Flock Safety","category":"Flock","query_date":"2026-09-23"},"geometry":{"type":"Point","coordinates":[-118.44226,34.28484]}},{"type":"Feature","properties":{"osm_id":13410147713,"operator":"","manufacturer":"Flock Safety","category":"Flock","query_date":"2026-09-23"},"geometry":{"type":"Point","coordinates":[-118.44225,34.28453]}},{"type":"Feature","properties":{"osm_id":13410150527,"operator":"","manufacturer":"Flock Safety","category":"Flock","query_date":"2026-09-23"},"geometry":{"type":"Point","coordinates":[-118.44922,34.29073]}},{"type":"Feature","properties":{"osm_id":13410150528,"operator":"","manufacturer":"Flock Safety","category":"Flock","query_date":"2026-09-23"},"geometry":{"type":"Point","coordinates":[-118.44929,34.2904]}},{"type":"Feature","properties":{"osm_id":13410150529,"operator":"","manufacturer":"Flock Safety","category":"Flock","query_date":"2026-09-23"},"geometry":{"type":"Point","coordinates":[-118.44943,34.2902]}},{"type":"Feature","properties":{"osm_id":13410167202,"operator":"","manufacturer":"Flock Safety","category":"Flock","query_date":"2026-09-23"},"geometry":{"type":"Point","coordinates":[-118.32174,34.18402]}},{"type":"Feature","properties":{"osm_id":13410219767,"operator":"","manufacturer":"Flock Safety","category":"Flock","query_date":"2026-09-23"},"geometry":{"type":"Point","coordinates":[-118.43016,34.29135]}},{"type":"Feature","properties":{"osm_id":13410219768,"operator":"","manufacturer":"Flock Safety","category":"Flock","query_date":"2026-09-23"},"geometry":{"type":"Point","coordinates":[-118.43038,34.29148]}},{"type":"Feature","properties":{"osm_id":13410219769,"operator":"","manufacturer":"Flock Safety","category":"Flock","query_date":"2026-09-23"},"geometry":{"type":"Point","coordinates":[-118.43033,34.29112]}},{"type":"Feature","properties":{"osm_id":13410219770,"operator":"","manufacturer":"Flock Safety","category":"Flock","query_date":"2026-09-23"},"geometry":{"type":"Point","coordinates":[-118.43119,34.29084]}},{"type":"Feature","properties":{"osm_id":13410227245,"operator":"","manufacturer":"Flock Safety","category":"Flock","query_date":"2026-09-23"},"geometry":{"type":"Point","coordinates":[-118.43867,34.29887]}},{"type":"Feature","properties":{"osm_id":13410227246,"operator":"","manufacturer":"Flock Safety","category":"Flock","query_date":"2026-09-23"},"geometry":{"type":"Point","coordinates":[-118.43863,34.29908]}},{"type":"Feature","properties":{"osm_id":13410234812,"operator":"","manufacturer":"Flock Safety","category":"Flock","query_date":"2026-09-23"},"geometry":{"type":"Point","coordinates":[-118.42434,34.28576]}},{"type":"Feature","properties":{"osm_id":13410234813,"operator":"","manufacturer":"Flock Safety","category":"Flock","query_date":"2026-09-23"},"geometry":{"type":"Point","coordinates":[-118.42434,34.28546]}},{"type":"Feature","properties":{"osm_id":13410318299,"operator":"","manufacturer":"Flock Safety","category":"Flock","query_date":"2026-09-23"},"geometry":{"type":"Point","coordinates":[-118.0363,34.04066]}},{"type":"Feature","properties":{"osm_id":13410318300,"operator":"","manufacturer":"Flock Safety","category":"Flock","query_date":"2026-09-23"},"geometry":{"type":"Point","coordinates":[-118.0359,34.04061]}},{"type":"Feature","properties":{"osm_id":13410345301,"operator":"","manufacturer":"Flock Safety","category":"Flock","query_date":"2026-09-23"},"geometry":{"type":"Point","coordinates":[-118.03013,34.04569]}},{"type":"Feature","properties":{"osm_id":13410345302,"operator":"","manufacturer":"Flock Safety","category":"Flock","query_date":"2026-09-23"},"geometry":{"type":"Point","coordinates":[-118.02657,34.04826]}},{"type":"Feature","properties":{"osm_id":13410345303,"operator":"","manufacturer":"Flock Safety","category":"Flock","query_date":"2026-09-23"},"geometry":{"type":"Point","coordinates":[-118.04256,34.05169]}},{"type":"Feature","properties":{"osm_id":13410345304,"operator":"","manufacturer":"Flock Safety","category":"Flock","query_date":"2026-09-23"},"geometry":{"type":"Point","coordinates":[-118.13038,34.03688]}},{"type":"Feature","properties":{"osm_id":13410345305,"operator":"","manufacturer":"Flock Safety","category":"Flock","query_date":"2026-09-23"},"geometry":{"type":"Point","coordinates":[-118.0009,34.15127]}},{"type":"Feature","properties":{"osm_id":13410345306,"operator":"","manufacturer":"Flock Safety","category":"Flock","query_date":"2026-09-23"},"geometry":{"type":"Point","coordinates":[-118.03172,34.14537]}},{"type":"Feature","properties":{"osm_id":13411147602,"operator":"","manufacturer":null,"category":"Flock","query_date":"2026-09-23"},"geometry":{"type":"Point","coordinates":[-118.31292,33.83739]}},{"type":"Feature","properties":{"osm_id":13411388701,"operator":"","manufacturer":"Flock Safety","category":"Flock","query_date":"2026-09-23"},"geometry":{"type":"Point","coordinates":[-118.14109,34.19274]}},{"type":"Feature","properties":{"osm_id":13411389501,"operator":"","manufacturer":"Flock Safety","category":"Flock","query_date":"2026-09-23"},"geometry":{"type":"Point","coordinates":[-118.14148,34.19253]}},{"type":"Feature","properties":{"osm_id":13411390401,"operator":"","manufacturer":"Flock Safety","category":"Flock","query_date":"2026-09-23"},"geometry":{"type":"Point","coordinates":[-118.14135,34.19276]}},{"type":"Feature","properties":{"osm_id":13411391001,"operator":"","manufacturer":"Flock Safety","category":"Flock","query_date":"2026-09-23"},"geometry":{"type":"Point","coordinates":[-118.14119,34.19252]}},{"type":"Feature","properties":{"osm_id":13413891301,"operator":"","manufacturer":"Flock Safety","category":"Flock","query_date":"2026-09-23"},"geometry":{"type":"Point","coordinates":[-118.06023,33.96927]}},{"type":"Feature","properties":{"osm_id":13416876401,"operator":"","manufacturer":"Flock Safety","category":"Flock","query_date":"2026-09-23"},"geometry":{"type":"Point","coordinates":[-118.05019,33.95926]}},{"type":"Feature","properties":{"osm_id":13416882201,"operator":"","manufacturer":"Flock Safety","category":"Flock","query_date":"2026-09-23"},"geometry":{"type":"Point","coordinates":[-118.04644,33.95629]}},{"type":"Feature","properties":{"osm_id":13419254086,"operator":"","manufacturer":"Flock Safety","category":"Flock","query_date":"2026-09-23"},"geometry":{"type":"Point","coordinates":[-118.37298,34.06185]}},{"type":"Feature","properties":{"osm_id":13422113101,"operator":"","manufacturer":"Flock Safety","category":"Flock","query_date":"2026-09-23"},"geometry":{"type":"Point","coordinates":[-118.07222,33.95777]}},{"type":"Feature","properties":{"osm_id":13422318101,"operator":"","manufacturer":"Motorola Solutions","category":"other ALPR","query_date":"2026-09-23"},"geometry":{"type":"Point","coordinates":[-118.31608,33.81943]}},{"type":"Feature","properties":{"osm_id":13422385801,"operator":"","manufacturer":"Flock Safety","category":"Flock","query_date":"2026-09-23"},"geometry":{"type":"Point","coordinates":[-117.74089,34.07964]}},{"type":"Feature","properties":{"osm_id":13423048501,"operator":"","manufacturer":"Flock Safety","category":"Flock","query_date":"2026-09-23"},"geometry":{"type":"Point","coordinates":[-117.9056,33.99084]}},{"type":"Feature","properties":{"osm_id":13423334101,"operator":"","manufacturer":"Flock Safety","category":"Flock","query_date":"2026-09-23"},"geometry":{"type":"Point","coordinates":[-117.90533,33.99107]}},{"type":"Feature","properties":{"osm_id":13423335001,"operator":"","manufacturer":"Flock Safety","category":"Flock","query_date":"2026-09-23"},"geometry":{"type":"Point","coordinates":[-117.88906,33.99175]}},{"type":"Feature","properties":{"osm_id":13423340401,"operator":"","manufacturer":"Flock Safety","category":"Flock","query_date":"2026-09-23"},"geometry":{"type":"Point","coordinates":[-117.88877,33.99181]}},{"type":"Feature","properties":{"osm_id":13424511501,"operator":"","manufacturer":"Flock Safety","category":"Flock","query_date":"2026-09-23"},"geometry":{"type":"Point","coordinates":[-117.99446,33.91737]}},{"type":"Feature","properties":{"osm_id":13424777901,"operator":"","manufacturer":"Motorola Solutions","category":"other ALPR","query_date":"2026-09-23"},"geometry":{"type":"Point","coordinates":[-118.31608,33.81945]}},{"type":"Feature","properties":{"osm_id":13425547801,"operator":"","manufacturer":"Flock Safety","category":"Flock","query_date":"2026-09-23"},"geometry":{"type":"Point","coordinates":[-118.13786,33.94253]}},{"type":"Feature","properties":{"osm_id":13425550701,"operator":"","manufacturer":"Flock Safety","category":"Flock","query_date":"2026-09-23"},"geometry":{"type":"Point","coordinates":[-118.13332,33.94006]}},{"type":"Feature","properties":{"osm_id":13425553701,"operator":"","manufacturer":"Flock Safety","category":"Flock","query_date":"2026-09-23"},"geometry":{"type":"Point","coordinates":[-118.13298,33.94023]}},{"type":"Feature","properties":{"osm_id":13425557801,"operator":"","manufacturer":"Flock Safety","category":"Flock","query_date":"2026-09-23"},"geometry":{"type":"Point","coordinates":[-118.13188,33.94196]}},{"type":"Feature","properties":{"osm_id":13425558001,"operator":"","manufacturer":"Flock Safety","category":"Flock","query_date":"2026-09-23"},"geometry":{"type":"Point","coordinates":[-118.13189,33.94179]}},{"type":"Feature","properties":{"osm_id":13425560001,"operator":"","manufacturer":"Flock Safety","category":"Flock","query_date":"2026-09-23"},"geometry":{"type":"Point","coordinates":[-118.13138,33.93932]}},{"type":"Feature","properties":{"osm_id":13426895401,"operator":"","manufacturer":"Flock Safety","category":"Flock","query_date":"2026-09-23"},"geometry":{"type":"Point","coordinates":[-118.04643,33.8899]}},{"type":"Feature","properties":{"osm_id":13427627896,"operator":"","manufacturer":"Motorola","category":"other ALPR","query_date":"2026-09-23"},"geometry":{"type":"Point","coordinates":[-118.34373,33.87304]}},{"type":"Feature","properties":{"osm_id":13427660426,"operator":"","manufacturer":"Motorola Solutions","category":"other ALPR","query_date":"2026-09-23"},"geometry":{"type":"Point","coordinates":[-118.34377,33.87303]}},{"type":"Feature","properties":{"osm_id":13427669157,"operator":"","manufacturer":"Flock Safety","category":"Flock","query_date":"2026-09-23"},"geometry":{"type":"Point","coordinates":[-118.3436,33.87281]}},{"type":"Feature","properties":{"osm_id":13427671149,"operator":"","manufacturer":"Motorola","category":"other ALPR","query_date":"2026-09-23"},"geometry":{"type":"Point","coordinates":[-118.34379,33.87303]}},{"type":"Feature","properties":{"osm_id":13427709000,"operator":"","manufacturer":"Motorola","category":"other ALPR","query_date":"2026-09-23"},"geometry":{"type":"Point","coordinates":[-118.34359,33.87271]}},{"type":"Feature","properties":{"osm_id":13427715059,"operator":"","manufacturer":"Motorola","category":"other ALPR","query_date":"2026-09-23"},"geometry":{"type":"Point","coordinates":[-118.3436,33.87274]}},{"type":"Feature","properties":{"osm_id":13427732402,"operator":"","manufacturer":"Motorola","category":"other ALPR","query_date":"2026-09-23"},"geometry":{"type":"Point","coordinates":[-118.3436,33.87278]}},{"type":"Feature","properties":{"osm_id":13427744574,"operator":"","manufacturer":"Flock Safety","category":"Flock","query_date":"2026-09-23"},"geometry":{"type":"Point","coordinates":[-118.34387,33.87265]}},{"type":"Feature","properties":{"osm_id":13427744623,"operator":"","manufacturer":"Motorola","category":"other ALPR","query_date":"2026-09-23"},"geometry":{"type":"Point","coordinates":[-118.3439,33.87265]}},{"type":"Feature","properties":{"osm_id":13427753401,"operator":"Pasadena Police Department","manufacturer":"Flock Safety","category":"Flock","query_date":"2026-09-23"},"geometry":{"type":"Point","coordinates":[-118.15225,34.16504]}},{"type":"Feature","properties":{"osm_id":13427753601,"operator":"Pasadena Police Department","manufacturer":"Flock Safety","category":"Flock","query_date":"2026-09-23"},"geometry":{"type":"Point","coordinates":[-118.15228,34.1653]}},{"type":"Feature","properties":{"osm_id":13427760901,"operator":"Pasadena Police Department","manufacturer":"Flock Safety","category":"Flock","query_date":"2026-09-23"},"geometry":{"type":"Point","coordinates":[-118.15207,34.16509]}},{"type":"Feature","properties":{"osm_id":13429699602,"operator":"","manufacturer":"Flock Safety","category":"Flock","query_date":"2026-09-23"},"geometry":{"type":"Point","coordinates":[-118.31291,33.83739]}},{"type":"Feature","properties":{"osm_id":13429886201,"operator":"Pasadena Police Department","manufacturer":"Flock Safety","category":"Flock","query_date":"2026-09-23"},"geometry":{"type":"Point","coordinates":[-118.12143,34.16921]}},{"type":"Feature","properties":{"osm_id":13429886601,"operator":"Pasadena Police Department","manufacturer":"Flock Safety","category":"Flock","query_date":"2026-09-23"},"geometry":{"type":"Point","coordinates":[-118.1214,34.16899]}},{"type":"Feature","properties":{"osm_id":13429887701,"operator":"Pasadena Police Department","manufacturer":"Flock Safety","category":"Flock","query_date":"2026-09-23"},"geometry":{"type":"Point","coordinates":[-118.12168,34.16916]}},{"type":"Feature","properties":{"osm_id":13431558114,"operator":"","manufacturer":"Flock Safety","category":"Flock","query_date":"2026-09-23"},"geometry":{"type":"Point","coordinates":[-118.14068,34.06964]}},{"type":"Feature","properties":{"osm_id":13431723401,"operator":"","manufacturer":"Flock Safety","category":"Flock","query_date":"2026-09-23"},"geometry":{"type":"Point","coordinates":[-118.14113,34.0696]}},{"type":"Feature","properties":{"osm_id":13431764201,"operator":"","manufacturer":"Flock Safety","category":"Flock","query_date":"2026-09-23"},"geometry":{"type":"Point","coordinates":[-118.42041,34.03735]}},{"type":"Feature","properties":{"osm_id":13431764501,"operator":"","manufacturer":"Flock Safety","category":"Flock","query_date":"2026-09-23"},"geometry":{"type":"Point","coordinates":[-118.4208,34.0374]}},{"type":"Feature","properties":{"osm_id":13436312931,"operator":"","manufacturer":"Flock Safety","category":"Flock","query_date":"2026-09-23"},"geometry":{"type":"Point","coordinates":[-118.79061,34.16233]}},{"type":"Feature","properties":{"osm_id":13436362801,"operator":"Pasadena Police Department","manufacturer":"Flock Safety","category":"Flock","query_date":"2026-09-23"},"geometry":{"type":"Point","coordinates":[-118.12162,34.16836]}},{"type":"Feature","properties":{"osm_id":13436669701,"operator":"","manufacturer":"Flock Safety","category":"Flock","query_date":"2026-09-23"},"geometry":{"type":"Point","coordinates":[-118.1642,33.98608]}},{"type":"Feature","properties":{"osm_id":13438905001,"operator":"","manufacturer":"Flock Safety","category":"Flock","query_date":"2026-09-23"},"geometry":{"type":"Point","coordinates":[-118.44284,33.98507]}},{"type":"Feature","properties":{"osm_id":13440688301,"operator":"","manufacturer":"Flock Safety","category":"Flock","query_date":"2026-09-23"},"geometry":{"type":"Point","coordinates":[-118.3801,33.98888]}},{"type":"Feature","properties":{"osm_id":13443864901,"operator":"","manufacturer":"Flock Safety","category":"Flock","query_date":"2026-09-23"},"geometry":{"type":"Point","coordinates":[-118.38071,33.98908]}},{"type":"Feature","properties":{"osm_id":13444590101,"operator":"","manufacturer":"Flock Safety","category":"Flock","query_date":"2026-09-23"},"geometry":{"type":"Point","coordinates":[-118.36165,34.09381]}},{"type":"Feature","properties":{"osm_id":13447136101,"operator":"","manufacturer":"Flock Safety","category":"Flock","query_date":"2026-09-23"},"geometry":{"type":"Point","coordinates":[-117.83959,34.14711]}},{"type":"Feature","properties":{"osm_id":13447231101,"operator":"","manufacturer":"Flock Safety","category":"Flock","query_date":"2026-09-23"},"geometry":{"type":"Point","coordinates":[-117.84611,34.14884]}},{"type":"Feature","properties":{"osm_id":13447232501,"operator":"","manufacturer":"Flock Safety","category":"Flock","query_date":"2026-09-23"},"geometry":{"type":"Point","coordinates":[-117.84638,34.14703]}},{"type":"Feature","properties":{"osm_id":13447375501,"operator":"","manufacturer":"Flock Safety","category":"Flock","query_date":"2026-09-23"},"geometry":{"type":"Point","coordinates":[-118.55407,34.24075]}},{"type":"Feature","properties":{"osm_id":13448377501,"operator":"","manufacturer":"Flock Safety","category":"Flock","query_date":"2026-09-23"},"geometry":{"type":"Point","coordinates":[-118.03568,34.02206]}},{"type":"Feature","properties":{"osm_id":13448378801,"operator":"","manufacturer":"Flock Safety","category":"Flock","query_date":"2026-09-23"},"geometry":{"type":"Point","coordinates":[-118.03563,34.02204]}},{"type":"Feature","properties":{"osm_id":13448388301,"operator":"","manufacturer":"Flock Safety","category":"Flock","query_date":"2026-09-23"},"geometry":{"type":"Point","coordinates":[-118.05624,34.00171]}},{"type":"Feature","properties":{"osm_id":13448984801,"operator":"","manufacturer":"Flock Safety","category":"Flock","query_date":"2026-09-23"},"geometry":{"type":"Point","coordinates":[-118.29537,33.76392]}},{"type":"Feature","properties":{"osm_id":13449236101,"operator":"","manufacturer":"Flock Safety","category":"Flock","query_date":"2026-09-23"},"geometry":{"type":"Point","coordinates":[-118.39385,34.05807]}},{"type":"Feature","properties":{"osm_id":13449398901,"operator":"","manufacturer":"Flock Safety","category":"Flock","query_date":"2026-09-23"},"geometry":{"type":"Point","coordinates":[-117.86548,34.14704]}},{"type":"Feature","properties":{"osm_id":13449400801,"operator":"","manufacturer":"Flock Safety","category":"Flock","query_date":"2026-09-23"},"geometry":{"type":"Point","coordinates":[-117.82828,34.13607]}},{"type":"Feature","properties":{"osm_id":13449400901,"operator":"","manufacturer":"Flock Safety","category":"Flock","query_date":"2026-09-23"},"geometry":{"type":"Point","coordinates":[-117.82869,34.13627]}},{"type":"Feature","properties":{"osm_id":13451161598,"operator":"Lowe's","manufacturer":"Flock Safety","category":"Flock (store-operated)","query_date":"2026-09-23"},"geometry":{"type":"Point","coordinates":[-118.56114,34.23571]}},{"type":"Feature","properties":{"osm_id":13451626801,"operator":"","manufacturer":"Flock Safety","category":"Flock","query_date":"2026-09-23"},"geometry":{"type":"Point","coordinates":[-117.82851,34.11382]}},{"type":"Feature","properties":{"osm_id":13451760914,"operator":"","manufacturer":"Flock Safety","category":"Flock","query_date":"2026-09-23"},"geometry":{"type":"Point","coordinates":[-118.55514,34.23584]}},{"type":"Feature","properties":{"osm_id":13451760915,"operator":"","manufacturer":"Flock Safety","category":"Flock","query_date":"2026-09-23"},"geometry":{"type":"Point","coordinates":[-118.55611,34.2358]}},{"type":"Feature","properties":{"osm_id":13452983521,"operator":"","manufacturer":"Flock Safety","category":"Flock","query_date":"2026-09-23"},"geometry":{"type":"Point","coordinates":[-118.55583,34.2426]}},{"type":"Feature","properties":{"osm_id":13453010082,"operator":"","manufacturer":"Flock Safety","category":"Flock","query_date":"2026-09-23"},"geometry":{"type":"Point","coordinates":[-118.55652,34.24238]}},{"type":"Feature","properties":{"osm_id":13453011040,"operator":"","manufacturer":"Flock Safety","category":"Flock","query_date":"2026-09-23"},"geometry":{"type":"Point","coordinates":[-118.55652,34.24249]}},{"type":"Feature","properties":{"osm_id":13453019751,"operator":"","manufacturer":"Flock Safety","category":"Flock","query_date":"2026-09-23"},"geometry":{"type":"Point","coordinates":[-118.55565,34.24241]}},{"type":"Feature","properties":{"osm_id":13453039770,"operator":"","manufacturer":"Flock Safety","category":"Flock","query_date":"2026-09-23"},"geometry":{"type":"Point","coordinates":[-118.5547,34.24216]}},{"type":"Feature","properties":{"osm_id":13453043624,"operator":"","manufacturer":"Flock Safety","category":"Flock","query_date":"2026-09-23"},"geometry":{"type":"Point","coordinates":[-118.55418,34.24064]}},{"type":"Feature","properties":{"osm_id":13453043625,"operator":"","manufacturer":"Flock Safety","category":"Flock","query_date":"2026-09-23"},"geometry":{"type":"Point","coordinates":[-118.55413,34.24075]}},{"type":"Feature","properties":{"osm_id":13453315201,"operator":"","manufacturer":"Flock Safety","category":"Flock","query_date":"2026-09-23"},"geometry":{"type":"Point","coordinates":[-117.976,34.13584]}},{"type":"Feature","properties":{"osm_id":13453320901,"operator":"","manufacturer":"Flock Safety","category":"Flock","query_date":"2026-09-23"},"geometry":{"type":"Point","coordinates":[-118.39557,33.90962]}},{"type":"Feature","properties":{"osm_id":13454781101,"operator":"","manufacturer":"Flock Safety","category":"Flock","query_date":"2026-09-23"},"geometry":{"type":"Point","coordinates":[-118.09962,33.88396]}},{"type":"Feature","properties":{"osm_id":13454781401,"operator":"","manufacturer":"Flock Safety","category":"Flock","query_date":"2026-09-23"},"geometry":{"type":"Point","coordinates":[-118.05129,33.94488]}},{"type":"Feature","properties":{"osm_id":13456542001,"operator":"The Home Depot","manufacturer":"Flock Safety","category":"Flock (store-operated)","query_date":"2026-09-23"},"geometry":{"type":"Point","coordinates":[-118.31174,33.98791]}},{"type":"Feature","properties":{"osm_id":13458796001,"operator":"","manufacturer":"Flock Safety","category":"Flock","query_date":"2026-09-23"},"geometry":{"type":"Point","coordinates":[-118.39556,34.09057]}},{"type":"Feature","properties":{"osm_id":13460732497,"operator":"","manufacturer":"Flock","category":"Flock","query_date":"2026-09-23"},"geometry":{"type":"Point","coordinates":[-118.05281,33.97792]}},{"type":"Feature","properties":{"osm_id":13460860601,"operator":"","manufacturer":"Flock Safety","category":"Flock","query_date":"2026-09-23"},"geometry":{"type":"Point","coordinates":[-118.64365,34.17305]}},{"type":"Feature","properties":{"osm_id":13460862001,"operator":"","manufacturer":"Flock Safety","category":"Flock","query_date":"2026-09-23"},"geometry":{"type":"Point","coordinates":[-118.64385,34.17282]}},{"type":"Feature","properties":{"osm_id":13460916102,"operator":"","manufacturer":"Flock Safety","category":"Flock","query_date":"2026-09-23"},"geometry":{"type":"Point","coordinates":[-118.0421,33.98805]}},{"type":"Feature","properties":{"osm_id":13461213794,"operator":"","manufacturer":"Motorola Solutions","category":"other ALPR","query_date":"2026-09-23"},"geometry":{"type":"Point","coordinates":[-118.46991,34.02524]}},{"type":"Feature","properties":{"osm_id":13461235916,"operator":"","manufacturer":"Flock Safety","category":"Flock","query_date":"2026-09-23"},"geometry":{"type":"Point","coordinates":[-118.4801,34.02884]}},{"type":"Feature","properties":{"osm_id":13461244946,"operator":"","manufacturer":"Motorola Solutions","category":"other ALPR","query_date":"2026-09-23"},"geometry":{"type":"Point","coordinates":[-118.47203,34.04063]}},{"type":"Feature","properties":{"osm_id":13461503801,"operator":"","manufacturer":"Motorola Solutions","category":"other ALPR","query_date":"2026-09-23"},"geometry":{"type":"Point","coordinates":[-118.00289,34.11377]}},{"type":"Feature","properties":{"osm_id":13461532101,"operator":"","manufacturer":"Motorola Solutions","category":"other ALPR","query_date":"2026-09-23"},"geometry":{"type":"Point","coordinates":[-117.97292,33.98142]}},{"type":"Feature","properties":{"osm_id":13461538504,"operator":"","manufacturer":"Motorola Solutions","category":"other ALPR","query_date":"2026-09-23"},"geometry":{"type":"Point","coordinates":[-117.97275,33.98112]}},{"type":"Feature","properties":{"osm_id":13461722216,"operator":"","manufacturer":"Flock Safety","category":"Flock","query_date":"2026-09-23"},"geometry":{"type":"Point","coordinates":[-118.36646,34.09087]}},{"type":"Feature","properties":{"osm_id":13461727788,"operator":"","manufacturer":"Flock Safety","category":"Flock","query_date":"2026-09-23"},"geometry":{"type":"Point","coordinates":[-118.37404,34.08309]}},{"type":"Feature","properties":{"osm_id":13463111201,"operator":"","manufacturer":"Flock Safety","category":"Flock","query_date":"2026-09-23"},"geometry":{"type":"Point","coordinates":[-118.52703,34.37898]}},{"type":"Feature","properties":{"osm_id":13469219101,"operator":"","manufacturer":null,"category":"Flock","query_date":"2026-09-23"},"geometry":{"type":"Point","coordinates":[-118.14181,34.08427]}},{"type":"Feature","properties":{"osm_id":13469309046,"operator":"Lowe's","manufacturer":"Flock Safety","category":"Flock (store-operated)","query_date":"2026-09-23"},"geometry":{"type":"Point","coordinates":[-118.56199,34.23638]}},{"type":"Feature","properties":{"osm_id":13469309410,"operator":"Lowe's","manufacturer":"Flock Safety","category":"Flock (store-operated)","query_date":"2026-09-23"},"geometry":{"type":"Point","coordinates":[-118.56003,34.2358]}},{"type":"Feature","properties":{"osm_id":13469337801,"operator":"","manufacturer":"Flock Safety","category":"Flock","query_date":"2026-09-23"},"geometry":{"type":"Point","coordinates":[-118.12888,34.0471]}},{"type":"Feature","properties":{"osm_id":13469341101,"operator":"","manufacturer":"Flock Safety","category":"Flock","query_date":"2026-09-23"},"geometry":{"type":"Point","coordinates":[-118.1261,34.05478]}},{"type":"Feature","properties":{"osm_id":13471697201,"operator":"","manufacturer":"Flock Safety","category":"Flock","query_date":"2026-09-23"},"geometry":{"type":"Point","coordinates":[-117.74085,34.07974]}},{"type":"Feature","properties":{"osm_id":13471700201,"operator":"","manufacturer":"Flock Safety","category":"Flock","query_date":"2026-09-23"},"geometry":{"type":"Point","coordinates":[-117.74905,34.09022]}},{"type":"Feature","properties":{"osm_id":13471700901,"operator":"","manufacturer":"Flock Safety","category":"Flock","query_date":"2026-09-23"},"geometry":{"type":"Point","coordinates":[-117.7496,34.0898]}},{"type":"Feature","properties":{"osm_id":13472451403,"operator":"","manufacturer":"Flock Safety","category":"Flock","query_date":"2026-09-23"},"geometry":{"type":"Point","coordinates":[-118.09125,33.88736]}},{"type":"Feature","properties":{"osm_id":13472454102,"operator":"","manufacturer":"Flock Safety","category":"Flock","query_date":"2026-09-23"},"geometry":{"type":"Point","coordinates":[-118.09196,33.88738]}},{"type":"Feature","properties":{"osm_id":13472456901,"operator":"","manufacturer":"Flock Safety","category":"Flock","query_date":"2026-09-23"},"geometry":{"type":"Point","coordinates":[-118.09282,33.88738]}},{"type":"Feature","properties":{"osm_id":13472464801,"operator":"","manufacturer":"Flock Safety","category":"Flock","query_date":"2026-09-23"},"geometry":{"type":"Point","coordinates":[-118.09965,33.88617]}},{"type":"Feature","properties":{"osm_id":13472464901,"operator":"","manufacturer":"Flock Safety","category":"Flock","query_date":"2026-09-23"},"geometry":{"type":"Point","coordinates":[-118.09972,33.88529]}},{"type":"Feature","properties":{"osm_id":13472468401,"operator":"","manufacturer":"Flock Safety","category":"Flock","query_date":"2026-09-23"},"geometry":{"type":"Point","coordinates":[-118.09966,33.88238]}},{"type":"Feature","properties":{"osm_id":13475391101,"operator":"","manufacturer":"Flock Safety","category":"Flock","query_date":"2026-09-23"},"geometry":{"type":"Point","coordinates":[-118.11156,33.77527]}},{"type":"Feature","properties":{"osm_id":13476206735,"operator":"Lowe's","manufacturer":"Flock Safety","category":"Flock (store-operated)","query_date":"2026-09-23"},"geometry":{"type":"Point","coordinates":[-118.46143,34.39551]}},{"type":"Feature","properties":{"osm_id":13476206736,"operator":"Lowe's","manufacturer":"Flock Safety","category":"Flock (store-operated)","query_date":"2026-09-23"},"geometry":{"type":"Point","coordinates":[-118.4609,34.39488]}},{"type":"Feature","properties":{"osm_id":13477023001,"operator":"","manufacturer":"Flock Safety","category":"Flock","query_date":"2026-09-23"},"geometry":{"type":"Point","coordinates":[-118.00195,33.96304]}},{"type":"Feature","properties":{"osm_id":13477955901,"operator":"","manufacturer":"Flock Safety","category":"Flock","query_date":"2026-09-23"},"geometry":{"type":"Point","coordinates":[-118.15997,33.88931]}},{"type":"Feature","properties":{"osm_id":13477955902,"operator":"","manufacturer":"Flock Safety","category":"Flock","query_date":"2026-09-23"},"geometry":{"type":"Point","coordinates":[-118.15166,33.90355]}},{"type":"Feature","properties":{"osm_id":13477958501,"operator":"","manufacturer":"Flock Safety","category":"Flock","query_date":"2026-09-23"},"geometry":{"type":"Point","coordinates":[-118.15128,33.88215]}},{"type":"Feature","properties":{"osm_id":13477962901,"operator":"","manufacturer":"Flock Safety","category":"Flock","query_date":"2026-09-23"},"geometry":{"type":"Point","coordinates":[-118.15166,33.90355]}},{"type":"Feature","properties":{"osm_id":13477963401,"operator":"","manufacturer":"Flock Safety","category":"Flock","query_date":"2026-09-23"},"geometry":{"type":"Point","coordinates":[-118.16862,33.88268]}},{"type":"Feature","properties":{"osm_id":13477965601,"operator":"","manufacturer":"Flock Safety","category":"Flock","query_date":"2026-09-23"},"geometry":{"type":"Point","coordinates":[-118.1603,33.90358]}},{"type":"Feature","properties":{"osm_id":13477965602,"operator":"","manufacturer":"Flock Safety","category":"Flock","query_date":"2026-09-23"},"geometry":{"type":"Point","coordinates":[-118.17745,33.89644]}},{"type":"Feature","properties":{"osm_id":13477965603,"operator":"","manufacturer":"Flock Safety","category":"Flock","query_date":"2026-09-23"},"geometry":{"type":"Point","coordinates":[-118.16003,33.89652]}},{"type":"Feature","properties":{"osm_id":13477969301,"operator":"","manufacturer":"Flock Safety","category":"Flock","query_date":"2026-09-23"},"geometry":{"type":"Point","coordinates":[-118.18245,33.88901]}},{"type":"Feature","properties":{"osm_id":13477970901,"operator":"","manufacturer":"Flock Safety","category":"Flock","query_date":"2026-09-23"},"geometry":{"type":"Point","coordinates":[-118.17757,33.89624]}},{"type":"Feature","properties":{"osm_id":13477970902,"operator":"","manufacturer":"Flock Safety","category":"Flock","query_date":"2026-09-23"},"geometry":{"type":"Point","coordinates":[-118.1775,33.90357]}},{"type":"Feature","properties":{"osm_id":13477970903,"operator":"","manufacturer":"Flock Safety","category":"Flock","query_date":"2026-09-23"},"geometry":{"type":"Point","coordinates":[-118.1689,33.88928]}},{"type":"Feature","properties":{"osm_id":13477971201,"operator":"","manufacturer":"Flock Safety","category":"Flock","query_date":"2026-09-23"},"geometry":{"type":"Point","coordinates":[-118.17763,33.90355]}},{"type":"Feature","properties":{"osm_id":13477971202,"operator":"","manufacturer":"Flock Safety","category":"Flock","query_date":"2026-09-23"},"geometry":{"type":"Point","coordinates":[-118.16026,33.89631]}},{"type":"Feature","properties":{"osm_id":13477972101,"operator":"","manufacturer":"Flock Safety","category":"Flock","query_date":"2026-09-23"},"geometry":{"type":"Point","coordinates":[-118.16873,33.88905]}},{"type":"Feature","properties":{"osm_id":13477976401,"operator":"","manufacturer":"Flock Safety","category":"Flock","query_date":"2026-09-23"},"geometry":{"type":"Point","coordinates":[-118.15158,33.89656]}},{"type":"Feature","properties":{"osm_id":13477979401,"operator":"","manufacturer":"Flock Safety","category":"Flock","query_date":"2026-09-23"},"geometry":{"type":"Point","coordinates":[-118.15127,33.88934]}},{"type":"Feature","properties":{"osm_id":13477982101,"operator":"","manufacturer":"Flock Safety","category":"Flock","query_date":"2026-09-23"},"geometry":{"type":"Point","coordinates":[-118.16905,33.90918]}},{"type":"Feature","properties":{"osm_id":13477982102,"operator":"","manufacturer":"Flock Safety","category":"Flock","query_date":"2026-09-23"},"geometry":{"type":"Point","coordinates":[-118.17742,33.88559]}},{"type":"Feature","properties":{"osm_id":13477986201,"operator":"","manufacturer":"Flock Safety","category":"Flock","query_date":"2026-09-23"},"geometry":{"type":"Point","coordinates":[-118.16878,33.89291]}},{"type":"Feature","properties":{"osm_id":13477997201,"operator":"The Home Depot","manufacturer":"Flock Safety","category":"Flock (store-operated)","query_date":"2026-09-23"},"geometry":{"type":"Point","coordinates":[-118.1858,33.88874]}},{"type":"Feature","properties":{"osm_id":13478055802,"operator":"","manufacturer":"Flock Safety","category":"Flock","query_date":"2026-09-23"},"geometry":{"type":"Point","coordinates":[-118.14545,33.90388]}},{"type":"Feature","properties":{"osm_id":13478090701,"operator":"","manufacturer":"Flock Safety","category":"Flock","query_date":"2026-09-23"},"geometry":{"type":"Point","coordinates":[-118.14291,33.8894]}},{"type":"Feature","properties":{"osm_id":13478100001,"operator":"","manufacturer":"Flock Safety","category":"Flock","query_date":"2026-09-23"},"geometry":{"type":"Point","coordinates":[-118.14291,33.8894]}},{"type":"Feature","properties":{"osm_id":13478345167,"operator":"","manufacturer":"Flock Safety","category":"Flock","query_date":"2026-09-23"},"geometry":{"type":"Point","coordinates":[-117.95852,34.05756]}},{"type":"Feature","properties":{"osm_id":13478345168,"operator":"","manufacturer":"Flock Safety","category":"Flock","query_date":"2026-09-23"},"geometry":{"type":"Point","coordinates":[-117.97875,34.07022]}},{"type":"Feature","properties":{"osm_id":13478345169,"operator":"","manufacturer":"Flock Safety","category":"Flock","query_date":"2026-09-23"},"geometry":{"type":"Point","coordinates":[-117.97702,34.0703]}},{"type":"Feature","properties":{"osm_id":13478345170,"operator":"","manufacturer":"Flock Safety","category":"Flock","query_date":"2026-09-23"},"geometry":{"type":"Point","coordinates":[-117.98982,34.06754]}},{"type":"Feature","properties":{"osm_id":13478345171,"operator":"","manufacturer":"Flock Safety","category":"Flock","query_date":"2026-09-23"},"geometry":{"type":"Point","coordinates":[-117.97938,34.07256]}},{"type":"Feature","properties":{"osm_id":13478345172,"operator":"","manufacturer":"Flock Safety","category":"Flock","query_date":"2026-09-23"},"geometry":{"type":"Point","coordinates":[-117.98778,34.07875]}},{"type":"Feature","properties":{"osm_id":13478345173,"operator":"","manufacturer":"Flock Safety","category":"Flock","query_date":"2026-09-23"},"geometry":{"type":"Point","coordinates":[-117.99551,34.07813]}},{"type":"Feature","properties":{"osm_id":13478345174,"operator":"","manufacturer":"Flock Safety","category":"Flock","query_date":"2026-09-23"},"geometry":{"type":"Point","coordinates":[-117.99151,34.06704]}},{"type":"Feature","properties":{"osm_id":13478475765,"operator":"Pasadena Police Department","manufacturer":"Flock Safety","category":"Flock","query_date":"2026-09-23"},"geometry":{"type":"Point","coordinates":[-118.16003,34.16194]}},{"type":"Feature","properties":{"osm_id":13478475770,"operator":"Pasadena Police Department","manufacturer":"Flock Safety","category":"Flock","query_date":"2026-09-23"},"geometry":{"type":"Point","coordinates":[-118.15965,34.16533]}},{"type":"Feature","properties":{"osm_id":13478475775,"operator":"Pasadena Police Department","manufacturer":"Flock Safety","category":"Flock","query_date":"2026-09-23"},"geometry":{"type":"Point","coordinates":[-118.15972,34.1662]}},{"type":"Feature","properties":{"osm_id":13478475776,"operator":"Pasadena Police Department","manufacturer":"Flock Safety","category":"Flock","query_date":"2026-09-23"},"geometry":{"type":"Point","coordinates":[-118.15947,34.16622]}},{"type":"Feature","properties":{"osm_id":13478475777,"operator":"Pasadena Police Department","manufacturer":"Flock Safety","category":"Flock","query_date":"2026-09-23"},"geometry":{"type":"Point","coordinates":[-118.1594,34.16605]}},{"type":"Feature","properties":{"osm_id":13480890972,"operator":"","manufacturer":"Flock Safety","category":"Flock","query_date":"2026-09-23"},"geometry":{"type":"Point","coordinates":[-118.11635,33.78848]}},{"type":"Feature","properties":{"osm_id":13480934711,"operator":"","manufacturer":"Flock Safety","category":"Flock","query_date":"2026-09-23"},"geometry":{"type":"Point","coordinates":[-118.1161,33.78786]}},{"type":"Feature","properties":{"osm_id":13480935813,"operator":"","manufacturer":"Flock Safety","category":"Flock","query_date":"2026-09-23"},"geometry":{"type":"Point","coordinates":[-118.11614,33.78757]}},{"type":"Feature","properties":{"osm_id":13480957924,"operator":"","manufacturer":"Flock Safety","category":"Flock","query_date":"2026-09-23"},"geometry":{"type":"Point","coordinates":[-117.95507,34.08768]}},{"type":"Feature","properties":{"osm_id":13482573501,"operator":"","manufacturer":"Flock Safety","category":"Flock","query_date":"2026-09-23"},"geometry":{"type":"Point","coordinates":[-118.1215,33.78215]}},{"type":"Feature","properties":{"osm_id":13482573502,"operator":"","manufacturer":"Flock Safety","category":"Flock","query_date":"2026-09-23"},"geometry":{"type":"Point","coordinates":[-118.12123,33.78196]}},{"type":"Feature","properties":{"osm_id":13482594201,"operator":"","manufacturer":"Flock Safety","category":"Flock","query_date":"2026-09-23"},"geometry":{"type":"Point","coordinates":[-118.11912,33.78853]}},{"type":"Feature","properties":{"osm_id":13482595201,"operator":"","manufacturer":"Flock Safety","category":"Flock","query_date":"2026-09-23"},"geometry":{"type":"Point","coordinates":[-118.11898,33.7884]}},{"type":"Feature","properties":{"osm_id":13482601401,"operator":"","manufacturer":"Flock Safety","category":"Flock","query_date":"2026-09-23"},"geometry":{"type":"Point","coordinates":[-118.11614,33.78757]}},{"type":"Feature","properties":{"osm_id":13482630601,"operator":"","manufacturer":"Flock Safety","category":"Flock","query_date":"2026-09-23"},"geometry":{"type":"Point","coordinates":[-118.10988,33.78815]}},{"type":"Feature","properties":{"osm_id":13482631201,"operator":"","manufacturer":"Flock Safety","category":"Flock","query_date":"2026-09-23"},"geometry":{"type":"Point","coordinates":[-118.11003,33.78852]}},{"type":"Feature","properties":{"osm_id":13482633901,"operator":"","manufacturer":"Flock Safety","category":"Flock","query_date":"2026-09-23"},"geometry":{"type":"Point","coordinates":[-118.10834,33.78683]}},{"type":"Feature","properties":{"osm_id":13482638301,"operator":"","manufacturer":"Flock Safety","category":"Flock","query_date":"2026-09-23"},"geometry":{"type":"Point","coordinates":[-118.10882,33.78668]}},{"type":"Feature","properties":{"osm_id":13482645502,"operator":"","manufacturer":"Flock Safety","category":"Flock","query_date":"2026-09-23"},"geometry":{"type":"Point","coordinates":[-117.84053,34.04688]}},{"type":"Feature","properties":{"osm_id":13482646201,"operator":"","manufacturer":"Flock Safety","category":"Flock","query_date":"2026-09-23"},"geometry":{"type":"Point","coordinates":[-118.10821,33.78457]}},{"type":"Feature","properties":{"osm_id":13482646601,"operator":"","manufacturer":"Flock Safety","category":"Flock","query_date":"2026-09-23"},"geometry":{"type":"Point","coordinates":[-117.84002,34.04682]}},{"type":"Feature","properties":{"osm_id":13482649901,"operator":"","manufacturer":"Flock Safety","category":"Flock","query_date":"2026-09-23"},"geometry":{"type":"Point","coordinates":[-118.10829,33.78326]}},{"type":"Feature","properties":{"osm_id":13482651901,"operator":"","manufacturer":"Flock Safety","category":"Flock","query_date":"2026-09-23"},"geometry":{"type":"Point","coordinates":[-118.10829,33.78317]}},{"type":"Feature","properties":{"osm_id":13482658501,"operator":"","manufacturer":"Flock Safety","category":"Flock","query_date":"2026-09-23"},"geometry":{"type":"Point","coordinates":[-118.09938,34.06982]}},{"type":"Feature","properties":{"osm_id":13482658601,"operator":"","manufacturer":"Flock Safety","category":"Flock","query_date":"2026-09-23"},"geometry":{"type":"Point","coordinates":[-118.10846,33.7816]}},{"type":"Feature","properties":{"osm_id":13482661001,"operator":"","manufacturer":"Flock Safety","category":"Flock","query_date":"2026-09-23"},"geometry":{"type":"Point","coordinates":[-118.10969,33.78148]}},{"type":"Feature","properties":{"osm_id":13482662401,"operator":"","manufacturer":"Flock Safety","category":"Flock","query_date":"2026-09-23"},"geometry":{"type":"Point","coordinates":[-118.11013,33.78185]}},{"type":"Feature","properties":{"osm_id":13482664501,"operator":"","manufacturer":"Flock Safety","category":"Flock","query_date":"2026-09-23"},"geometry":{"type":"Point","coordinates":[-118.11003,33.78206]}},{"type":"Feature","properties":{"osm_id":13482906601,"operator":"","manufacturer":"Flock Safety","category":"Flock","query_date":"2026-09-23"},"geometry":{"type":"Point","coordinates":[-118.12454,33.84298]}},{"type":"Feature","properties":{"osm_id":13483023101,"operator":"","manufacturer":"Axon Enterprise","category":"other ALPR","query_date":"2026-09-23"},"geometry":{"type":"Point","coordinates":[-118.12202,33.78219]}},{"type":"Feature","properties":{"osm_id":13483029101,"operator":"","manufacturer":"Axon Enterprise","category":"other ALPR","query_date":"2026-09-23"},"geometry":{"type":"Point","coordinates":[-118.12037,33.78196]}},{"type":"Feature","properties":{"osm_id":13483029102,"operator":"","manufacturer":"Axon Enterprise","category":"other ALPR","query_date":"2026-09-23"},"geometry":{"type":"Point","coordinates":[-118.12071,33.78296]}},{"type":"Feature","properties":{"osm_id":13483031901,"operator":"","manufacturer":"Axon Enterprise","category":"other ALPR","query_date":"2026-09-23"},"geometry":{"type":"Point","coordinates":[-118.11609,33.78819]}},{"type":"Feature","properties":{"osm_id":13483032601,"operator":"","manufacturer":"Axon Enterprise","category":"other ALPR","query_date":"2026-09-23"},"geometry":{"type":"Point","coordinates":[-118.10895,33.7816]}},{"type":"Feature","properties":{"osm_id":13483032701,"operator":"","manufacturer":"Axon Enterprise","category":"other ALPR","query_date":"2026-09-23"},"geometry":{"type":"Point","coordinates":[-118.11153,33.78154]}},{"type":"Feature","properties":{"osm_id":13484878190,"operator":"","manufacturer":"Flock Safety","category":"Flock","query_date":"2026-09-23"},"geometry":{"type":"Point","coordinates":[-118.04962,33.97714]}},{"type":"Feature","properties":{"osm_id":13484878191,"operator":"","manufacturer":"Flock Safety","category":"Flock","query_date":"2026-09-23"},"geometry":{"type":"Point","coordinates":[-118.04997,33.97696]}},{"type":"Feature","properties":{"osm_id":13485384690,"operator":"","manufacturer":"Flock Safety","category":"Flock","query_date":"2026-09-23"},"geometry":{"type":"Point","coordinates":[-117.96305,34.08581]}},{"type":"Feature","properties":{"osm_id":13502391801,"operator":"","manufacturer":"Flock Safety","category":"Flock","query_date":"2026-09-23"},"geometry":{"type":"Point","coordinates":[-118.08403,33.97617]}},{"type":"Feature","properties":{"osm_id":13502431901,"operator":"","manufacturer":"Flock Safety","category":"Flock","query_date":"2026-09-23"},"geometry":{"type":"Point","coordinates":[-118.0727,33.97215]}},{"type":"Feature","properties":{"osm_id":13502586801,"operator":"","manufacturer":"Flock Safety","category":"Flock","query_date":"2026-09-23"},"geometry":{"type":"Point","coordinates":[-118.06378,34.12096]}},{"type":"Feature","properties":{"osm_id":13502592801,"operator":"","manufacturer":"Flock Safety","category":"Flock","query_date":"2026-09-23"},"geometry":{"type":"Point","coordinates":[-118.05526,34.12207]}},{"type":"Feature","properties":{"osm_id":13502692201,"operator":"","manufacturer":"Flock Safety","category":"Flock","query_date":"2026-09-23"},"geometry":{"type":"Point","coordinates":[-118.04083,34.07573]}},{"type":"Feature","properties":{"osm_id":13502803301,"operator":"","manufacturer":"Flock Safety","category":"Flock","query_date":"2026-09-23"},"geometry":{"type":"Point","coordinates":[-117.8379,34.14707]}},{"type":"Feature","properties":{"osm_id":13505067401,"operator":"","manufacturer":"Flock Safety","category":"Flock","query_date":"2026-09-23"},"geometry":{"type":"Point","coordinates":[-118.3953,34.1106]}},{"type":"Feature","properties":{"osm_id":13507397301,"operator":"","manufacturer":"Flock Safety","category":"Flock","query_date":"2026-09-23"},"geometry":{"type":"Point","coordinates":[-117.86242,34.05167]}},{"type":"Feature","properties":{"osm_id":13507397303,"operator":"","manufacturer":"Flock Safety","category":"Flock","query_date":"2026-09-23"},"geometry":{"type":"Point","coordinates":[-117.86241,34.05169]}},{"type":"Feature","properties":{"osm_id":13507591401,"operator":"","manufacturer":"Flock Safety","category":"Flock","query_date":"2026-09-23"},"geometry":{"type":"Point","coordinates":[-118.0199,33.94641]}},{"type":"Feature","properties":{"osm_id":13510580901,"operator":"","manufacturer":"Flock Safety","category":"Flock","query_date":"2026-09-23"},"geometry":{"type":"Point","coordinates":[-118.05567,34.00533]}},{"type":"Feature","properties":{"osm_id":13513570901,"operator":"","manufacturer":"Flock Safety","category":"Flock","query_date":"2026-09-23"},"geometry":{"type":"Point","coordinates":[-117.88989,34.13595]}},{"type":"Feature","properties":{"osm_id":13520647001,"operator":"","manufacturer":null,"category":"Flock","query_date":"2026-09-23"},"geometry":{"type":"Point","coordinates":[-118.15018,33.83188]}},{"type":"Feature","properties":{"osm_id":13520862901,"operator":"","manufacturer":"Flock Safety","category":"Flock","query_date":"2026-09-23"},"geometry":{"type":"Point","coordinates":[-118.79733,34.01693]}},{"type":"Feature","properties":{"osm_id":13523146301,"operator":"","manufacturer":"Flock Safety","category":"Flock","query_date":"2026-09-23"},"geometry":{"type":"Point","coordinates":[-118.44931,34.27946]}},{"type":"Feature","properties":{"osm_id":13523178031,"operator":"Pasadena Police Department","manufacturer":"Motorola Solutions","category":"other ALPR","query_date":"2026-09-23"},"geometry":{"type":"Point","coordinates":[-118.15994,34.15219]}},{"type":"Feature","properties":{"osm_id":13523178211,"operator":"Pasadena Police Department","manufacturer":"Flock Safety","category":"Flock","query_date":"2026-09-23"},"geometry":{"type":"Point","coordinates":[-118.14746,34.15964]}},{"type":"Feature","properties":{"osm_id":13523178219,"operator":"Pasadena Police Department","manufacturer":"Flock Safety","category":"Flock","query_date":"2026-09-23"},"geometry":{"type":"Point","coordinates":[-118.14614,34.15863]}},{"type":"Feature","properties":{"osm_id":13523178225,"operator":"Pasadena Police Department","manufacturer":"Flock Safety","category":"Flock","query_date":"2026-09-23"},"geometry":{"type":"Point","coordinates":[-118.14552,34.15775]}},{"type":"Feature","properties":{"osm_id":13525198601,"operator":"","manufacturer":"Flock Safety","category":"Flock","query_date":"2026-09-23"},"geometry":{"type":"Point","coordinates":[-118.41118,34.03197]}},{"type":"Feature","properties":{"osm_id":13530167101,"operator":"","manufacturer":"Flock Safety","category":"Flock","query_date":"2026-09-23"},"geometry":{"type":"Point","coordinates":[-118.312,34.09796]}},{"type":"Feature","properties":{"osm_id":13530702801,"operator":"","manufacturer":"Axon Enterprise","category":"other ALPR","query_date":"2026-09-23"},"geometry":{"type":"Point","coordinates":[-118.11328,33.77639]}},{"type":"Feature","properties":{"osm_id":13532783301,"operator":"","manufacturer":"Flock Safety","category":"Flock","query_date":"2026-09-23"},"geometry":{"type":"Point","coordinates":[-118.05566,33.99858]}},{"type":"Feature","properties":{"osm_id":13533875001,"operator":"","manufacturer":"Flock Safety","category":"Flock","query_date":"2026-09-23"},"geometry":{"type":"Point","coordinates":[-118.44767,34.04567]}},{"type":"Feature","properties":{"osm_id":13539351401,"operator":"","manufacturer":"Flock Safety","category":"Flock","query_date":"2026-09-23"},"geometry":{"type":"Point","coordinates":[-118.33948,33.90196]}},{"type":"Feature","properties":{"osm_id":13539943401,"operator":"","manufacturer":"Flock Safety","category":"Flock","query_date":"2026-09-23"},"geometry":{"type":"Point","coordinates":[-118.42468,33.91768]}},{"type":"Feature","properties":{"osm_id":13539943601,"operator":"","manufacturer":"Flock Safety","category":"Flock","query_date":"2026-09-23"},"geometry":{"type":"Point","coordinates":[-118.42441,33.91776]}},{"type":"Feature","properties":{"osm_id":13541583902,"operator":"","manufacturer":"Flock Safety","category":"Flock","query_date":"2026-09-23"},"geometry":{"type":"Point","coordinates":[-117.74114,34.04802]}},{"type":"Feature","properties":{"osm_id":13541607901,"operator":"","manufacturer":"Flock Safety","category":"Flock","query_date":"2026-09-23"},"geometry":{"type":"Point","coordinates":[-117.74104,34.04852]}},{"type":"Feature","properties":{"osm_id":13542151701,"operator":"","manufacturer":"Motorola Solutions","category":"other ALPR","query_date":"2026-09-23"},"geometry":{"type":"Point","coordinates":[-118.02803,34.14017]}},{"type":"Feature","properties":{"osm_id":13542236701,"operator":"","manufacturer":"Flock Safety","category":"Flock","query_date":"2026-09-23"},"geometry":{"type":"Point","coordinates":[-118.12488,33.8395]}},{"type":"Feature","properties":{"osm_id":13542313312,"operator":"","manufacturer":"Flock Safety","category":"Flock","query_date":"2026-09-23"},"geometry":{"type":"Point","coordinates":[-118.11736,33.86811]}},{"type":"Feature","properties":{"osm_id":13544076501,"operator":"","manufacturer":"Flock Safety","category":"Flock","query_date":"2026-09-23"},"geometry":{"type":"Point","coordinates":[-118.52946,34.04817]}},{"type":"Feature","properties":{"osm_id":13544584001,"operator":"","manufacturer":"Flock Safety","category":"Flock","query_date":"2026-09-23"},"geometry":{"type":"Point","coordinates":[-118.43459,34.15763]}},{"type":"Feature","properties":{"osm_id":13544985351,"operator":"","manufacturer":"Flock Safety","category":"Flock","query_date":"2026-09-23"},"geometry":{"type":"Point","coordinates":[-118.10168,33.8464]}},{"type":"Feature","properties":{"osm_id":13545004601,"operator":"","manufacturer":"Flock Safety","category":"Flock","query_date":"2026-09-23"},"geometry":{"type":"Point","coordinates":[-118.49514,34.03209]}},{"type":"Feature","properties":{"osm_id":13546628002,"operator":"","manufacturer":"Flock Safety","category":"Flock","query_date":"2026-09-23"},"geometry":{"type":"Point","coordinates":[-118.10829,33.85566]}},{"type":"Feature","properties":{"osm_id":13546628801,"operator":"","manufacturer":"Flock Safety","category":"Flock","query_date":"2026-09-23"},"geometry":{"type":"Point","coordinates":[-118.10824,33.85321]}},{"type":"Feature","properties":{"osm_id":13546629401,"operator":"","manufacturer":"Flock Safety","category":"Flock","query_date":"2026-09-23"},"geometry":{"type":"Point","coordinates":[-118.10834,33.85209]}},{"type":"Feature","properties":{"osm_id":13546629501,"operator":"","manufacturer":null,"category":"Flock","query_date":"2026-09-23"},"geometry":{"type":"Point","coordinates":[-118.10836,33.85321]}},{"type":"Feature","properties":{"osm_id":13546985501,"operator":"","manufacturer":"Flock Safety","category":"Flock","query_date":"2026-09-23"},"geometry":{"type":"Point","coordinates":[-118.24756,34.13261]}},{"type":"Feature","properties":{"osm_id":13547294301,"operator":"","manufacturer":"Flock Safety","category":"Flock","query_date":"2026-09-23"},"geometry":{"type":"Point","coordinates":[-117.82357,34.13629]}},{"type":"Feature","properties":{"osm_id":13547298201,"operator":"","manufacturer":"Flock Safety","category":"Flock","query_date":"2026-09-23"},"geometry":{"type":"Point","coordinates":[-117.82175,34.13625]}},{"type":"Feature","properties":{"osm_id":13550829601,"operator":"","manufacturer":"Flock Safety","category":"Flock","query_date":"2026-09-23"},"geometry":{"type":"Point","coordinates":[-118.38852,34.04165]}},{"type":"Feature","properties":{"osm_id":13550986801,"operator":"","manufacturer":"Flock Safety","category":"Flock","query_date":"2026-09-23"},"geometry":{"type":"Point","coordinates":[-118.33528,33.902]}},{"type":"Feature","properties":{"osm_id":13556308401,"operator":"","manufacturer":"Flock Safety","category":"Flock","query_date":"2026-09-23"},"geometry":{"type":"Point","coordinates":[-118.32707,34.19824]}},{"type":"Feature","properties":{"osm_id":13556466801,"operator":"","manufacturer":"Flock Safety","category":"Flock","query_date":"2026-09-23"},"geometry":{"type":"Point","coordinates":[-118.40659,33.74837]}},{"type":"Feature","properties":{"osm_id":13556504501,"operator":"","manufacturer":"Flock Safety","category":"Flock","query_date":"2026-09-23"},"geometry":{"type":"Point","coordinates":[-117.77088,34.02079]}},{"type":"Feature","properties":{"osm_id":13556505501,"operator":"","manufacturer":"Flock Safety","category":"Flock","query_date":"2026-09-23"},"geometry":{"type":"Point","coordinates":[-117.77116,34.02127]}},{"type":"Feature","properties":{"osm_id":13556517201,"operator":"","manufacturer":"Flock Safety","category":"Flock","query_date":"2026-09-23"},"geometry":{"type":"Point","coordinates":[-117.77146,34.02541]}},{"type":"Feature","properties":{"osm_id":13556517301,"operator":"","manufacturer":"Flock Safety","category":"Flock","query_date":"2026-09-23"},"geometry":{"type":"Point","coordinates":[-117.77148,34.02545]}},{"type":"Feature","properties":{"osm_id":13562708068,"operator":"","manufacturer":"Flock Safety","category":"Flock","query_date":"2026-09-23"},"geometry":{"type":"Point","coordinates":[-118.23314,34.16297]}},{"type":"Feature","properties":{"osm_id":13562708069,"operator":"","manufacturer":"Flock Safety","category":"Flock","query_date":"2026-09-23"},"geometry":{"type":"Point","coordinates":[-118.23342,34.15885]}},{"type":"Feature","properties":{"osm_id":13563130801,"operator":"","manufacturer":"Flock Safety","category":"Flock","query_date":"2026-09-23"},"geometry":{"type":"Point","coordinates":[-118.39854,34.05024]}},{"type":"Feature","properties":{"osm_id":13563317001,"operator":"","manufacturer":"Flock Safety","category":"Flock","query_date":"2026-09-23"},"geometry":{"type":"Point","coordinates":[-118.37633,34.06125]}},{"type":"Feature","properties":{"osm_id":13563697334,"operator":"","manufacturer":"Flock Safety","category":"Flock","query_date":"2026-09-23"},"geometry":{"type":"Point","coordinates":[-118.23394,34.15966]}},{"type":"Feature","properties":{"osm_id":13565565330,"operator":"","manufacturer":"Flock Safety","category":"Flock","query_date":"2026-09-23"},"geometry":{"type":"Point","coordinates":[-118.3952,33.98413]}},{"type":"Feature","properties":{"osm_id":13570425730,"operator":"","manufacturer":"Flock Safety","category":"Flock","query_date":"2026-09-23"},"geometry":{"type":"Point","coordinates":[-118.36199,34.20055]}},{"type":"Feature","properties":{"osm_id":13574584803,"operator":"","manufacturer":"Flock Safety","category":"Flock","query_date":"2026-09-23"},"geometry":{"type":"Point","coordinates":[-118.82031,34.14842]}},{"type":"Feature","properties":{"osm_id":13574597501,"operator":"","manufacturer":"Flock Safety","category":"Flock","query_date":"2026-09-23"},"geometry":{"type":"Point","coordinates":[-118.81933,34.1483]}},{"type":"Feature","properties":{"osm_id":13574617301,"operator":"","manufacturer":"Flock Safety","category":"Flock","query_date":"2026-09-23"},"geometry":{"type":"Point","coordinates":[-118.83244,34.14034]}},{"type":"Feature","properties":{"osm_id":13578788701,"operator":"The Home Depot","manufacturer":"Flock Safety","category":"Flock (store-operated)","query_date":"2026-09-23"},"geometry":{"type":"Point","coordinates":[-118.2719,34.05622]}},{"type":"Feature","properties":{"osm_id":13578788901,"operator":"The Home Depot","manufacturer":"Flock Safety","category":"Flock (store-operated)","query_date":"2026-09-23"},"geometry":{"type":"Point","coordinates":[-118.2714,34.05598]}},{"type":"Feature","properties":{"osm_id":13578789201,"operator":"The Home Depot","manufacturer":"Flock Safety","category":"Flock (store-operated)","query_date":"2026-09-23"},"geometry":{"type":"Point","coordinates":[-118.27057,34.05565]}},{"type":"Feature","properties":{"osm_id":13578790401,"operator":"The Home Depot","manufacturer":"Flock Safety","category":"Flock (store-operated)","query_date":"2026-09-23"},"geometry":{"type":"Point","coordinates":[-118.27022,34.05639]}},{"type":"Feature","properties":{"osm_id":13583327506,"operator":"","manufacturer":"Flock Safety","category":"Flock","query_date":"2026-09-23"},"geometry":{"type":"Point","coordinates":[-118.17246,33.96874]}},{"type":"Feature","properties":{"osm_id":13583350704,"operator":"","manufacturer":"Flock Safety","category":"Flock","query_date":"2026-09-23"},"geometry":{"type":"Point","coordinates":[-118.12893,33.97677]}},{"type":"Feature","properties":{"osm_id":13583351203,"operator":"","manufacturer":"Flock Safety","category":"Flock","query_date":"2026-09-23"},"geometry":{"type":"Point","coordinates":[-118.17312,33.96866]}},{"type":"Feature","properties":{"osm_id":13583355404,"operator":"","manufacturer":"Flock Safety","category":"Flock","query_date":"2026-09-23"},"geometry":{"type":"Point","coordinates":[-118.18663,33.9796]}},{"type":"Feature","properties":{"osm_id":13583630201,"operator":"","manufacturer":"Flock Safety","category":"Flock","query_date":"2026-09-23"},"geometry":{"type":"Point","coordinates":[-118.75804,34.16611]}},{"type":"Feature","properties":{"osm_id":13583630501,"operator":"","manufacturer":"Flock Safety","category":"Flock","query_date":"2026-09-23"},"geometry":{"type":"Point","coordinates":[-118.75561,34.16805]}},{"type":"Feature","properties":{"osm_id":13583901801,"operator":"","manufacturer":"Flock Safety","category":"Flock","query_date":"2026-09-23"},"geometry":{"type":"Point","coordinates":[-118.15366,33.78247]}},{"type":"Feature","properties":{"osm_id":13584018201,"operator":"","manufacturer":"Flock Safety","category":"Flock","query_date":"2026-09-23"},"geometry":{"type":"Point","coordinates":[-118.08135,33.82515]}},{"type":"Feature","properties":{"osm_id":13587644601,"operator":"","manufacturer":"Flock Safety","category":"Flock","query_date":"2026-09-23"},"geometry":{"type":"Point","coordinates":[-118.29939,34.174]}},{"type":"Feature","properties":{"osm_id":13587651401,"operator":"","manufacturer":"Flock Safety","category":"Flock","query_date":"2026-09-23"},"geometry":{"type":"Point","coordinates":[-118.29838,34.17729]}},{"type":"Feature","properties":{"osm_id":13588174502,"operator":"","manufacturer":"Flock Safety","category":"Flock","query_date":"2026-09-23"},"geometry":{"type":"Point","coordinates":[-118.37634,34.06064]}},{"type":"Feature","properties":{"osm_id":13588929401,"operator":"Holmby Hills Homeowners Association","manufacturer":"Flock Safety","category":"Flock","query_date":"2026-09-23"},"geometry":{"type":"Point","coordinates":[-118.43267,34.07763]}},{"type":"Feature","properties":{"osm_id":13591300701,"operator":"","manufacturer":"Flock Safety","category":"Flock","query_date":"2026-09-23"},"geometry":{"type":"Point","coordinates":[-118.1827,34.20054]}},{"type":"Feature","properties":{"osm_id":13591301501,"operator":"","manufacturer":"Flock Safety","category":"Flock","query_date":"2026-09-23"},"geometry":{"type":"Point","coordinates":[-118.18038,34.20032]}},{"type":"Feature","properties":{"osm_id":13591491420,"operator":"","manufacturer":"Flock Safety","category":"Flock","query_date":"2026-09-23"},"geometry":{"type":"Point","coordinates":[-118.04947,33.97937]}},{"type":"Feature","properties":{"osm_id":13591506201,"operator":"","manufacturer":"Flock Safety","category":"Flock","query_date":"2026-09-23"},"geometry":{"type":"Point","coordinates":[-118.09712,34.03627]}},{"type":"Feature","properties":{"osm_id":13591838788,"operator":"","manufacturer":"Flock Safety","category":"Flock","query_date":"2026-09-23"},"geometry":{"type":"Point","coordinates":[-118.44302,33.96067]}},{"type":"Feature","properties":{"osm_id":13592296401,"operator":"","manufacturer":"Flock Safety","category":"Flock","query_date":"2026-09-23"},"geometry":{"type":"Point","coordinates":[-118.77138,34.03994]}},{"type":"Feature","properties":{"osm_id":13594008601,"operator":"","manufacturer":"Flock Safety","category":"Flock","query_date":"2026-09-23"},"geometry":{"type":"Point","coordinates":[-118.25717,34.15992]}},{"type":"Feature","properties":{"osm_id":13594190401,"operator":"","manufacturer":"Flock Safety","category":"Flock","query_date":"2026-09-23"},"geometry":{"type":"Point","coordinates":[-118.25772,34.12874]}},{"type":"Feature","properties":{"osm_id":13594275901,"operator":"","manufacturer":"Flock Safety","category":"Flock","query_date":"2026-09-23"},"geometry":{"type":"Point","coordinates":[-118.43311,34.15745]}},{"type":"Feature","properties":{"osm_id":13594277701,"operator":"","manufacturer":"Flock Safety","category":"Flock","query_date":"2026-09-23"},"geometry":{"type":"Point","coordinates":[-117.92695,34.06881]}},{"type":"Feature","properties":{"osm_id":13596146201,"operator":"","manufacturer":"Flock Safety","category":"Flock","query_date":"2026-09-23"},"geometry":{"type":"Point","coordinates":[-117.82916,34.1161]}},{"type":"Feature","properties":{"osm_id":13596179202,"operator":"","manufacturer":"Flock Safety","category":"Flock","query_date":"2026-09-23"},"geometry":{"type":"Point","coordinates":[-118.09762,34.07295]}},{"type":"Feature","properties":{"osm_id":13596189301,"operator":"","manufacturer":"Flock Safety","category":"Flock","query_date":"2026-09-23"},"geometry":{"type":"Point","coordinates":[-118.00735,34.10201]}},{"type":"Feature","properties":{"osm_id":13596656101,"operator":"","manufacturer":"Flock Safety","category":"Flock","query_date":"2026-09-23"},"geometry":{"type":"Point","coordinates":[-117.81799,34.10661]}},{"type":"Feature","properties":{"osm_id":13596656901,"operator":"","manufacturer":"Flock Safety","category":"Flock","query_date":"2026-09-23"},"geometry":{"type":"Point","coordinates":[-117.82297,34.10654]}},{"type":"Feature","properties":{"osm_id":13596657201,"operator":"","manufacturer":"Flock Safety","category":"Flock","query_date":"2026-09-23"},"geometry":{"type":"Point","coordinates":[-117.83723,34.10656]}},{"type":"Feature","properties":{"osm_id":13598273451,"operator":"","manufacturer":"Flock Safety","category":"Flock","query_date":"2026-09-23"},"geometry":{"type":"Point","coordinates":[-118.40556,34.01708]}},{"type":"Feature","properties":{"osm_id":13598273452,"operator":"","manufacturer":"Flock Safety","category":"Flock","query_date":"2026-09-23"},"geometry":{"type":"Point","coordinates":[-118.40511,34.01637]}},{"type":"Feature","properties":{"osm_id":13603531701,"operator":"","manufacturer":"Flock Safety","category":"Flock","query_date":"2026-09-23"},"geometry":{"type":"Point","coordinates":[-118.04665,34.15342]}},{"type":"Feature","properties":{"osm_id":13604024802,"operator":"","manufacturer":"Flock Safety","category":"Flock","query_date":"2026-09-23"},"geometry":{"type":"Point","coordinates":[-118.14637,34.07195]}},{"type":"Feature","properties":{"osm_id":13604058702,"operator":"","manufacturer":"Flock Safety","category":"Flock","query_date":"2026-09-23"},"geometry":{"type":"Point","coordinates":[-118.10873,34.09724]}},{"type":"Feature","properties":{"osm_id":13604059601,"operator":"","manufacturer":"Flock Safety","category":"Flock","query_date":"2026-09-23"},"geometry":{"type":"Point","coordinates":[-118.15843,34.07655]}},{"type":"Feature","properties":{"osm_id":13604059602,"operator":"","manufacturer":"Flock Safety","category":"Flock","query_date":"2026-09-23"},"geometry":{"type":"Point","coordinates":[-118.10782,34.09801]}},{"type":"Feature","properties":{"osm_id":13604063301,"operator":"","manufacturer":"Flock Safety","category":"Flock","query_date":"2026-09-23"},"geometry":{"type":"Point","coordinates":[-118.10773,34.09856]}},{"type":"Feature","properties":{"osm_id":13604431670,"operator":"","manufacturer":"Flock Safety","category":"Flock","query_date":"2026-09-23"},"geometry":{"type":"Point","coordinates":[-117.79135,34.10656]}},{"type":"Feature","properties":{"osm_id":13604433264,"operator":"","manufacturer":"Flock Safety","category":"Flock","query_date":"2026-09-23"},"geometry":{"type":"Point","coordinates":[-117.79324,34.10297]}},{"type":"Feature","properties":{"osm_id":13605263501,"operator":"","manufacturer":"Flock Safety","category":"Flock","query_date":"2026-09-23"},"geometry":{"type":"Point","coordinates":[-118.0939,34.11971]}},{"type":"Feature","properties":{"osm_id":13606191562,"operator":"","manufacturer":"Flock Safety","category":"Flock","query_date":"2026-09-23"},"geometry":{"type":"Point","coordinates":[-117.84624,34.13628]}},{"type":"Feature","properties":{"osm_id":13606912301,"operator":"","manufacturer":"Flock Safety","category":"Flock","query_date":"2026-09-23"},"geometry":{"type":"Point","coordinates":[-118.35029,34.19923]}},{"type":"Feature","properties":{"osm_id":13607027301,"operator":"","manufacturer":"Flock Safety","category":"Flock","query_date":"2026-09-23"},"geometry":{"type":"Point","coordinates":[-118.18629,34.19909]}},{"type":"Feature","properties":{"osm_id":13607030001,"operator":"","manufacturer":"Flock Safety","category":"Flock","query_date":"2026-09-23"},"geometry":{"type":"Point","coordinates":[-118.18339,34.20025]}},{"type":"Feature","properties":{"osm_id":13607030501,"operator":"","manufacturer":"Flock Safety","category":"Flock","query_date":"2026-09-23"},"geometry":{"type":"Point","coordinates":[-118.18016,34.20008]}},{"type":"Feature","properties":{"osm_id":13607889702,"operator":"","manufacturer":"Flock Safety","category":"Flock","query_date":"2026-09-23"},"geometry":{"type":"Point","coordinates":[-118.24387,34.15716]}},{"type":"Feature","properties":{"osm_id":13607896601,"operator":"","manufacturer":"Flock Safety","category":"Flock","query_date":"2026-09-23"},"geometry":{"type":"Point","coordinates":[-118.25017,34.15837]}},{"type":"Feature","properties":{"osm_id":13607900201,"operator":"","manufacturer":"Flock Safety","category":"Flock","query_date":"2026-09-23"},"geometry":{"type":"Point","coordinates":[-118.2549,34.15926]}},{"type":"Feature","properties":{"osm_id":13607909001,"operator":"","manufacturer":"Flock Safety","category":"Flock","query_date":"2026-09-23"},"geometry":{"type":"Point","coordinates":[-118.26404,34.15958]}},{"type":"Feature","properties":{"osm_id":13608285001,"operator":"","manufacturer":"Motorola Solutions","category":"other ALPR","query_date":"2026-09-23"},"geometry":{"type":"Point","coordinates":[-118.37623,34.05939]}},{"type":"Feature","properties":{"osm_id":13608564101,"operator":"","manufacturer":"Flock Safety","category":"Flock","query_date":"2026-09-23"},"geometry":{"type":"Point","coordinates":[-118.2496,34.16665]}},{"type":"Feature","properties":{"osm_id":13608565701,"operator":"","manufacturer":"Flock Safety","category":"Flock","query_date":"2026-09-23"},"geometry":{"type":"Point","coordinates":[-118.25115,34.16681]}},{"type":"Feature","properties":{"osm_id":13608569101,"operator":"","manufacturer":"Flock Safety","category":"Flock","query_date":"2026-09-23"},"geometry":{"type":"Point","coordinates":[-118.25514,34.16735]}},{"type":"Feature","properties":{"osm_id":13609914801,"operator":"","manufacturer":"Flock Safety","category":"Flock","query_date":"2026-09-23"},"geometry":{"type":"Point","coordinates":[-118.15668,34.09873]}},{"type":"Feature","properties":{"osm_id":13610017101,"operator":"","manufacturer":"Motorola Solutions","category":"other ALPR","query_date":"2026-09-23"},"geometry":{"type":"Point","coordinates":[-118.36654,33.79555]}},{"type":"Feature","properties":{"osm_id":13610332001,"operator":"","manufacturer":"Flock Safety","category":"Flock","query_date":"2026-09-23"},"geometry":{"type":"Point","coordinates":[-118.19032,34.20006]}},{"type":"Feature","properties":{"osm_id":13610536301,"operator":"","manufacturer":"Flock Safety","category":"Flock","query_date":"2026-09-23"},"geometry":{"type":"Point","coordinates":[-118.372,34.02989]}},{"type":"Feature","properties":{"osm_id":13610537801,"operator":"","manufacturer":"Flock Safety","category":"Flock","query_date":"2026-09-23"},"geometry":{"type":"Point","coordinates":[-118.37209,34.03033]}},{"type":"Feature","properties":{"osm_id":13610640696,"operator":"","manufacturer":"Flock Safety","category":"Flock","query_date":"2026-09-23"},"geometry":{"type":"Point","coordinates":[-118.29146,34.18053]}},{"type":"Feature","properties":{"osm_id":13610862301,"operator":"","manufacturer":"Flock Safety","category":"Flock","query_date":"2026-09-23"},"geometry":{"type":"Point","coordinates":[-118.06387,33.91732]}},{"type":"Feature","properties":{"osm_id":13615570501,"operator":"","manufacturer":"Flock Safety","category":"Flock","query_date":"2026-09-23"},"geometry":{"type":"Point","coordinates":[-118.31207,34.17976]}},{"type":"Feature","properties":{"osm_id":13618380402,"operator":"","manufacturer":"Flock Safety","category":"Flock","query_date":"2026-09-23"},"geometry":{"type":"Point","coordinates":[-118.1756,34.11228]}},{"type":"Feature","properties":{"osm_id":13618390901,"operator":"","manufacturer":"Flock Safety","category":"Flock","query_date":"2026-09-23"},"geometry":{"type":"Point","coordinates":[-118.17493,34.11207]}},{"type":"Feature","properties":{"osm_id":13618398601,"operator":"","manufacturer":"Flock Safety","category":"Flock","query_date":"2026-09-23"},"geometry":{"type":"Point","coordinates":[-118.15039,34.11152]}},{"type":"Feature","properties":{"osm_id":13618413801,"operator":"","manufacturer":"Flock Safety","category":"Flock","query_date":"2026-09-23"},"geometry":{"type":"Point","coordinates":[-118.14945,34.10406]}},{"type":"Feature","properties":{"osm_id":13618439101,"operator":"","manufacturer":"Flock Safety","category":"Flock","query_date":"2026-09-23"},"geometry":{"type":"Point","coordinates":[-118.16022,34.09981]}},{"type":"Feature","properties":{"osm_id":13618480901,"operator":"","manufacturer":"Flock Safety","category":"Flock","query_date":"2026-09-23"},"geometry":{"type":"Point","coordinates":[-118.17704,34.10367]}},{"type":"Feature","properties":{"osm_id":13618509401,"operator":"","manufacturer":"Flock Safety","category":"Flock","query_date":"2026-09-23"},"geometry":{"type":"Point","coordinates":[-118.15722,34.11567]}},{"type":"Feature","properties":{"osm_id":13618531501,"operator":"","manufacturer":"Flock Safety","category":"Flock","query_date":"2026-09-23"},"geometry":{"type":"Point","coordinates":[-118.15382,34.12365]}},{"type":"Feature","properties":{"osm_id":13618585101,"operator":"","manufacturer":"Flock Safety","category":"Flock","query_date":"2026-09-23"},"geometry":{"type":"Point","coordinates":[-118.15304,34.11198]}},{"type":"Feature","properties":{"osm_id":13618989801,"operator":"","manufacturer":"Flock Safety","category":"Flock","query_date":"2026-09-23"},"geometry":{"type":"Point","coordinates":[-118.01193,33.87458]}},{"type":"Feature","properties":{"osm_id":13619230801,"operator":"","manufacturer":"Flock Safety","category":"Flock","query_date":"2026-09-23"},"geometry":{"type":"Point","coordinates":[-117.75754,34.03241]}},{"type":"Feature","properties":{"osm_id":13621273602,"operator":"","manufacturer":"Flock Safety","category":"Flock","query_date":"2026-09-23"},"geometry":{"type":"Point","coordinates":[-118.3521,33.95666]}},{"type":"Feature","properties":{"osm_id":13621297501,"operator":"","manufacturer":"Flock Safety","category":"Flock","query_date":"2026-09-23"},"geometry":{"type":"Point","coordinates":[-118.35221,33.95504]}},{"type":"Feature","properties":{"osm_id":13621320201,"operator":"","manufacturer":"Flock Safety","category":"Flock","query_date":"2026-09-23"},"geometry":{"type":"Point","coordinates":[-118.3533,33.95774]}},{"type":"Feature","properties":{"osm_id":13621369401,"operator":"","manufacturer":"Flock Safety","category":"Flock","query_date":"2026-09-23"},"geometry":{"type":"Point","coordinates":[-118.76086,34.14828]}},{"type":"Feature","properties":{"osm_id":13621449601,"operator":"","manufacturer":"Motorola Solutions","category":"other ALPR","query_date":"2026-09-23"},"geometry":{"type":"Point","coordinates":[-118.09728,33.98347]}},{"type":"Feature","properties":{"osm_id":13621467301,"operator":"","manufacturer":"Flock Safety","category":"Flock","query_date":"2026-09-23"},"geometry":{"type":"Point","coordinates":[-117.82193,34.1043]}},{"type":"Feature","properties":{"osm_id":13621749901,"operator":"","manufacturer":"Flock Safety","category":"Flock","query_date":"2026-09-23"},"geometry":{"type":"Point","coordinates":[-118.42008,34.01127]}},{"type":"Feature","properties":{"osm_id":13623261901,"operator":"","manufacturer":"Flock Safety","category":"Flock","query_date":"2026-09-23"},"geometry":{"type":"Point","coordinates":[-118.53504,34.03665]}},{"type":"Feature","properties":{"osm_id":13623265501,"operator":"","manufacturer":"Flock Safety","category":"Flock","query_date":"2026-09-23"},"geometry":{"type":"Point","coordinates":[-118.52952,34.04968]}},{"type":"Feature","properties":{"osm_id":13623272201,"operator":"","manufacturer":"Flock Safety","category":"Flock","query_date":"2026-09-23"},"geometry":{"type":"Point","coordinates":[-118.52884,34.04923]}},{"type":"Feature","properties":{"osm_id":13623757501,"operator":"","manufacturer":"Flock Safety","category":"Flock","query_date":"2026-09-23"},"geometry":{"type":"Point","coordinates":[-118.55635,34.03871]}},{"type":"Feature","properties":{"osm_id":13623876601,"operator":"","manufacturer":"Flock Safety","category":"Flock","query_date":"2026-09-23"},"geometry":{"type":"Point","coordinates":[-117.82021,34.12753]}},{"type":"Feature","properties":{"osm_id":13624151501,"operator":"","manufacturer":"Flock Safety","category":"Flock","query_date":"2026-09-23"},"geometry":{"type":"Point","coordinates":[-118.14379,34.20297]}},{"type":"Feature","properties":{"osm_id":13624152001,"operator":"","manufacturer":"Flock Safety","category":"Flock","query_date":"2026-09-23"},"geometry":{"type":"Point","coordinates":[-118.14379,34.20297]}},{"type":"Feature","properties":{"osm_id":13624152101,"operator":"","manufacturer":"Flock Safety","category":"Flock","query_date":"2026-09-23"},"geometry":{"type":"Point","coordinates":[-118.14379,34.20297]}},{"type":"Feature","properties":{"osm_id":13624153501,"operator":"","manufacturer":"Flock Safety","category":"Flock","query_date":"2026-09-23"},"geometry":{"type":"Point","coordinates":[-118.14301,34.20297]}},{"type":"Feature","properties":{"osm_id":13624154101,"operator":"","manufacturer":"Flock Safety","category":"Flock","query_date":"2026-09-23"},"geometry":{"type":"Point","coordinates":[-118.14291,34.2032]}},{"type":"Feature","properties":{"osm_id":13624154201,"operator":"","manufacturer":"Flock Safety","category":"Flock","query_date":"2026-09-23"},"geometry":{"type":"Point","coordinates":[-118.14291,34.2032]}},{"type":"Feature","properties":{"osm_id":13624191402,"operator":"","manufacturer":"Flock Safety","category":"Flock","query_date":"2026-09-23"},"geometry":{"type":"Point","coordinates":[-118.49222,34.13097]}},{"type":"Feature","properties":{"osm_id":13625137801,"operator":"","manufacturer":"Flock Safety","category":"Flock","query_date":"2026-09-23"},"geometry":{"type":"Point","coordinates":[-118.26624,34.16966]}},{"type":"Feature","properties":{"osm_id":13625138801,"operator":"","manufacturer":"Flock Safety","category":"Flock","query_date":"2026-09-23"},"geometry":{"type":"Point","coordinates":[-118.27918,34.17247]}},{"type":"Feature","properties":{"osm_id":13625610301,"operator":"","manufacturer":"Motorola Solutions","category":"other ALPR","query_date":"2026-09-23"},"geometry":{"type":"Point","coordinates":[-118.12527,33.9023]}},{"type":"Feature","properties":{"osm_id":13625610302,"operator":"","manufacturer":"Motorola Solutions","category":"other ALPR","query_date":"2026-09-23"},"geometry":{"type":"Point","coordinates":[-118.1254,33.90199]}},{"type":"Feature","properties":{"osm_id":13625840001,"operator":"","manufacturer":"Flock Safety","category":"Flock","query_date":"2026-09-23"},"geometry":{"type":"Point","coordinates":[-118.42426,34.04114]}},{"type":"Feature","properties":{"osm_id":13625840002,"operator":"","manufacturer":"Flock Safety","category":"Flock","query_date":"2026-09-23"},"geometry":{"type":"Point","coordinates":[-118.4839,34.00238]}},{"type":"Feature","properties":{"osm_id":13628225502,"operator":"California State Parks","manufacturer":"Flock Safety","category":"Flock","query_date":"2026-09-23"},"geometry":{"type":"Point","coordinates":[-118.71177,34.10067]}},{"type":"Feature","properties":{"osm_id":13628689901,"operator":"","manufacturer":"Flock Safety","category":"Flock","query_date":"2026-09-23"},"geometry":{"type":"Point","coordinates":[-118.19579,34.20726]}},{"type":"Feature","properties":{"osm_id":13628757501,"operator":"","manufacturer":"Flock Safety","category":"Flock","query_date":"2026-09-23"},"geometry":{"type":"Point","coordinates":[-118.19998,34.20869]}},{"type":"Feature","properties":{"osm_id":13628856501,"operator":"","manufacturer":"Flock Safety","category":"Flock","query_date":"2026-09-23"},"geometry":{"type":"Point","coordinates":[-118.20001,34.20869]}},{"type":"Feature","properties":{"osm_id":13631148001,"operator":"The Home Depot","manufacturer":"Flock Safety","category":"Flock (store-operated)","query_date":"2026-09-23"},"geometry":{"type":"Point","coordinates":[-117.83022,34.11505]}},{"type":"Feature","properties":{"osm_id":13631149897,"operator":"","manufacturer":"Flock Safety","category":"Flock","query_date":"2026-09-23"},"geometry":{"type":"Point","coordinates":[-118.3752,34.06869]}},{"type":"Feature","properties":{"osm_id":13631201301,"operator":"","manufacturer":"Flock Safety","category":"Flock","query_date":"2026-09-23"},"geometry":{"type":"Point","coordinates":[-118.00233,33.96349]}},{"type":"Feature","properties":{"osm_id":13631447701,"operator":"The Home Depot","manufacturer":"Flock Safety","category":"Flock (store-operated)","query_date":"2026-09-23"},"geometry":{"type":"Point","coordinates":[-117.83018,34.11584]}},{"type":"Feature","properties":{"osm_id":13634664074,"operator":"","manufacturer":"Flock Safety","category":"Flock","query_date":"2026-09-23"},"geometry":{"type":"Point","coordinates":[-118.26398,33.80848]}},{"type":"Feature","properties":{"osm_id":13634690503,"operator":"","manufacturer":"Flock Safety","category":"Flock","query_date":"2026-09-23"},"geometry":{"type":"Point","coordinates":[-118.26412,33.81258]}},{"type":"Feature","properties":{"osm_id":13634691640,"operator":"","manufacturer":"Flock Safety","category":"Flock","query_date":"2026-09-23"},"geometry":{"type":"Point","coordinates":[-118.26377,33.81267]}},{"type":"Feature","properties":{"osm_id":13634701423,"operator":"","manufacturer":"Flock Safety","category":"Flock","query_date":"2026-09-23"},"geometry":{"type":"Point","coordinates":[-118.2638,33.81282]}},{"type":"Feature","properties":{"osm_id":13634715941,"operator":"","manufacturer":"Flock Safety","category":"Flock","query_date":"2026-09-23"},"geometry":{"type":"Point","coordinates":[-118.26385,33.83525]}},{"type":"Feature","properties":{"osm_id":13634790901,"operator":"","manufacturer":"Flock Safety","category":"Flock","query_date":"2026-09-23"},"geometry":{"type":"Point","coordinates":[-118.13494,33.94096]}},{"type":"Feature","properties":{"osm_id":13635193173,"operator":"","manufacturer":"Flock Safety","category":"Flock","query_date":"2026-09-23"},"geometry":{"type":"Point","coordinates":[-118.43751,33.93563]}},{"type":"Feature","properties":{"osm_id":13635193174,"operator":"","manufacturer":"Flock Safety","category":"Flock","query_date":"2026-09-23"},"geometry":{"type":"Point","coordinates":[-118.44402,33.94791]}},{"type":"Feature","properties":{"osm_id":13635193175,"operator":"","manufacturer":"Flock Safety","category":"Flock","query_date":"2026-09-23"},"geometry":{"type":"Point","coordinates":[-118.4444,34.01829]}},{"type":"Feature","properties":{"osm_id":13636184201,"operator":"","manufacturer":"Flock Safety","category":"Flock","query_date":"2026-09-23"},"geometry":{"type":"Point","coordinates":[-118.2339,34.16625]}},{"type":"Feature","properties":{"osm_id":13636184801,"operator":"","manufacturer":"Flock Safety","category":"Flock","query_date":"2026-09-23"},"geometry":{"type":"Point","coordinates":[-118.24023,34.16415]}},{"type":"Feature","properties":{"osm_id":13639396402,"operator":"","manufacturer":"Flock Safety","category":"Flock","query_date":"2026-09-23"},"geometry":{"type":"Point","coordinates":[-118.79122,34.15497]}},{"type":"Feature","properties":{"osm_id":13639411901,"operator":"","manufacturer":"Flock Safety","category":"Flock","query_date":"2026-09-23"},"geometry":{"type":"Point","coordinates":[-118.79126,34.15471]}},{"type":"Feature","properties":{"osm_id":13639857601,"operator":"","manufacturer":"Flock Safety","category":"Flock","query_date":"2026-09-23"},"geometry":{"type":"Point","coordinates":[-118.46597,34.25738]}},{"type":"Feature","properties":{"osm_id":13639859901,"operator":"","manufacturer":"Flock Safety","category":"Flock","query_date":"2026-09-23"},"geometry":{"type":"Point","coordinates":[-118.46597,34.25914]}},{"type":"Feature","properties":{"osm_id":13639900601,"operator":"","manufacturer":"Flock Safety","category":"Flock","query_date":"2026-09-23"},"geometry":{"type":"Point","coordinates":[-118.46676,34.25914]}},{"type":"Feature","properties":{"osm_id":13639902401,"operator":"","manufacturer":"Flock Safety","category":"Flock","query_date":"2026-09-23"},"geometry":{"type":"Point","coordinates":[-118.46703,34.25857]}},{"type":"Feature","properties":{"osm_id":13639905301,"operator":"","manufacturer":"Flock Safety","category":"Flock","query_date":"2026-09-23"},"geometry":{"type":"Point","coordinates":[-118.46683,34.25785]}},{"type":"Feature","properties":{"osm_id":13640633002,"operator":"","manufacturer":"Motorola Solutions","category":"other ALPR","query_date":"2026-09-23"},"geometry":{"type":"Point","coordinates":[-118.367,33.79565]}},{"type":"Feature","properties":{"osm_id":13645790201,"operator":"","manufacturer":"Flock Safety","category":"Flock","query_date":"2026-09-23"},"geometry":{"type":"Point","coordinates":[-118.1432,34.20344]}},{"type":"Feature","properties":{"osm_id":13645790901,"operator":"","manufacturer":"Flock Safety","category":"Flock","query_date":"2026-09-23"},"geometry":{"type":"Point","coordinates":[-118.15358,34.18956]}},{"type":"Feature","properties":{"osm_id":13645791601,"operator":"","manufacturer":"Flock Safety","category":"Flock","query_date":"2026-09-23"},"geometry":{"type":"Point","coordinates":[-118.15371,34.18951]}},{"type":"Feature","properties":{"osm_id":13645791901,"operator":"","manufacturer":"Flock Safety","category":"Flock","query_date":"2026-09-23"},"geometry":{"type":"Point","coordinates":[-118.15386,34.18936]}},{"type":"Feature","properties":{"osm_id":13645809901,"operator":"","manufacturer":"Flock Safety","category":"Flock","query_date":"2026-09-23"},"geometry":{"type":"Point","coordinates":[-118.15337,34.18924]}},{"type":"Feature","properties":{"osm_id":13646538001,"operator":"California State Parks","manufacturer":"Flock Safety","category":"Flock","query_date":"2026-09-23"},"geometry":{"type":"Point","coordinates":[-118.22932,34.06907]}},{"type":"Feature","properties":{"osm_id":13647227590,"operator":"","manufacturer":"Flock Safety","category":"Flock","query_date":"2026-09-23"},"geometry":{"type":"Point","coordinates":[-118.11323,34.13296]}},{"type":"Feature","properties":{"osm_id":13648285433,"operator":"","manufacturer":"Flock Safety","category":"Flock","query_date":"2026-09-23"},"geometry":{"type":"Point","coordinates":[-118.06748,34.00646]}},{"type":"Feature","properties":{"osm_id":13648289112,"operator":"","manufacturer":"Flock Safety","category":"Flock","query_date":"2026-09-23"},"geometry":{"type":"Point","coordinates":[-118.07857,34.01719]}},{"type":"Feature","properties":{"osm_id":13648591901,"operator":"","manufacturer":"Flock Safety","category":"Flock","query_date":"2026-09-23"},"geometry":{"type":"Point","coordinates":[-118.18046,34.20028]}},{"type":"Feature","properties":{"osm_id":13648755701,"operator":"","manufacturer":"Motorola Solutions","category":"other ALPR","query_date":"2026-09-23"},"geometry":{"type":"Point","coordinates":[-118.39126,33.79863]}},{"type":"Feature","properties":{"osm_id":13648758701,"operator":"","manufacturer":"Motorola Solutions","category":"other ALPR","query_date":"2026-09-23"},"geometry":{"type":"Point","coordinates":[-118.39006,33.79889]}},{"type":"Feature","properties":{"osm_id":13648759301,"operator":"","manufacturer":"Motorola Solutions","category":"other ALPR","query_date":"2026-09-23"},"geometry":{"type":"Point","coordinates":[-118.39666,33.80035]}},{"type":"Feature","properties":{"osm_id":13648766301,"operator":"","manufacturer":"Motorola Solutions","category":"other ALPR","query_date":"2026-09-23"},"geometry":{"type":"Point","coordinates":[-118.39666,33.80035]}},{"type":"Feature","properties":{"osm_id":13649027301,"operator":"","manufacturer":"Flock Safety","category":"Flock","query_date":"2026-09-23"},"geometry":{"type":"Point","coordinates":[-118.4637,34.07318]}},{"type":"Feature","properties":{"osm_id":13651044601,"operator":"Pasadena Police Department","manufacturer":"Flock Safety","category":"Flock","query_date":"2026-09-23"},"geometry":{"type":"Point","coordinates":[-118.14424,34.15594]}},{"type":"Feature","properties":{"osm_id":13653545691,"operator":"Pasadena Parking Enforcement","manufacturer":null,"category":"other ALPR","query_date":"2026-09-23"},"geometry":{"type":"Point","coordinates":[-118.14631,34.1449]}},{"type":"Feature","properties":{"osm_id":13653866201,"operator":"","manufacturer":"Flock Safety","category":"Flock","query_date":"2026-09-23"},"geometry":{"type":"Point","coordinates":[-118.26119,34.12723]}},{"type":"Feature","properties":{"osm_id":13657072090,"operator":"","manufacturer":"Flock Safety","category":"Flock","query_date":"2026-09-23"},"geometry":{"type":"Point","coordinates":[-118.44983,34.02973]}},{"type":"Feature","properties":{"osm_id":13657666301,"operator":"","manufacturer":"Flock Safety","category":"Flock","query_date":"2026-09-23"},"geometry":{"type":"Point","coordinates":[-118.28843,34.18715]}},{"type":"Feature","properties":{"osm_id":13659354674,"operator":"","manufacturer":"Flock Safety","category":"Flock","query_date":"2026-09-23"},"geometry":{"type":"Point","coordinates":[-117.80699,34.12489]}},{"type":"Feature","properties":{"osm_id":13665956801,"operator":"","manufacturer":"Flock Safety","category":"Flock","query_date":"2026-09-23"},"geometry":{"type":"Point","coordinates":[-118.40945,34.00505]}},{"type":"Feature","properties":{"osm_id":13667474201,"operator":"","manufacturer":"Flock Safety","category":"Flock","query_date":"2026-09-23"},"geometry":{"type":"Point","coordinates":[-117.82137,34.09957]}},{"type":"Feature","properties":{"osm_id":13667711002,"operator":"","manufacturer":"Flock Safety","category":"Flock","query_date":"2026-09-23"},"geometry":{"type":"Point","coordinates":[-118.12509,34.03275]}},{"type":"Feature","properties":{"osm_id":13667712001,"operator":"","manufacturer":"Flock Safety","category":"Flock","query_date":"2026-09-23"},"geometry":{"type":"Point","coordinates":[-118.13001,34.03273]}},{"type":"Feature","properties":{"osm_id":13667821001,"operator":"","manufacturer":"Flock Safety","category":"Flock","query_date":"2026-09-23"},"geometry":{"type":"Point","coordinates":[-118.15068,34.18303]}},{"type":"Feature","properties":{"osm_id":13668216502,"operator":"","manufacturer":"Flock Safety","category":"Flock","query_date":"2026-09-23"},"geometry":{"type":"Point","coordinates":[-118.41168,34.0022]}},{"type":"Feature","properties":{"osm_id":13669935301,"operator":"","manufacturer":"Flock Safety","category":"Flock","query_date":"2026-09-23"},"geometry":{"type":"Point","coordinates":[-118.25496,34.14993]}},{"type":"Feature","properties":{"osm_id":13670437301,"operator":"","manufacturer":"Flock Safety","category":"Flock","query_date":"2026-09-23"},"geometry":{"type":"Point","coordinates":[-118.40465,34.03025]}},{"type":"Feature","properties":{"osm_id":13670571101,"operator":"","manufacturer":"Flock Safety","category":"Flock","query_date":"2026-09-23"},"geometry":{"type":"Point","coordinates":[-118.09562,33.86077]}},{"type":"Feature","properties":{"osm_id":13671057501,"operator":"","manufacturer":"Flock Safety","category":"Flock","query_date":"2026-09-23"},"geometry":{"type":"Point","coordinates":[-118.44646,34.27663]}},{"type":"Feature","properties":{"osm_id":13671060802,"operator":"","manufacturer":"Flock Safety","category":"Flock","query_date":"2026-09-23"},"geometry":{"type":"Point","coordinates":[-118.44661,34.27681]}},{"type":"Feature","properties":{"osm_id":13671101501,"operator":"","manufacturer":"Flock Safety","category":"Flock","query_date":"2026-09-23"},"geometry":{"type":"Point","coordinates":[-118.44957,34.27943]}},{"type":"Feature","properties":{"osm_id":13671114401,"operator":"","manufacturer":"Flock Safety","category":"Flock","query_date":"2026-09-23"},"geometry":{"type":"Point","coordinates":[-118.4518,34.28182]}},{"type":"Feature","properties":{"osm_id":13672091502,"operator":"California State Parks","manufacturer":"Flock Safety","category":"Flock","query_date":"2026-09-23"},"geometry":{"type":"Point","coordinates":[-118.93297,34.04681]}},{"type":"Feature","properties":{"osm_id":13673193971,"operator":"","manufacturer":"Flock Safety","category":"Flock","query_date":"2026-09-23"},"geometry":{"type":"Point","coordinates":[-118.55843,34.07534]}},{"type":"Feature","properties":{"osm_id":13673198178,"operator":"","manufacturer":"Flock Safety","category":"Flock","query_date":"2026-09-23"},"geometry":{"type":"Point","coordinates":[-118.55884,34.07537]}},{"type":"Feature","properties":{"osm_id":13673370201,"operator":"","manufacturer":"Flock Safety","category":"Flock","query_date":"2026-09-23"},"geometry":{"type":"Point","coordinates":[-118.42736,34.28305]}},{"type":"Feature","properties":{"osm_id":13673523101,"operator":"","manufacturer":"Flock Safety","category":"Flock","query_date":"2026-09-23"},"geometry":{"type":"Point","coordinates":[-118.42365,34.2961]}},{"type":"Feature","properties":{"osm_id":13673658402,"operator":"","manufacturer":"Flock Safety","category":"Flock","query_date":"2026-09-23"},"geometry":{"type":"Point","coordinates":[-118.43742,34.28018]}},{"type":"Feature","properties":{"osm_id":13673741801,"operator":"","manufacturer":"Flock Safety","category":"Flock","query_date":"2026-09-23"},"geometry":{"type":"Point","coordinates":[-117.89005,34.06929]}},{"type":"Feature","properties":{"osm_id":13674290702,"operator":"","manufacturer":"Flock Safety","category":"Flock","query_date":"2026-09-23"},"geometry":{"type":"Point","coordinates":[-118.41801,34.29042]}},{"type":"Feature","properties":{"osm_id":13675602701,"operator":"","manufacturer":"Motorola Solutions","category":"other ALPR","query_date":"2026-09-23"},"geometry":{"type":"Point","coordinates":[-118.34395,33.89835]}},{"type":"Feature","properties":{"osm_id":13675607501,"operator":"","manufacturer":"Motorola Solutions","category":"other ALPR","query_date":"2026-09-23"},"geometry":{"type":"Point","coordinates":[-118.35256,33.89458]}},{"type":"Feature","properties":{"osm_id":13676227101,"operator":"","manufacturer":"Flock Safety","category":"Flock","query_date":"2026-09-23"},"geometry":{"type":"Point","coordinates":[-118.44495,34.29391]}},{"type":"Feature","properties":{"osm_id":13676240701,"operator":"","manufacturer":"Flock Safety","category":"Flock","query_date":"2026-09-23"},"geometry":{"type":"Point","coordinates":[-118.44128,34.29595]}},{"type":"Feature","properties":{"osm_id":13676308302,"operator":"","manufacturer":"Flock Safety","category":"Flock","query_date":"2026-09-23"},"geometry":{"type":"Point","coordinates":[-117.88131,34.12884]}},{"type":"Feature","properties":{"osm_id":13676309001,"operator":"","manufacturer":"Flock Safety","category":"Flock","query_date":"2026-09-23"},"geometry":{"type":"Point","coordinates":[-117.86386,34.09574]}},{"type":"Feature","properties":{"osm_id":13676319601,"operator":"","manufacturer":"Motorola Solutions","category":"other ALPR","query_date":"2026-09-23"},"geometry":{"type":"Point","coordinates":[-118.22287,33.91625]}},{"type":"Feature","properties":{"osm_id":13676324001,"operator":"","manufacturer":"Flock Safety","category":"Flock","query_date":"2026-09-23"},"geometry":{"type":"Point","coordinates":[-117.87273,34.10605]}},{"type":"Feature","properties":{"osm_id":13676338201,"operator":"","manufacturer":"Flock Safety","category":"Flock","query_date":"2026-09-23"},"geometry":{"type":"Point","coordinates":[-117.87278,34.13595]}},{"type":"Feature","properties":{"osm_id":13676680101,"operator":"","manufacturer":"Flock Safety","category":"Flock","query_date":"2026-09-23"},"geometry":{"type":"Point","coordinates":[-117.87453,34.06001]}},{"type":"Feature","properties":{"osm_id":13676680102,"operator":"","manufacturer":"Flock Safety","category":"Flock","query_date":"2026-09-23"},"geometry":{"type":"Point","coordinates":[-117.85631,34.05042]}},{"type":"Feature","properties":{"osm_id":13676681001,"operator":"","manufacturer":"Flock Safety","category":"Flock","query_date":"2026-09-23"},"geometry":{"type":"Point","coordinates":[-117.85608,34.05022]}},{"type":"Feature","properties":{"osm_id":13679238301,"operator":"","manufacturer":"Flock Safety","category":"Flock","query_date":"2026-09-23"},"geometry":{"type":"Point","coordinates":[-118.12316,34.18581]}},{"type":"Feature","properties":{"osm_id":13679243001,"operator":"","manufacturer":"Flock Safety","category":"Flock","query_date":"2026-09-23"},"geometry":{"type":"Point","coordinates":[-118.1232,34.18567]}},{"type":"Feature","properties":{"osm_id":13679527602,"operator":"","manufacturer":"Motorola Solutions","category":"other ALPR","query_date":"2026-09-23"},"geometry":{"type":"Point","coordinates":[-118.20775,33.77056]}},{"type":"Feature","properties":{"osm_id":13680666101,"operator":"","manufacturer":"Flock Safety","category":"Flock","query_date":"2026-09-23"},"geometry":{"type":"Point","coordinates":[-118.05636,34.00232]}},{"type":"Feature","properties":{"osm_id":13680776221,"operator":"","manufacturer":"Flock Safety","category":"Flock","query_date":"2026-09-23"},"geometry":{"type":"Point","coordinates":[-118.12885,34.11669]}},{"type":"Feature","properties":{"osm_id":13680776222,"operator":"","manufacturer":"Flock Safety","category":"Flock","query_date":"2026-09-23"},"geometry":{"type":"Point","coordinates":[-118.14019,34.11648]}},{"type":"Feature","properties":{"osm_id":13680807458,"operator":"","manufacturer":"Flock Safety","category":"Flock","query_date":"2026-09-23"},"geometry":{"type":"Point","coordinates":[-118.11955,34.11926]}},{"type":"Feature","properties":{"osm_id":13680913101,"operator":"The Home Depot","manufacturer":"Flock Safety","category":"Flock (store-operated)","query_date":"2026-09-23"},"geometry":{"type":"Point","coordinates":[-118.42251,33.97585]}},{"type":"Feature","properties":{"osm_id":13680989701,"operator":"","manufacturer":"Flock Safety","category":"Flock","query_date":"2026-09-23"},"geometry":{"type":"Point","coordinates":[-118.48387,34.00238]}},{"type":"Feature","properties":{"osm_id":13682273908,"operator":"","manufacturer":"Flock Safety","category":"Flock","query_date":"2026-09-23"},"geometry":{"type":"Point","coordinates":[-118.28457,33.72452]}},{"type":"Feature","properties":{"osm_id":13683348201,"operator":"","manufacturer":"Flock Safety","category":"Flock","query_date":"2026-09-23"},"geometry":{"type":"Point","coordinates":[-118.42119,34.14332]}},{"type":"Feature","properties":{"osm_id":13683554501,"operator":"","manufacturer":"Flock Safety","category":"Flock","query_date":"2026-09-23"},"geometry":{"type":"Point","coordinates":[-118.38849,34.04154]}},{"type":"Feature","properties":{"osm_id":13683701501,"operator":"","manufacturer":"Flock Safety","category":"Flock","query_date":"2026-09-23"},"geometry":{"type":"Point","coordinates":[-118.39322,34.02526]}},{"type":"Feature","properties":{"osm_id":13683701801,"operator":"","manufacturer":"Flock Safety","category":"Flock","query_date":"2026-09-23"},"geometry":{"type":"Point","coordinates":[-118.39355,34.02526]}},{"type":"Feature","properties":{"osm_id":13683737101,"operator":"","manufacturer":"Flock Safety","category":"Flock","query_date":"2026-09-23"},"geometry":{"type":"Point","coordinates":[-118.19381,33.97096]}},{"type":"Feature","properties":{"osm_id":13685652804,"operator":"","manufacturer":"Flock Safety","category":"Flock","query_date":"2026-09-23"},"geometry":{"type":"Point","coordinates":[-117.89004,34.06931]}},{"type":"Feature","properties":{"osm_id":13685652805,"operator":"","manufacturer":"Flock Safety","category":"Flock","query_date":"2026-09-23"},"geometry":{"type":"Point","coordinates":[-117.88945,34.07049]}},{"type":"Feature","properties":{"osm_id":13685654693,"operator":"","manufacturer":"Flock Safety","category":"Flock","query_date":"2026-09-23"},"geometry":{"type":"Point","coordinates":[-118.4388,34.28236]}},{"type":"Feature","properties":{"osm_id":13685713701,"operator":"","manufacturer":"Flock Safety","category":"Flock","query_date":"2026-09-23"},"geometry":{"type":"Point","coordinates":[-118.34397,33.89838]}},{"type":"Feature","properties":{"osm_id":13685732901,"operator":"","manufacturer":"Flock Safety","category":"Flock","query_date":"2026-09-23"},"geometry":{"type":"Point","coordinates":[-118.39194,33.98843]}},{"type":"Feature","properties":{"osm_id":13685832201,"operator":"","manufacturer":"Flock Safety","category":"Flock","query_date":"2026-09-23"},"geometry":{"type":"Point","coordinates":[-118.41044,34.00435]}},{"type":"Feature","properties":{"osm_id":13685833301,"operator":"","manufacturer":"Flock Safety","category":"Flock","query_date":"2026-09-23"},"geometry":{"type":"Point","coordinates":[-118.3976,33.98888]}},{"type":"Feature","properties":{"osm_id":13687158701,"operator":"","manufacturer":"Flock Safety","category":"Flock","query_date":"2026-09-23"},"geometry":{"type":"Point","coordinates":[-118.1621,34.04647]}},{"type":"Feature","properties":{"osm_id":13687159401,"operator":"","manufacturer":"Flock Safety","category":"Flock","query_date":"2026-09-23"},"geometry":{"type":"Point","coordinates":[-118.4101,34.05965]}},{"type":"Feature","properties":{"osm_id":13687164201,"operator":"","manufacturer":"Flock Safety","category":"Flock","query_date":"2026-09-23"},"geometry":{"type":"Point","coordinates":[-118.38481,34.05946]}},{"type":"Feature","properties":{"osm_id":13687164601,"operator":"","manufacturer":"Flock Safety","category":"Flock","query_date":"2026-09-23"},"geometry":{"type":"Point","coordinates":[-118.38481,34.05933]}},{"type":"Feature","properties":{"osm_id":13690111201,"operator":"","manufacturer":"Flock Safety","category":"Flock","query_date":"2026-09-23"},"geometry":{"type":"Point","coordinates":[-118.42384,34.14262]}},{"type":"Feature","properties":{"osm_id":13690220801,"operator":"","manufacturer":"Flock Safety","category":"Flock","query_date":"2026-09-23"},"geometry":{"type":"Point","coordinates":[-118.42319,34.27329]}},{"type":"Feature","properties":{"osm_id":13691831901,"operator":"","manufacturer":"Flock Safety","category":"Flock","query_date":"2026-09-23"},"geometry":{"type":"Point","coordinates":[-118.28455,33.72452]}},{"type":"Feature","properties":{"osm_id":13696587601,"operator":"","manufacturer":"Flock Safety","category":"Flock","query_date":"2026-09-23"},"geometry":{"type":"Point","coordinates":[-117.73697,34.10669]}},{"type":"Feature","properties":{"osm_id":13696587602,"operator":"","manufacturer":"Flock Safety","category":"Flock","query_date":"2026-09-23"},"geometry":{"type":"Point","coordinates":[-117.73753,34.10728]}},{"type":"Feature","properties":{"osm_id":13696588801,"operator":"","manufacturer":"Flock Safety","category":"Flock","query_date":"2026-09-23"},"geometry":{"type":"Point","coordinates":[-117.73902,34.10707]}},{"type":"Feature","properties":{"osm_id":13702358101,"operator":"","manufacturer":"Flock Safety","category":"Flock","query_date":"2026-09-23"},"geometry":{"type":"Point","coordinates":[-118.35212,34.07071]}},{"type":"Feature","properties":{"osm_id":13702599801,"operator":"","manufacturer":"Flock Safety","category":"Flock","query_date":"2026-09-23"},"geometry":{"type":"Point","coordinates":[-118.12826,33.92162]}},{"type":"Feature","properties":{"osm_id":13702685801,"operator":"","manufacturer":"Flock Safety","category":"Flock","query_date":"2026-09-23"},"geometry":{"type":"Point","coordinates":[-118.41417,34.00881]}},{"type":"Feature","properties":{"osm_id":13702734001,"operator":"","manufacturer":"Flock Safety","category":"Flock","query_date":"2026-09-23"},"geometry":{"type":"Point","coordinates":[-118.41398,34.009]}},{"type":"Feature","properties":{"osm_id":13702735101,"operator":"","manufacturer":"Flock Safety","category":"Flock","query_date":"2026-09-23"},"geometry":{"type":"Point","coordinates":[-118.41374,34.00879]}},{"type":"Feature","properties":{"osm_id":13702735201,"operator":"","manufacturer":"Flock Safety","category":"Flock","query_date":"2026-09-23"},"geometry":{"type":"Point","coordinates":[-118.41395,34.00861]}},{"type":"Feature","properties":{"osm_id":13702789502,"operator":"","manufacturer":"Flock Safety","category":"Flock","query_date":"2026-09-23"},"geometry":{"type":"Point","coordinates":[-118.43941,34.03597]}},{"type":"Feature","properties":{"osm_id":13704148701,"operator":"","manufacturer":"Flock Safety","category":"Flock","query_date":"2026-09-23"},"geometry":{"type":"Point","coordinates":[-118.33005,33.80375]}},{"type":"Feature","properties":{"osm_id":13704725001,"operator":"","manufacturer":"Flock Safety","category":"Flock","query_date":"2026-09-23"},"geometry":{"type":"Point","coordinates":[-118.05979,34.12356]}},{"type":"Feature","properties":{"osm_id":13704736301,"operator":"","manufacturer":"Flock Safety","category":"Flock","query_date":"2026-09-23"},"geometry":{"type":"Point","coordinates":[-118.42435,34.27266]}},{"type":"Feature","properties":{"osm_id":13704739101,"operator":"","manufacturer":"Flock Safety","category":"Flock","query_date":"2026-09-23"},"geometry":{"type":"Point","coordinates":[-118.42489,34.27204]}},{"type":"Feature","properties":{"osm_id":13706404201,"operator":"","manufacturer":"Flock Safety","category":"Flock","query_date":"2026-09-23"},"geometry":{"type":"Point","coordinates":[-118.05478,34.12888]}},{"type":"Feature","properties":{"osm_id":13706902501,"operator":"","manufacturer":"Flock Safety","category":"Flock","query_date":"2026-09-23"},"geometry":{"type":"Point","coordinates":[-117.84219,34.09521]}},{"type":"Feature","properties":{"osm_id":13707004567,"operator":"","manufacturer":"Flock Safety","category":"Flock","query_date":"2026-09-23"},"geometry":{"type":"Point","coordinates":[-118.18138,33.9934]}},{"type":"Feature","properties":{"osm_id":13707004568,"operator":"","manufacturer":"Flock Safety","category":"Flock","query_date":"2026-09-23"},"geometry":{"type":"Point","coordinates":[-118.18327,33.99399]}},{"type":"Feature","properties":{"osm_id":13707004569,"operator":"","manufacturer":"Flock Safety","category":"Flock","query_date":"2026-09-23"},"geometry":{"type":"Point","coordinates":[-118.13091,33.97318]}},{"type":"Feature","properties":{"osm_id":13707004570,"operator":"","manufacturer":"Flock Safety","category":"Flock","query_date":"2026-09-23"},"geometry":{"type":"Point","coordinates":[-118.08037,33.94614]}},{"type":"Feature","properties":{"osm_id":13710079102,"operator":"","manufacturer":"Flock Safety","category":"Flock","query_date":"2026-09-23"},"geometry":{"type":"Point","coordinates":[-118.03159,34.14871]}},{"type":"Feature","properties":{"osm_id":13710085701,"operator":"","manufacturer":"Flock Safety","category":"Flock","query_date":"2026-09-23"},"geometry":{"type":"Point","coordinates":[-118.03166,34.15157]}},{"type":"Feature","properties":{"osm_id":13710089301,"operator":"","manufacturer":"Flock Safety","category":"Flock","query_date":"2026-09-23"},"geometry":{"type":"Point","coordinates":[-118.05045,34.1474]}},{"type":"Feature","properties":{"osm_id":13710107401,"operator":"","manufacturer":"Flock Safety","category":"Flock","query_date":"2026-09-23"},"geometry":{"type":"Point","coordinates":[-118.05328,34.15174]}},{"type":"Feature","properties":{"osm_id":13710357870,"operator":"","manufacturer":"Flock Safety","category":"Flock","query_date":"2026-09-23"},"geometry":{"type":"Point","coordinates":[-118.07319,34.1179]}},{"type":"Feature","properties":{"osm_id":13711764001,"operator":"","manufacturer":"Axis Communications","category":"other ALPR","query_date":"2026-09-23"},"geometry":{"type":"Point","coordinates":[-118.45851,34.01731]}},{"type":"Feature","properties":{"osm_id":13711782301,"operator":"","manufacturer":"Axis Communications","category":"other ALPR","query_date":"2026-09-23"},"geometry":{"type":"Point","coordinates":[-118.45855,34.01732]}},{"type":"Feature","properties":{"osm_id":13712430401,"operator":"","manufacturer":"Flock Safety","category":"Flock","query_date":"2026-09-23"},"geometry":{"type":"Point","coordinates":[-118.10383,34.07246]}},{"type":"Feature","properties":{"osm_id":13712749665,"operator":"","manufacturer":"Flock Safety","category":"Flock","query_date":"2026-09-23"},"geometry":{"type":"Point","coordinates":[-117.90707,34.01482]}},{"type":"Feature","properties":{"osm_id":13712860501,"operator":"","manufacturer":"Flock Safety","category":"Flock","query_date":"2026-09-23"},"geometry":{"type":"Point","coordinates":[-118.05361,34.12246]}},{"type":"Feature","properties":{"osm_id":13712862001,"operator":"","manufacturer":"Flock Safety","category":"Flock","query_date":"2026-09-23"},"geometry":{"type":"Point","coordinates":[-118.05316,34.10781]}},{"type":"Feature","properties":{"osm_id":13712865901,"operator":"","manufacturer":"Flock Safety","category":"Flock","query_date":"2026-09-23"},"geometry":{"type":"Point","coordinates":[-118.05147,34.10378]}},{"type":"Feature","properties":{"osm_id":13714692101,"operator":"","manufacturer":"Flock Safety","category":"Flock","query_date":"2026-09-23"},"geometry":{"type":"Point","coordinates":[-118.11489,34.10092]}},{"type":"Feature","properties":{"osm_id":13714732501,"operator":"Holmby Hills Homeowners Association","manufacturer":"Flock Safety","category":"Flock","query_date":"2026-09-23"},"geometry":{"type":"Point","coordinates":[-118.42769,34.07185]}},{"type":"Feature","properties":{"osm_id":13714820396,"operator":"","manufacturer":"Flock Safety","category":"Flock","query_date":"2026-09-23"},"geometry":{"type":"Point","coordinates":[-118.4324,33.9758]}},{"type":"Feature","properties":{"osm_id":13714888775,"operator":"","manufacturer":"Flock Safety","category":"Flock","query_date":"2026-09-23"},"geometry":{"type":"Point","coordinates":[-118.42879,34.06649]}},{"type":"Feature","properties":{"osm_id":13719508103,"operator":"","manufacturer":"Flock Safety","category":"Flock","query_date":"2026-09-23"},"geometry":{"type":"Point","coordinates":[-118.26432,33.80815]}},{"type":"Feature","properties":{"osm_id":13719949435,"operator":"","manufacturer":"Flock Safety","category":"Flock","query_date":"2026-09-23"},"geometry":{"type":"Point","coordinates":[-118.16323,33.84983]}},{"type":"Feature","properties":{"osm_id":13719970265,"operator":"","manufacturer":"Flock Safety","category":"Flock","query_date":"2026-09-23"},"geometry":{"type":"Point","coordinates":[-118.16357,33.85298]}},{"type":"Feature","properties":{"osm_id":13720001001,"operator":"","manufacturer":"Flock Safety","category":"Flock","query_date":"2026-09-23"},"geometry":{"type":"Point","coordinates":[-118.29794,34.16344]}},{"type":"Feature","properties":{"osm_id":13720003101,"operator":"","manufacturer":"Flock Safety","category":"Flock","query_date":"2026-09-23"},"geometry":{"type":"Point","coordinates":[-118.29973,34.16151]}},{"type":"Feature","properties":{"osm_id":13721124601,"operator":"","manufacturer":"Flock Safety","category":"Flock","query_date":"2026-09-23"},"geometry":{"type":"Point","coordinates":[-118.30403,34.16382]}},{"type":"Feature","properties":{"osm_id":13722175901,"operator":"","manufacturer":"Flock Safety","category":"Flock","query_date":"2026-09-23"},"geometry":{"type":"Point","coordinates":[-117.7318,34.06278]}},{"type":"Feature","properties":{"osm_id":13724092602,"operator":"","manufacturer":"Flock Safety","category":"Flock","query_date":"2026-09-23"},"geometry":{"type":"Point","coordinates":[-118.26178,34.24934]}},{"type":"Feature","properties":{"osm_id":13724093301,"operator":"","manufacturer":"Flock Safety","category":"Flock","query_date":"2026-09-23"},"geometry":{"type":"Point","coordinates":[-118.26171,34.24943]}},{"type":"Feature","properties":{"osm_id":13724145901,"operator":"","manufacturer":"Flock Safety","category":"Flock","query_date":"2026-09-23"},"geometry":{"type":"Point","coordinates":[-118.26078,34.2279]}},{"type":"Feature","properties":{"osm_id":13724162801,"operator":"","manufacturer":"Flock Safety","category":"Flock","query_date":"2026-09-23"},"geometry":{"type":"Point","coordinates":[-118.22827,34.20559]}},{"type":"Feature","properties":{"osm_id":13724181302,"operator":"","manufacturer":"Flock Safety","category":"Flock","query_date":"2026-09-23"},"geometry":{"type":"Point","coordinates":[-118.23986,34.2161]}},{"type":"Feature","properties":{"osm_id":13724188602,"operator":"","manufacturer":"Flock Safety","category":"Flock","query_date":"2026-09-23"},"geometry":{"type":"Point","coordinates":[-118.24009,34.21587]}},{"type":"Feature","properties":{"osm_id":13724200001,"operator":"","manufacturer":"Flock Safety","category":"Flock","query_date":"2026-09-23"},"geometry":{"type":"Point","coordinates":[-118.24894,34.22208]}},{"type":"Feature","properties":{"osm_id":13724230401,"operator":"","manufacturer":"Flock Safety","category":"Flock","query_date":"2026-09-23"},"geometry":{"type":"Point","coordinates":[-118.21539,34.21159]}},{"type":"Feature","properties":{"osm_id":13724234201,"operator":"","manufacturer":"Flock Safety","category":"Flock","query_date":"2026-09-23"},"geometry":{"type":"Point","coordinates":[-118.21108,34.20961]}},{"type":"Feature","properties":{"osm_id":13724245663,"operator":"","manufacturer":"Flock Safety","category":"Flock","query_date":"2026-09-23"},"geometry":{"type":"Point","coordinates":[-118.03746,33.98171]}},{"type":"Feature","properties":{"osm_id":13724379701,"operator":"","manufacturer":"Flock Safety","category":"Flock","query_date":"2026-09-23"},"geometry":{"type":"Point","coordinates":[-118.46187,34.01554]}},{"type":"Feature","properties":{"osm_id":13724379702,"operator":"","manufacturer":"Flock Safety","category":"Flock","query_date":"2026-09-23"},"geometry":{"type":"Point","coordinates":[-118.48572,34.00087]}},{"type":"Feature","properties":{"osm_id":13724381202,"operator":"","manufacturer":"Flock Safety","category":"Flock","query_date":"2026-09-23"},"geometry":{"type":"Point","coordinates":[-118.46929,34.02437]}},{"type":"Feature","properties":{"osm_id":13724381304,"operator":"","manufacturer":"Flock Safety","category":"Flock","query_date":"2026-09-23"},"geometry":{"type":"Point","coordinates":[-118.48599,34.00102]}},{"type":"Feature","properties":{"osm_id":13724617001,"operator":"","manufacturer":"Axis Communications","category":"other ALPR","query_date":"2026-09-23"},"geometry":{"type":"Point","coordinates":[-118.25586,33.79172]}},{"type":"Feature","properties":{"osm_id":13725853501,"operator":"","manufacturer":"Flock Safety","category":"Flock","query_date":"2026-09-23"},"geometry":{"type":"Point","coordinates":[-118.44939,34.02276]}},{"type":"Feature","properties":{"osm_id":13725853502,"operator":"","manufacturer":"Flock Safety","category":"Flock","query_date":"2026-09-23"},"geometry":{"type":"Point","coordinates":[-118.44938,34.02254]}},{"type":"Feature","properties":{"osm_id":13725907501,"operator":"","manufacturer":"Motorola Solutions","category":"other ALPR","query_date":"2026-09-23"},"geometry":{"type":"Point","coordinates":[-118.45576,34.02678]}},{"type":"Feature","properties":{"osm_id":13725914501,"operator":"","manufacturer":"Motorola Solutions","category":"other ALPR","query_date":"2026-09-23"},"geometry":{"type":"Point","coordinates":[-118.45462,34.02715]}},{"type":"Feature","properties":{"osm_id":13725929001,"operator":"","manufacturer":"Flock Safety","category":"Flock","query_date":"2026-09-23"},"geometry":{"type":"Point","coordinates":[-118.46489,34.01893]}},{"type":"Feature","properties":{"osm_id":13725940202,"operator":"","manufacturer":"Flock Safety","category":"Flock","query_date":"2026-09-23"},"geometry":{"type":"Point","coordinates":[-118.48125,34.00386]}},{"type":"Feature","properties":{"osm_id":13725944401,"operator":"","manufacturer":"Flock Safety","category":"Flock","query_date":"2026-09-23"},"geometry":{"type":"Point","coordinates":[-118.48165,34.00398]}},{"type":"Feature","properties":{"osm_id":13725950201,"operator":"","manufacturer":"Flock Safety","category":"Flock","query_date":"2026-09-23"},"geometry":{"type":"Point","coordinates":[-118.47015,34.01047]}},{"type":"Feature","properties":{"osm_id":13725950701,"operator":"","manufacturer":"Flock Safety","category":"Flock","query_date":"2026-09-23"},"geometry":{"type":"Point","coordinates":[-118.47035,34.01049]}},{"type":"Feature","properties":{"osm_id":13726057302,"operator":"","manufacturer":"Flock Safety","category":"Flock","query_date":"2026-09-23"},"geometry":{"type":"Point","coordinates":[-117.84507,33.98433]}},{"type":"Feature","properties":{"osm_id":13726070101,"operator":"","manufacturer":"Flock Safety","category":"Flock","query_date":"2026-09-23"},"geometry":{"type":"Point","coordinates":[-117.85824,33.97523]}},{"type":"Feature","properties":{"osm_id":13726091001,"operator":"","manufacturer":"Flock Safety","category":"Flock","query_date":"2026-09-23"},"geometry":{"type":"Point","coordinates":[-118.50192,34.02686]}},{"type":"Feature","properties":{"osm_id":13726099901,"operator":"","manufacturer":"Flock Safety","category":"Flock","query_date":"2026-09-23"},"geometry":{"type":"Point","coordinates":[-118.50457,34.02453]}},{"type":"Feature","properties":{"osm_id":13726115101,"operator":"","manufacturer":"Flock Safety","category":"Flock","query_date":"2026-09-23"},"geometry":{"type":"Point","coordinates":[-118.48891,34.0269]}},{"type":"Feature","properties":{"osm_id":13726967001,"operator":"","manufacturer":"Flock Safety","category":"Flock","query_date":"2026-09-23"},"geometry":{"type":"Point","coordinates":[-118.34423,34.09421]}},{"type":"Feature","properties":{"osm_id":13726968401,"operator":"","manufacturer":"Motorola Solutions","category":"other ALPR","query_date":"2026-09-23"},"geometry":{"type":"Point","coordinates":[-118.34411,34.09065]}},{"type":"Feature","properties":{"osm_id":13726972601,"operator":"","manufacturer":"Motorola Solutions","category":"other ALPR","query_date":"2026-09-23"},"geometry":{"type":"Point","coordinates":[-118.34406,34.09073]}},{"type":"Feature","properties":{"osm_id":13726986502,"operator":"","manufacturer":"Motorola Solutions","category":"other ALPR","query_date":"2026-09-23"},"geometry":{"type":"Point","coordinates":[-118.34404,34.09068]}},{"type":"Feature","properties":{"osm_id":13726992501,"operator":"","manufacturer":"Motorola Solutions","category":"other ALPR","query_date":"2026-09-23"},"geometry":{"type":"Point","coordinates":[-118.34411,34.09072]}},{"type":"Feature","properties":{"osm_id":13727830602,"operator":"","manufacturer":"Flock Safety","category":"Flock","query_date":"2026-09-23"},"geometry":{"type":"Point","coordinates":[-118.05292,34.13926]}},{"type":"Feature","properties":{"osm_id":13728028201,"operator":"","manufacturer":"Motorola Solutions","category":"other ALPR","query_date":"2026-09-23"},"geometry":{"type":"Point","coordinates":[-118.15734,34.02045]}},{"type":"Feature","properties":{"osm_id":13728031301,"operator":"","manufacturer":"Motorola Solutions","category":"other ALPR","query_date":"2026-09-23"},"geometry":{"type":"Point","coordinates":[-118.15734,34.02043]}},{"type":"Feature","properties":{"osm_id":13728036701,"operator":"","manufacturer":"Flock Safety","category":"Flock","query_date":"2026-09-23"},"geometry":{"type":"Point","coordinates":[-118.15878,34.00613]}},{"type":"Feature","properties":{"osm_id":13728042401,"operator":"","manufacturer":"Flock Safety","category":"Flock","query_date":"2026-09-23"},"geometry":{"type":"Point","coordinates":[-118.15953,34.00848]}},{"type":"Feature","properties":{"osm_id":13729047627,"operator":"","manufacturer":"Flock Safety","category":"Flock","query_date":"2026-09-23"},"geometry":{"type":"Point","coordinates":[-118.36805,34.20108]}},{"type":"Feature","properties":{"osm_id":13730798202,"operator":"","manufacturer":"Flock Safety","category":"Flock","query_date":"2026-09-23"},"geometry":{"type":"Point","coordinates":[-117.84042,33.98406]}},{"type":"Feature","properties":{"osm_id":13730803801,"operator":"","manufacturer":"Flock Safety","category":"Flock","query_date":"2026-09-23"},"geometry":{"type":"Point","coordinates":[-117.8336,33.97737]}},{"type":"Feature","properties":{"osm_id":13730806401,"operator":"","manufacturer":"Flock Safety","category":"Flock","query_date":"2026-09-23"},"geometry":{"type":"Point","coordinates":[-117.83385,33.97719]}},{"type":"Feature","properties":{"osm_id":13731115701,"operator":"","manufacturer":"Flock Safety","category":"Flock","query_date":"2026-09-23"},"geometry":{"type":"Point","coordinates":[-117.97608,34.1361]}},{"type":"Feature","properties":{"osm_id":13731291702,"operator":"","manufacturer":"Flock Safety","category":"Flock","query_date":"2026-09-23"},"geometry":{"type":"Point","coordinates":[-118.17261,34.69741]}},{"type":"Feature","properties":{"osm_id":13731313901,"operator":"","manufacturer":"Flock Safety","category":"Flock","query_date":"2026-09-23"},"geometry":{"type":"Point","coordinates":[-117.84486,34.1469]}},{"type":"Feature","properties":{"osm_id":13733190601,"operator":"","manufacturer":"Genetec","category":"other ALPR","query_date":"2026-09-23"},"geometry":{"type":"Point","coordinates":[-117.71959,34.08287]}},{"type":"Feature","properties":{"osm_id":13733339801,"operator":"","manufacturer":"Flock Safety","category":"Flock","query_date":"2026-09-23"},"geometry":{"type":"Point","coordinates":[-118.39539,34.04571]}},{"type":"Feature","properties":{"osm_id":13733366901,"operator":"","manufacturer":"Flock Safety","category":"Flock","query_date":"2026-09-23"},"geometry":{"type":"Point","coordinates":[-118.39627,34.05542]}},{"type":"Feature","properties":{"osm_id":13733385501,"operator":"","manufacturer":"Flock Safety","category":"Flock","query_date":"2026-09-23"},"geometry":{"type":"Point","coordinates":[-118.39637,34.0554]}},{"type":"Feature","properties":{"osm_id":13733392101,"operator":"","manufacturer":"Flock Safety","category":"Flock","query_date":"2026-09-23"},"geometry":{"type":"Point","coordinates":[-118.39487,34.04689]}},{"type":"Feature","properties":{"osm_id":13733782131,"operator":"","manufacturer":"Flock Safety","category":"Flock","query_date":"2026-09-23"},"geometry":{"type":"Point","coordinates":[-118.49507,34.03243]}},{"type":"Feature","properties":{"osm_id":13734274143,"operator":"","manufacturer":"Rekor Systems Inc","category":"other ALPR","query_date":"2026-09-23"},"geometry":{"type":"Point","coordinates":[-118.11172,34.67486]}},{"type":"Feature","properties":{"osm_id":13734310372,"operator":"Walmart","manufacturer":"AXIS","category":"other ALPR","query_date":"2026-09-23"},"geometry":{"type":"Point","coordinates":[-118.1469,34.61109]}},{"type":"Feature","properties":{"osm_id":13734310373,"operator":"Walmart","manufacturer":"AXIS","category":"other ALPR","query_date":"2026-09-23"},"geometry":{"type":"Point","coordinates":[-118.1469,34.61109]}},{"type":"Feature","properties":{"osm_id":13734313662,"operator":"","manufacturer":"Rekor Systems Inc","category":"other ALPR","query_date":"2026-09-23"},"geometry":{"type":"Point","coordinates":[-118.09487,34.68221]}},{"type":"Feature","properties":{"osm_id":13734320424,"operator":"Walmart","manufacturer":"Unknown","category":"other ALPR","query_date":"2026-09-23"},"geometry":{"type":"Point","coordinates":[-118.14688,34.61189]}},{"type":"Feature","properties":{"osm_id":13734320425,"operator":"Walmart","manufacturer":"Unknown","category":"other ALPR","query_date":"2026-09-23"},"geometry":{"type":"Point","coordinates":[-118.14688,34.61188]}},{"type":"Feature","properties":{"osm_id":13734382523,"operator":"","manufacturer":"Flock Safety","category":"Flock","query_date":"2026-09-23"},"geometry":{"type":"Point","coordinates":[-118.37644,34.09397]}},{"type":"Feature","properties":{"osm_id":13735392802,"operator":"","manufacturer":"Flock Safety","category":"Flock","query_date":"2026-09-23"},"geometry":{"type":"Point","coordinates":[-118.37118,34.17962]}},{"type":"Feature","properties":{"osm_id":13736280601,"operator":"","manufacturer":"Flock Safety","category":"Flock","query_date":"2026-09-23"},"geometry":{"type":"Point","coordinates":[-118.47457,34.06127]}},{"type":"Feature","properties":{"osm_id":13738321502,"operator":"","manufacturer":"Flock Safety","category":"Flock","query_date":"2026-09-23"},"geometry":{"type":"Point","coordinates":[-117.77193,34.09263]}},{"type":"Feature","properties":{"osm_id":13738730301,"operator":"","manufacturer":"Flock Safety","category":"Flock","query_date":"2026-09-23"},"geometry":{"type":"Point","coordinates":[-118.36949,34.09707]}},{"type":"Feature","properties":{"osm_id":13738736701,"operator":"","manufacturer":"Flock Safety","category":"Flock","query_date":"2026-09-23"},"geometry":{"type":"Point","coordinates":[-118.37513,34.09462]}},{"type":"Feature","properties":{"osm_id":13738744401,"operator":"","manufacturer":"Flock Safety","category":"Flock","query_date":"2026-09-23"},"geometry":{"type":"Point","coordinates":[-118.38596,34.09075]}},{"type":"Feature","properties":{"osm_id":13738747401,"operator":"","manufacturer":"Flock Safety","category":"Flock","query_date":"2026-09-23"},"geometry":{"type":"Point","coordinates":[-118.3914,34.09052]}},{"type":"Feature","properties":{"osm_id":13738751001,"operator":"","manufacturer":"Flock Safety","category":"Flock","query_date":"2026-09-23"},"geometry":{"type":"Point","coordinates":[-118.39326,34.09005]}},{"type":"Feature","properties":{"osm_id":13738754301,"operator":"","manufacturer":"Flock Safety","category":"Flock","query_date":"2026-09-23"},"geometry":{"type":"Point","coordinates":[-118.39693,34.08778]}},{"type":"Feature","properties":{"osm_id":13738771301,"operator":"","manufacturer":"Flock Safety","category":"Flock","query_date":"2026-09-23"},"geometry":{"type":"Point","coordinates":[-118.37417,34.09044]}},{"type":"Feature","properties":{"osm_id":13738790002,"operator":"","manufacturer":"Flock Safety","category":"Flock","query_date":"2026-09-23"},"geometry":{"type":"Point","coordinates":[-118.36067,34.09074]}},{"type":"Feature","properties":{"osm_id":13738790003,"operator":"","manufacturer":"Flock Safety","category":"Flock","query_date":"2026-09-23"},"geometry":{"type":"Point","coordinates":[-118.36296,34.0909]}},{"type":"Feature","properties":{"osm_id":13738804401,"operator":"","manufacturer":"Flock Safety","category":"Flock","query_date":"2026-09-23"},"geometry":{"type":"Point","coordinates":[-118.36261,34.09451]}},{"type":"Feature","properties":{"osm_id":13739136301,"operator":"","manufacturer":"Flock Safety","category":"Flock","query_date":"2026-09-23"},"geometry":{"type":"Point","coordinates":[-118.37493,34.07332]}},{"type":"Feature","properties":{"osm_id":13740515501,"operator":"","manufacturer":"Flock Safety","category":"Flock","query_date":"2026-09-23"},"geometry":{"type":"Point","coordinates":[-118.46944,34.05326]}},{"type":"Feature","properties":{"osm_id":13740522401,"operator":"","manufacturer":"Flock Safety","category":"Flock","query_date":"2026-09-23"},"geometry":{"type":"Point","coordinates":[-118.46115,34.05]}},{"type":"Feature","properties":{"osm_id":13743963301,"operator":"","manufacturer":"Flock Safety","category":"Flock","query_date":"2026-09-23"},"geometry":{"type":"Point","coordinates":[-118.46701,34.00173]}},{"type":"Feature","properties":{"osm_id":13743963302,"operator":"The Home Depot","manufacturer":"Flock Safety","category":"Flock (store-operated)","query_date":"2026-09-23"},"geometry":{"type":"Point","coordinates":[-118.42319,33.97749]}},{"type":"Feature","properties":{"osm_id":13744110201,"operator":"","manufacturer":"Flock Safety","category":"Flock","query_date":"2026-09-23"},"geometry":{"type":"Point","coordinates":[-118.12483,33.80772]}},{"type":"Feature","properties":{"osm_id":13746399101,"operator":"The Home Depot","manufacturer":"Flock Safety","category":"Flock (store-operated)","query_date":"2026-09-23"},"geometry":{"type":"Point","coordinates":[-118.42471,33.97579]}},{"type":"Feature","properties":{"osm_id":13747452802,"operator":"","manufacturer":"Flock Safety","category":"Flock","query_date":"2026-09-23"},"geometry":{"type":"Point","coordinates":[-118.05634,34.08765]}},{"type":"Feature","properties":{"osm_id":13749715901,"operator":"","manufacturer":"Flock Safety","category":"Flock","query_date":"2026-09-23"},"geometry":{"type":"Point","coordinates":[-117.90787,34.0705]}},{"type":"Feature","properties":{"osm_id":13749716701,"operator":"","manufacturer":"Flock Safety","category":"Flock","query_date":"2026-09-23"},"geometry":{"type":"Point","coordinates":[-117.90774,34.07071]}},{"type":"Feature","properties":{"osm_id":13749734501,"operator":"","manufacturer":"Flock Safety","category":"Flock","query_date":"2026-09-23"},"geometry":{"type":"Point","coordinates":[-117.88329,34.0309]}},{"type":"Feature","properties":{"osm_id":13750307102,"operator":"","manufacturer":"Flock Safety","category":"Flock","query_date":"2026-09-23"},"geometry":{"type":"Point","coordinates":[-118.42029,34.14169]}},{"type":"Feature","properties":{"osm_id":13750340701,"operator":"","manufacturer":"Flock Safety","category":"Flock","query_date":"2026-09-23"},"geometry":{"type":"Point","coordinates":[-118.0116,34.06352]}},{"type":"Feature","properties":{"osm_id":13750341101,"operator":"","manufacturer":"Flock Safety","category":"Flock","query_date":"2026-09-23"},"geometry":{"type":"Point","coordinates":[-118.01132,34.06377]}},{"type":"Feature","properties":{"osm_id":13750357201,"operator":"","manufacturer":"Flock Safety","category":"Flock","query_date":"2026-09-23"},"geometry":{"type":"Point","coordinates":[-118.02633,34.06756]}},{"type":"Feature","properties":{"osm_id":13750397501,"operator":"","manufacturer":"Flock Safety","category":"Flock","query_date":"2026-09-23"},"geometry":{"type":"Point","coordinates":[-118.03719,34.0925]}},{"type":"Feature","properties":{"osm_id":13750427301,"operator":"","manufacturer":"Flock Safety","category":"Flock","query_date":"2026-09-23"},"geometry":{"type":"Point","coordinates":[-118.05253,34.08998]}},{"type":"Feature","properties":{"osm_id":13750432301,"operator":"","manufacturer":"Flock Safety","category":"Flock","query_date":"2026-09-23"},"geometry":{"type":"Point","coordinates":[-118.0536,34.08972]}},{"type":"Feature","properties":{"osm_id":13750454001,"operator":"","manufacturer":"Flock Safety","category":"Flock","query_date":"2026-09-23"},"geometry":{"type":"Point","coordinates":[-118.07385,34.13477]}},{"type":"Feature","properties":{"osm_id":13750454002,"operator":"","manufacturer":"Flock Safety","category":"Flock","query_date":"2026-09-23"},"geometry":{"type":"Point","coordinates":[-118.07944,34.12948]}},{"type":"Feature","properties":{"osm_id":13750456001,"operator":"","manufacturer":"Flock Safety","category":"Flock","query_date":"2026-09-23"},"geometry":{"type":"Point","coordinates":[-118.0737,34.13794]}},{"type":"Feature","properties":{"osm_id":13750457901,"operator":"","manufacturer":"Flock Safety","category":"Flock","query_date":"2026-09-23"},"geometry":{"type":"Point","coordinates":[-118.07932,34.12985]}},{"type":"Feature","properties":{"osm_id":13750462701,"operator":"","manufacturer":"Flock Safety","category":"Flock","query_date":"2026-09-23"},"geometry":{"type":"Point","coordinates":[-118.09501,34.13584]}},{"type":"Feature","properties":{"osm_id":13753096701,"operator":"","manufacturer":"Flock Safety","category":"Flock","query_date":"2026-09-23"},"geometry":{"type":"Point","coordinates":[-118.4764,34.15014]}},{"type":"Feature","properties":{"osm_id":13753703237,"operator":"","manufacturer":"Axon Enterprise","category":"other ALPR","query_date":"2026-09-23"},"geometry":{"type":"Point","coordinates":[-118.34963,34.18465]}},{"type":"Feature","properties":{"osm_id":13753900101,"operator":"","manufacturer":"Flock Safety","category":"Flock","query_date":"2026-09-23"},"geometry":{"type":"Point","coordinates":[-117.85484,34.00287]}},{"type":"Feature","properties":{"osm_id":13754087101,"operator":"","manufacturer":"Flock Safety","category":"Flock","query_date":"2026-09-23"},"geometry":{"type":"Point","coordinates":[-118.21047,34.22089]}},{"type":"Feature","properties":{"osm_id":13754087102,"operator":"","manufacturer":"Flock Safety","category":"Flock","query_date":"2026-09-23"},"geometry":{"type":"Point","coordinates":[-118.21751,34.22289]}},{"type":"Feature","properties":{"osm_id":13754087301,"operator":"","manufacturer":"Flock Safety","category":"Flock","query_date":"2026-09-23"},"geometry":{"type":"Point","coordinates":[-118.2121,34.22403]}},{"type":"Feature","properties":{"osm_id":13754087302,"operator":"","manufacturer":"Flock Safety","category":"Flock","query_date":"2026-09-23"},"geometry":{"type":"Point","coordinates":[-118.21211,34.22403]}},{"type":"Feature","properties":{"osm_id":13754087601,"operator":"","manufacturer":"Flock Safety","category":"Flock","query_date":"2026-09-23"},"geometry":{"type":"Point","coordinates":[-118.21765,34.22289]}},{"type":"Feature","properties":{"osm_id":13755696501,"operator":"","manufacturer":"Flock Safety","category":"Flock","query_date":"2026-09-23"},"geometry":{"type":"Point","coordinates":[-118.44501,34.29387]}},{"type":"Feature","properties":{"osm_id":13755910201,"operator":"","manufacturer":"Motorola Solutions","category":"other ALPR","query_date":"2026-09-23"},"geometry":{"type":"Point","coordinates":[-117.97316,33.98128]}},{"type":"Feature","properties":{"osm_id":13755916701,"operator":"","manufacturer":"Motorola Solutions","category":"other ALPR","query_date":"2026-09-23"},"geometry":{"type":"Point","coordinates":[-117.97306,33.98106]}},{"type":"Feature","properties":{"osm_id":13755993801,"operator":"","manufacturer":"Neology, Inc.","category":"other ALPR","query_date":"2026-09-23"},"geometry":{"type":"Point","coordinates":[-117.96217,33.96885]}},{"type":"Feature","properties":{"osm_id":13756118101,"operator":"","manufacturer":"Neology, Inc.","category":"other ALPR","query_date":"2026-09-23"},"geometry":{"type":"Point","coordinates":[-117.96024,33.95269]}},{"type":"Feature","properties":{"osm_id":13756126601,"operator":"","manufacturer":"Neology, Inc.","category":"other ALPR","query_date":"2026-09-23"},"geometry":{"type":"Point","coordinates":[-117.96041,33.95259]}},{"type":"Feature","properties":{"osm_id":13757164101,"operator":"","manufacturer":"Flock Safety","category":"Flock","query_date":"2026-09-23"},"geometry":{"type":"Point","coordinates":[-118.07155,33.99488]}},{"type":"Feature","properties":{"osm_id":13757790701,"operator":"","manufacturer":"Flock Safety","category":"Flock","query_date":"2026-09-23"},"geometry":{"type":"Point","coordinates":[-117.7887,34.07025]}},{"type":"Feature","properties":{"osm_id":13757790901,"operator":"","manufacturer":"Flock Safety","category":"Flock","query_date":"2026-09-23"},"geometry":{"type":"Point","coordinates":[-117.77776,34.0743]}},{"type":"Feature","properties":{"osm_id":13757792301,"operator":"","manufacturer":"Flock Safety","category":"Flock","query_date":"2026-09-23"},"geometry":{"type":"Point","coordinates":[-117.77892,34.07103]}},{"type":"Feature","properties":{"osm_id":13758909401,"operator":"","manufacturer":"Flock Safety","category":"Flock","query_date":"2026-09-23"},"geometry":{"type":"Point","coordinates":[-118.12663,34.0972]}},{"type":"Feature","properties":{"osm_id":13759080301,"operator":"","manufacturer":"Axis Communications","category":"other ALPR","query_date":"2026-09-23"},"geometry":{"type":"Point","coordinates":[-118.39758,34.02174]}},{"type":"Feature","properties":{"osm_id":13759080901,"operator":"","manufacturer":"Axis Communications","category":"other ALPR","query_date":"2026-09-23"},"geometry":{"type":"Point","coordinates":[-118.39744,34.02161]}},{"type":"Feature","properties":{"osm_id":13759084201,"operator":"","manufacturer":"Axis Communications","category":"other ALPR","query_date":"2026-09-23"},"geometry":{"type":"Point","coordinates":[-118.39741,34.0217]}},{"type":"Feature","properties":{"osm_id":13759113101,"operator":"The Home Depot","manufacturer":"Flock Safety","category":"Flock (store-operated)","query_date":"2026-09-23"},"geometry":{"type":"Point","coordinates":[-118.14134,34.08635]}},{"type":"Feature","properties":{"osm_id":13759129701,"operator":"","manufacturer":"Flock Safety","category":"Flock","query_date":"2026-09-23"},"geometry":{"type":"Point","coordinates":[-118.14179,34.07503]}},{"type":"Feature","properties":{"osm_id":13759141801,"operator":"","manufacturer":"Flock Safety","category":"Flock","query_date":"2026-09-23"},"geometry":{"type":"Point","coordinates":[-118.1233,34.0699]}},{"type":"Feature","properties":{"osm_id":13759158001,"operator":"","manufacturer":"Flock Safety","category":"Flock","query_date":"2026-09-23"},"geometry":{"type":"Point","coordinates":[-117.97463,34.04592]}},{"type":"Feature","properties":{"osm_id":13760030901,"operator":"","manufacturer":"Flock Safety","category":"Flock","query_date":"2026-09-23"},"geometry":{"type":"Point","coordinates":[-117.90756,34.13539]}},{"type":"Feature","properties":{"osm_id":13761148001,"operator":"","manufacturer":"Flock Safety","category":"Flock","query_date":"2026-09-23"},"geometry":{"type":"Point","coordinates":[-118.13776,33.96594]}},{"type":"Feature","properties":{"osm_id":13761150901,"operator":"","manufacturer":"Flock Safety","category":"Flock","query_date":"2026-09-23"},"geometry":{"type":"Point","coordinates":[-118.13687,33.96748]}},{"type":"Feature","properties":{"osm_id":13761580501,"operator":"","manufacturer":"Flock Safety","category":"Flock","query_date":"2026-09-23"},"geometry":{"type":"Point","coordinates":[-118.01493,34.14048]}},{"type":"Feature","properties":{"osm_id":13762173101,"operator":"","manufacturer":"Flock Safety","category":"Flock","query_date":"2026-09-23"},"geometry":{"type":"Point","coordinates":[-118.44144,34.29601]}},{"type":"Feature","properties":{"osm_id":13762255701,"operator":"","manufacturer":"Flock Safety","category":"Flock","query_date":"2026-09-23"},"geometry":{"type":"Point","coordinates":[-118.4271,34.28283]}},{"type":"Feature","properties":{"osm_id":13762278150,"operator":"","manufacturer":"Flock Safety","category":"Flock","query_date":"2026-09-23"},"geometry":{"type":"Point","coordinates":[-117.87867,34.12505]}},{"type":"Feature","properties":{"osm_id":13762309229,"operator":"","manufacturer":"Flock Safety","category":"Flock","query_date":"2026-09-23"},"geometry":{"type":"Point","coordinates":[-117.88143,34.07026]}},{"type":"Feature","properties":{"osm_id":13762322378,"operator":"","manufacturer":"Flock Safety","category":"Flock","query_date":"2026-09-23"},"geometry":{"type":"Point","coordinates":[-117.88211,34.12886]}},{"type":"Feature","properties":{"osm_id":13762335065,"operator":"","manufacturer":"Flock Safety","category":"Flock","query_date":"2026-09-23"},"geometry":{"type":"Point","coordinates":[-117.8812,34.07545]}},{"type":"Feature","properties":{"osm_id":13762356149,"operator":"","manufacturer":"Flock Safety","category":"Flock","query_date":"2026-09-23"},"geometry":{"type":"Point","coordinates":[-117.89044,34.10664]}},{"type":"Feature","properties":{"osm_id":13762380806,"operator":"","manufacturer":"Flock Safety","category":"Flock","query_date":"2026-09-23"},"geometry":{"type":"Point","coordinates":[-117.89886,34.10698]}},{"type":"Feature","properties":{"osm_id":13762381652,"operator":"","manufacturer":"Flock Safety","category":"Flock","query_date":"2026-09-23"},"geometry":{"type":"Point","coordinates":[-117.88986,34.07493]}},{"type":"Feature","properties":{"osm_id":13762386649,"operator":"","manufacturer":"Flock Safety","category":"Flock","query_date":"2026-09-23"},"geometry":{"type":"Point","coordinates":[-117.88818,34.11418]}},{"type":"Feature","properties":{"osm_id":13762387295,"operator":"","manufacturer":"Flock Safety","category":"Flock","query_date":"2026-09-23"},"geometry":{"type":"Point","coordinates":[-117.89132,34.07528]}},{"type":"Feature","properties":{"osm_id":13762399017,"operator":"","manufacturer":"Flock Safety","category":"Flock","query_date":"2026-09-23"},"geometry":{"type":"Point","coordinates":[-117.8869,34.07484]}},{"type":"Feature","properties":{"osm_id":13762470001,"operator":"","manufacturer":"Flock Safety","category":"Flock","query_date":"2026-09-23"},"geometry":{"type":"Point","coordinates":[-118.36376,34.19393]}},{"type":"Feature","properties":{"osm_id":13764360001,"operator":"","manufacturer":"Flock Safety","category":"Flock","query_date":"2026-09-23"},"geometry":{"type":"Point","coordinates":[-118.35655,34.15406]}},{"type":"Feature","properties":{"osm_id":13764360701,"operator":"","manufacturer":"Flock Safety","category":"Flock","query_date":"2026-09-23"},"geometry":{"type":"Point","coordinates":[-118.35579,34.1541]}},{"type":"Feature","properties":{"osm_id":13764787701,"operator":"","manufacturer":"Flock Safety","category":"Flock","query_date":"2026-09-23"},"geometry":{"type":"Point","coordinates":[-118.40573,34.05993]}},{"type":"Feature","properties":{"osm_id":13765231501,"operator":"","manufacturer":"Flock Safety","category":"Flock","query_date":"2026-09-23"},"geometry":{"type":"Point","coordinates":[-118.02835,34.06928]}},{"type":"Feature","properties":{"osm_id":13765549001,"operator":"","manufacturer":"Flock Safety","category":"Flock","query_date":"2026-09-23"},"geometry":{"type":"Point","coordinates":[-118.41227,33.98004]}},{"type":"Feature","properties":{"osm_id":13768094201,"operator":"","manufacturer":"Flock Safety","category":"Flock","query_date":"2026-09-23"},"geometry":{"type":"Point","coordinates":[-118.06373,33.87347]}},{"type":"Feature","properties":{"osm_id":13768252801,"operator":"","manufacturer":"Flock Safety","category":"Flock","query_date":"2026-09-23"},"geometry":{"type":"Point","coordinates":[-118.0726,33.873]}},{"type":"Feature","properties":{"osm_id":13768253701,"operator":"","manufacturer":"Motorola Solutions","category":"other ALPR","query_date":"2026-09-23"},"geometry":{"type":"Point","coordinates":[-118.27807,33.72621]}},{"type":"Feature","properties":{"osm_id":13768780902,"operator":"","manufacturer":"Flock Safety","category":"Flock","query_date":"2026-09-23"},"geometry":{"type":"Point","coordinates":[-117.88827,34.07415]}},{"type":"Feature","properties":{"osm_id":13768789502,"operator":"","manufacturer":"Flock Safety","category":"Flock","query_date":"2026-09-23"},"geometry":{"type":"Point","coordinates":[-117.78506,34.06148]}},{"type":"Feature","properties":{"osm_id":13768950201,"operator":"","manufacturer":"Flock Safety","category":"Flock","query_date":"2026-09-23"},"geometry":{"type":"Point","coordinates":[-118.17862,34.05551]}},{"type":"Feature","properties":{"osm_id":13768967002,"operator":"","manufacturer":"Motorola Solutions","category":"other ALPR","query_date":"2026-09-23"},"geometry":{"type":"Point","coordinates":[-118.4571,34.00958]}},{"type":"Feature","properties":{"osm_id":13768969901,"operator":"","manufacturer":"Motorola Solutions","category":"other ALPR","query_date":"2026-09-23"},"geometry":{"type":"Point","coordinates":[-118.45596,34.00993]}},{"type":"Feature","properties":{"osm_id":13769562401,"operator":"","manufacturer":"Flock Safety","category":"Flock","query_date":"2026-09-23"},"geometry":{"type":"Point","coordinates":[-117.78848,34.03687]}},{"type":"Feature","properties":{"osm_id":13772894109,"operator":"","manufacturer":"Flock Safety","category":"Flock","query_date":"2026-09-23"},"geometry":{"type":"Point","coordinates":[-118.2129,34.59301]}},{"type":"Feature","properties":{"osm_id":13772974902,"operator":"","manufacturer":"Flock Safety","category":"Flock","query_date":"2026-09-23"},"geometry":{"type":"Point","coordinates":[-118.46986,34.06927]}},{"type":"Feature","properties":{"osm_id":13775867644,"operator":"","manufacturer":"Flock Safety","category":"Flock","query_date":"2026-09-23"},"geometry":{"type":"Point","coordinates":[-118.7809,34.14808]}},{"type":"Feature","properties":{"osm_id":13775872705,"operator":"","manufacturer":"Flock Safety","category":"Flock","query_date":"2026-09-23"},"geometry":{"type":"Point","coordinates":[-118.78096,34.14792]}},{"type":"Feature","properties":{"osm_id":13778094401,"operator":"","manufacturer":"Flock Safety","category":"Flock","query_date":"2026-09-23"},"geometry":{"type":"Point","coordinates":[-118.04087,34.0168]}},{"type":"Feature","properties":{"osm_id":13778541401,"operator":"","manufacturer":"Flock Safety","category":"Flock","query_date":"2026-09-23"},"geometry":{"type":"Point","coordinates":[-118.40733,34.01173]}},{"type":"Feature","properties":{"osm_id":13778570344,"operator":"","manufacturer":"Flock Safety","category":"Flock","query_date":"2026-09-23"},"geometry":{"type":"Point","coordinates":[-118.18286,33.81237]}},{"type":"Feature","properties":{"osm_id":13778570345,"operator":"","manufacturer":"Flock Safety","category":"Flock","query_date":"2026-09-23"},"geometry":{"type":"Point","coordinates":[-118.183,33.8125]}},{"type":"Feature","properties":{"osm_id":13778570346,"operator":"","manufacturer":"Flock Safety","category":"Flock","query_date":"2026-09-23"},"geometry":{"type":"Point","coordinates":[-118.18476,33.81333]}},{"type":"Feature","properties":{"osm_id":13778570347,"operator":"","manufacturer":"Flock Safety","category":"Flock","query_date":"2026-09-23"},"geometry":{"type":"Point","coordinates":[-118.18243,33.81298]}},{"type":"Feature","properties":{"osm_id":13778594733,"operator":"","manufacturer":"Flock Safety","category":"Flock","query_date":"2026-09-23"},"geometry":{"type":"Point","coordinates":[-118.16717,33.80129]}},{"type":"Feature","properties":{"osm_id":13778594734,"operator":"","manufacturer":"Flock Safety","category":"Flock","query_date":"2026-09-23"},"geometry":{"type":"Point","coordinates":[-118.16663,33.80248]}},{"type":"Feature","properties":{"osm_id":13781157501,"operator":"","manufacturer":"Flock Safety","category":"Flock","query_date":"2026-09-23"},"geometry":{"type":"Point","coordinates":[-117.84524,34.01064]}},{"type":"Feature","properties":{"osm_id":13783268601,"operator":"","manufacturer":"Axis Communications","category":"other ALPR","query_date":"2026-09-23"},"geometry":{"type":"Point","coordinates":[-118.37984,34.06302]}},{"type":"Feature","properties":{"osm_id":13783277801,"operator":"","manufacturer":"Axis Communications","category":"other ALPR","query_date":"2026-09-23"},"geometry":{"type":"Point","coordinates":[-118.37838,34.06303]}},{"type":"Feature","properties":{"osm_id":13783277802,"operator":"","manufacturer":"Axis Communications","category":"other ALPR","query_date":"2026-09-23"},"geometry":{"type":"Point","coordinates":[-118.37735,34.06302]}},{"type":"Feature","properties":{"osm_id":13783344301,"operator":"","manufacturer":"Axis Communications","category":"other ALPR","query_date":"2026-09-23"},"geometry":{"type":"Point","coordinates":[-118.37842,34.06494]}},{"type":"Feature","properties":{"osm_id":13783355101,"operator":"","manufacturer":"Axis Communications","category":"other ALPR","query_date":"2026-09-23"},"geometry":{"type":"Point","coordinates":[-118.37929,34.06511]}},{"type":"Feature","properties":{"osm_id":13783364601,"operator":"","manufacturer":"Axis Communications","category":"other ALPR","query_date":"2026-09-23"},"geometry":{"type":"Point","coordinates":[-118.38031,34.06511]}},{"type":"Feature","properties":{"osm_id":13783376201,"operator":"","manufacturer":"Axis Communications","category":"other ALPR","query_date":"2026-09-23"},"geometry":{"type":"Point","coordinates":[-118.38053,34.06301]}},{"type":"Feature","properties":{"osm_id":13783379501,"operator":"","manufacturer":"Axis Communications","category":"other ALPR","query_date":"2026-09-23"},"geometry":{"type":"Point","coordinates":[-118.38158,34.06302]}},{"type":"Feature","properties":{"osm_id":13783379503,"operator":"","manufacturer":"Axis Communications","category":"other ALPR","query_date":"2026-09-23"},"geometry":{"type":"Point","coordinates":[-118.3814,34.06508]}},{"type":"Feature","properties":{"osm_id":13783995001,"operator":"","manufacturer":"Flock Safety","category":"Flock","query_date":"2026-09-23"},"geometry":{"type":"Point","coordinates":[-117.76421,34.09442]}},{"type":"Feature","properties":{"osm_id":13784184101,"operator":"","manufacturer":"Flock Safety","category":"Flock","query_date":"2026-09-23"},"geometry":{"type":"Point","coordinates":[-118.78122,34.14603]}},{"type":"Feature","properties":{"osm_id":13785906980,"operator":"","manufacturer":"Genetec","category":"other ALPR","query_date":"2026-09-23"},"geometry":{"type":"Point","coordinates":[-118.35166,34.13529]}},{"type":"Feature","properties":{"osm_id":13785906981,"operator":"","manufacturer":"Genetec","category":"other ALPR","query_date":"2026-09-23"},"geometry":{"type":"Point","coordinates":[-118.35162,34.13606]}},{"type":"Feature","properties":{"osm_id":13785941247,"operator":"","manufacturer":"Genetec","category":"other ALPR","query_date":"2026-09-23"},"geometry":{"type":"Point","coordinates":[-118.35167,34.13615]}},{"type":"Feature","properties":{"osm_id":13788650301,"operator":"","manufacturer":"Flock Safety","category":"Flock","query_date":"2026-09-23"},"geometry":{"type":"Point","coordinates":[-118.2223,34.20461]}},{"type":"Feature","properties":{"osm_id":13789680854,"operator":"","manufacturer":null,"category":"Flock","query_date":"2026-09-23"},"geometry":{"type":"Point","coordinates":[-118.37647,34.06881]}},{"type":"Feature","properties":{"osm_id":13789702603,"operator":"","manufacturer":null,"category":"Flock","query_date":"2026-09-23"},"geometry":{"type":"Point","coordinates":[-118.38388,34.08393]}},{"type":"Feature","properties":{"osm_id":13789748554,"operator":"","manufacturer":null,"category":"Flock","query_date":"2026-09-23"},"geometry":{"type":"Point","coordinates":[-118.37623,34.06893]}},{"type":"Feature","properties":{"osm_id":13790436901,"operator":"","manufacturer":"Motorola Solutions","category":"other ALPR","query_date":"2026-09-23"},"geometry":{"type":"Point","coordinates":[-118.27994,33.73773]}},{"type":"Feature","properties":{"osm_id":13791335093,"operator":"The Home Depot","manufacturer":"Flock Safety","category":"Flock (store-operated)","query_date":"2026-09-23"},"geometry":{"type":"Point","coordinates":[-118.14121,34.08426]}},{"type":"Feature","properties":{"osm_id":13791335094,"operator":"The Home Depot","manufacturer":"Flock Safety","category":"Flock (store-operated)","query_date":"2026-09-23"},"geometry":{"type":"Point","coordinates":[-118.14187,34.08621]}},{"type":"Feature","properties":{"osm_id":13791530404,"operator":"","manufacturer":"Flock Safety","category":"Flock","query_date":"2026-09-23"},"geometry":{"type":"Point","coordinates":[-117.99045,34.13493]}},{"type":"Feature","properties":{"osm_id":13791530405,"operator":"","manufacturer":"Flock Safety","category":"Flock","query_date":"2026-09-23"},"geometry":{"type":"Point","coordinates":[-117.99031,34.13483]}},{"type":"Feature","properties":{"osm_id":13791556955,"operator":"","manufacturer":"Flock Safety","category":"Flock","query_date":"2026-09-23"},"geometry":{"type":"Point","coordinates":[-117.83211,34.116]}},{"type":"Feature","properties":{"osm_id":13791713715,"operator":"","manufacturer":"Flock Safety","category":"Flock","query_date":"2026-09-23"},"geometry":{"type":"Point","coordinates":[-117.81878,34.10681]}},{"type":"Feature","properties":{"osm_id":13792757401,"operator":"","manufacturer":"Flock Safety","category":"Flock","query_date":"2026-09-23"},"geometry":{"type":"Point","coordinates":[-117.90761,34.089]}},{"type":"Feature","properties":{"osm_id":13792757501,"operator":"","manufacturer":"Flock Safety","category":"Flock","query_date":"2026-09-23"},"geometry":{"type":"Point","coordinates":[-117.91654,34.08842]}},{"type":"Feature","properties":{"osm_id":13795944902,"operator":"","manufacturer":"Flock Safety","category":"Flock","query_date":"2026-09-23"},"geometry":{"type":"Point","coordinates":[-118.43187,34.02593]}},{"type":"Feature","properties":{"osm_id":13796417533,"operator":"","manufacturer":null,"category":"Flock","query_date":"2026-09-23"},"geometry":{"type":"Point","coordinates":[-118.37962,34.07753]}},{"type":"Feature","properties":{"osm_id":13798752175,"operator":"","manufacturer":"Flock Safety","category":"Flock","query_date":"2026-09-23"},"geometry":{"type":"Point","coordinates":[-118.87097,34.79226]}},{"type":"Feature","properties":{"osm_id":13799936502,"operator":"Holmby Hills Homeowners Association","manufacturer":"Flock Safety","category":"Flock","query_date":"2026-09-23"},"geometry":{"type":"Point","coordinates":[-118.43124,34.07518]}},{"type":"Feature","properties":{"osm_id":13799946302,"operator":"Holmby Hills Homeowners Association","manufacturer":"Flock Safety","category":"Flock","query_date":"2026-09-23"},"geometry":{"type":"Point","coordinates":[-118.42992,34.07922]}},{"type":"Feature","properties":{"osm_id":13799947001,"operator":"Holmby Hills Homeowners Association","manufacturer":"Flock Safety","category":"Flock","query_date":"2026-09-23"},"geometry":{"type":"Point","coordinates":[-118.43203,34.07782]}},{"type":"Feature","properties":{"osm_id":13805190601,"operator":"","manufacturer":"Flock Safety","category":"Flock","query_date":"2026-09-23"},"geometry":{"type":"Point","coordinates":[-118.35502,34.15587]}},{"type":"Feature","properties":{"osm_id":13805191902,"operator":"","manufacturer":"Flock Safety","category":"Flock","query_date":"2026-09-23"},"geometry":{"type":"Point","coordinates":[-118.35502,34.15721]}},{"type":"Feature","properties":{"osm_id":13805989037,"operator":"","manufacturer":null,"category":"other ALPR","query_date":"2026-09-23"},"geometry":{"type":"Point","coordinates":[-118.38431,34.08488]}},{"type":"Feature","properties":{"osm_id":13806805201,"operator":"","manufacturer":"Flock Safety","category":"Flock","query_date":"2026-09-23"},"geometry":{"type":"Point","coordinates":[-118.4113,34.03233]}},{"type":"Feature","properties":{"osm_id":13806807501,"operator":"","manufacturer":"Flock Safety","category":"Flock","query_date":"2026-09-23"},"geometry":{"type":"Point","coordinates":[-118.39476,34.04607]}},{"type":"Feature","properties":{"osm_id":13807689202,"operator":"","manufacturer":"Flock Safety","category":"Flock","query_date":"2026-09-23"},"geometry":{"type":"Point","coordinates":[-118.60537,34.14714]}},{"type":"Feature","properties":{"osm_id":13809342284,"operator":"","manufacturer":"Flock Safety","category":"Flock","query_date":"2026-09-23"},"geometry":{"type":"Point","coordinates":[-118.25076,33.75415]}},{"type":"Feature","properties":{"osm_id":13809343544,"operator":"","manufacturer":"Flock Safety","category":"Flock","query_date":"2026-09-23"},"geometry":{"type":"Point","coordinates":[-118.25076,33.75415]}},{"type":"Feature","properties":{"osm_id":13810201301,"operator":"","manufacturer":"Flock Safety","category":"Flock","query_date":"2026-09-23"},"geometry":{"type":"Point","coordinates":[-118.35648,34.07174]}},{"type":"Feature","properties":{"osm_id":13811691802,"operator":"","manufacturer":"Flock Safety","category":"Flock","query_date":"2026-09-23"},"geometry":{"type":"Point","coordinates":[-117.84049,34.02027]}},{"type":"Feature","properties":{"osm_id":13811691803,"operator":"","manufacturer":"Flock Safety","category":"Flock","query_date":"2026-09-23"},"geometry":{"type":"Point","coordinates":[-117.84021,34.02016]}},{"type":"Feature","properties":{"osm_id":13811691804,"operator":"","manufacturer":"Flock Safety","category":"Flock","query_date":"2026-09-23"},"geometry":{"type":"Point","coordinates":[-117.86619,34.02031]}},{"type":"Feature","properties":{"osm_id":13811701702,"operator":"","manufacturer":"Flock Safety","category":"Flock","query_date":"2026-09-23"},"geometry":{"type":"Point","coordinates":[-117.86572,34.02033]}},{"type":"Feature","properties":{"osm_id":13811970701,"operator":"","manufacturer":"Flock Safety","category":"Flock","query_date":"2026-09-23"},"geometry":{"type":"Point","coordinates":[-118.15401,33.78245]}},{"type":"Feature","properties":{"osm_id":13811976001,"operator":"","manufacturer":"Flock Safety","category":"Flock","query_date":"2026-09-23"},"geometry":{"type":"Point","coordinates":[-118.15407,33.78226]}},{"type":"Feature","properties":{"osm_id":13816113002,"operator":"","manufacturer":"Motorola Solutions","category":"other ALPR","query_date":"2026-09-23"},"geometry":{"type":"Point","coordinates":[-118.35238,33.88758]}},{"type":"Feature","properties":{"osm_id":13816118001,"operator":"","manufacturer":"Motorola Solutions","category":"other ALPR","query_date":"2026-09-23"},"geometry":{"type":"Point","coordinates":[-118.3528,33.88719]}},{"type":"Feature","properties":{"osm_id":13816118301,"operator":"","manufacturer":"Motorola Solutions","category":"other ALPR","query_date":"2026-09-23"},"geometry":{"type":"Point","coordinates":[-118.35277,33.88719]}},{"type":"Feature","properties":{"osm_id":13816364656,"operator":"","manufacturer":"Flock Safety","category":"Flock","query_date":"2026-09-23"},"geometry":{"type":"Point","coordinates":[-118.41027,34.05933]}},{"type":"Feature","properties":{"osm_id":13816382401,"operator":"","manufacturer":"Flock Safety","category":"Flock","query_date":"2026-09-23"},"geometry":{"type":"Point","coordinates":[-118.39657,33.98979]}},{"type":"Feature","properties":{"osm_id":13816383101,"operator":"","manufacturer":"Flock Safety","category":"Flock","query_date":"2026-09-23"},"geometry":{"type":"Point","coordinates":[-118.3966,33.98963]}},{"type":"Feature","properties":{"osm_id":13816383501,"operator":"","manufacturer":"Flock Safety","category":"Flock","query_date":"2026-09-23"},"geometry":{"type":"Point","coordinates":[-118.39709,33.98927]}},{"type":"Feature","properties":{"osm_id":13816421861,"operator":"","manufacturer":null,"category":"other ALPR","query_date":"2026-09-23"},"geometry":{"type":"Point","coordinates":[-118.38381,34.08495]}},{"type":"Feature","properties":{"osm_id":13816424865,"operator":"","manufacturer":null,"category":"other ALPR","query_date":"2026-09-23"},"geometry":{"type":"Point","coordinates":[-118.38988,34.08475]}},{"type":"Feature","properties":{"osm_id":13816436450,"operator":"","manufacturer":"Flock Safety","category":"Flock","query_date":"2026-09-23"},"geometry":{"type":"Point","coordinates":[-118.13828,34.55785]}},{"type":"Feature","properties":{"osm_id":13816461182,"operator":"","manufacturer":null,"category":"other ALPR","query_date":"2026-09-23"},"geometry":{"type":"Point","coordinates":[-118.38989,34.08608]}},{"type":"Feature","properties":{"osm_id":13819206687,"operator":"","manufacturer":null,"category":"other ALPR","query_date":"2026-09-23"},"geometry":{"type":"Point","coordinates":[-118.39277,33.90217]}},{"type":"Feature","properties":{"osm_id":13819246401,"operator":"","manufacturer":"Motorola Solutions","category":"other ALPR","query_date":"2026-09-23"},"geometry":{"type":"Point","coordinates":[-118.3262,33.86559]}},{"type":"Feature","properties":{"osm_id":13819758501,"operator":"","manufacturer":"Flock Safety","category":"Flock","query_date":"2026-09-23"},"geometry":{"type":"Point","coordinates":[-118.00113,34.16255]}},{"type":"Feature","properties":{"osm_id":13819986801,"operator":"","manufacturer":"Flock Safety","category":"Flock","query_date":"2026-09-23"},"geometry":{"type":"Point","coordinates":[-118.29521,34.16579]}},{"type":"Feature","properties":{"osm_id":13822843802,"operator":"","manufacturer":"Flock Safety","category":"Flock","query_date":"2026-09-23"},"geometry":{"type":"Point","coordinates":[-117.87275,34.10605]}},{"type":"Feature","properties":{"osm_id":13822847201,"operator":"","manufacturer":"Flock Safety","category":"Flock","query_date":"2026-09-23"},"geometry":{"type":"Point","coordinates":[-117.74874,34.10708]}},{"type":"Feature","properties":{"osm_id":13822930001,"operator":"","manufacturer":"Flock Safety","category":"Flock","query_date":"2026-09-23"},"geometry":{"type":"Point","coordinates":[-117.78751,34.06244]}},{"type":"Feature","properties":{"osm_id":13826278001,"operator":"","manufacturer":"Flock Safety","category":"Flock","query_date":"2026-09-23"},"geometry":{"type":"Point","coordinates":[-117.75668,34.09816]}},{"type":"Feature","properties":{"osm_id":13826344804,"operator":"Flock Safety","manufacturer":null,"category":"Flock","query_date":"2026-09-23"},"geometry":{"type":"Point","coordinates":[-118.35626,34.08298]}},{"type":"Feature","properties":{"osm_id":13829085705,"operator":"","manufacturer":"Flock Safety","category":"Flock","query_date":"2026-09-23"},"geometry":{"type":"Point","coordinates":[-118.13085,34.01148]}},{"type":"Feature","properties":{"osm_id":13832224501,"operator":"","manufacturer":"Flock Safety","category":"Flock","query_date":"2026-09-23"},"geometry":{"type":"Point","coordinates":[-118.39382,33.99093]}},{"type":"Feature","properties":{"osm_id":13833442901,"operator":"","manufacturer":"Motorola Solutions","category":"other ALPR","query_date":"2026-09-23"},"geometry":{"type":"Point","coordinates":[-118.13425,33.90422]}},{"type":"Feature","properties":{"osm_id":13838074401,"operator":"","manufacturer":"Flock Safety","category":"Flock","query_date":"2026-09-23"},"geometry":{"type":"Point","coordinates":[-117.98058,33.94008]}},{"type":"Feature","properties":{"osm_id":13841176702,"operator":"","manufacturer":"Flock Safety","category":"Flock","query_date":"2026-09-23"},"geometry":{"type":"Point","coordinates":[-118.43377,34.00359]}},{"type":"Feature","properties":{"osm_id":13841458701,"operator":"","manufacturer":"Flock Safety","category":"Flock","query_date":"2026-09-23"},"geometry":{"type":"Point","coordinates":[-118.4454,33.9917]}},{"type":"Feature","properties":{"osm_id":13841459601,"operator":"","manufacturer":"Flock Safety","category":"Flock","query_date":"2026-09-23"},"geometry":{"type":"Point","coordinates":[-118.44465,33.99193]}},{"type":"Feature","properties":{"osm_id":13841773202,"operator":"","manufacturer":"Flock Safety","category":"Flock","query_date":"2026-09-23"},"geometry":{"type":"Point","coordinates":[-118.15101,34.05334]}},{"type":"Feature","properties":{"osm_id":13842123401,"operator":"","manufacturer":null,"category":"Flock","query_date":"2026-09-23"},"geometry":{"type":"Point","coordinates":[-118.14238,33.86203]}},{"type":"Feature","properties":{"osm_id":13842553801,"operator":"","manufacturer":"Motorola Solutions","category":"other ALPR","query_date":"2026-09-23"},"geometry":{"type":"Point","coordinates":[-118.13399,33.84718]}},{"type":"Feature","properties":{"osm_id":13842555301,"operator":"","manufacturer":"Motorola Solutions","category":"other ALPR","query_date":"2026-09-23"},"geometry":{"type":"Point","coordinates":[-118.13399,33.84716]}},{"type":"Feature","properties":{"osm_id":13842555302,"operator":"","manufacturer":"Motorola Solutions","category":"other ALPR","query_date":"2026-09-23"},"geometry":{"type":"Point","coordinates":[-118.134,33.84714]}},{"type":"Feature","properties":{"osm_id":13842556401,"operator":"","manufacturer":"Motorola Solutions","category":"other ALPR","query_date":"2026-09-23"},"geometry":{"type":"Point","coordinates":[-118.13376,33.84726]}},{"type":"Feature","properties":{"osm_id":13842556402,"operator":"","manufacturer":"Motorola Solutions","category":"other ALPR","query_date":"2026-09-23"},"geometry":{"type":"Point","coordinates":[-118.13373,33.84726]}},{"type":"Feature","properties":{"osm_id":13842560501,"operator":"","manufacturer":"Motorola Solutions","category":"other ALPR","query_date":"2026-09-23"},"geometry":{"type":"Point","coordinates":[-118.13385,33.85352]}},{"type":"Feature","properties":{"osm_id":13842561001,"operator":"","manufacturer":"Motorola Solutions","category":"other ALPR","query_date":"2026-09-23"},"geometry":{"type":"Point","coordinates":[-118.13383,33.85352]}},{"type":"Feature","properties":{"osm_id":13842561201,"operator":"","manufacturer":"Motorola Solutions","category":"other ALPR","query_date":"2026-09-23"},"geometry":{"type":"Point","coordinates":[-118.13397,33.85371]}},{"type":"Feature","properties":{"osm_id":13842562601,"operator":"","manufacturer":"Motorola Solutions","category":"other ALPR","query_date":"2026-09-23"},"geometry":{"type":"Point","coordinates":[-118.13397,33.85373]}},{"type":"Feature","properties":{"osm_id":13842562602,"operator":"","manufacturer":"Motorola Solutions","category":"other ALPR","query_date":"2026-09-23"},"geometry":{"type":"Point","coordinates":[-118.1422,33.85374]}},{"type":"Feature","properties":{"osm_id":13842563901,"operator":"","manufacturer":"Motorola Solutions","category":"other ALPR","query_date":"2026-09-23"},"geometry":{"type":"Point","coordinates":[-118.13397,33.85373]}},{"type":"Feature","properties":{"osm_id":13842564001,"operator":"","manufacturer":"Motorola Solutions","category":"other ALPR","query_date":"2026-09-23"},"geometry":{"type":"Point","coordinates":[-118.14256,33.85364]}},{"type":"Feature","properties":{"osm_id":13842564002,"operator":"","manufacturer":"Motorola Solutions","category":"other ALPR","query_date":"2026-09-23"},"geometry":{"type":"Point","coordinates":[-118.14259,33.85364]}},{"type":"Feature","properties":{"osm_id":13842565301,"operator":"","manufacturer":"Motorola Solutions","category":"other ALPR","query_date":"2026-09-23"},"geometry":{"type":"Point","coordinates":[-118.14262,33.85364]}},{"type":"Feature","properties":{"osm_id":13842565401,"operator":"","manufacturer":"Motorola Solutions","category":"other ALPR","query_date":"2026-09-23"},"geometry":{"type":"Point","coordinates":[-118.1422,33.85376]}},{"type":"Feature","properties":{"osm_id":13845952401,"operator":"","manufacturer":"Motorola Solutions","category":"other ALPR","query_date":"2026-09-23"},"geometry":{"type":"Point","coordinates":[-118.14245,33.88917]}},{"type":"Feature","properties":{"osm_id":13845963501,"operator":"","manufacturer":"Flock Safety","category":"Flock","query_date":"2026-09-23"},"geometry":{"type":"Point","coordinates":[-118.15158,33.88935]}},{"type":"Feature","properties":{"osm_id":13846550201,"operator":"","manufacturer":"Flock Safety","category":"Flock","query_date":"2026-09-23"},"geometry":{"type":"Point","coordinates":[-117.75243,34.10912]}},{"type":"Feature","properties":{"osm_id":13846650801,"operator":"","manufacturer":"Flock Safety","category":"Flock","query_date":"2026-09-23"},"geometry":{"type":"Point","coordinates":[-117.75082,34.10929]}},{"type":"Feature","properties":{"osm_id":13847126001,"operator":"","manufacturer":"Motorola Solutions","category":"other ALPR","query_date":"2026-09-23"},"geometry":{"type":"Point","coordinates":[-118.31609,33.81941]}},{"type":"Feature","properties":{"osm_id":13847536228,"operator":"","manufacturer":"Flock Safety","category":"Flock","query_date":"2026-09-23"},"geometry":{"type":"Point","coordinates":[-117.79659,34.0432]}},{"type":"Feature","properties":{"osm_id":13854938601,"operator":"","manufacturer":"Motorola Solutions","category":"other ALPR","query_date":"2026-09-23"},"geometry":{"type":"Point","coordinates":[-118.30538,33.76048]}},{"type":"Feature","properties":{"osm_id":13854940301,"operator":"","manufacturer":"Motorola Solutions","category":"other ALPR","query_date":"2026-09-23"},"geometry":{"type":"Point","coordinates":[-118.30557,33.7602]}},{"type":"Feature","properties":{"osm_id":13854962301,"operator":"","manufacturer":"Motorola Solutions","category":"other ALPR","query_date":"2026-09-23"},"geometry":{"type":"Point","coordinates":[-118.30526,33.76027]}},{"type":"Feature","properties":{"osm_id":13858173001,"operator":"","manufacturer":"Flock Safety","category":"Flock","query_date":"2026-09-23"},"geometry":{"type":"Point","coordinates":[-118.03202,33.96258]}},{"type":"Feature","properties":{"osm_id":13858941401,"operator":"","manufacturer":"Flock Safety","category":"Flock","query_date":"2026-09-23"},"geometry":{"type":"Point","coordinates":[-117.8385,34.07183]}},{"type":"Feature","properties":{"osm_id":13859057301,"operator":"","manufacturer":"Flock Safety","category":"Flock","query_date":"2026-09-23"},"geometry":{"type":"Point","coordinates":[-117.83079,34.07545]}},{"type":"Feature","properties":{"osm_id":13859057302,"operator":"","manufacturer":"Flock Safety","category":"Flock","query_date":"2026-09-23"},"geometry":{"type":"Point","coordinates":[-117.83566,34.0771]}},{"type":"Feature","properties":{"osm_id":13859066801,"operator":"","manufacturer":"Flock Safety","category":"Flock","query_date":"2026-09-23"},"geometry":{"type":"Point","coordinates":[-117.84009,34.07949]}},{"type":"Feature","properties":{"osm_id":13859081601,"operator":"","manufacturer":"Flock Safety","category":"Flock","query_date":"2026-09-23"},"geometry":{"type":"Point","coordinates":[-117.84557,34.08216]}},{"type":"Feature","properties":{"osm_id":13859081602,"operator":"","manufacturer":"Flock Safety","category":"Flock","query_date":"2026-09-23"},"geometry":{"type":"Point","coordinates":[-117.83782,34.0713]}},{"type":"Feature","properties":{"osm_id":13859099501,"operator":"","manufacturer":"Flock Safety","category":"Flock","query_date":"2026-09-23"},"geometry":{"type":"Point","coordinates":[-117.83113,34.07288]}},{"type":"Feature","properties":{"osm_id":13859117201,"operator":"","manufacturer":"Flock Safety","category":"Flock","query_date":"2026-09-23"},"geometry":{"type":"Point","coordinates":[-117.817,34.07274]}},{"type":"Feature","properties":{"osm_id":13859120702,"operator":"","manufacturer":"Flock Safety","category":"Flock","query_date":"2026-09-23"},"geometry":{"type":"Point","coordinates":[-117.81635,34.07747]}},{"type":"Feature","properties":{"osm_id":13859352702,"operator":"","manufacturer":"Flock Safety","category":"Flock","query_date":"2026-09-23"},"geometry":{"type":"Point","coordinates":[-117.77262,34.14357]}},{"type":"Feature","properties":{"osm_id":13860553601,"operator":"","manufacturer":"Flock Safety","category":"Flock","query_date":"2026-09-23"},"geometry":{"type":"Point","coordinates":[-118.32557,33.91651]}},{"type":"Feature","properties":{"osm_id":13868917301,"operator":"","manufacturer":"Flock Safety","category":"Flock","query_date":"2026-09-23"},"geometry":{"type":"Point","coordinates":[-117.83211,34.11521]}},{"type":"Feature","properties":{"osm_id":13869356801,"operator":"","manufacturer":"Motorola Solutions","category":"other ALPR","query_date":"2026-09-23"},"geometry":{"type":"Point","coordinates":[-118.35283,33.90174]}},{"type":"Feature","properties":{"osm_id":13869358501,"operator":"","manufacturer":"Motorola Solutions","category":"other ALPR","query_date":"2026-09-23"},"geometry":{"type":"Point","coordinates":[-118.35281,33.90173]}},{"type":"Feature","properties":{"osm_id":13874629701,"operator":"","manufacturer":"Flock Safety","category":"Flock","query_date":"2026-09-23"},"geometry":{"type":"Point","coordinates":[-118.48914,34.01338]}},{"type":"Feature","properties":{"osm_id":13874711301,"operator":"","manufacturer":"Flock Safety","category":"Flock","query_date":"2026-09-23"},"geometry":{"type":"Point","coordinates":[-117.76176,34.11787]}},{"type":"Feature","properties":{"osm_id":13874727501,"operator":"","manufacturer":"Flock Safety","category":"Flock","query_date":"2026-09-23"},"geometry":{"type":"Point","coordinates":[-117.76196,34.12177]}},{"type":"Feature","properties":{"osm_id":13874770901,"operator":"","manufacturer":"Motorola Solutions","category":"other ALPR","query_date":"2026-09-23"},"geometry":{"type":"Point","coordinates":[-117.74912,34.10818]}},{"type":"Feature","properties":{"osm_id":13874774901,"operator":"","manufacturer":"Flock Safety","category":"Flock","query_date":"2026-09-23"},"geometry":{"type":"Point","coordinates":[-117.74813,34.10758]}},{"type":"Feature","properties":{"osm_id":13874804601,"operator":"","manufacturer":"Flock Safety","category":"Flock","query_date":"2026-09-23"},"geometry":{"type":"Point","coordinates":[-118.23227,34.16525]}},{"type":"Feature","properties":{"osm_id":13876814504,"operator":"","manufacturer":"Genetec","category":"other ALPR","query_date":"2026-09-23"},"geometry":{"type":"Point","coordinates":[-118.49568,34.01594]}},{"type":"Feature","properties":{"osm_id":13876856201,"operator":"","manufacturer":"Motorola Solutions","category":"other ALPR","query_date":"2026-09-23"},"geometry":{"type":"Point","coordinates":[-118.49571,34.01615]}},{"type":"Feature","properties":{"osm_id":13878625201,"operator":"","manufacturer":"Motorola Solutions","category":"other ALPR","query_date":"2026-09-23"},"geometry":{"type":"Point","coordinates":[-118.13417,33.9039]}},{"type":"Feature","properties":{"osm_id":13878625701,"operator":"","manufacturer":"Motorola Solutions","category":"other ALPR","query_date":"2026-09-23"},"geometry":{"type":"Point","coordinates":[-118.13389,33.90401]}},{"type":"Feature","properties":{"osm_id":13878626201,"operator":"","manufacturer":"Motorola Solutions","category":"other ALPR","query_date":"2026-09-23"},"geometry":{"type":"Point","coordinates":[-118.13423,33.90961]}},{"type":"Feature","properties":{"osm_id":13878714801,"operator":"","manufacturer":"Motorola Solutions","category":"other ALPR","query_date":"2026-09-23"},"geometry":{"type":"Point","coordinates":[-118.1421,33.91095]}},{"type":"Feature","properties":{"osm_id":13878760802,"operator":"","manufacturer":"Motorola Solutions","category":"other ALPR","query_date":"2026-09-23"},"geometry":{"type":"Point","coordinates":[-118.08217,33.87539]}},{"type":"Feature","properties":{"osm_id":13879316342,"operator":"","manufacturer":"Flock Safety","category":"Flock","query_date":"2026-09-23"},"geometry":{"type":"Point","coordinates":[-118.41928,34.06097]}},{"type":"Feature","properties":{"osm_id":13879599201,"operator":"","manufacturer":"Flock Safety","category":"Flock","query_date":"2026-09-23"},"geometry":{"type":"Point","coordinates":[-118.18934,34.11068]}},{"type":"Feature","properties":{"osm_id":13888886302,"operator":"","manufacturer":"Flock Safety","category":"Flock","query_date":"2026-09-23"},"geometry":{"type":"Point","coordinates":[-117.99506,34.13263]}},{"type":"Feature","properties":{"osm_id":13889967002,"operator":"","manufacturer":"Flock Safety","category":"Flock","query_date":"2026-09-23"},"geometry":{"type":"Point","coordinates":[-118.74007,34.14217]}},{"type":"Feature","properties":{"osm_id":13890012401,"operator":"","manufacturer":"Flock Safety","category":"Flock","query_date":"2026-09-23"},"geometry":{"type":"Point","coordinates":[-118.73786,34.14373]}},{"type":"Feature","properties":{"osm_id":13890012601,"operator":"","manufacturer":"Flock Safety","category":"Flock","query_date":"2026-09-23"},"geometry":{"type":"Point","coordinates":[-118.738,34.1443]}},{"type":"Feature","properties":{"osm_id":13891974950,"operator":"","manufacturer":"Flock Safety","category":"Flock","query_date":"2026-09-23"},"geometry":{"type":"Point","coordinates":[-118.55485,34.03956]}},{"type":"Feature","properties":{"osm_id":13892180813,"operator":"","manufacturer":"Flock Safety","category":"Flock","query_date":"2026-09-23"},"geometry":{"type":"Point","coordinates":[-118.58405,34.38001]}},{"type":"Feature","properties":{"osm_id":13892181232,"operator":"","manufacturer":"Flock Safety","category":"Flock","query_date":"2026-09-23"},"geometry":{"type":"Point","coordinates":[-118.58448,34.3804]}},{"type":"Feature","properties":{"osm_id":13892918801,"operator":"","manufacturer":"Flock Safety","category":"Flock","query_date":"2026-09-23"},"geometry":{"type":"Point","coordinates":[-118.7565,34.14329]}},{"type":"Feature","properties":{"osm_id":13893991801,"operator":"","manufacturer":"Flock Safety","category":"Flock","query_date":"2026-09-23"},"geometry":{"type":"Point","coordinates":[-118.28793,33.72842]}},{"type":"Feature","properties":{"osm_id":13894972501,"operator":"","manufacturer":"Motorola Solutions","category":"other ALPR","query_date":"2026-09-23"},"geometry":{"type":"Point","coordinates":[-118.12529,33.87489]}},{"type":"Feature","properties":{"osm_id":13895088101,"operator":"","manufacturer":"Flock Safety","category":"Flock","query_date":"2026-09-23"},"geometry":{"type":"Point","coordinates":[-118.11297,34.00722]}},{"type":"Feature","properties":{"osm_id":13895089001,"operator":"","manufacturer":"Flock Safety","category":"Flock","query_date":"2026-09-23"},"geometry":{"type":"Point","coordinates":[-118.12002,34.00983]}},{"type":"Feature","properties":{"osm_id":13897321985,"operator":"","manufacturer":"Flock Safety","category":"Flock","query_date":"2026-09-23"},"geometry":{"type":"Point","coordinates":[-117.85717,34.15068]}},{"type":"Feature","properties":{"osm_id":13897321990,"operator":"","manufacturer":"Axon","category":"other ALPR","query_date":"2026-09-23"},"geometry":{"type":"Point","coordinates":[-117.8656,34.13958]}},{"type":"Feature","properties":{"osm_id":13897338133,"operator":"","manufacturer":"Flock Safety","category":"Flock","query_date":"2026-09-23"},"geometry":{"type":"Point","coordinates":[-117.84645,34.11645]}},{"type":"Feature","properties":{"osm_id":13897395344,"operator":"","manufacturer":"Axon","category":"other ALPR","query_date":"2026-09-23"},"geometry":{"type":"Point","coordinates":[-117.86537,34.13615]}},{"type":"Feature","properties":{"osm_id":13897458243,"operator":"","manufacturer":"Flock Safety","category":"Flock","query_date":"2026-09-23"},"geometry":{"type":"Point","coordinates":[-117.84626,34.11409]}},{"type":"Feature","properties":{"osm_id":13897489404,"operator":"","manufacturer":"Flock Safety","category":"Flock","query_date":"2026-09-23"},"geometry":{"type":"Point","coordinates":[-118.15258,33.78149]}},{"type":"Feature","properties":{"osm_id":13897497404,"operator":"","manufacturer":"Flock Safety","category":"Flock","query_date":"2026-09-23"},"geometry":{"type":"Point","coordinates":[-118.15261,33.78177]}},{"type":"Feature","properties":{"osm_id":13897508101,"operator":"","manufacturer":"Flock Safety","category":"Flock","query_date":"2026-09-23"},"geometry":{"type":"Point","coordinates":[-117.8728,34.13596]}},{"type":"Feature","properties":{"osm_id":13897508801,"operator":"","manufacturer":"Flock Safety","category":"Flock","query_date":"2026-09-23"},"geometry":{"type":"Point","coordinates":[-118.15426,33.78181]}},{"type":"Feature","properties":{"osm_id":13897509601,"operator":"","manufacturer":null,"category":"Flock","query_date":"2026-09-23"},"geometry":{"type":"Point","coordinates":[-117.86529,34.1379]}},{"type":"Feature","properties":{"osm_id":13897663601,"operator":"","manufacturer":"Motorola Solutions","category":"other ALPR","query_date":"2026-09-23"},"geometry":{"type":"Point","coordinates":[-118.1338,33.87759]}},{"type":"Feature","properties":{"osm_id":13897679101,"operator":"","manufacturer":"Motorola Solutions","category":"other ALPR","query_date":"2026-09-23"},"geometry":{"type":"Point","coordinates":[-118.1427,33.90364]}},{"type":"Feature","properties":{"osm_id":13897700002,"operator":"","manufacturer":"Motorola Solutions","category":"other ALPR","query_date":"2026-09-23"},"geometry":{"type":"Point","coordinates":[-118.14251,33.89643]}},{"type":"Feature","properties":{"osm_id":13897914101,"operator":"","manufacturer":"Flock Safety","category":"Flock","query_date":"2026-09-23"},"geometry":{"type":"Point","coordinates":[-118.39734,33.8592]}},{"type":"Feature","properties":{"osm_id":13897939701,"operator":"","manufacturer":"Motorola Solutions","category":"other ALPR","query_date":"2026-09-23"},"geometry":{"type":"Point","coordinates":[-118.14239,33.87464]}},{"type":"Feature","properties":{"osm_id":13898118701,"operator":"","manufacturer":"Flock Safety","category":"Flock","query_date":"2026-09-23"},"geometry":{"type":"Point","coordinates":[-118.17627,33.78941]}},{"type":"Feature","properties":{"osm_id":13900133601,"operator":"The Home Depot","manufacturer":"Flock Safety","category":"Flock (store-operated)","query_date":"2026-09-23"},"geometry":{"type":"Point","coordinates":[-118.37036,33.95722]}},{"type":"Feature","properties":{"osm_id":13900296501,"operator":"","manufacturer":"Motorola Solutions","category":"other ALPR","query_date":"2026-09-23"},"geometry":{"type":"Point","coordinates":[-118.09077,33.8586]}},{"type":"Feature","properties":{"osm_id":13900296901,"operator":"","manufacturer":"Motorola Solutions","category":"other ALPR","query_date":"2026-09-23"},"geometry":{"type":"Point","coordinates":[-118.09079,33.8586]}},{"type":"Feature","properties":{"osm_id":13900297601,"operator":"","manufacturer":"Motorola Solutions","category":"other ALPR","query_date":"2026-09-23"},"geometry":{"type":"Point","coordinates":[-118.09081,33.8586]}},{"type":"Feature","properties":{"osm_id":13900297602,"operator":"","manufacturer":"Motorola Solutions","category":"other ALPR","query_date":"2026-09-23"},"geometry":{"type":"Point","coordinates":[-118.09117,33.86578]}},{"type":"Feature","properties":{"osm_id":13900298401,"operator":"","manufacturer":"Motorola Solutions","category":"other ALPR","query_date":"2026-09-23"},"geometry":{"type":"Point","coordinates":[-118.09117,33.86576]}},{"type":"Feature","properties":{"osm_id":13900299301,"operator":"","manufacturer":"Motorola Solutions","category":"other ALPR","query_date":"2026-09-23"},"geometry":{"type":"Point","coordinates":[-118.09115,33.86551]}},{"type":"Feature","properties":{"osm_id":13900299302,"operator":"","manufacturer":"Motorola Solutions","category":"other ALPR","query_date":"2026-09-23"},"geometry":{"type":"Point","coordinates":[-118.09112,33.86551]}},{"type":"Feature","properties":{"osm_id":13900300402,"operator":"","manufacturer":"Motorola Solutions","category":"other ALPR","query_date":"2026-09-23"},"geometry":{"type":"Point","coordinates":[-118.0911,33.86551]}},{"type":"Feature","properties":{"osm_id":13900301501,"operator":"","manufacturer":"Motorola Solutions","category":"other ALPR","query_date":"2026-09-23"},"geometry":{"type":"Point","coordinates":[-118.09081,33.87286]}},{"type":"Feature","properties":{"osm_id":13900301502,"operator":"","manufacturer":"Motorola Solutions","category":"other ALPR","query_date":"2026-09-23"},"geometry":{"type":"Point","coordinates":[-118.08236,33.86561]}},{"type":"Feature","properties":{"osm_id":13900302801,"operator":"","manufacturer":"Motorola Solutions","category":"other ALPR","query_date":"2026-09-23"},"geometry":{"type":"Point","coordinates":[-118.08215,33.87322]}},{"type":"Feature","properties":{"osm_id":13900338102,"operator":"","manufacturer":"Motorola Solutions","category":"other ALPR","query_date":"2026-09-23"},"geometry":{"type":"Point","coordinates":[-118.07253,33.85864]}},{"type":"Feature","properties":{"osm_id":13900339002,"operator":"","manufacturer":"Motorola Solutions","category":"other ALPR","query_date":"2026-09-23"},"geometry":{"type":"Point","coordinates":[-118.08252,33.88023]}},{"type":"Feature","properties":{"osm_id":13900341205,"operator":"","manufacturer":"Motorola Solutions","category":"other ALPR","query_date":"2026-09-23"},"geometry":{"type":"Point","coordinates":[-118.09943,33.86551]}},{"type":"Feature","properties":{"osm_id":13900344001,"operator":"","manufacturer":"Motorola Solutions","category":"other ALPR","query_date":"2026-09-23"},"geometry":{"type":"Point","coordinates":[-118.09981,33.86545]}},{"type":"Feature","properties":{"osm_id":13900344002,"operator":"","manufacturer":"Motorola Solutions","category":"other ALPR","query_date":"2026-09-23"},"geometry":{"type":"Point","coordinates":[-118.09946,33.85856]}},{"type":"Feature","properties":{"osm_id":13900536301,"operator":"","manufacturer":"Flock Safety","category":"Flock","query_date":"2026-09-23"},"geometry":{"type":"Point","coordinates":[-118.1231,34.18582]}},{"type":"Feature","properties":{"osm_id":13900537301,"operator":"","manufacturer":"Flock Safety","category":"Flock","query_date":"2026-09-23"},"geometry":{"type":"Point","coordinates":[-118.12314,34.18577]}},{"type":"Feature","properties":{"osm_id":13900537302,"operator":"","manufacturer":"Flock Safety","category":"Flock","query_date":"2026-09-23"},"geometry":{"type":"Point","coordinates":[-118.11149,34.18586]}},{"type":"Feature","properties":{"osm_id":13900537801,"operator":"","manufacturer":"Flock Safety","category":"Flock","query_date":"2026-09-23"},"geometry":{"type":"Point","coordinates":[-118.11109,34.18546]}},{"type":"Feature","properties":{"osm_id":13900537802,"operator":"","manufacturer":"Flock Safety","category":"Flock","query_date":"2026-09-23"},"geometry":{"type":"Point","coordinates":[-118.11153,34.18608]}},{"type":"Feature","properties":{"osm_id":13900537901,"operator":"","manufacturer":"Flock Safety","category":"Flock","query_date":"2026-09-23"},"geometry":{"type":"Point","coordinates":[-118.11142,34.18629]}},{"type":"Feature","properties":{"osm_id":13900537902,"operator":"","manufacturer":"Flock Safety","category":"Flock","query_date":"2026-09-23"},"geometry":{"type":"Point","coordinates":[-118.11268,34.19087]}},{"type":"Feature","properties":{"osm_id":13902747201,"operator":"","manufacturer":"Flock Safety","category":"Flock","query_date":"2026-09-23"},"geometry":{"type":"Point","coordinates":[-117.8465,34.12992]}},{"type":"Feature","properties":{"osm_id":13902809003,"operator":"","manufacturer":"Flock Safety","category":"Flock","query_date":"2026-09-23"},"geometry":{"type":"Point","coordinates":[-118.15967,33.85372]}},{"type":"Feature","properties":{"osm_id":13902809401,"operator":"","manufacturer":"Flock Safety","category":"Flock","query_date":"2026-09-23"},"geometry":{"type":"Point","coordinates":[-118.16002,33.85364]}},{"type":"Feature","properties":{"osm_id":13902809405,"operator":"","manufacturer":"Motorola Solutions","category":"other ALPR","query_date":"2026-09-23"},"geometry":{"type":"Point","coordinates":[-118.16012,33.86022]}},{"type":"Feature","properties":{"osm_id":13902811307,"operator":"","manufacturer":"Motorola Solutions","category":"other ALPR","query_date":"2026-09-23"},"geometry":{"type":"Point","coordinates":[-118.15987,33.86037]}},{"type":"Feature","properties":{"osm_id":13902811308,"operator":"","manufacturer":"Motorola Solutions","category":"other ALPR","query_date":"2026-09-23"},"geometry":{"type":"Point","coordinates":[-118.15983,33.86036]}},{"type":"Feature","properties":{"osm_id":13902811309,"operator":"","manufacturer":"Motorola Solutions","category":"other ALPR","query_date":"2026-09-23"},"geometry":{"type":"Point","coordinates":[-118.15972,33.8602]}},{"type":"Feature","properties":{"osm_id":13902811402,"operator":"","manufacturer":"Motorola Solutions","category":"other ALPR","query_date":"2026-09-23"},"geometry":{"type":"Point","coordinates":[-118.15996,33.86007]}},{"type":"Feature","properties":{"osm_id":13902811502,"operator":"","manufacturer":"Motorola Solutions","category":"other ALPR","query_date":"2026-09-23"},"geometry":{"type":"Point","coordinates":[-118.16012,33.86025]}},{"type":"Feature","properties":{"osm_id":13902811504,"operator":"","manufacturer":"Motorola Solutions","category":"other ALPR","query_date":"2026-09-23"},"geometry":{"type":"Point","coordinates":[-118.15972,33.86023]}},{"type":"Feature","properties":{"osm_id":13902818201,"operator":"","manufacturer":"Motorola Solutions","category":"other ALPR","query_date":"2026-09-23"},"geometry":{"type":"Point","coordinates":[-118.16001,33.86007]}},{"type":"Feature","properties":{"osm_id":13902838202,"operator":"","manufacturer":"Motorola Solutions","category":"other ALPR","query_date":"2026-09-23"},"geometry":{"type":"Point","coordinates":[-118.11718,33.87308]}},{"type":"Feature","properties":{"osm_id":13902838204,"operator":"","manufacturer":"Motorola Solutions","category":"other ALPR","query_date":"2026-09-23"},"geometry":{"type":"Point","coordinates":[-118.10878,33.873]}},{"type":"Feature","properties":{"osm_id":13902844901,"operator":"","manufacturer":"Flock Safety","category":"Flock","query_date":"2026-09-23"},"geometry":{"type":"Point","coordinates":[-118.10856,33.86542]}},{"type":"Feature","properties":{"osm_id":13903027221,"operator":"","manufacturer":"Motorola Solutions","category":"other ALPR","query_date":"2026-09-23"},"geometry":{"type":"Point","coordinates":[-118.48617,34.01522]}},{"type":"Feature","properties":{"osm_id":13903063801,"operator":"","manufacturer":"Flock Safety","category":"Flock","query_date":"2026-09-23"},"geometry":{"type":"Point","coordinates":[-118.13137,34.18564]}},{"type":"Feature","properties":{"osm_id":13903321002,"operator":"","manufacturer":"Motorola Solutions","category":"other ALPR","query_date":"2026-09-23"},"geometry":{"type":"Point","coordinates":[-118.62265,34.16628]}},{"type":"Feature","properties":{"osm_id":13903321701,"operator":"","manufacturer":"Motorola Solutions","category":"other ALPR","query_date":"2026-09-23"},"geometry":{"type":"Point","coordinates":[-118.62782,34.16346]}},{"type":"Feature","properties":{"osm_id":13903918698,"operator":"","manufacturer":"Flock Safety","category":"Flock","query_date":"2026-09-23"},"geometry":{"type":"Point","coordinates":[-118.20499,34.00385]}},{"type":"Feature","properties":{"osm_id":13906049101,"operator":"","manufacturer":"Flock Safety","category":"Flock","query_date":"2026-09-23"},"geometry":{"type":"Point","coordinates":[-118.02471,33.94914]}},{"type":"Feature","properties":{"osm_id":13906050501,"operator":"","manufacturer":"Flock Safety","category":"Flock","query_date":"2026-09-23"},"geometry":{"type":"Point","coordinates":[-118.05183,33.93165]}},{"type":"Feature","properties":{"osm_id":13906052701,"operator":"","manufacturer":"Flock Safety","category":"Flock","query_date":"2026-09-23"},"geometry":{"type":"Point","coordinates":[-118.0619,34.00306]}},{"type":"Feature","properties":{"osm_id":13906052702,"operator":"","manufacturer":"Flock Safety","category":"Flock","query_date":"2026-09-23"},"geometry":{"type":"Point","coordinates":[-118.02765,33.97321]}},{"type":"Feature","properties":{"osm_id":13906054401,"operator":"","manufacturer":"Flock Safety","category":"Flock","query_date":"2026-09-23"},"geometry":{"type":"Point","coordinates":[-118.0286,33.98807]}},{"type":"Feature","properties":{"osm_id":13907350304,"operator":"","manufacturer":"Flock Safety","category":"Flock","query_date":"2026-09-23"},"geometry":{"type":"Point","coordinates":[-117.90747,34.13534]}},{"type":"Feature","properties":{"osm_id":13907684601,"operator":"","manufacturer":"Flock Safety","category":"Flock","query_date":"2026-09-23"},"geometry":{"type":"Point","coordinates":[-118.07912,33.9487]}},{"type":"Feature","properties":{"osm_id":13907693701,"operator":"","manufacturer":"Flock Safety","category":"Flock","query_date":"2026-09-23"},"geometry":{"type":"Point","coordinates":[-118.04688,33.90254]}},{"type":"Feature","properties":{"osm_id":13907693702,"operator":"","manufacturer":"Flock Safety","category":"Flock","query_date":"2026-09-23"},"geometry":{"type":"Point","coordinates":[-118.03395,33.88809]}},{"type":"Feature","properties":{"osm_id":13907697001,"operator":"","manufacturer":"Flock Safety","category":"Flock","query_date":"2026-09-23"},"geometry":{"type":"Point","coordinates":[-118.03395,33.88809]}},{"type":"Feature","properties":{"osm_id":13907697002,"operator":"","manufacturer":"Flock Safety","category":"Flock","query_date":"2026-09-23"},"geometry":{"type":"Point","coordinates":[-118.04815,33.96722]}},{"type":"Feature","properties":{"osm_id":13907697301,"operator":"","manufacturer":"Flock Safety","category":"Flock","query_date":"2026-09-23"},"geometry":{"type":"Point","coordinates":[-118.02936,33.89809]}},{"type":"Feature","properties":{"osm_id":13907704001,"operator":"","manufacturer":"Flock Safety","category":"Flock","query_date":"2026-09-23"},"geometry":{"type":"Point","coordinates":[-118.08176,33.95102]}},{"type":"Feature","properties":{"osm_id":13907778205,"operator":"","manufacturer":"Flock Safety","category":"Flock","query_date":"2026-09-23"},"geometry":{"type":"Point","coordinates":[-118.11211,34.17846]}},{"type":"Feature","properties":{"osm_id":13907789301,"operator":"","manufacturer":"Flock Safety","category":"Flock","query_date":"2026-09-23"},"geometry":{"type":"Point","coordinates":[-118.13177,34.17835]}},{"type":"Feature","properties":{"osm_id":13907854701,"operator":"","manufacturer":"Flock Safety","category":"Flock","query_date":"2026-09-23"},"geometry":{"type":"Point","coordinates":[-118.13669,34.17893]}},{"type":"Feature","properties":{"osm_id":13907857799,"operator":"","manufacturer":"Flock Safety","category":"Flock","query_date":"2026-09-23"},"geometry":{"type":"Point","coordinates":[-118.57755,34.39172]}},{"type":"Feature","properties":{"osm_id":13908448601,"operator":"","manufacturer":"Flock Safety","category":"Flock","query_date":"2026-09-23"},"geometry":{"type":"Point","coordinates":[-118.15324,33.78149]}},{"type":"Feature","properties":{"osm_id":13910650202,"operator":"","manufacturer":"Flock Safety","category":"Flock","query_date":"2026-09-23"},"geometry":{"type":"Point","coordinates":[-118.37837,33.91647]}},{"type":"Feature","properties":{"osm_id":13913279601,"operator":"","manufacturer":"Flock Safety","category":"Flock","query_date":"2026-09-23"},"geometry":{"type":"Point","coordinates":[-118.11202,34.17859]}},{"type":"Feature","properties":{"osm_id":13913279603,"operator":"","manufacturer":null,"category":"Flock","query_date":"2026-09-23"},"geometry":{"type":"Point","coordinates":[-118.1158,34.17858]}},{"type":"Feature","properties":{"osm_id":13913280101,"operator":"","manufacturer":"Flock Safety","category":"Flock","query_date":"2026-09-23"},"geometry":{"type":"Point","coordinates":[-118.112,34.1785]}},{"type":"Feature","properties":{"osm_id":13913820601,"operator":"","manufacturer":"Flock Safety","category":"Flock","query_date":"2026-09-23"},"geometry":{"type":"Point","coordinates":[-118.1615,34.67733]}},{"type":"Feature","properties":{"osm_id":13915271701,"operator":"","manufacturer":"Genetec","category":"other ALPR","query_date":"2026-09-23"},"geometry":{"type":"Point","coordinates":[-118.45111,34.16774]}},{"type":"Feature","properties":{"osm_id":13915273601,"operator":"","manufacturer":"Genetec","category":"other ALPR","query_date":"2026-09-23"},"geometry":{"type":"Point","coordinates":[-118.45122,34.16985]}},{"type":"Feature","properties":{"osm_id":13915274801,"operator":"","manufacturer":"Genetec","category":"other ALPR","query_date":"2026-09-23"},"geometry":{"type":"Point","coordinates":[-118.45287,34.16875]}},{"type":"Feature","properties":{"osm_id":13915276201,"operator":"","manufacturer":"Flock Safety","category":"Flock","query_date":"2026-09-23"},"geometry":{"type":"Point","coordinates":[-118.47153,34.18284]}},{"type":"Feature","properties":{"osm_id":13915276701,"operator":"","manufacturer":"Flock Safety","category":"Flock","query_date":"2026-09-23"},"geometry":{"type":"Point","coordinates":[-118.47438,34.18585]}},{"type":"Feature","properties":{"osm_id":13915583101,"operator":"","manufacturer":"Motorola Solutions","category":"other ALPR","query_date":"2026-09-23"},"geometry":{"type":"Point","coordinates":[-118.1117,33.77486]}},{"type":"Feature","properties":{"osm_id":13915583102,"operator":"","manufacturer":"Motorola Solutions","category":"other ALPR","query_date":"2026-09-23"},"geometry":{"type":"Point","coordinates":[-118.11168,33.77489]}},{"type":"Feature","properties":{"osm_id":13915584301,"operator":"","manufacturer":"Motorola Solutions","category":"other ALPR","query_date":"2026-09-23"},"geometry":{"type":"Point","coordinates":[-118.11167,33.77491]}},{"type":"Feature","properties":{"osm_id":13915584302,"operator":"","manufacturer":"Motorola Solutions","category":"other ALPR","query_date":"2026-09-23"},"geometry":{"type":"Point","coordinates":[-118.11189,33.77512]}},{"type":"Feature","properties":{"osm_id":13915584303,"operator":"","manufacturer":"Motorola Solutions","category":"other ALPR","query_date":"2026-09-23"},"geometry":{"type":"Point","coordinates":[-118.1119,33.77509]}},{"type":"Feature","properties":{"osm_id":13915584501,"operator":"","manufacturer":"Motorola Solutions","category":"other ALPR","query_date":"2026-09-23"},"geometry":{"type":"Point","coordinates":[-118.11188,33.77514]}},{"type":"Feature","properties":{"osm_id":13915651201,"operator":"","manufacturer":"Flock Safety","category":"Flock","query_date":"2026-09-23"},"geometry":{"type":"Point","coordinates":[-118.83189,34.13987]}},{"type":"Feature","properties":{"osm_id":13915666595,"operator":"","manufacturer":"Flock Safety","category":"Flock","query_date":"2026-09-23"},"geometry":{"type":"Point","coordinates":[-118.16587,34.6744]}},{"type":"Feature","properties":{"osm_id":13915726069,"operator":"","manufacturer":"Flock Safety","category":"Flock","query_date":"2026-09-23"},"geometry":{"type":"Point","coordinates":[-118.13316,34.67511]}},{"type":"Feature","properties":{"osm_id":13915793501,"operator":"","manufacturer":"Flock Safety","category":"Flock","query_date":"2026-09-23"},"geometry":{"type":"Point","coordinates":[-118.19286,34.13483]}},{"type":"Feature","properties":{"osm_id":13919118701,"operator":"","manufacturer":"Flock Safety","category":"Flock","query_date":"2026-09-23"},"geometry":{"type":"Point","coordinates":[-118.55501,34.23555]}},{"type":"Feature","properties":{"osm_id":13919119001,"operator":"","manufacturer":"Flock Safety","category":"Flock","query_date":"2026-09-23"},"geometry":{"type":"Point","coordinates":[-118.55783,34.24065]}},{"type":"Feature","properties":{"osm_id":13919164101,"operator":"","manufacturer":"Flock Safety","category":"Flock","query_date":"2026-09-23"},"geometry":{"type":"Point","coordinates":[-117.90887,34.13366]}},{"type":"Feature","properties":{"osm_id":13920727201,"operator":"","manufacturer":null,"category":"Flock","query_date":"2026-09-23"},"geometry":{"type":"Point","coordinates":[-118.48983,34.00525]}},{"type":"Feature","properties":{"osm_id":13920728402,"operator":"","manufacturer":"Flock Safety","category":"Flock","query_date":"2026-09-23"},"geometry":{"type":"Point","coordinates":[-118.49053,34.00761]}},{"type":"Feature","properties":{"osm_id":13920736601,"operator":"","manufacturer":"Flock Safety","category":"Flock","query_date":"2026-09-23"},"geometry":{"type":"Point","coordinates":[-118.49088,34.0081]}},{"type":"Feature","properties":{"osm_id":13920990601,"operator":"","manufacturer":"Flock Safety","category":"Flock","query_date":"2026-09-23"},"geometry":{"type":"Point","coordinates":[-118.33832,34.19827]}},{"type":"Feature","properties":{"osm_id":13921521301,"operator":"","manufacturer":"Flock Safety","category":"Flock","query_date":"2026-09-23"},"geometry":{"type":"Point","coordinates":[-118.29538,34.17518]}},{"type":"Feature","properties":{"osm_id":13923813801,"operator":"","manufacturer":"Motorola Solutions","category":"other ALPR","query_date":"2026-09-23"},"geometry":{"type":"Point","coordinates":[-118.1317,34.17835]}},{"type":"Feature","properties":{"osm_id":13923813901,"operator":"","manufacturer":"Motorola Solutions","category":"other ALPR","query_date":"2026-09-23"},"geometry":{"type":"Point","coordinates":[-118.1317,34.17835]}},{"type":"Feature","properties":{"osm_id":13924476101,"operator":"","manufacturer":"Flock Safety","category":"Flock","query_date":"2026-09-23"},"geometry":{"type":"Point","coordinates":[-118.05447,34.15054]}},{"type":"Feature","properties":{"osm_id":13924500601,"operator":"","manufacturer":"Flock Safety","category":"Flock","query_date":"2026-09-23"},"geometry":{"type":"Point","coordinates":[-118.01316,33.87367]}},{"type":"Feature","properties":{"osm_id":13924500602,"operator":"","manufacturer":"Flock Safety","category":"Flock","query_date":"2026-09-23"},"geometry":{"type":"Point","coordinates":[-117.98925,34.11303]}},{"type":"Feature","properties":{"osm_id":13927638001,"operator":"","manufacturer":"Flock Safety","category":"Flock","query_date":"2026-09-23"},"geometry":{"type":"Point","coordinates":[-117.9075,34.1334]}},{"type":"Feature","properties":{"osm_id":13929198701,"operator":"","manufacturer":"Flock Safety","category":"Flock","query_date":"2026-09-23"},"geometry":{"type":"Point","coordinates":[-117.87004,34.12143]}},{"type":"Feature","properties":{"osm_id":13930054301,"operator":"","manufacturer":"Flock Safety","category":"Flock","query_date":"2026-09-23"},"geometry":{"type":"Point","coordinates":[-118.43315,34.00438]}},{"type":"Feature","properties":{"osm_id":13930420901,"operator":"","manufacturer":"Flock Safety","category":"Flock","query_date":"2026-09-23"},"geometry":{"type":"Point","coordinates":[-118.25771,34.14529]}},{"type":"Feature","properties":{"osm_id":13930750901,"operator":"","manufacturer":"Flock Safety","category":"Flock","query_date":"2026-09-23"},"geometry":{"type":"Point","coordinates":[-118.20707,33.9034]}},{"type":"Feature","properties":{"osm_id":13932049851,"operator":"","manufacturer":null,"category":"other ALPR","query_date":"2026-09-23"},"geometry":{"type":"Point","coordinates":[-118.41191,34.05927]}},{"type":"Feature","properties":{"osm_id":13932052692,"operator":"","manufacturer":null,"category":"other ALPR","query_date":"2026-09-23"},"geometry":{"type":"Point","coordinates":[-118.40793,34.06495]}},{"type":"Feature","properties":{"osm_id":13932188601,"operator":"","manufacturer":"Flock Safety","category":"Flock","query_date":"2026-09-23"},"geometry":{"type":"Point","coordinates":[-118.40078,34.15093]}},{"type":"Feature","properties":{"osm_id":13932188801,"operator":"","manufacturer":"Flock Safety","category":"Flock","query_date":"2026-09-23"},"geometry":{"type":"Point","coordinates":[-118.40077,34.15093]}},{"type":"Feature","properties":{"osm_id":13932551101,"operator":"","manufacturer":"Flock Safety","category":"Flock","query_date":"2026-09-23"},"geometry":{"type":"Point","coordinates":[-118.1682,33.96342]}},{"type":"Feature","properties":{"osm_id":13932616501,"operator":"","manufacturer":"Flock Safety","category":"Flock","query_date":"2026-09-23"},"geometry":{"type":"Point","coordinates":[-118.64706,34.15363]}},{"type":"Feature","properties":{"osm_id":13936750104,"operator":"","manufacturer":"Flock Safety","category":"Flock","query_date":"2026-09-23"},"geometry":{"type":"Point","coordinates":[-117.70964,34.08323]}},{"type":"Feature","properties":{"osm_id":13936963301,"operator":"","manufacturer":"Flock Safety","category":"Flock","query_date":"2026-09-23"},"geometry":{"type":"Point","coordinates":[-118.5182,34.04123]}},{"type":"Feature","properties":{"osm_id":13936975701,"operator":"Holmby Hills Homeowners Association","manufacturer":"Flock Safety","category":"Flock","query_date":"2026-09-23"},"geometry":{"type":"Point","coordinates":[-118.43263,34.08252]}},{"type":"Feature","properties":{"osm_id":13936976901,"operator":"Holmby Hills Homeowners Association","manufacturer":"Flock Safety","category":"Flock","query_date":"2026-09-23"},"geometry":{"type":"Point","coordinates":[-118.43299,34.08167]}},{"type":"Feature","properties":{"osm_id":13936976902,"operator":"Holmby Hills Homeowners Association","manufacturer":"Flock Safety","category":"Flock","query_date":"2026-09-23"},"geometry":{"type":"Point","coordinates":[-118.43008,34.07851]}},{"type":"Feature","properties":{"osm_id":13936992901,"operator":"Holmby Hills Homeowners Association","manufacturer":"Flock Safety","category":"Flock","query_date":"2026-09-23"},"geometry":{"type":"Point","coordinates":[-118.43074,34.0739]}},{"type":"Feature","properties":{"osm_id":13937573901,"operator":"","manufacturer":"Flock Safety","category":"Flock","query_date":"2026-09-23"},"geometry":{"type":"Point","coordinates":[-118.78079,34.14558]}},{"type":"Feature","properties":{"osm_id":13939455902,"operator":"","manufacturer":"Flock Safety","category":"Flock","query_date":"2026-09-23"},"geometry":{"type":"Point","coordinates":[-118.38297,33.90212]}},{"type":"Feature","properties":{"osm_id":13939467201,"operator":"","manufacturer":"Motorola Solutions","category":"other ALPR","query_date":"2026-09-23"},"geometry":{"type":"Point","coordinates":[-118.38173,33.90182]}},{"type":"Feature","properties":{"osm_id":13939467202,"operator":"","manufacturer":"Motorola Solutions","category":"other ALPR","query_date":"2026-09-23"},"geometry":{"type":"Point","coordinates":[-118.38136,33.90196]}},{"type":"Feature","properties":{"osm_id":13939467203,"operator":"","manufacturer":"Motorola Solutions","category":"other ALPR","query_date":"2026-09-23"},"geometry":{"type":"Point","coordinates":[-118.37869,33.90168]}},{"type":"Feature","properties":{"osm_id":13939583501,"operator":"","manufacturer":"Flock Safety","category":"Flock","query_date":"2026-09-23"},"geometry":{"type":"Point","coordinates":[-118.09471,34.7044]}},{"type":"Feature","properties":{"osm_id":13939583901,"operator":"","manufacturer":"Motorola Solutions","category":"other ALPR","query_date":"2026-09-23"},"geometry":{"type":"Point","coordinates":[-118.08606,34.70452]}},{"type":"Feature","properties":{"osm_id":13939644501,"operator":"Los Angeles County Metropolitan Transportation Authority","manufacturer":"Genetec","category":"other ALPR","query_date":"2026-09-23"},"geometry":{"type":"Point","coordinates":[-118.04513,34.07185]}},{"type":"Feature","properties":{"osm_id":13939644601,"operator":"Los Angeles County Metropolitan Transportation Authority","manufacturer":"Genetec","category":"other ALPR","query_date":"2026-09-23"},"geometry":{"type":"Point","coordinates":[-118.04536,34.07181]}},{"type":"Feature","properties":{"osm_id":13939650452,"operator":"Los Angeles County Metropolitan Transportation Authority","manufacturer":null,"category":"other ALPR","query_date":"2026-09-23"},"geometry":{"type":"Point","coordinates":[-118.22031,34.08154]}},{"type":"Feature","properties":{"osm_id":13939652111,"operator":"Los Angeles County Metropolitan Transportation Authority","manufacturer":"Genetec","category":"other ALPR","query_date":"2026-09-23"},"geometry":{"type":"Point","coordinates":[-118.43587,34.0347]}},{"type":"Feature","properties":{"osm_id":13939652112,"operator":"Los Angeles County Metropolitan Transportation Authority","manufacturer":"Genetec","category":"other ALPR","query_date":"2026-09-23"},"geometry":{"type":"Point","coordinates":[-118.4358,34.03469]}},{"type":"Feature","properties":{"osm_id":13940073952,"operator":"Los Angeles Union Station","manufacturer":"Neology, Inc.","category":"other ALPR","query_date":"2026-09-23"},"geometry":{"type":"Point","coordinates":[-118.23253,34.05515]}},{"type":"Feature","properties":{"osm_id":13940073953,"operator":"Los Angeles Union Station","manufacturer":"Neology, Inc.","category":"other ALPR","query_date":"2026-09-23"},"geometry":{"type":"Point","coordinates":[-118.23257,34.0551]}},{"type":"Feature","properties":{"osm_id":13941681311,"operator":"Los Angeles County Metropolitan Transportation Authority","manufacturer":"Genetec","category":"other ALPR","query_date":"2026-09-23"},"geometry":{"type":"Point","coordinates":[-118.37149,34.02572]}},{"type":"Feature","properties":{"osm_id":13941681312,"operator":"Los Angeles County Metropolitan Transportation Authority","manufacturer":"Genetec","category":"other ALPR","query_date":"2026-09-23"},"geometry":{"type":"Point","coordinates":[-118.37155,34.02575]}},{"type":"Feature","properties":{"osm_id":13941681313,"operator":"Los Angeles County Metropolitan Transportation Authority","manufacturer":"Genetec","category":"other ALPR","query_date":"2026-09-23"},"geometry":{"type":"Point","coordinates":[-118.37149,34.02615]}},{"type":"Feature","properties":{"osm_id":13941681314,"operator":"Los Angeles County Metropolitan Transportation Authority","manufacturer":"Genetec","category":"other ALPR","query_date":"2026-09-23"},"geometry":{"type":"Point","coordinates":[-118.37145,34.02614]}},{"type":"Feature","properties":{"osm_id":13941681315,"operator":"Los Angeles County Metropolitan Transportation Authority","manufacturer":"Genetec","category":"other ALPR","query_date":"2026-09-23"},"geometry":{"type":"Point","coordinates":[-118.48025,34.02275]}},{"type":"Feature","properties":{"osm_id":13941681316,"operator":"Los Angeles County Metropolitan Transportation Authority","manufacturer":"Genetec","category":"other ALPR","query_date":"2026-09-23"},"geometry":{"type":"Point","coordinates":[-118.33494,34.02494]}},{"type":"Feature","properties":{"osm_id":13941681317,"operator":"Los Angeles County Metropolitan Transportation Authority","manufacturer":"Genetec","category":"other ALPR","query_date":"2026-09-23"},"geometry":{"type":"Point","coordinates":[-118.33493,34.025]}},{"type":"Feature","properties":{"osm_id":13941681318,"operator":"Los Angeles County Metropolitan Transportation Authority","manufacturer":"Genetec","category":"other ALPR","query_date":"2026-09-23"},"geometry":{"type":"Point","coordinates":[-118.33454,34.02499]}},{"type":"Feature","properties":{"osm_id":13941681319,"operator":"Los Angeles County Metropolitan Transportation Authority","manufacturer":"Genetec","category":"other ALPR","query_date":"2026-09-23"},"geometry":{"type":"Point","coordinates":[-118.33455,34.02494]}},{"type":"Feature","properties":{"osm_id":13941681320,"operator":"Los Angeles County Metropolitan Transportation Authority","manufacturer":null,"category":"other ALPR","query_date":"2026-09-23"},"geometry":{"type":"Point","coordinates":[-118.21281,34.08682]}},{"type":"Feature","properties":{"osm_id":13941681321,"operator":"Los Angeles County Metropolitan Transportation Authority","manufacturer":null,"category":"other ALPR","query_date":"2026-09-23"},"geometry":{"type":"Point","coordinates":[-118.21289,34.08677]}},{"type":"Feature","properties":{"osm_id":13943570601,"operator":"","manufacturer":"Flock Safety","category":"Flock","query_date":"2026-09-23"},"geometry":{"type":"Point","coordinates":[-118.13232,34.16092]}},{"type":"Feature","properties":{"osm_id":13944309667,"operator":"","manufacturer":"Flock Safety","category":"Flock","query_date":"2026-09-23"},"geometry":{"type":"Point","coordinates":[-117.84039,33.98437]}},{"type":"Feature","properties":{"osm_id":13944309668,"operator":"","manufacturer":"Flock Safety","category":"Flock","query_date":"2026-09-23"},"geometry":{"type":"Point","coordinates":[-117.84169,33.98427]}},{"type":"Feature","properties":{"osm_id":13944565203,"operator":"","manufacturer":"Axis Communications","category":"other ALPR","query_date":"2026-09-23"},"geometry":{"type":"Point","coordinates":[-118.46546,34.02967]}},{"type":"Feature","properties":{"osm_id":13944570001,"operator":"","manufacturer":"Axis Communications","category":"other ALPR","query_date":"2026-09-23"},"geometry":{"type":"Point","coordinates":[-118.4653,34.02963]}},{"type":"Feature","properties":{"osm_id":13944570002,"operator":"","manufacturer":"Axis Communications","category":"other ALPR","query_date":"2026-09-23"},"geometry":{"type":"Point","coordinates":[-118.46542,34.0298]}},{"type":"Feature","properties":{"osm_id":13944570003,"operator":"","manufacturer":"Axis Communications","category":"other ALPR","query_date":"2026-09-23"},"geometry":{"type":"Point","coordinates":[-118.46976,34.02808]}},{"type":"Feature","properties":{"osm_id":13944570004,"operator":"","manufacturer":"Axis Communications","category":"other ALPR","query_date":"2026-09-23"},"geometry":{"type":"Point","coordinates":[-118.46991,34.02822]}},{"type":"Feature","properties":{"osm_id":13944573001,"operator":"","manufacturer":"Axis Communications","category":"other ALPR","query_date":"2026-09-23"},"geometry":{"type":"Point","coordinates":[-118.46525,34.02976]}},{"type":"Feature","properties":{"osm_id":13944573002,"operator":"","manufacturer":"Axis Communications","category":"other ALPR","query_date":"2026-09-23"},"geometry":{"type":"Point","coordinates":[-118.46999,34.02801]}},{"type":"Feature","properties":{"osm_id":13944575701,"operator":"","manufacturer":"Axis Communications","category":"other ALPR","query_date":"2026-09-23"},"geometry":{"type":"Point","coordinates":[-118.46992,34.02793]}},{"type":"Feature","properties":{"osm_id":13944576101,"operator":"","manufacturer":"Axis Communications","category":"other ALPR","query_date":"2026-09-23"},"geometry":{"type":"Point","coordinates":[-118.47388,34.02847]}},{"type":"Feature","properties":{"osm_id":13945232904,"operator":"Los Angeles Police Department","manufacturer":"Motorola Solutions","category":"other ALPR","query_date":"2026-09-23"},"geometry":{"type":"Point","coordinates":[-118.57131,34.24197]}},{"type":"Feature","properties":{"osm_id":13945232905,"operator":"Los Angeles Police Department","manufacturer":"Motorola Solutions","category":"other ALPR","query_date":"2026-09-23"},"geometry":{"type":"Point","coordinates":[-118.57131,34.24199]}},{"type":"Feature","properties":{"osm_id":13945241237,"operator":"Los Angeles Police Department","manufacturer":"Motorola Solutions","category":"other ALPR","query_date":"2026-09-23"},"geometry":{"type":"Point","coordinates":[-118.60624,34.26657]}},{"type":"Feature","properties":{"osm_id":13945241238,"operator":"Los Angeles Police Department","manufacturer":"Motorola Solutions","category":"other ALPR","query_date":"2026-09-23"},"geometry":{"type":"Point","coordinates":[-118.60624,34.26657]}},{"type":"Feature","properties":{"osm_id":13945288777,"operator":"Los Angeles Police Department","manufacturer":"Motorola Solutions","category":"other ALPR","query_date":"2026-09-23"},"geometry":{"type":"Point","coordinates":[-118.60594,34.26341]}},{"type":"Feature","properties":{"osm_id":13945288778,"operator":"Los Angeles Police Department","manufacturer":"Motorola Solutions","category":"other ALPR","query_date":"2026-09-23"},"geometry":{"type":"Point","coordinates":[-118.60594,34.26341]}},{"type":"Feature","properties":{"osm_id":13945389159,"operator":"Los Angeles Police Department","manufacturer":"Motorola Solutions","category":"other ALPR","query_date":"2026-09-23"},"geometry":{"type":"Point","coordinates":[-118.50233,34.27873]}},{"type":"Feature","properties":{"osm_id":13945389160,"operator":"Los Angeles Police Department","manufacturer":"Motorola Solutions","category":"other ALPR","query_date":"2026-09-23"},"geometry":{"type":"Point","coordinates":[-118.50233,34.27874]}},{"type":"Feature","properties":{"osm_id":13945589701,"operator":"","manufacturer":"Flock Safety","category":"Flock","query_date":"2026-09-23"},"geometry":{"type":"Point","coordinates":[-117.93199,34.01044]}},{"type":"Feature","properties":{"osm_id":13945977201,"operator":"","manufacturer":"Flock Safety","category":"Flock","query_date":"2026-09-23"},"geometry":{"type":"Point","coordinates":[-118.13006,33.95534]}},{"type":"Feature","properties":{"osm_id":13946151001,"operator":"","manufacturer":"Flock Safety","category":"Flock","query_date":"2026-09-23"},"geometry":{"type":"Point","coordinates":[-118.14462,33.9964]}},{"type":"Feature","properties":{"osm_id":13946153201,"operator":"","manufacturer":"Flock Safety","category":"Flock","query_date":"2026-09-23"},"geometry":{"type":"Point","coordinates":[-118.14506,33.99687]}},{"type":"Feature","properties":{"osm_id":13946154001,"operator":"","manufacturer":"Flock Safety","category":"Flock","query_date":"2026-09-23"},"geometry":{"type":"Point","coordinates":[-118.14586,33.99769]}},{"type":"Feature","properties":{"osm_id":13946154201,"operator":"","manufacturer":"Flock Safety","category":"Flock","query_date":"2026-09-23"},"geometry":{"type":"Point","coordinates":[-118.14598,33.99778]}},{"type":"Feature","properties":{"osm_id":13946154801,"operator":"","manufacturer":"Flock Safety","category":"Flock","query_date":"2026-09-23"},"geometry":{"type":"Point","coordinates":[-118.146,33.99894]}},{"type":"Feature","properties":{"osm_id":13946155101,"operator":"","manufacturer":"Flock Safety","category":"Flock","query_date":"2026-09-23"},"geometry":{"type":"Point","coordinates":[-118.14441,34.00091]}},{"type":"Feature","properties":{"osm_id":13946156301,"operator":"","manufacturer":"Flock Safety","category":"Flock","query_date":"2026-09-23"},"geometry":{"type":"Point","coordinates":[-118.18785,33.96981]}},{"type":"Feature","properties":{"osm_id":13946433701,"operator":"","manufacturer":"Flock Safety","category":"Flock","query_date":"2026-09-23"},"geometry":{"type":"Point","coordinates":[-118.09811,34.17444]}},{"type":"Feature","properties":{"osm_id":13946434001,"operator":"","manufacturer":"Flock Safety","category":"Flock","query_date":"2026-09-23"},"geometry":{"type":"Point","coordinates":[-118.09813,34.17471]}},{"type":"Feature","properties":{"osm_id":13946442301,"operator":"","manufacturer":"Flock Safety","category":"Flock","query_date":"2026-09-23"},"geometry":{"type":"Point","coordinates":[-117.94854,34.02021]}},{"type":"Feature","properties":{"osm_id":13946606801,"operator":"","manufacturer":"Genetec","category":"other ALPR","query_date":"2026-09-23"},"geometry":{"type":"Point","coordinates":[-118.01603,34.15107]}},{"type":"Feature","properties":{"osm_id":13946619401,"operator":"","manufacturer":"Motorola Solutions","category":"other ALPR","query_date":"2026-09-23"},"geometry":{"type":"Point","coordinates":[-118.29167,33.75366]}},{"type":"Feature","properties":{"osm_id":13948488401,"operator":"","manufacturer":"Flock Safety","category":"Flock","query_date":"2026-09-23"},"geometry":{"type":"Point","coordinates":[-118.11212,34.17859]}},{"type":"Feature","properties":{"osm_id":13949050901,"operator":"","manufacturer":"Flock Safety","category":"Flock","query_date":"2026-09-23"},"geometry":{"type":"Point","coordinates":[-118.0112,33.91882]}},{"type":"Feature","properties":{"osm_id":13949097201,"operator":"","manufacturer":"Axis Communications","category":"other ALPR","query_date":"2026-09-23"},"geometry":{"type":"Point","coordinates":[-118.38977,34.02533]}},{"type":"Feature","properties":{"osm_id":13949147483,"operator":"","manufacturer":"Flock Safety","category":"Flock","query_date":"2026-09-23"},"geometry":{"type":"Point","coordinates":[-118.09491,34.68837]}},{"type":"Feature","properties":{"osm_id":13949192387,"operator":"","manufacturer":"Rekor Systems Inc","category":"other ALPR","query_date":"2026-09-23"},"geometry":{"type":"Point","coordinates":[-118.09446,34.68226]}},{"type":"Feature","properties":{"osm_id":13949192388,"operator":"","manufacturer":"Rekor Systems Inc","category":"other ALPR","query_date":"2026-09-23"},"geometry":{"type":"Point","coordinates":[-118.0949,34.68248]}},{"type":"Feature","properties":{"osm_id":13949192389,"operator":"","manufacturer":"Rekor Systems Inc","category":"other ALPR","query_date":"2026-09-23"},"geometry":{"type":"Point","coordinates":[-118.0946,34.68251]}},{"type":"Feature","properties":{"osm_id":13949192390,"operator":"","manufacturer":"Rekor Systems Inc","category":"other ALPR","query_date":"2026-09-23"},"geometry":{"type":"Point","coordinates":[-118.0948,34.67486]}},{"type":"Feature","properties":{"osm_id":13949489301,"operator":"The Home Depot","manufacturer":null,"category":"Flock (store-operated)","query_date":"2026-09-23"},"geometry":{"type":"Point","coordinates":[-118.15431,33.94873]}},{"type":"Feature","properties":{"osm_id":13950845901,"operator":"","manufacturer":"Flock Safety","category":"Flock","query_date":"2026-09-23"},"geometry":{"type":"Point","coordinates":[-118.07089,34.07463]}},{"type":"Feature","properties":{"osm_id":13951063185,"operator":"","manufacturer":"Rekor Systems Inc","category":"other ALPR","query_date":"2026-09-23"},"geometry":{"type":"Point","coordinates":[-118.11225,34.67563]}},{"type":"Feature","properties":{"osm_id":13951063186,"operator":"","manufacturer":"Rekor Systems Inc","category":"other ALPR","query_date":"2026-09-23"},"geometry":{"type":"Point","coordinates":[-118.11256,34.67434]}},{"type":"Feature","properties":{"osm_id":13951099407,"operator":"","manufacturer":"Rekor Systems Inc","category":"other ALPR","query_date":"2026-09-23"},"geometry":{"type":"Point","coordinates":[-118.1129,34.67513]}},{"type":"Feature","properties":{"osm_id":13951111821,"operator":"","manufacturer":"Rekor Systems Inc","category":"other ALPR","query_date":"2026-09-23"},"geometry":{"type":"Point","coordinates":[-118.11278,34.68817]}},{"type":"Feature","properties":{"osm_id":13951111822,"operator":"","manufacturer":"Rekor Systems Inc","category":"other ALPR","query_date":"2026-09-23"},"geometry":{"type":"Point","coordinates":[-118.11336,34.68957]}},{"type":"Feature","properties":{"osm_id":13951111823,"operator":"","manufacturer":"Rekor Systems Inc","category":"other ALPR","query_date":"2026-09-23"},"geometry":{"type":"Point","coordinates":[-118.11196,34.68934]}},{"type":"Feature","properties":{"osm_id":13951111824,"operator":"","manufacturer":"Rekor Systems Inc","category":"other ALPR","query_date":"2026-09-23"},"geometry":{"type":"Point","coordinates":[-118.11252,34.6898]}},{"type":"Feature","properties":{"osm_id":13951132901,"operator":"","manufacturer":"Rekor Systems Inc","category":"other ALPR","query_date":"2026-09-23"},"geometry":{"type":"Point","coordinates":[-118.09446,34.67573]}},{"type":"Feature","properties":{"osm_id":13951132902,"operator":"","manufacturer":"Rekor Systems Inc","category":"other ALPR","query_date":"2026-09-23"},"geometry":{"type":"Point","coordinates":[-118.09436,34.67497]}},{"type":"Feature","properties":{"osm_id":13951132903,"operator":"","manufacturer":"Rekor Systems Inc","category":"other ALPR","query_date":"2026-09-23"},"geometry":{"type":"Point","coordinates":[-118.09527,34.6752]}},{"type":"Feature","properties":{"osm_id":13951140601,"operator":"","manufacturer":"Genetec","category":"other ALPR","query_date":"2026-09-23"},"geometry":{"type":"Point","coordinates":[-117.97743,34.12524]}},{"type":"Feature","properties":{"osm_id":13951142501,"operator":"","manufacturer":"Genetec","category":"other ALPR","query_date":"2026-09-23"},"geometry":{"type":"Point","coordinates":[-117.98162,34.10957]}},{"type":"Feature","properties":{"osm_id":13951143501,"operator":"","manufacturer":"Genetec","category":"other ALPR","query_date":"2026-09-23"},"geometry":{"type":"Point","coordinates":[-117.97741,34.13245]}},{"type":"Feature","properties":{"osm_id":13951143701,"operator":"","manufacturer":"Genetec","category":"other ALPR","query_date":"2026-09-23"},"geometry":{"type":"Point","coordinates":[-117.97764,34.13212]}},{"type":"Feature","properties":{"osm_id":13952510701,"operator":"","manufacturer":"Flock Safety","category":"Flock","query_date":"2026-09-23"},"geometry":{"type":"Point","coordinates":[-117.98496,34.13957]}},{"type":"Feature","properties":{"osm_id":13952531301,"operator":"","manufacturer":"Flock Safety","category":"Flock","query_date":"2026-09-23"},"geometry":{"type":"Point","coordinates":[-118.18104,33.99173]}},{"type":"Feature","properties":{"osm_id":13952851503,"operator":"","manufacturer":"Flock Safety","category":"Flock","query_date":"2026-09-23"},"geometry":{"type":"Point","coordinates":[-118.20498,33.94396]}},{"type":"Feature","properties":{"osm_id":13952854101,"operator":"","manufacturer":"Flock Safety","category":"Flock","query_date":"2026-09-23"},"geometry":{"type":"Point","coordinates":[-118.20447,33.94344]}},{"type":"Feature","properties":{"osm_id":13952855002,"operator":"","manufacturer":"Flock Safety","category":"Flock","query_date":"2026-09-23"},"geometry":{"type":"Point","coordinates":[-118.20532,33.94354]}},{"type":"Feature","properties":{"osm_id":13953007502,"operator":"","manufacturer":"Flock Safety","category":"Flock","query_date":"2026-09-23"},"geometry":{"type":"Point","coordinates":[-118.35934,34.07138]}},{"type":"Feature","properties":{"osm_id":13953049101,"operator":"","manufacturer":"Motorola Solutions","category":"other ALPR","query_date":"2026-09-23"},"geometry":{"type":"Point","coordinates":[-118.29361,33.76457]}},{"type":"Feature","properties":{"osm_id":13954553401,"operator":"","manufacturer":"Flock Safety","category":"Flock","query_date":"2026-09-23"},"geometry":{"type":"Point","coordinates":[-118.38371,34.07723]}},{"type":"Feature","properties":{"osm_id":13954874901,"operator":"","manufacturer":"Flock Safety","category":"Flock","query_date":"2026-09-23"},"geometry":{"type":"Point","coordinates":[-118.05282,34.06284]}},{"type":"Feature","properties":{"osm_id":13954882601,"operator":"","manufacturer":"Flock Safety","category":"Flock","query_date":"2026-09-23"},"geometry":{"type":"Point","coordinates":[-118.07032,34.06278]}},{"type":"Feature","properties":{"osm_id":13956284902,"operator":"","manufacturer":"Motorola Solutions","category":"other ALPR","query_date":"2026-09-23"},"geometry":{"type":"Point","coordinates":[-118.16158,33.92876]}},{"type":"Feature","properties":{"osm_id":13956337201,"operator":"","manufacturer":"Flock Safety","category":"Flock","query_date":"2026-09-23"},"geometry":{"type":"Point","coordinates":[-118.45757,34.06903]}},{"type":"Feature","properties":{"osm_id":13956353801,"operator":"","manufacturer":"Flock Safety","category":"Flock","query_date":"2026-09-23"},"geometry":{"type":"Point","coordinates":[-118.45765,34.06909]}},{"type":"Feature","properties":{"osm_id":13956429101,"operator":"","manufacturer":"Motorola Solutions","category":"other ALPR","query_date":"2026-09-23"},"geometry":{"type":"Point","coordinates":[-117.70562,34.09272]}},{"type":"Feature","properties":{"osm_id":13956691401,"operator":"","manufacturer":"Flock Safety","category":"Flock","query_date":"2026-09-23"},"geometry":{"type":"Point","coordinates":[-118.14878,34.70398]}},{"type":"Feature","properties":{"osm_id":13956701401,"operator":"","manufacturer":"Flock Safety","category":"Flock","query_date":"2026-09-23"},"geometry":{"type":"Point","coordinates":[-118.09014,34.06264]}},{"type":"Feature","properties":{"osm_id":13956708601,"operator":"","manufacturer":"Flock Safety","category":"Flock","query_date":"2026-09-23"},"geometry":{"type":"Point","coordinates":[-118.10044,34.04452]}},{"type":"Feature","properties":{"osm_id":13956982201,"operator":"","manufacturer":"Flock Safety","category":"Flock","query_date":"2026-09-23"},"geometry":{"type":"Point","coordinates":[-118.2738,33.90174]}},{"type":"Feature","properties":{"osm_id":13958069802,"operator":"","manufacturer":"Flock Safety","category":"Flock","query_date":"2026-09-23"},"geometry":{"type":"Point","coordinates":[-118.30879,33.94565]}},{"type":"Feature","properties":{"osm_id":13958822301,"operator":"","manufacturer":"Flock Safety","category":"Flock","query_date":"2026-09-23"},"geometry":{"type":"Point","coordinates":[-118.51561,34.03023]}},{"type":"Feature","properties":{"osm_id":13958822302,"operator":"","manufacturer":"Flock Safety","category":"Flock","query_date":"2026-09-23"},"geometry":{"type":"Point","coordinates":[-118.47372,34.05188]}},{"type":"Feature","properties":{"osm_id":13958823201,"operator":"","manufacturer":"Flock Safety","category":"Flock","query_date":"2026-09-23"},"geometry":{"type":"Point","coordinates":[-118.50772,34.03195]}},{"type":"Feature","properties":{"osm_id":13958837701,"operator":"","manufacturer":"Flock Safety","category":"Flock","query_date":"2026-09-23"},"geometry":{"type":"Point","coordinates":[-117.94504,34.07054]}},{"type":"Feature","properties":{"osm_id":13959052601,"operator":"","manufacturer":"Flock Safety","category":"Flock","query_date":"2026-09-23"},"geometry":{"type":"Point","coordinates":[-118.18373,34.18982]}},{"type":"Feature","properties":{"osm_id":13960461301,"operator":"","manufacturer":"Motorola Solutions","category":"other ALPR","query_date":"2026-09-23"},"geometry":{"type":"Point","coordinates":[-118.34374,33.92364]}},{"type":"Feature","properties":{"osm_id":13960617101,"operator":"","manufacturer":"Flock Safety","category":"Flock","query_date":"2026-09-23"},"geometry":{"type":"Point","coordinates":[-117.75816,34.09038]}},{"type":"Feature","properties":{"osm_id":13960762001,"operator":"","manufacturer":"Flock Safety","category":"Flock","query_date":"2026-09-23"},"geometry":{"type":"Point","coordinates":[-118.08169,33.83132]}},{"type":"Feature","properties":{"osm_id":13960766401,"operator":"","manufacturer":"Flock Safety","category":"Flock","query_date":"2026-09-23"},"geometry":{"type":"Point","coordinates":[-118.07171,33.82411]}},{"type":"Feature","properties":{"osm_id":13960781001,"operator":"","manufacturer":"Flock Safety","category":"Flock","query_date":"2026-09-23"},"geometry":{"type":"Point","coordinates":[-118.07227,33.83884]}},{"type":"Feature","properties":{"osm_id":13961044401,"operator":"","manufacturer":"Flock Safety","category":"Flock","query_date":"2026-09-23"},"geometry":{"type":"Point","coordinates":[-117.92846,34.01004]}},{"type":"Feature","properties":{"osm_id":13961050501,"operator":"","manufacturer":"Flock Safety","category":"Flock","query_date":"2026-09-23"},"geometry":{"type":"Point","coordinates":[-117.93778,34.01132]}},{"type":"Feature","properties":{"osm_id":13961054601,"operator":"","manufacturer":"Flock Safety","category":"Flock","query_date":"2026-09-23"},"geometry":{"type":"Point","coordinates":[-117.93788,34.01178]}},{"type":"Feature","properties":{"osm_id":13961090201,"operator":"","manufacturer":"Motorola Solutions","category":"other ALPR","query_date":"2026-09-23"},"geometry":{"type":"Point","coordinates":[-118.41363,33.78017]}},{"type":"Feature","properties":{"osm_id":13961101201,"operator":"","manufacturer":"Flock Safety","category":"Flock","query_date":"2026-09-23"},"geometry":{"type":"Point","coordinates":[-117.92812,34.01061]}},{"type":"Feature","properties":{"osm_id":13961431201,"operator":"","manufacturer":"Flock Safety","category":"Flock","query_date":"2026-09-23"},"geometry":{"type":"Point","coordinates":[-118.39252,33.78179]}},{"type":"Feature","properties":{"osm_id":13961432301,"operator":"","manufacturer":"Flock Safety","category":"Flock","query_date":"2026-09-23"},"geometry":{"type":"Point","coordinates":[-118.39252,33.78175]}},{"type":"Feature","properties":{"osm_id":13963440901,"operator":"","manufacturer":"Flock Safety","category":"Flock","query_date":"2026-09-23"},"geometry":{"type":"Point","coordinates":[-118.21156,33.84678]}},{"type":"Feature","properties":{"osm_id":13963537526,"operator":"","manufacturer":"Flock Safety","category":"Flock","query_date":"2026-09-23"},"geometry":{"type":"Point","coordinates":[-118.43929,34.06973]}},{"type":"Feature","properties":{"osm_id":13963537527,"operator":"","manufacturer":"Flock Safety","category":"Flock","query_date":"2026-09-23"},"geometry":{"type":"Point","coordinates":[-118.43822,34.07412]}},{"type":"Feature","properties":{"osm_id":13963537528,"operator":"","manufacturer":"Flock Safety","category":"Flock","query_date":"2026-09-23"},"geometry":{"type":"Point","coordinates":[-118.43923,34.0776]}},{"type":"Feature","properties":{"osm_id":13965477002,"operator":"","manufacturer":"Flock Safety","category":"Flock","query_date":"2026-09-23"},"geometry":{"type":"Point","coordinates":[-118.25773,33.98906]}},{"type":"Feature","properties":{"osm_id":13965485101,"operator":"","manufacturer":"Flock Safety","category":"Flock","query_date":"2026-09-23"},"geometry":{"type":"Point","coordinates":[-118.25663,33.98852]}},{"type":"Feature","properties":{"osm_id":13966356642,"operator":"","manufacturer":"Flock Safety","category":"Flock","query_date":"2026-09-23"},"geometry":{"type":"Point","coordinates":[-118.55378,34.23855]}},{"type":"Feature","properties":{"osm_id":13966719601,"operator":"","manufacturer":"Motorola Solutions","category":"other ALPR","query_date":"2026-09-23"},"geometry":{"type":"Point","coordinates":[-118.38502,33.79103]}},{"type":"Feature","properties":{"osm_id":13967271201,"operator":"","manufacturer":"Flock Safety","category":"Flock","query_date":"2026-09-23"},"geometry":{"type":"Point","coordinates":[-118.36929,34.16448]}},{"type":"Feature","properties":{"osm_id":13967274201,"operator":"","manufacturer":"Flock Safety","category":"Flock","query_date":"2026-09-23"},"geometry":{"type":"Point","coordinates":[-118.36928,34.16447]}},{"type":"Feature","properties":{"osm_id":13968666301,"operator":"","manufacturer":"Flock Safety","category":"Flock","query_date":"2026-09-23"},"geometry":{"type":"Point","coordinates":[-118.40044,33.91942]}},{"type":"Feature","properties":{"osm_id":13969522101,"operator":"","manufacturer":"Flock Safety","category":"Flock","query_date":"2026-09-23"},"geometry":{"type":"Point","coordinates":[-118.20448,34.21366]}},{"type":"Feature","properties":{"osm_id":13969988401,"operator":"","manufacturer":"Flock Safety","category":"Flock","query_date":"2026-09-23"},"geometry":{"type":"Point","coordinates":[-118.19312,34.22227]}},{"type":"Feature","properties":{"osm_id":13970536401,"operator":"","manufacturer":"Flock Safety","category":"Flock","query_date":"2026-09-23"},"geometry":{"type":"Point","coordinates":[-118.28642,33.72693]}},{"type":"Feature","properties":{"osm_id":13970764101,"operator":"","manufacturer":"Genetec","category":"other ALPR","query_date":"2026-09-23"},"geometry":{"type":"Point","coordinates":[-118.48483,33.99991]}},{"type":"Feature","properties":{"osm_id":13971084201,"operator":"","manufacturer":"Flock Safety","category":"Flock","query_date":"2026-09-23"},"geometry":{"type":"Point","coordinates":[-118.14273,33.86773]}},{"type":"Feature","properties":{"osm_id":13971087401,"operator":"","manufacturer":"Axis Communications","category":"other ALPR","query_date":"2026-09-23"},"geometry":{"type":"Point","coordinates":[-118.45593,34.4165]}},{"type":"Feature","properties":{"osm_id":13971119155,"operator":"","manufacturer":"Flock Safety","category":"Flock","query_date":"2026-09-23"},"geometry":{"type":"Point","coordinates":[-118.39927,34.05953]}},{"type":"Feature","properties":{"osm_id":13971399501,"operator":"","manufacturer":"Flock Safety","category":"Flock","query_date":"2026-09-23"},"geometry":{"type":"Point","coordinates":[-118.19966,34.20506]}},{"type":"Feature","properties":{"osm_id":13971468901,"operator":"","manufacturer":"Flock Safety","category":"Flock","query_date":"2026-09-23"},"geometry":{"type":"Point","coordinates":[-118.06182,34.09561]}},{"type":"Feature","properties":{"osm_id":13972105002,"operator":"","manufacturer":"Flock Safety","category":"Flock","query_date":"2026-09-23"},"geometry":{"type":"Point","coordinates":[-118.20225,33.99683]}},{"type":"Feature","properties":{"osm_id":13972880101,"operator":"","manufacturer":"Flock Safety","category":"Flock","query_date":"2026-09-23"},"geometry":{"type":"Point","coordinates":[-118.37305,34.08394]}},{"type":"Feature","properties":{"osm_id":13975932501,"operator":"","manufacturer":"Flock Safety","category":"Flock","query_date":"2026-09-23"},"geometry":{"type":"Point","coordinates":[-117.92532,34.01345]}},{"type":"Feature","properties":{"osm_id":13975942801,"operator":"","manufacturer":"Flock Safety","category":"Flock","query_date":"2026-09-23"},"geometry":{"type":"Point","coordinates":[-117.92511,34.01355]}},{"type":"Feature","properties":{"osm_id":13976228901,"operator":"","manufacturer":"Flock Safety","category":"Flock","query_date":"2026-09-23"},"geometry":{"type":"Point","coordinates":[-118.19985,34.17788]}},{"type":"Feature","properties":{"osm_id":13976541401,"operator":"","manufacturer":"Flock Safety","category":"Flock","query_date":"2026-09-23"},"geometry":{"type":"Point","coordinates":[-118.23229,34.03593]}},{"type":"Feature","properties":{"osm_id":13978114701,"operator":"","manufacturer":"Flock Safety","category":"Flock","query_date":"2026-09-23"},"geometry":{"type":"Point","coordinates":[-117.85234,33.98366]}},{"type":"Feature","properties":{"osm_id":13978117101,"operator":"","manufacturer":"Flock Safety","category":"Flock","query_date":"2026-09-23"},"geometry":{"type":"Point","coordinates":[-117.8525,33.98399]}},{"type":"Feature","properties":{"osm_id":13978122301,"operator":"","manufacturer":"Flock Safety","category":"Flock","query_date":"2026-09-23"},"geometry":{"type":"Point","coordinates":[-117.84827,33.98458]}},{"type":"Feature","properties":{"osm_id":13978125501,"operator":"","manufacturer":"Flock Safety","category":"Flock","query_date":"2026-09-23"},"geometry":{"type":"Point","coordinates":[-117.85501,33.97757]}},{"type":"Feature","properties":{"osm_id":13978650102,"operator":"","manufacturer":"Flock Safety","category":"Flock","query_date":"2026-09-23"},"geometry":{"type":"Point","coordinates":[-117.90239,34.13343]}},{"type":"Feature","properties":{"osm_id":13978721203,"operator":"","manufacturer":"Flock Safety","category":"Flock","query_date":"2026-09-23"},"geometry":{"type":"Point","coordinates":[-118.55386,34.23917]}},{"type":"Feature","properties":{"osm_id":13978732101,"operator":"","manufacturer":"Flock Safety","category":"Flock","query_date":"2026-09-23"},"geometry":{"type":"Point","coordinates":[-118.5539,34.23729]}},{"type":"Feature","properties":{"osm_id":13978732103,"operator":"","manufacturer":"Flock Safety","category":"Flock","query_date":"2026-09-23"},"geometry":{"type":"Point","coordinates":[-118.55406,34.2372]}},{"type":"Feature","properties":{"osm_id":13978837987,"operator":"","manufacturer":"Flock Safety","category":"Flock","query_date":"2026-09-23"},"geometry":{"type":"Point","coordinates":[-118.41818,34.0409]}},{"type":"Feature","properties":{"osm_id":13978971838,"operator":"","manufacturer":"Flock Safety","category":"Flock","query_date":"2026-09-23"},"geometry":{"type":"Point","coordinates":[-118.1296,34.13013]}},{"type":"Feature","properties":{"osm_id":13979029765,"operator":"private","manufacturer":null,"category":"other ALPR","query_date":"2026-09-23"},"geometry":{"type":"Point","coordinates":[-118.13536,34.1471]}},{"type":"Feature","properties":{"osm_id":13979141401,"operator":"","manufacturer":"Flock Safety","category":"Flock","query_date":"2026-09-23"},"geometry":{"type":"Point","coordinates":[-118.5578,34.23981]}},{"type":"Feature","properties":{"osm_id":13979146501,"operator":"","manufacturer":"Flock Safety","category":"Flock","query_date":"2026-09-23"},"geometry":{"type":"Point","coordinates":[-118.55769,34.23824]}},{"type":"Feature","properties":{"osm_id":13979272417,"operator":"","manufacturer":null,"category":"other ALPR","query_date":"2026-09-23"},"geometry":{"type":"Point","coordinates":[-118.12732,34.12669]}},{"type":"Feature","properties":{"osm_id":13979374401,"operator":"","manufacturer":"Flock Safety","category":"Flock","query_date":"2026-09-23"},"geometry":{"type":"Point","coordinates":[-118.88797,34.81753]}},{"type":"Feature","properties":{"osm_id":13981207701,"operator":"","manufacturer":"Flock Safety","category":"Flock","query_date":"2026-09-23"},"geometry":{"type":"Point","coordinates":[-117.73168,34.03382]}},{"type":"Feature","properties":{"osm_id":13981209604,"operator":"","manufacturer":"Flock Safety","category":"Flock","query_date":"2026-09-23"},"geometry":{"type":"Point","coordinates":[-117.73168,34.03382]}},{"type":"Feature","properties":{"osm_id":13981474701,"operator":"University of California Los Angeles","manufacturer":"Axon Enterprise","category":"other ALPR","query_date":"2026-09-23"},"geometry":{"type":"Point","coordinates":[-118.43962,34.06761]}},{"type":"Feature","properties":{"osm_id":13983919801,"operator":"","manufacturer":"Flock Safety","category":"Flock","query_date":"2026-09-23"},"geometry":{"type":"Point","coordinates":[-118.39512,34.04904]}},{"type":"Feature","properties":{"osm_id":13984670901,"operator":"","manufacturer":"Flock Safety","category":"Flock","query_date":"2026-09-23"},"geometry":{"type":"Point","coordinates":[-118.55767,34.23824]}},{"type":"Feature","properties":{"osm_id":13984671801,"operator":"","manufacturer":"Flock Safety","category":"Flock","query_date":"2026-09-23"},"geometry":{"type":"Point","coordinates":[-118.55761,34.24067]}},{"type":"Feature","properties":{"osm_id":13984844001,"operator":"","manufacturer":"Axis Communications","category":"other ALPR","query_date":"2026-09-23"},"geometry":{"type":"Point","coordinates":[-118.35337,33.96177]}},{"type":"Feature","properties":{"osm_id":13986269702,"operator":"","manufacturer":"Flock Safety","category":"Flock","query_date":"2026-09-23"},"geometry":{"type":"Point","coordinates":[-118.51877,34.2955]}},{"type":"Feature","properties":{"osm_id":13986669701,"operator":"","manufacturer":"Flock Safety","category":"Flock","query_date":"2026-09-23"},"geometry":{"type":"Point","coordinates":[-118.09739,33.98303]}},{"type":"Feature","properties":{"osm_id":13987089601,"operator":"","manufacturer":"Flock Safety","category":"Flock","query_date":"2026-09-23"},"geometry":{"type":"Point","coordinates":[-118.19143,34.19362]}},{"type":"Feature","properties":{"osm_id":13987286503,"operator":"","manufacturer":"Flock Safety","category":"Flock","query_date":"2026-09-23"},"geometry":{"type":"Point","coordinates":[-118.38386,34.07129]}},{"type":"Feature","properties":{"osm_id":13987288001,"operator":"","manufacturer":"Flock Safety","category":"Flock","query_date":"2026-09-23"},"geometry":{"type":"Point","coordinates":[-118.38406,34.07203]}},{"type":"Feature","properties":{"osm_id":13987288002,"operator":"","manufacturer":"Flock Safety","category":"Flock","query_date":"2026-09-23"},"geometry":{"type":"Point","coordinates":[-118.38386,34.07129]}},{"type":"Feature","properties":{"osm_id":13987291401,"operator":"","manufacturer":"Flock Safety","category":"Flock","query_date":"2026-09-23"},"geometry":{"type":"Point","coordinates":[-118.38387,34.06876]}},{"type":"Feature","properties":{"osm_id":13987292501,"operator":"","manufacturer":"Flock Safety","category":"Flock","query_date":"2026-09-23"},"geometry":{"type":"Point","coordinates":[-118.38361,34.06749]}},{"type":"Feature","properties":{"osm_id":13987292502,"operator":"","manufacturer":"Flock Safety","category":"Flock","query_date":"2026-09-23"},"geometry":{"type":"Point","coordinates":[-118.38424,34.06714]}},{"type":"Feature","properties":{"osm_id":13987298001,"operator":"","manufacturer":"Axon Enterprise","category":"other ALPR","query_date":"2026-09-23"},"geometry":{"type":"Point","coordinates":[-118.38461,34.06718]}},{"type":"Feature","properties":{"osm_id":13987306601,"operator":"","manufacturer":"Flock Safety","category":"Flock","query_date":"2026-09-23"},"geometry":{"type":"Point","coordinates":[-118.39017,34.06712]}},{"type":"Feature","properties":{"osm_id":13987306901,"operator":"","manufacturer":"Axon Enterprise","category":"other ALPR","query_date":"2026-09-23"},"geometry":{"type":"Point","coordinates":[-118.3911,34.06714]}},{"type":"Feature","properties":{"osm_id":13987309901,"operator":"","manufacturer":"Axis Communications","category":"other ALPR","query_date":"2026-09-23"},"geometry":{"type":"Point","coordinates":[-118.39377,34.06696]}},{"type":"Feature","properties":{"osm_id":13987310801,"operator":"","manufacturer":"Flock Safety","category":"Flock","query_date":"2026-09-23"},"geometry":{"type":"Point","coordinates":[-118.39436,34.06695]}},{"type":"Feature","properties":{"osm_id":13987322601,"operator":"","manufacturer":"Axis Communications","category":"other ALPR","query_date":"2026-09-23"},"geometry":{"type":"Point","coordinates":[-118.40214,34.06846]}},{"type":"Feature","properties":{"osm_id":13987322602,"operator":"","manufacturer":"Axis Communications","category":"other ALPR","query_date":"2026-09-23"},"geometry":{"type":"Point","coordinates":[-118.40297,34.06935]}},{"type":"Feature","properties":{"osm_id":13987324801,"operator":"","manufacturer":"Axis Communications","category":"other ALPR","query_date":"2026-09-23"},"geometry":{"type":"Point","coordinates":[-118.40351,34.06984]}},{"type":"Feature","properties":{"osm_id":13987326401,"operator":"","manufacturer":"Flock Safety","category":"Flock","query_date":"2026-09-23"},"geometry":{"type":"Point","coordinates":[-118.40404,34.07028]}},{"type":"Feature","properties":{"osm_id":13987326402,"operator":"","manufacturer":"Axis Communications","category":"other ALPR","query_date":"2026-09-23"},"geometry":{"type":"Point","coordinates":[-118.40436,34.07047]}},{"type":"Feature","properties":{"osm_id":13987326701,"operator":"","manufacturer":"Axis Communications","category":"other ALPR","query_date":"2026-09-23"},"geometry":{"type":"Point","coordinates":[-118.40436,34.07048]}},{"type":"Feature","properties":{"osm_id":13987326704,"operator":"","manufacturer":"Flock Safety","category":"Flock","query_date":"2026-09-23"},"geometry":{"type":"Point","coordinates":[-118.40231,34.06959]}},{"type":"Feature","properties":{"osm_id":13987338601,"operator":"","manufacturer":"Flock Safety","category":"Flock","query_date":"2026-09-23"},"geometry":{"type":"Point","coordinates":[-118.40099,34.06818]}},{"type":"Feature","properties":{"osm_id":13987339301,"operator":"","manufacturer":"Flock Safety","category":"Flock","query_date":"2026-09-23"},"geometry":{"type":"Point","coordinates":[-118.4021,34.06738]}},{"type":"Feature","properties":{"osm_id":13987339302,"operator":"","manufacturer":"Flock Safety","category":"Flock","query_date":"2026-09-23"},"geometry":{"type":"Point","coordinates":[-118.40352,34.06653]}},{"type":"Feature","properties":{"osm_id":13987340101,"operator":"","manufacturer":"Flock Safety","category":"Flock","query_date":"2026-09-23"},"geometry":{"type":"Point","coordinates":[-118.40241,34.06676]}},{"type":"Feature","properties":{"osm_id":13987340102,"operator":"","manufacturer":"Flock Safety","category":"Flock","query_date":"2026-09-23"},"geometry":{"type":"Point","coordinates":[-118.40242,34.06675]}},{"type":"Feature","properties":{"osm_id":13987348101,"operator":"","manufacturer":"Flock Safety","category":"Flock","query_date":"2026-09-23"},"geometry":{"type":"Point","coordinates":[-118.40352,34.06653]}},{"type":"Feature","properties":{"osm_id":13987349201,"operator":"","manufacturer":"Flock Safety","category":"Flock","query_date":"2026-09-23"},"geometry":{"type":"Point","coordinates":[-118.40452,34.06648]}},{"type":"Feature","properties":{"osm_id":13987350801,"operator":"","manufacturer":"Flock Safety","category":"Flock","query_date":"2026-09-23"},"geometry":{"type":"Point","coordinates":[-118.4046,34.06696]}},{"type":"Feature","properties":{"osm_id":13987357301,"operator":"","manufacturer":"Axis Communications","category":"other ALPR","query_date":"2026-09-23"},"geometry":{"type":"Point","coordinates":[-118.404,34.06846]}},{"type":"Feature","properties":{"osm_id":13987357302,"operator":"","manufacturer":"Flock Safety","category":"Flock","query_date":"2026-09-23"},"geometry":{"type":"Point","coordinates":[-118.40339,34.06887]}},{"type":"Feature","properties":{"osm_id":13987360301,"operator":"","manufacturer":"Flock Safety","category":"Flock","query_date":"2026-09-23"},"geometry":{"type":"Point","coordinates":[-118.40351,34.06984]}},{"type":"Feature","properties":{"osm_id":13987365801,"operator":"","manufacturer":"Axon Enterprise","category":"other ALPR","query_date":"2026-09-23"},"geometry":{"type":"Point","coordinates":[-118.39621,34.07691]}},{"type":"Feature","properties":{"osm_id":13987372501,"operator":"","manufacturer":"Axon Enterprise","category":"other ALPR","query_date":"2026-09-23"},"geometry":{"type":"Point","coordinates":[-118.39077,34.08068]}},{"type":"Feature","properties":{"osm_id":13987529201,"operator":"","manufacturer":"Motorola Solutions","category":"other ALPR","query_date":"2026-09-23"},"geometry":{"type":"Point","coordinates":[-117.68582,34.15453]}},{"type":"Feature","properties":{"osm_id":13987670051,"operator":"","manufacturer":null,"category":"other ALPR","query_date":"2026-09-23"},"geometry":{"type":"Point","coordinates":[-118.34132,33.78999]}},{"type":"Feature","properties":{"osm_id":13988706093,"operator":"","manufacturer":null,"category":"other ALPR","query_date":"2026-09-23"},"geometry":{"type":"Point","coordinates":[-118.3863,33.78522]}},{"type":"Feature","properties":{"osm_id":13988706094,"operator":"","manufacturer":null,"category":"other ALPR","query_date":"2026-09-23"},"geometry":{"type":"Point","coordinates":[-118.38632,33.78524]}},{"type":"Feature","properties":{"osm_id":13990659101,"operator":"","manufacturer":"Axis Communications","category":"other ALPR","query_date":"2026-09-23"},"geometry":{"type":"Point","coordinates":[-118.34403,33.95989]}},{"type":"Feature","properties":{"osm_id":13991290302,"operator":"","manufacturer":"Flock Safety","category":"Flock","query_date":"2026-09-23"},"geometry":{"type":"Point","coordinates":[-118.49105,34.01303]}},{"type":"Feature","properties":{"osm_id":13991291301,"operator":"","manufacturer":"Flock Safety","category":"Flock","query_date":"2026-09-23"},"geometry":{"type":"Point","coordinates":[-118.49162,34.01328]}},{"type":"Feature","properties":{"osm_id":13991291302,"operator":"","manufacturer":"Flock Safety","category":"Flock","query_date":"2026-09-23"},"geometry":{"type":"Point","coordinates":[-118.46828,34.0203]}},{"type":"Feature","properties":{"osm_id":13991499501,"operator":"","manufacturer":"Flock Safety","category":"Flock","query_date":"2026-09-23"},"geometry":{"type":"Point","coordinates":[-118.39158,34.07241]}},{"type":"Feature","properties":{"osm_id":13991500801,"operator":"","manufacturer":"Flock Safety","category":"Flock","query_date":"2026-09-23"},"geometry":{"type":"Point","coordinates":[-118.39362,34.0723]}},{"type":"Feature","properties":{"osm_id":13991607502,"operator":"","manufacturer":"Flock Safety","category":"Flock","query_date":"2026-09-23"},"geometry":{"type":"Point","coordinates":[-118.53656,34.24603]}},{"type":"Feature","properties":{"osm_id":13992690801,"operator":"The Home Depot","manufacturer":"Flock Safety","category":"Flock (store-operated)","query_date":"2026-09-23"},"geometry":{"type":"Point","coordinates":[-118.59438,34.21967]}},{"type":"Feature","properties":{"osm_id":13992691601,"operator":"The Home Depot","manufacturer":"Flock Safety","category":"Flock (store-operated)","query_date":"2026-09-23"},"geometry":{"type":"Point","coordinates":[-118.59479,34.21885]}},{"type":"Feature","properties":{"osm_id":13992770701,"operator":"","manufacturer":"Flock Safety","category":"Flock","query_date":"2026-09-23"},"geometry":{"type":"Point","coordinates":[-117.96068,34.09965]}},{"type":"Feature","properties":{"osm_id":13992770702,"operator":"","manufacturer":"Flock Safety","category":"Flock","query_date":"2026-09-23"},"geometry":{"type":"Point","coordinates":[-117.96062,34.10662]}},{"type":"Feature","properties":{"osm_id":13992772201,"operator":"","manufacturer":"Flock Safety","category":"Flock","query_date":"2026-09-23"},"geometry":{"type":"Point","coordinates":[-117.9606,34.09947]}},{"type":"Feature","properties":{"osm_id":13992772901,"operator":"","manufacturer":"Flock Safety","category":"Flock","query_date":"2026-09-23"},"geometry":{"type":"Point","coordinates":[-117.96048,34.09952]}},{"type":"Feature","properties":{"osm_id":13992772902,"operator":"","manufacturer":"Flock Safety","category":"Flock","query_date":"2026-09-23"},"geometry":{"type":"Point","coordinates":[-117.9605,34.09962]}},{"type":"Feature","properties":{"osm_id":13993708001,"operator":"","manufacturer":"Flock Safety","category":"Flock","query_date":"2026-09-23"},"geometry":{"type":"Point","coordinates":[-118.09042,34.05343]}},{"type":"Feature","properties":{"osm_id":13993931739,"operator":"","manufacturer":"Rekor Systems Inc","category":"other ALPR","query_date":"2026-09-23"},"geometry":{"type":"Point","coordinates":[-118.14778,34.68211]}},{"type":"Feature","properties":{"osm_id":13993931740,"operator":"","manufacturer":"Rekor Systems Inc","category":"other ALPR","query_date":"2026-09-23"},"geometry":{"type":"Point","coordinates":[-118.14785,34.68232]}},{"type":"Feature","properties":{"osm_id":13993931741,"operator":"","manufacturer":"Rekor Systems Inc","category":"other ALPR","query_date":"2026-09-23"},"geometry":{"type":"Point","coordinates":[-118.14809,34.68202]}},{"type":"Feature","properties":{"osm_id":13993931742,"operator":"","manufacturer":"Rekor Systems Inc","category":"other ALPR","query_date":"2026-09-23"},"geometry":{"type":"Point","coordinates":[-118.1481,34.68224]}},{"type":"Feature","properties":{"osm_id":13993934247,"operator":"","manufacturer":"Rekor Systems Inc","category":"other ALPR","query_date":"2026-09-23"},"geometry":{"type":"Point","coordinates":[-118.13518,34.68848]}},{"type":"Feature","properties":{"osm_id":13993934248,"operator":"","manufacturer":"Rekor Systems Inc","category":"other ALPR","query_date":"2026-09-23"},"geometry":{"type":"Point","coordinates":[-118.13509,34.68812]}},{"type":"Feature","properties":{"osm_id":13993938210,"operator":"","manufacturer":"Rekor Systems Inc","category":"other ALPR","query_date":"2026-09-23"},"geometry":{"type":"Point","coordinates":[-118.14781,34.68931]}},{"type":"Feature","properties":{"osm_id":13993938211,"operator":"","manufacturer":"Rekor Systems Inc","category":"other ALPR","query_date":"2026-09-23"},"geometry":{"type":"Point","coordinates":[-118.14789,34.68965]}},{"type":"Feature","properties":{"osm_id":13993938212,"operator":"","manufacturer":"Rekor Systems Inc","category":"other ALPR","query_date":"2026-09-23"},"geometry":{"type":"Point","coordinates":[-118.14825,34.68954]}},{"type":"Feature","properties":{"osm_id":13993938213,"operator":"","manufacturer":"Rekor Systems Inc","category":"other ALPR","query_date":"2026-09-23"},"geometry":{"type":"Point","coordinates":[-118.14818,34.68924]}},{"type":"Feature","properties":{"osm_id":13994003401,"operator":"","manufacturer":"Flock Safety","category":"Flock","query_date":"2026-09-23"},"geometry":{"type":"Point","coordinates":[-118.37672,34.08199]}},{"type":"Feature","properties":{"osm_id":13994003701,"operator":"","manufacturer":"Flock Safety","category":"Flock","query_date":"2026-09-23"},"geometry":{"type":"Point","coordinates":[-118.37446,34.08282]}},{"type":"Feature","properties":{"osm_id":13994035701,"operator":"","manufacturer":"Flock Safety","category":"Flock","query_date":"2026-09-23"},"geometry":{"type":"Point","coordinates":[-118.35723,34.08359]}},{"type":"Feature","properties":{"osm_id":13994053702,"operator":"","manufacturer":"Flock Safety","category":"Flock","query_date":"2026-09-23"},"geometry":{"type":"Point","coordinates":[-118.35312,34.08352]}},{"type":"Feature","properties":{"osm_id":13994059401,"operator":"","manufacturer":"Flock Safety","category":"Flock","query_date":"2026-09-23"},"geometry":{"type":"Point","coordinates":[-118.34974,34.08365]}},{"type":"Feature","properties":{"osm_id":13994089601,"operator":"","manufacturer":"Flock Safety","category":"Flock","query_date":"2026-09-23"},"geometry":{"type":"Point","coordinates":[-118.34504,34.07628]}},{"type":"Feature","properties":{"osm_id":13994097601,"operator":"","manufacturer":"Motorola Solutions","category":"other ALPR","query_date":"2026-09-23"},"geometry":{"type":"Point","coordinates":[-118.34387,33.8773]}},{"type":"Feature","properties":{"osm_id":13994126901,"operator":"","manufacturer":"Flock Safety","category":"Flock","query_date":"2026-09-23"},"geometry":{"type":"Point","coordinates":[-118.38961,34.07728]}},{"type":"Feature","properties":{"osm_id":13995915401,"operator":"","manufacturer":"Flock Safety","category":"Flock","query_date":"2026-09-23"},"geometry":{"type":"Point","coordinates":[-118.09193,34.01571]}},{"type":"Feature","properties":{"osm_id":13996168601,"operator":"","manufacturer":"Flock Safety","category":"Flock","query_date":"2026-09-23"},"geometry":{"type":"Point","coordinates":[-118.45587,34.40407]}},{"type":"Feature","properties":{"osm_id":13996170701,"operator":"","manufacturer":"Flock Safety","category":"Flock","query_date":"2026-09-23"},"geometry":{"type":"Point","coordinates":[-118.45583,34.40414]}},{"type":"Feature","properties":{"osm_id":13996268301,"operator":"","manufacturer":"Axis Communications","category":"other ALPR","query_date":"2026-09-23"},"geometry":{"type":"Point","coordinates":[-118.43033,33.99943]}},{"type":"Feature","properties":{"osm_id":13996328201,"operator":"","manufacturer":"Axis Communications","category":"other ALPR","query_date":"2026-09-23"},"geometry":{"type":"Point","coordinates":[-118.4055,34.01682]}},{"type":"Feature","properties":{"osm_id":13996419501,"operator":"","manufacturer":"Flock Safety","category":"Flock","query_date":"2026-09-23"},"geometry":{"type":"Point","coordinates":[-117.83147,34.02951]}},{"type":"Feature","properties":{"osm_id":13996642401,"operator":"","manufacturer":"Flock Safety","category":"Flock","query_date":"2026-09-23"},"geometry":{"type":"Point","coordinates":[-118.22349,33.89507]}},{"type":"Feature","properties":{"osm_id":13996647801,"operator":"","manufacturer":"Flock Safety","category":"Flock","query_date":"2026-09-23"},"geometry":{"type":"Point","coordinates":[-118.22349,33.89507]}},{"type":"Feature","properties":{"osm_id":13996676401,"operator":"","manufacturer":"Flock Safety","category":"Flock","query_date":"2026-09-23"},"geometry":{"type":"Point","coordinates":[-118.18851,33.97155]}},{"type":"Feature","properties":{"osm_id":13996911001,"operator":"The Home Depot","manufacturer":"Flock Safety","category":"Flock (store-operated)","query_date":"2026-09-23"},"geometry":{"type":"Point","coordinates":[-118.36844,33.89777]}},{"type":"Feature","properties":{"osm_id":13996989577,"operator":"","manufacturer":"Motorola/Vigilant","category":"other ALPR","query_date":"2026-09-23"},"geometry":{"type":"Point","coordinates":[-118.61226,34.45026]}},{"type":"Feature","properties":{"osm_id":13998259901,"operator":"","manufacturer":"Axis Communications","category":"other ALPR","query_date":"2026-09-23"},"geometry":{"type":"Point","coordinates":[-118.38364,34.05467]}},{"type":"Feature","properties":{"osm_id":13998261301,"operator":"","manufacturer":"Axis Communications","category":"other ALPR","query_date":"2026-09-23"},"geometry":{"type":"Point","coordinates":[-118.38362,34.05943]}},{"type":"Feature","properties":{"osm_id":13998263601,"operator":"","manufacturer":"Axis Communications","category":"other ALPR","query_date":"2026-09-23"},"geometry":{"type":"Point","coordinates":[-118.38354,34.06297]}},{"type":"Feature","properties":{"osm_id":13998264601,"operator":"","manufacturer":"Axis Communications","category":"other ALPR","query_date":"2026-09-23"},"geometry":{"type":"Point","coordinates":[-118.38368,34.06495]}},{"type":"Feature","properties":{"osm_id":13998496887,"operator":"","manufacturer":"Flock Safety","category":"Flock","query_date":"2026-09-23"},"geometry":{"type":"Point","coordinates":[-118.03732,34.10248]}},{"type":"Feature","properties":{"osm_id":13998500701,"operator":"","manufacturer":"Motorola Solutions","category":"other ALPR","query_date":"2026-09-23"},"geometry":{"type":"Point","coordinates":[-118.13915,33.819]}},{"type":"Feature","properties":{"osm_id":13998500702,"operator":"","manufacturer":"Motorola Solutions","category":"other ALPR","query_date":"2026-09-23"},"geometry":{"type":"Point","coordinates":[-118.13906,33.819]}},{"type":"Feature","properties":{"osm_id":13998500901,"operator":"","manufacturer":"Motorola Solutions","category":"other ALPR","query_date":"2026-09-23"},"geometry":{"type":"Point","coordinates":[-118.13912,33.819]}},{"type":"Feature","properties":{"osm_id":13998500902,"operator":"","manufacturer":"Motorola Solutions","category":"other ALPR","query_date":"2026-09-23"},"geometry":{"type":"Point","coordinates":[-118.13932,33.81862]}},{"type":"Feature","properties":{"osm_id":13998500903,"operator":"","manufacturer":"Motorola Solutions","category":"other ALPR","query_date":"2026-09-23"},"geometry":{"type":"Point","coordinates":[-118.13929,33.81862]}},{"type":"Feature","properties":{"osm_id":13998501201,"operator":"","manufacturer":"Motorola Solutions","category":"other ALPR","query_date":"2026-09-23"},"geometry":{"type":"Point","coordinates":[-118.13909,33.819]}},{"type":"Feature","properties":{"osm_id":13998501203,"operator":"","manufacturer":"Motorola Solutions","category":"other ALPR","query_date":"2026-09-23"},"geometry":{"type":"Point","coordinates":[-118.13925,33.81863]}},{"type":"Feature","properties":{"osm_id":13998503201,"operator":"","manufacturer":"Motorola Solutions","category":"other ALPR","query_date":"2026-09-23"},"geometry":{"type":"Point","coordinates":[-118.13922,33.81863]}},{"type":"Feature","properties":{"osm_id":13998543801,"operator":"","manufacturer":"Flock Safety","category":"Flock","query_date":"2026-09-23"},"geometry":{"type":"Point","coordinates":[-118.23221,34.1626]}},{"type":"Feature","properties":{"osm_id":13999059701,"operator":"","manufacturer":"Flock Safety","category":"Flock","query_date":"2026-09-23"},"geometry":{"type":"Point","coordinates":[-118.34372,34.09131]}},{"type":"Feature","properties":{"osm_id":13999059702,"operator":"","manufacturer":"Flock Safety","category":"Flock","query_date":"2026-09-23"},"geometry":{"type":"Point","coordinates":[-118.34372,34.09131]}},{"type":"Feature","properties":{"osm_id":13999174301,"operator":"","manufacturer":"Flock Safety","category":"Flock","query_date":"2026-09-23"},"geometry":{"type":"Point","coordinates":[-118.34391,34.09172]}},{"type":"Feature","properties":{"osm_id":13999207701,"operator":"","manufacturer":"Flock Safety","category":"Flock","query_date":"2026-09-23"},"geometry":{"type":"Point","coordinates":[-118.38952,34.081]}},{"type":"Feature","properties":{"osm_id":13999825902,"operator":"","manufacturer":"Flock Safety","category":"Flock","query_date":"2026-09-23"},"geometry":{"type":"Point","coordinates":[-118.25695,34.06331]}},{"type":"Feature","properties":{"osm_id":14000927203,"operator":"","manufacturer":"Flock Safety","category":"Flock","query_date":"2026-09-23"},"geometry":{"type":"Point","coordinates":[-118.41083,34.03382]}},{"type":"Feature","properties":{"osm_id":14001070401,"operator":"","manufacturer":"Flock Safety","category":"Flock","query_date":"2026-09-23"},"geometry":{"type":"Point","coordinates":[-118.45369,34.41959]}},{"type":"Feature","properties":{"osm_id":14001122801,"operator":"","manufacturer":"Flock Safety","category":"Flock","query_date":"2026-09-23"},"geometry":{"type":"Point","coordinates":[-118.17818,34.18541]}},{"type":"Feature","properties":{"osm_id":14002145801,"operator":"","manufacturer":"Flock Safety","category":"Flock","query_date":"2026-09-23"},"geometry":{"type":"Point","coordinates":[-118.20812,33.89618]}},{"type":"Feature","properties":{"osm_id":14002146905,"operator":"","manufacturer":"Flock Safety","category":"Flock","query_date":"2026-09-23"},"geometry":{"type":"Point","coordinates":[-118.2082,33.89616]}},{"type":"Feature","properties":{"osm_id":14002150001,"operator":"","manufacturer":"Flock Safety","category":"Flock","query_date":"2026-09-23"},"geometry":{"type":"Point","coordinates":[-118.20777,33.8959]}},{"type":"Feature","properties":{"osm_id":14002151501,"operator":"","manufacturer":"Leonardo","category":"other ALPR","query_date":"2026-09-23"},"geometry":{"type":"Point","coordinates":[-118.20775,33.8959]}},{"type":"Feature","properties":{"osm_id":14002157901,"operator":"","manufacturer":"Flock Safety","category":"Flock","query_date":"2026-09-23"},"geometry":{"type":"Point","coordinates":[-118.20859,33.9033]}},{"type":"Feature","properties":{"osm_id":14002160401,"operator":"","manufacturer":"Flock Safety","category":"Flock","query_date":"2026-09-23"},"geometry":{"type":"Point","coordinates":[-118.20859,33.90329]}},{"type":"Feature","properties":{"osm_id":14002160901,"operator":"","manufacturer":"Flock Safety","category":"Flock","query_date":"2026-09-23"},"geometry":{"type":"Point","coordinates":[-118.20833,33.90359]}},{"type":"Feature","properties":{"osm_id":14002163001,"operator":"","manufacturer":"Flock Safety","category":"Flock","query_date":"2026-09-23"},"geometry":{"type":"Point","coordinates":[-118.20829,33.90334]}},{"type":"Feature","properties":{"osm_id":14002163501,"operator":"","manufacturer":"Flock Safety","category":"Flock","query_date":"2026-09-23"},"geometry":{"type":"Point","coordinates":[-118.20865,33.90357]}},{"type":"Feature","properties":{"osm_id":14002164701,"operator":"","manufacturer":"Leonardo","category":"other ALPR","query_date":"2026-09-23"},"geometry":{"type":"Point","coordinates":[-118.20832,33.90358]}},{"type":"Feature","properties":{"osm_id":14002172201,"operator":"","manufacturer":"Flock Safety","category":"Flock","query_date":"2026-09-23"},"geometry":{"type":"Point","coordinates":[-118.20892,33.90932]}},{"type":"Feature","properties":{"osm_id":14002176701,"operator":"","manufacturer":"Flock Safety","category":"Flock","query_date":"2026-09-23"},"geometry":{"type":"Point","coordinates":[-118.20888,33.91124]}},{"type":"Feature","properties":{"osm_id":14002245001,"operator":"","manufacturer":"Motorola Solutions","category":"other ALPR","query_date":"2026-09-23"},"geometry":{"type":"Point","coordinates":[-118.18374,33.93086]}},{"type":"Feature","properties":{"osm_id":14002866101,"operator":"","manufacturer":"Flock Safety","category":"Flock","query_date":"2026-09-23"},"geometry":{"type":"Point","coordinates":[-118.20861,33.90767]}},{"type":"Feature","properties":{"osm_id":14002866265,"operator":"","manufacturer":"Flock Safety","category":"Flock","query_date":"2026-09-23"},"geometry":{"type":"Point","coordinates":[-118.20728,33.88881]}},{"type":"Feature","properties":{"osm_id":14002866711,"operator":"","manufacturer":"Flock Safety","category":"Flock","query_date":"2026-09-23"},"geometry":{"type":"Point","coordinates":[-118.20835,33.89997]}},{"type":"Feature","properties":{"osm_id":14002866749,"operator":"","manufacturer":"Flock Safety","category":"Flock","query_date":"2026-09-23"},"geometry":{"type":"Point","coordinates":[-118.20776,33.89421]}},{"type":"Feature","properties":{"osm_id":14002867514,"operator":"","manufacturer":"Flock Safety","category":"Flock","query_date":"2026-09-23"},"geometry":{"type":"Point","coordinates":[-118.205,33.88141]}},{"type":"Feature","properties":{"osm_id":14002869102,"operator":"","manufacturer":"Flock Safety","category":"Flock","query_date":"2026-09-23"},"geometry":{"type":"Point","coordinates":[-118.20472,33.88134]}},{"type":"Feature","properties":{"osm_id":14002872001,"operator":"","manufacturer":"Flock Safety","category":"Flock","query_date":"2026-09-23"},"geometry":{"type":"Point","coordinates":[-118.20691,33.88861]}},{"type":"Feature","properties":{"osm_id":14002873201,"operator":"","manufacturer":"Flock Safety","category":"Flock","query_date":"2026-09-23"},"geometry":{"type":"Point","coordinates":[-118.20734,33.8888]}},{"type":"Feature","properties":{"osm_id":14003622001,"operator":"","manufacturer":"Flock Safety","category":"Flock","query_date":"2026-09-23"},"geometry":{"type":"Point","coordinates":[-118.44787,34.02632]}},{"type":"Feature","properties":{"osm_id":14003631601,"operator":"","manufacturer":"Flock Safety","category":"Flock","query_date":"2026-09-23"},"geometry":{"type":"Point","coordinates":[-118.4343,34.00477]}},{"type":"Feature","properties":{"osm_id":14003900401,"operator":"","manufacturer":"Flock Safety","category":"Flock","query_date":"2026-09-23"},"geometry":{"type":"Point","coordinates":[-118.38378,34.0665]}},{"type":"Feature","properties":{"osm_id":14003900404,"operator":"","manufacturer":"Flock Safety","category":"Flock","query_date":"2026-09-23"},"geometry":{"type":"Point","coordinates":[-118.38347,34.06306]}},{"type":"Feature","properties":{"osm_id":14003927101,"operator":"","manufacturer":"Flock Safety","category":"Flock","query_date":"2026-09-23"},"geometry":{"type":"Point","coordinates":[-118.39961,34.06227]}},{"type":"Feature","properties":{"osm_id":14003930101,"operator":"","manufacturer":"Flock Safety","category":"Flock","query_date":"2026-09-23"},"geometry":{"type":"Point","coordinates":[-118.39853,34.06496]}},{"type":"Feature","properties":{"osm_id":14004148701,"operator":"The Home Depot","manufacturer":"Flock Safety","category":"Flock (store-operated)","query_date":"2026-09-23"},"geometry":{"type":"Point","coordinates":[-118.37148,33.95717]}},{"type":"Feature","properties":{"osm_id":14005205801,"operator":"","manufacturer":"Flock Safety","category":"Flock","query_date":"2026-09-23"},"geometry":{"type":"Point","coordinates":[-118.02455,34.10837]}},{"type":"Feature","properties":{"osm_id":14005207002,"operator":"","manufacturer":"Flock Safety","category":"Flock","query_date":"2026-09-23"},"geometry":{"type":"Point","coordinates":[-118.01847,34.10922]}},{"type":"Feature","properties":{"osm_id":14005207102,"operator":"","manufacturer":"Flock Safety","category":"Flock","query_date":"2026-09-23"},"geometry":{"type":"Point","coordinates":[-118.01836,34.10938]}},{"type":"Feature","properties":{"osm_id":14005223701,"operator":"","manufacturer":"Flock Safety","category":"Flock","query_date":"2026-09-23"},"geometry":{"type":"Point","coordinates":[-118.46267,34.39589]}},{"type":"Feature","properties":{"osm_id":14005236001,"operator":"","manufacturer":"Flock Safety","category":"Flock","query_date":"2026-09-23"},"geometry":{"type":"Point","coordinates":[-118.01597,34.11445]}},{"type":"Feature","properties":{"osm_id":14005492001,"operator":"","manufacturer":"Flock Safety","category":"Flock","query_date":"2026-09-23"},"geometry":{"type":"Point","coordinates":[-118.30624,34.10864]}},{"type":"Feature","properties":{"osm_id":14005509301,"operator":"","manufacturer":"Axis Communications","category":"other ALPR","query_date":"2026-09-23"},"geometry":{"type":"Point","coordinates":[-118.33936,34.15196]}},{"type":"Feature","properties":{"osm_id":14006696856,"operator":"","manufacturer":"Flock Safety","category":"Flock","query_date":"2026-09-23"},"geometry":{"type":"Point","coordinates":[-118.26469,34.15586]}},{"type":"Feature","properties":{"osm_id":14007173701,"operator":"","manufacturer":"Flock Safety","category":"Flock","query_date":"2026-09-23"},"geometry":{"type":"Point","coordinates":[-118.14462,33.9964]}},{"type":"Feature","properties":{"osm_id":14007743905,"operator":"","manufacturer":"Flock Safety","category":"Flock","query_date":"2026-09-23"},"geometry":{"type":"Point","coordinates":[-117.99444,33.91718]}},{"type":"Feature","properties":{"osm_id":14008056501,"operator":"","manufacturer":"Motorola Solutions","category":"other ALPR","query_date":"2026-09-23"},"geometry":{"type":"Point","coordinates":[-118.20894,33.91275]}},{"type":"Feature","properties":{"osm_id":14008065601,"operator":"","manufacturer":"Flock Safety","category":"Flock","query_date":"2026-09-23"},"geometry":{"type":"Point","coordinates":[-118.20696,33.88883]}},{"type":"Feature","properties":{"osm_id":14008065602,"operator":"","manufacturer":"Flock Safety","category":"Flock","query_date":"2026-09-23"},"geometry":{"type":"Point","coordinates":[-118.20615,33.88524]}},{"type":"Feature","properties":{"osm_id":14008065701,"operator":"","manufacturer":"Flock Safety","category":"Flock","query_date":"2026-09-23"},"geometry":{"type":"Point","coordinates":[-118.2072,33.88856]}},{"type":"Feature","properties":{"osm_id":14011067801,"operator":"","manufacturer":"Flock Safety","category":"Flock","query_date":"2026-09-23"},"geometry":{"type":"Point","coordinates":[-118.06345,33.83248]}},{"type":"Feature","properties":{"osm_id":14011278801,"operator":"","manufacturer":"Flock Safety","category":"Flock","query_date":"2026-09-23"},"geometry":{"type":"Point","coordinates":[-118.06378,33.8534]}},{"type":"Feature","properties":{"osm_id":14011376201,"operator":"","manufacturer":"Flock Safety","category":"Flock","query_date":"2026-09-23"},"geometry":{"type":"Point","coordinates":[-118.17782,33.99931]}},{"type":"Feature","properties":{"osm_id":14013484901,"operator":"","manufacturer":"Flock Safety","category":"Flock","query_date":"2026-09-23"},"geometry":{"type":"Point","coordinates":[-118.14517,33.99993]}},{"type":"Feature","properties":{"osm_id":14013727579,"operator":"","manufacturer":"Flock Safety","category":"Flock","query_date":"2026-09-23"},"geometry":{"type":"Point","coordinates":[-117.82474,34.13923]}},{"type":"Feature","properties":{"osm_id":14013763901,"operator":"","manufacturer":"Flock Safety","category":"Flock","query_date":"2026-09-23"},"geometry":{"type":"Point","coordinates":[-118.19863,34.21563]}},{"type":"Feature","properties":{"osm_id":14013767201,"operator":"","manufacturer":"Flock Safety","category":"Flock","query_date":"2026-09-23"},"geometry":{"type":"Point","coordinates":[-118.19593,34.21121]}},{"type":"Feature","properties":{"osm_id":14013855906,"operator":"","manufacturer":"Flock Safety","category":"Flock","query_date":"2026-09-23"},"geometry":{"type":"Point","coordinates":[-118.16487,33.94893]}},{"type":"Feature","properties":{"osm_id":14015635302,"operator":"","manufacturer":"Flock Safety","category":"Flock","query_date":"2026-09-23"},"geometry":{"type":"Point","coordinates":[-118.45645,34.41219]}},{"type":"Feature","properties":{"osm_id":14015641502,"operator":"","manufacturer":"Flock Safety","category":"Flock","query_date":"2026-09-23"},"geometry":{"type":"Point","coordinates":[-118.45754,34.40993]}},{"type":"Feature","properties":{"osm_id":14015658903,"operator":"","manufacturer":"Flock Safety","category":"Flock","query_date":"2026-09-23"},"geometry":{"type":"Point","coordinates":[-118.45787,34.41016]}},{"type":"Feature","properties":{"osm_id":14015821501,"operator":"","manufacturer":"Flock Safety","category":"Flock","query_date":"2026-09-23"},"geometry":{"type":"Point","coordinates":[-118.30227,34.1969]}},{"type":"Feature","properties":{"osm_id":14015850601,"operator":"","manufacturer":"Flock Safety","category":"Flock","query_date":"2026-09-23"},"geometry":{"type":"Point","coordinates":[-117.89889,34.10255]}},{"type":"Feature","properties":{"osm_id":14015853601,"operator":"","manufacturer":"Flock Safety","category":"Flock","query_date":"2026-09-23"},"geometry":{"type":"Point","coordinates":[-117.89016,34.09943]}},{"type":"Feature","properties":{"osm_id":14015898001,"operator":"","manufacturer":"Flock Safety","category":"Flock","query_date":"2026-09-23"},"geometry":{"type":"Point","coordinates":[-118.09021,34.03422]}},{"type":"Feature","properties":{"osm_id":14016045002,"operator":"","manufacturer":"Motorola Solutions","category":"other ALPR","query_date":"2026-09-23"},"geometry":{"type":"Point","coordinates":[-117.93131,33.99341]}},{"type":"Feature","properties":{"osm_id":14016045301,"operator":"","manufacturer":"Motorola Solutions","category":"other ALPR","query_date":"2026-09-23"},"geometry":{"type":"Point","coordinates":[-117.93139,33.99364]}},{"type":"Feature","properties":{"osm_id":14016046101,"operator":"","manufacturer":"Motorola Solutions","category":"other ALPR","query_date":"2026-09-23"},"geometry":{"type":"Point","coordinates":[-117.93141,33.99364]}},{"type":"Feature","properties":{"osm_id":14016125101,"operator":"","manufacturer":"Motorola Solutions","category":"other ALPR","query_date":"2026-09-23"},"geometry":{"type":"Point","coordinates":[-117.93174,33.99335]}},{"type":"Feature","properties":{"osm_id":14016125301,"operator":"","manufacturer":"Motorola Solutions","category":"other ALPR","query_date":"2026-09-23"},"geometry":{"type":"Point","coordinates":[-117.93172,33.99335]}},{"type":"Feature","properties":{"osm_id":14016126301,"operator":"","manufacturer":"Motorola Solutions","category":"other ALPR","query_date":"2026-09-23"},"geometry":{"type":"Point","coordinates":[-117.92526,33.9907]}},{"type":"Feature","properties":{"osm_id":14016365801,"operator":"","manufacturer":"Flock Safety","category":"Flock","query_date":"2026-09-23"},"geometry":{"type":"Point","coordinates":[-118.39158,33.90708]}},{"type":"Feature","properties":{"osm_id":14016366501,"operator":"","manufacturer":"Flock Safety","category":"Flock","query_date":"2026-09-23"},"geometry":{"type":"Point","coordinates":[-118.39159,33.90702]}},{"type":"Feature","properties":{"osm_id":14016382101,"operator":"","manufacturer":"Flock Safety","category":"Flock","query_date":"2026-09-23"},"geometry":{"type":"Point","coordinates":[-118.0832,34.0009]}},{"type":"Feature","properties":{"osm_id":14016408801,"operator":"","manufacturer":"Flock Safety","category":"Flock","query_date":"2026-09-23"},"geometry":{"type":"Point","coordinates":[-118.39604,33.90397]}},{"type":"Feature","properties":{"osm_id":14016486401,"operator":"","manufacturer":"Flock Safety","category":"Flock","query_date":"2026-09-23"},"geometry":{"type":"Point","coordinates":[-117.83972,34.03555]}},{"type":"Feature","properties":{"osm_id":14016488401,"operator":"","manufacturer":"Flock Safety","category":"Flock","query_date":"2026-09-23"},"geometry":{"type":"Point","coordinates":[-118.45947,34.06657]}},{"type":"Feature","properties":{"osm_id":14016612001,"operator":"","manufacturer":"Axon Enterprise","category":"other ALPR","query_date":"2026-09-23"},"geometry":{"type":"Point","coordinates":[-118.37939,34.0664]}},{"type":"Feature","properties":{"osm_id":14016631501,"operator":"","manufacturer":"Flock Safety","category":"Flock","query_date":"2026-09-23"},"geometry":{"type":"Point","coordinates":[-118.37278,34.06478]}},{"type":"Feature","properties":{"osm_id":14016632701,"operator":"","manufacturer":"Flock Safety","category":"Flock","query_date":"2026-09-23"},"geometry":{"type":"Point","coordinates":[-118.37242,34.0644]}},{"type":"Feature","properties":{"osm_id":14016633901,"operator":"","manufacturer":"Flock Safety","category":"Flock","query_date":"2026-09-23"},"geometry":{"type":"Point","coordinates":[-118.37251,34.06418]}},{"type":"Feature","properties":{"osm_id":14016643501,"operator":"","manufacturer":"Flock Safety","category":"Flock","query_date":"2026-09-23"},"geometry":{"type":"Point","coordinates":[-118.37606,34.06399]}},{"type":"Feature","properties":{"osm_id":14016644501,"operator":"","manufacturer":"Flock Safety","category":"Flock","query_date":"2026-09-23"},"geometry":{"type":"Point","coordinates":[-118.37605,34.063]}},{"type":"Feature","properties":{"osm_id":14016677301,"operator":"","manufacturer":"Flock Safety","category":"Flock","query_date":"2026-09-23"},"geometry":{"type":"Point","coordinates":[-118.38311,34.06676]}},{"type":"Feature","properties":{"osm_id":14016687101,"operator":"","manufacturer":"Axis Communications","category":"other ALPR","query_date":"2026-09-23"},"geometry":{"type":"Point","coordinates":[-118.3898,34.06918]}},{"type":"Feature","properties":{"osm_id":14016693701,"operator":"","manufacturer":"Axis Communications","category":"other ALPR","query_date":"2026-09-23"},"geometry":{"type":"Point","coordinates":[-118.3898,34.07072]}},{"type":"Feature","properties":{"osm_id":14017301501,"operator":"","manufacturer":"Flock Safety","category":"Flock","query_date":"2026-09-23"},"geometry":{"type":"Point","coordinates":[-118.27153,33.93832]}},{"type":"Feature","properties":{"osm_id":14017840802,"operator":"","manufacturer":"Flock Safety","category":"Flock","query_date":"2026-09-23"},"geometry":{"type":"Point","coordinates":[-118.67188,34.13908]}},{"type":"Feature","properties":{"osm_id":14018544801,"operator":"","manufacturer":"Flock Safety","category":"Flock","query_date":"2026-09-23"},"geometry":{"type":"Point","coordinates":[-118.30485,34.19955]}},{"type":"Feature","properties":{"osm_id":14018870701,"operator":"","manufacturer":null,"category":"Flock","query_date":"2026-09-23"},"geometry":{"type":"Point","coordinates":[-118.34986,34.06291]}},{"type":"Feature","properties":{"osm_id":14018880901,"operator":"","manufacturer":"Flock Safety","category":"Flock","query_date":"2026-09-23"},"geometry":{"type":"Point","coordinates":[-118.18549,33.95311]}},{"type":"Feature","properties":{"osm_id":14018880902,"operator":"","manufacturer":"Flock Safety","category":"Flock","query_date":"2026-09-23"},"geometry":{"type":"Point","coordinates":[-118.1853,33.95391]}},{"type":"Feature","properties":{"osm_id":14018880903,"operator":"","manufacturer":"Flock Safety","category":"Flock","query_date":"2026-09-23"},"geometry":{"type":"Point","coordinates":[-118.18674,33.95319]}},{"type":"Feature","properties":{"osm_id":14018883901,"operator":"","manufacturer":"Flock Safety","category":"Flock","query_date":"2026-09-23"},"geometry":{"type":"Point","coordinates":[-118.18662,33.95404]}},{"type":"Feature","properties":{"osm_id":14018943601,"operator":"","manufacturer":"Motorola Solutions","category":"other ALPR","query_date":"2026-09-23"},"geometry":{"type":"Point","coordinates":[-118.05771,33.86799]}},{"type":"Feature","properties":{"osm_id":14018948201,"operator":"","manufacturer":"Flock Safety","category":"Flock","query_date":"2026-09-23"},"geometry":{"type":"Point","coordinates":[-117.78741,34.03712]}},{"type":"Feature","properties":{"osm_id":14018957601,"operator":"","manufacturer":"Flock Safety","category":"Flock","query_date":"2026-09-23"},"geometry":{"type":"Point","coordinates":[-117.79903,34.04169]}},{"type":"Feature","properties":{"osm_id":14018973101,"operator":"","manufacturer":"Flock Safety","category":"Flock","query_date":"2026-09-23"},"geometry":{"type":"Point","coordinates":[-117.74981,34.04848]}},{"type":"Feature","properties":{"osm_id":14019300301,"operator":"","manufacturer":"Flock Safety","category":"Flock","query_date":"2026-09-23"},"geometry":{"type":"Point","coordinates":[-118.13945,34.7108]}},{"type":"Feature","properties":{"osm_id":14020641401,"operator":"","manufacturer":"Flock Safety","category":"Flock","query_date":"2026-09-23"},"geometry":{"type":"Point","coordinates":[-118.39231,34.10929]}},{"type":"Feature","properties":{"osm_id":14020740201,"operator":"","manufacturer":"Flock Safety","category":"Flock","query_date":"2026-09-23"},"geometry":{"type":"Point","coordinates":[-118.16137,33.99027]}},{"type":"Feature","properties":{"osm_id":14020743502,"operator":"","manufacturer":"Flock Safety","category":"Flock","query_date":"2026-09-23"},"geometry":{"type":"Point","coordinates":[-118.00555,34.13916]}},{"type":"Feature","properties":{"osm_id":14021059801,"operator":"","manufacturer":"Flock Safety","category":"Flock","query_date":"2026-09-23"},"geometry":{"type":"Point","coordinates":[-117.9522,34.00876]}},{"type":"Feature","properties":{"osm_id":14021082722,"operator":"LAPD","manufacturer":"Motorola Solutions","category":"other ALPR","query_date":"2026-09-23"},"geometry":{"type":"Point","coordinates":[-118.50209,34.3101]}},{"type":"Feature","properties":{"osm_id":14021083348,"operator":"LAPD","manufacturer":"Motorola Solutions","category":"other ALPR","query_date":"2026-09-23"},"geometry":{"type":"Point","coordinates":[-118.50197,34.28508]}},{"type":"Feature","properties":{"osm_id":14021088379,"operator":"LAPD","manufacturer":"Motorola Solutions","category":"other ALPR","query_date":"2026-09-23"},"geometry":{"type":"Point","coordinates":[-118.50253,34.30785]}},{"type":"Feature","properties":{"osm_id":14021323701,"operator":"","manufacturer":"Flock Safety","category":"Flock","query_date":"2026-09-23"},"geometry":{"type":"Point","coordinates":[-118.37536,34.0687]}},{"type":"Feature","properties":{"osm_id":14022406802,"operator":"","manufacturer":"Flock Safety","category":"Flock","query_date":"2026-09-23"},"geometry":{"type":"Point","coordinates":[-117.79893,34.04018]}},{"type":"Feature","properties":{"osm_id":14022428806,"operator":"","manufacturer":"Flock Safety","category":"Flock","query_date":"2026-09-23"},"geometry":{"type":"Point","coordinates":[-117.80257,34.03892]}},{"type":"Feature","properties":{"osm_id":14022925202,"operator":"","manufacturer":"Flock Safety","category":"Flock","query_date":"2026-09-23"},"geometry":{"type":"Point","coordinates":[-118.64648,34.15416]}},{"type":"Feature","properties":{"osm_id":14023445601,"operator":"","manufacturer":"Flock Safety","category":"Flock","query_date":"2026-09-23"},"geometry":{"type":"Point","coordinates":[-118.71146,34.10377]}},{"type":"Feature","properties":{"osm_id":14023468202,"operator":"","manufacturer":"Flock Safety","category":"Flock","query_date":"2026-09-23"},"geometry":{"type":"Point","coordinates":[-118.19966,34.20517]}},{"type":"Feature","properties":{"osm_id":14023473101,"operator":"","manufacturer":"Flock Safety","category":"Flock","query_date":"2026-09-23"},"geometry":{"type":"Point","coordinates":[-117.9528,34.00854]}},{"type":"Feature","properties":{"osm_id":14023834201,"operator":"","manufacturer":"Flock Safety","category":"Flock","query_date":"2026-09-23"},"geometry":{"type":"Point","coordinates":[-117.85051,33.97017]}},{"type":"Feature","properties":{"osm_id":14024373101,"operator":"","manufacturer":"Flock Safety","category":"Flock","query_date":"2026-09-23"},"geometry":{"type":"Point","coordinates":[-118.32332,33.92327]}},{"type":"Feature","properties":{"osm_id":14024726001,"operator":"","manufacturer":"Flock Safety","category":"Flock","query_date":"2026-09-23"},"geometry":{"type":"Point","coordinates":[-118.80558,34.14612]}},{"type":"Feature","properties":{"osm_id":14024735201,"operator":"","manufacturer":null,"category":"Flock","query_date":"2026-09-23"},"geometry":{"type":"Point","coordinates":[-118.48298,34.01231]}},{"type":"Feature","properties":{"osm_id":14024736601,"operator":"","manufacturer":"Axis Communications","category":"other ALPR","query_date":"2026-09-23"},"geometry":{"type":"Point","coordinates":[-118.48296,34.01232]}},{"type":"Feature","properties":{"osm_id":14024738101,"operator":"","manufacturer":"Axis Communications","category":"other ALPR","query_date":"2026-09-23"},"geometry":{"type":"Point","coordinates":[-118.47961,34.0141]}},{"type":"Feature","properties":{"osm_id":14024742601,"operator":"","manufacturer":"Axis Communications","category":"other ALPR","query_date":"2026-09-23"},"geometry":{"type":"Point","coordinates":[-118.46948,34.01952]}},{"type":"Feature","properties":{"osm_id":14024838201,"operator":"","manufacturer":"Flock Safety","category":"Flock","query_date":"2026-09-23"},"geometry":{"type":"Point","coordinates":[-118.46714,34.07204]}},{"type":"Feature","properties":{"osm_id":14025163301,"operator":"","manufacturer":"Motorola Solutions","category":"other ALPR","query_date":"2026-09-23"},"geometry":{"type":"Point","coordinates":[-118.80607,34.02242]}},{"type":"Feature","properties":{"osm_id":14027280201,"operator":"","manufacturer":"Flock Safety","category":"Flock","query_date":"2026-09-23"},"geometry":{"type":"Point","coordinates":[-118.25464,33.90939]}},{"type":"Feature","properties":{"osm_id":14027431401,"operator":"","manufacturer":"Flock Safety","category":"Flock","query_date":"2026-09-23"},"geometry":{"type":"Point","coordinates":[-118.27526,33.79872]}},{"type":"Feature","properties":{"osm_id":14027513201,"operator":"","manufacturer":"Flock Safety","category":"Flock","query_date":"2026-09-23"},"geometry":{"type":"Point","coordinates":[-118.10502,34.00142]}},{"type":"Feature","properties":{"osm_id":14027544601,"operator":"","manufacturer":"Rekor","category":"other ALPR","query_date":"2026-09-23"},"geometry":{"type":"Point","coordinates":[-118.11653,33.89669]}},{"type":"Feature","properties":{"osm_id":14027545101,"operator":"","manufacturer":"Rekor","category":"other ALPR","query_date":"2026-09-23"},"geometry":{"type":"Point","coordinates":[-118.11667,33.89668]}},{"type":"Feature","properties":{"osm_id":14027545401,"operator":"","manufacturer":"Rekor","category":"other ALPR","query_date":"2026-09-23"},"geometry":{"type":"Point","coordinates":[-118.11666,33.89658]}},{"type":"Feature","properties":{"osm_id":14027649801,"operator":"","manufacturer":"Flock Safety","category":"Flock","query_date":"2026-09-23"},"geometry":{"type":"Point","coordinates":[-118.37718,33.81608]}},{"type":"Feature","properties":{"osm_id":14027816601,"operator":"","manufacturer":"Flock Safety","category":"Flock","query_date":"2026-09-23"},"geometry":{"type":"Point","coordinates":[-118.37206,33.90016]}},{"type":"Feature","properties":{"osm_id":14028088001,"operator":"","manufacturer":"Flock Safety","category":"Flock","query_date":"2026-09-23"},"geometry":{"type":"Point","coordinates":[-117.92589,34.06985]}},{"type":"Feature","properties":{"osm_id":14029370386,"operator":"","manufacturer":null,"category":"other ALPR","query_date":"2026-09-23"},"geometry":{"type":"Point","coordinates":[-118.47646,34.27178]}},{"type":"Feature","properties":{"osm_id":14029396401,"operator":"","manufacturer":"Flock Safety","category":"Flock","query_date":"2026-09-23"},"geometry":{"type":"Point","coordinates":[-117.92691,34.06917]}},{"type":"Feature","properties":{"osm_id":14029396701,"operator":"","manufacturer":"Flock Safety","category":"Flock","query_date":"2026-09-23"},"geometry":{"type":"Point","coordinates":[-117.92661,34.07029]}},{"type":"Feature","properties":{"osm_id":14029398001,"operator":"","manufacturer":"Flock Safety","category":"Flock","query_date":"2026-09-23"},"geometry":{"type":"Point","coordinates":[-117.92656,34.07019]}},{"type":"Feature","properties":{"osm_id":14029463501,"operator":"","manufacturer":"Flock Safety","category":"Flock","query_date":"2026-09-23"},"geometry":{"type":"Point","coordinates":[-117.75219,34.07483]}},{"type":"Feature","properties":{"osm_id":14029495201,"operator":"","manufacturer":"Flock Safety","category":"Flock","query_date":"2026-09-23"},"geometry":{"type":"Point","coordinates":[-118.11481,34.19411]}},{"type":"Feature","properties":{"osm_id":14029822001,"operator":"","manufacturer":"Flock Safety","category":"Flock","query_date":"2026-09-23"},"geometry":{"type":"Point","coordinates":[-117.96607,34.0056]}},{"type":"Feature","properties":{"osm_id":14029957701,"operator":"","manufacturer":"Flock Safety","category":"Flock","query_date":"2026-09-23"},"geometry":{"type":"Point","coordinates":[-117.74583,34.05833]}},{"type":"Feature","properties":{"osm_id":14029957702,"operator":"","manufacturer":"Flock Safety","category":"Flock","query_date":"2026-09-23"},"geometry":{"type":"Point","coordinates":[-117.74607,34.05878]}},{"type":"Feature","properties":{"osm_id":14030001298,"operator":"","manufacturer":null,"category":"other ALPR","query_date":"2026-09-23"},"geometry":{"type":"Point","coordinates":[-118.43871,33.95144]}},{"type":"Feature","properties":{"osm_id":14030027301,"operator":"","manufacturer":"Flock Safety","category":"Flock","query_date":"2026-09-23"},"geometry":{"type":"Point","coordinates":[-118.22092,33.87964]}},{"type":"Feature","properties":{"osm_id":14030054401,"operator":"","manufacturer":"Flock Safety","category":"Flock","query_date":"2026-09-23"},"geometry":{"type":"Point","coordinates":[-118.23748,33.89584]}},{"type":"Feature","properties":{"osm_id":14030055501,"operator":"","manufacturer":"Flock Safety","category":"Flock","query_date":"2026-09-23"},"geometry":{"type":"Point","coordinates":[-118.23766,33.89582]}},{"type":"Feature","properties":{"osm_id":14030055502,"operator":"","manufacturer":"Flock Safety","category":"Flock","query_date":"2026-09-23"},"geometry":{"type":"Point","coordinates":[-118.23769,33.89595]}},{"type":"Feature","properties":{"osm_id":14030056301,"operator":"","manufacturer":"Flock Safety","category":"Flock","query_date":"2026-09-23"},"geometry":{"type":"Point","coordinates":[-118.23754,33.89597]}},{"type":"Feature","properties":{"osm_id":14030062601,"operator":"","manufacturer":"Axis Communications","category":"other ALPR","query_date":"2026-09-23"},"geometry":{"type":"Point","coordinates":[-118.22441,33.89604]}},{"type":"Feature","properties":{"osm_id":14030062602,"operator":"","manufacturer":"Flock Safety","category":"Flock","query_date":"2026-09-23"},"geometry":{"type":"Point","coordinates":[-118.23821,33.90341]}},{"type":"Feature","properties":{"osm_id":14030067344,"operator":"","manufacturer":"Flock Safety","category":"Flock","query_date":"2026-09-23"},"geometry":{"type":"Point","coordinates":[-118.39962,33.96791]}},{"type":"Feature","properties":{"osm_id":14030067345,"operator":"","manufacturer":"Flock Safety","category":"Flock","query_date":"2026-09-23"},"geometry":{"type":"Point","coordinates":[-118.40083,33.96808]}},{"type":"Feature","properties":{"osm_id":14030073701,"operator":"","manufacturer":"Axis Communications","category":"other ALPR","query_date":"2026-09-23"},"geometry":{"type":"Point","coordinates":[-118.22442,33.89591]}},{"type":"Feature","properties":{"osm_id":14030075101,"operator":"","manufacturer":"Flock Safety","category":"Flock","query_date":"2026-09-23"},"geometry":{"type":"Point","coordinates":[-118.23797,33.90322]}},{"type":"Feature","properties":{"osm_id":14030076201,"operator":"","manufacturer":"Flock Safety","category":"Flock","query_date":"2026-09-23"},"geometry":{"type":"Point","coordinates":[-118.23797,33.90341]}},{"type":"Feature","properties":{"osm_id":14030085101,"operator":"","manufacturer":"Flock Safety","category":"Flock","query_date":"2026-09-23"},"geometry":{"type":"Point","coordinates":[-118.50411,34.03998]}},{"type":"Feature","properties":{"osm_id":14030354802,"operator":"","manufacturer":"Flock Safety","category":"Flock","query_date":"2026-09-23"},"geometry":{"type":"Point","coordinates":[-118.28247,33.9274]}},{"type":"Feature","properties":{"osm_id":14030354803,"operator":"","manufacturer":"Flock Safety","category":"Flock","query_date":"2026-09-23"},"geometry":{"type":"Point","coordinates":[-118.2784,33.92742]}},{"type":"Feature","properties":{"osm_id":14030355201,"operator":"","manufacturer":"Flock Safety","category":"Flock","query_date":"2026-09-23"},"geometry":{"type":"Point","coordinates":[-118.28143,33.92736]}},{"type":"Feature","properties":{"osm_id":14030360301,"operator":"","manufacturer":"Axis Communications","category":"other ALPR","query_date":"2026-09-23"},"geometry":{"type":"Point","coordinates":[-118.22314,33.88112]}},{"type":"Feature","properties":{"osm_id":14030360302,"operator":"","manufacturer":"Axis Communications","category":"other ALPR","query_date":"2026-09-23"},"geometry":{"type":"Point","coordinates":[-118.22331,33.88116]}},{"type":"Feature","properties":{"osm_id":14030361501,"operator":"","manufacturer":"Axis Communications","category":"other ALPR","query_date":"2026-09-23"},"geometry":{"type":"Point","coordinates":[-118.22363,33.88856]}},{"type":"Feature","properties":{"osm_id":14030361701,"operator":"","manufacturer":"Axis Communications","category":"other ALPR","query_date":"2026-09-23"},"geometry":{"type":"Point","coordinates":[-118.22381,33.88862]}},{"type":"Feature","properties":{"osm_id":14030361702,"operator":"","manufacturer":"Axis Communications","category":"other ALPR","query_date":"2026-09-23"},"geometry":{"type":"Point","coordinates":[-118.22386,33.89221]}},{"type":"Feature","properties":{"osm_id":14030364101,"operator":"","manufacturer":"Axis Communications","category":"other ALPR","query_date":"2026-09-23"},"geometry":{"type":"Point","coordinates":[-118.22407,33.8923]}},{"type":"Feature","properties":{"osm_id":14030365301,"operator":"","manufacturer":"Flock Safety","category":"Flock","query_date":"2026-09-23"},"geometry":{"type":"Point","coordinates":[-118.22177,33.87945]}},{"type":"Feature","properties":{"osm_id":14030505801,"operator":"","manufacturer":"Flock Safety","category":"Flock","query_date":"2026-09-23"},"geometry":{"type":"Point","coordinates":[-118.39189,34.04184]}},{"type":"Feature","properties":{"osm_id":14031480001,"operator":"","manufacturer":"Flock Safety","category":"Flock","query_date":"2026-09-23"},"geometry":{"type":"Point","coordinates":[-118.23821,33.90322]}},{"type":"Feature","properties":{"osm_id":14031974802,"operator":"","manufacturer":"Flock Safety","category":"Flock","query_date":"2026-09-23"},"geometry":{"type":"Point","coordinates":[-118.35595,34.16134]}},{"type":"Feature","properties":{"osm_id":14032177501,"operator":"","manufacturer":"Flock Safety","category":"Flock","query_date":"2026-09-23"},"geometry":{"type":"Point","coordinates":[-118.50647,34.03549]}},{"type":"Feature","properties":{"osm_id":14033367801,"operator":"","manufacturer":"Flock Safety","category":"Flock","query_date":"2026-09-23"},"geometry":{"type":"Point","coordinates":[-118.21611,33.90869]}},{"type":"Feature","properties":{"osm_id":14036656301,"operator":"","manufacturer":"Flock Safety","category":"Flock","query_date":"2026-09-23"},"geometry":{"type":"Point","coordinates":[-118.39005,33.85339]}},{"type":"Feature","properties":{"osm_id":14036698801,"operator":"","manufacturer":"Flock Safety","category":"Flock","query_date":"2026-09-23"},"geometry":{"type":"Point","coordinates":[-118.39011,33.8535]}},{"type":"Feature","properties":{"osm_id":14038410001,"operator":"","manufacturer":"Flock Safety","category":"Flock","query_date":"2026-09-23"},"geometry":{"type":"Point","coordinates":[-118.39043,33.85599]}},{"type":"Feature","properties":{"osm_id":14038452001,"operator":"","manufacturer":"Motorola Solutions","category":"other ALPR","query_date":"2026-09-23"},"geometry":{"type":"Point","coordinates":[-118.38158,33.87292]}},{"type":"Feature","properties":{"osm_id":14038452601,"operator":"","manufacturer":"Motorola Solutions","category":"other ALPR","query_date":"2026-09-23"},"geometry":{"type":"Point","coordinates":[-118.38153,33.87293]}},{"type":"Feature","properties":{"osm_id":14039668701,"operator":"","manufacturer":"Flock Safety","category":"Flock","query_date":"2026-09-23"},"geometry":{"type":"Point","coordinates":[-118.30919,33.95981]}},{"type":"Feature","properties":{"osm_id":14039865502,"operator":"","manufacturer":"Flock Safety","category":"Flock","query_date":"2026-09-23"},"geometry":{"type":"Point","coordinates":[-117.94567,34.0158]}},{"type":"Feature","properties":{"osm_id":14040102202,"operator":"","manufacturer":"Flock Safety","category":"Flock","query_date":"2026-09-23"},"geometry":{"type":"Point","coordinates":[-118.25196,33.89577]}},{"type":"Feature","properties":{"osm_id":14040105301,"operator":"","manufacturer":"Flock Safety","category":"Flock","query_date":"2026-09-23"},"geometry":{"type":"Point","coordinates":[-118.25198,33.89587]}},{"type":"Feature","properties":{"osm_id":14040117401,"operator":"","manufacturer":"Flock Safety","category":"Flock","query_date":"2026-09-23"},"geometry":{"type":"Point","coordinates":[-118.47825,34.05857]}},{"type":"Feature","properties":{"osm_id":14040118701,"operator":"","manufacturer":"Flock Safety","category":"Flock","query_date":"2026-09-23"},"geometry":{"type":"Point","coordinates":[-118.47593,34.06039]}},{"type":"Feature","properties":{"osm_id":14040140101,"operator":"","manufacturer":"Flock Safety","category":"Flock","query_date":"2026-09-23"},"geometry":{"type":"Point","coordinates":[-118.55784,34.2371]}},{"type":"Feature","properties":{"osm_id":14040150801,"operator":"","manufacturer":"Flock Safety","category":"Flock","query_date":"2026-09-23"},"geometry":{"type":"Point","coordinates":[-118.28443,33.80777]}},{"type":"Feature","properties":{"osm_id":14040442101,"operator":"","manufacturer":"Flock Safety","category":"Flock","query_date":"2026-09-23"},"geometry":{"type":"Point","coordinates":[-118.0132,33.87349]}},{"type":"Feature","properties":{"osm_id":14040493001,"operator":"","manufacturer":"Flock Safety","category":"Flock","query_date":"2026-09-23"},"geometry":{"type":"Point","coordinates":[-118.63584,34.23826]}},{"type":"Feature","properties":{"osm_id":14041957901,"operator":"","manufacturer":"Flock Safety","category":"Flock","query_date":"2026-09-23"},"geometry":{"type":"Point","coordinates":[-118.25173,33.89585]}},{"type":"Feature","properties":{"osm_id":14041957902,"operator":"","manufacturer":"Flock Safety","category":"Flock","query_date":"2026-09-23"},"geometry":{"type":"Point","coordinates":[-118.25169,33.89576]}},{"type":"Feature","properties":{"osm_id":14041974201,"operator":"","manufacturer":"Flock Safety","category":"Flock","query_date":"2026-09-23"},"geometry":{"type":"Point","coordinates":[-118.18961,33.90351]}},{"type":"Feature","properties":{"osm_id":14042218302,"operator":"","manufacturer":"Flock Safety","category":"Flock","query_date":"2026-09-23"},"geometry":{"type":"Point","coordinates":[-118.2392,33.91627]}},{"type":"Feature","properties":{"osm_id":14042426301,"operator":"","manufacturer":"Flock Safety","category":"Flock","query_date":"2026-09-23"},"geometry":{"type":"Point","coordinates":[-118.12482,33.80708]}},{"type":"Feature","properties":{"osm_id":14045038602,"operator":"","manufacturer":"Flock Safety","category":"Flock","query_date":"2026-09-23"},"geometry":{"type":"Point","coordinates":[-118.55784,34.2371]}},{"type":"Feature","properties":{"osm_id":14045057901,"operator":"","manufacturer":"Flock Safety","category":"Flock","query_date":"2026-09-23"},"geometry":{"type":"Point","coordinates":[-118.18969,33.90373]}},{"type":"Feature","properties":{"osm_id":14045098401,"operator":"","manufacturer":"Flock Safety","category":"Flock","query_date":"2026-09-23"},"geometry":{"type":"Point","coordinates":[-118.39006,34.08736]}},{"type":"Feature","properties":{"osm_id":14045112401,"operator":"","manufacturer":"Flock Safety","category":"Flock","query_date":"2026-09-23"},"geometry":{"type":"Point","coordinates":[-118.39716,34.08804]}},{"type":"Feature","properties":{"osm_id":14045114801,"operator":"","manufacturer":"Flock Safety","category":"Flock","query_date":"2026-09-23"},"geometry":{"type":"Point","coordinates":[-118.40011,34.0868]}},{"type":"Feature","properties":{"osm_id":14045119101,"operator":"","manufacturer":"Flock Safety","category":"Flock","query_date":"2026-09-23"},"geometry":{"type":"Point","coordinates":[-118.40102,34.08684]}},{"type":"Feature","properties":{"osm_id":14045128301,"operator":"","manufacturer":"Axon Enterprise","category":"other ALPR","query_date":"2026-09-23"},"geometry":{"type":"Point","coordinates":[-118.41006,34.0829]}},{"type":"Feature","properties":{"osm_id":14046092002,"operator":"","manufacturer":"Flock Safety","category":"Flock","query_date":"2026-09-23"},"geometry":{"type":"Point","coordinates":[-118.25337,33.90274]}},{"type":"Feature","properties":{"osm_id":14047464601,"operator":"","manufacturer":"Flock Safety","category":"Flock","query_date":"2026-09-23"},"geometry":{"type":"Point","coordinates":[-118.39899,33.86556]}},{"type":"Feature","properties":{"osm_id":14047482501,"operator":"","manufacturer":"Flock Safety","category":"Flock","query_date":"2026-09-23"},"geometry":{"type":"Point","coordinates":[-117.94455,34.01525]}},{"type":"Feature","properties":{"osm_id":14047501601,"operator":"","manufacturer":"Flock Safety","category":"Flock","query_date":"2026-09-23"},"geometry":{"type":"Point","coordinates":[-118.38752,33.86487]}},{"type":"Feature","properties":{"osm_id":14047644501,"operator":"","manufacturer":"Flock Safety","category":"Flock","query_date":"2026-09-23"},"geometry":{"type":"Point","coordinates":[-118.11259,34.00868]}},{"type":"Feature","properties":{"osm_id":14047710401,"operator":"","manufacturer":"Flock Safety","category":"Flock","query_date":"2026-09-23"},"geometry":{"type":"Point","coordinates":[-118.36585,34.20131]}},{"type":"Feature","properties":{"osm_id":14047715301,"operator":"","manufacturer":"Flock Safety","category":"Flock","query_date":"2026-09-23"},"geometry":{"type":"Point","coordinates":[-118.2366,33.8808]}},{"type":"Feature","properties":{"osm_id":14047715501,"operator":"","manufacturer":"Flock Safety","category":"Flock","query_date":"2026-09-23"},"geometry":{"type":"Point","coordinates":[-118.23646,33.88071]}},{"type":"Feature","properties":{"osm_id":14047752301,"operator":"","manufacturer":"Flock Safety","category":"Flock","query_date":"2026-09-23"},"geometry":{"type":"Point","coordinates":[-118.22169,33.87943]}},{"type":"Feature","properties":{"osm_id":14047752302,"operator":"","manufacturer":"Flock Safety","category":"Flock","query_date":"2026-09-23"},"geometry":{"type":"Point","coordinates":[-118.22183,33.87945]}},{"type":"Feature","properties":{"osm_id":14047812601,"operator":"","manufacturer":"Flock Safety","category":"Flock","query_date":"2026-09-23"},"geometry":{"type":"Point","coordinates":[-118.10195,33.98565]}},{"type":"Feature","properties":{"osm_id":14047965001,"operator":"","manufacturer":"Flock Safety","category":"Flock","query_date":"2026-09-23"},"geometry":{"type":"Point","coordinates":[-118.377,34.09411]}},{"type":"Feature","properties":{"osm_id":14047968001,"operator":"","manufacturer":"Flock Safety","category":"Flock","query_date":"2026-09-23"},"geometry":{"type":"Point","coordinates":[-118.37642,34.09394]}},{"type":"Feature","properties":{"osm_id":14047975001,"operator":"","manufacturer":"Flock Safety","category":"Flock","query_date":"2026-09-23"},"geometry":{"type":"Point","coordinates":[-118.37278,34.09528]}},{"type":"Feature","properties":{"osm_id":14047975002,"operator":"","manufacturer":"Flock Safety","category":"Flock","query_date":"2026-09-23"},"geometry":{"type":"Point","coordinates":[-118.36913,34.09708]}},{"type":"Feature","properties":{"osm_id":14047979101,"operator":"","manufacturer":"Flock Safety","category":"Flock","query_date":"2026-09-23"},"geometry":{"type":"Point","coordinates":[-118.36606,34.09705]}},{"type":"Feature","properties":{"osm_id":14047990701,"operator":"","manufacturer":"Flock Safety","category":"Flock","query_date":"2026-09-23"},"geometry":{"type":"Point","coordinates":[-118.36155,33.85838]}},{"type":"Feature","properties":{"osm_id":14047994301,"operator":"","manufacturer":"Flock Safety","category":"Flock","query_date":"2026-09-23"},"geometry":{"type":"Point","coordinates":[-118.36169,34.09092]}},{"type":"Feature","properties":{"osm_id":14048004201,"operator":"","manufacturer":"Flock Safety","category":"Flock","query_date":"2026-09-23"},"geometry":{"type":"Point","coordinates":[-118.36163,34.08978]}},{"type":"Feature","properties":{"osm_id":14049851201,"operator":"","manufacturer":"Flock Safety","category":"Flock","query_date":"2026-09-23"},"geometry":{"type":"Point","coordinates":[-118.27003,34.14392]}},{"type":"Feature","properties":{"osm_id":14049851601,"operator":"","manufacturer":"Flock Safety","category":"Flock","query_date":"2026-09-23"},"geometry":{"type":"Point","coordinates":[-118.27002,34.14384]}},{"type":"Feature","properties":{"osm_id":14049853601,"operator":"","manufacturer":"Flock Safety","category":"Flock","query_date":"2026-09-23"},"geometry":{"type":"Point","coordinates":[-118.26832,34.14429]}},{"type":"Feature","properties":{"osm_id":14049910704,"operator":"","manufacturer":"Motorola Solutions","category":"other ALPR","query_date":"2026-09-23"},"geometry":{"type":"Point","coordinates":[-117.73659,34.11689]}},{"type":"Feature","properties":{"osm_id":14049910802,"operator":"","manufacturer":"Motorola Solutions","category":"other ALPR","query_date":"2026-09-23"},"geometry":{"type":"Point","coordinates":[-117.73682,34.11668]}},{"type":"Feature","properties":{"osm_id":14049910902,"operator":"","manufacturer":"Motorola Solutions","category":"other ALPR","query_date":"2026-09-23"},"geometry":{"type":"Point","coordinates":[-117.73299,34.09612]}},{"type":"Feature","properties":{"osm_id":14049913901,"operator":"","manufacturer":"Motorola Solutions","category":"other ALPR","query_date":"2026-09-23"},"geometry":{"type":"Point","coordinates":[-117.7366,34.11689]}},{"type":"Feature","properties":{"osm_id":14049913902,"operator":"","manufacturer":"Motorola Solutions","category":"other ALPR","query_date":"2026-09-23"},"geometry":{"type":"Point","coordinates":[-117.73683,34.11669]}},{"type":"Feature","properties":{"osm_id":14049933903,"operator":"","manufacturer":"Flock Safety","category":"Flock","query_date":"2026-09-23"},"geometry":{"type":"Point","coordinates":[-117.71914,34.08221]}},{"type":"Feature","properties":{"osm_id":14049938301,"operator":"","manufacturer":"Flock Safety","category":"Flock","query_date":"2026-09-23"},"geometry":{"type":"Point","coordinates":[-117.71946,34.08301]}},{"type":"Feature","properties":{"osm_id":14049938501,"operator":"","manufacturer":"Flock Safety","category":"Flock","query_date":"2026-09-23"},"geometry":{"type":"Point","coordinates":[-117.71952,34.08325]}},{"type":"Feature","properties":{"osm_id":14049938502,"operator":"","manufacturer":"Motorola Solutions","category":"other ALPR","query_date":"2026-09-23"},"geometry":{"type":"Point","coordinates":[-117.71952,34.08323]}},{"type":"Feature","properties":{"osm_id":14049938503,"operator":"","manufacturer":"Motorola Solutions","category":"other ALPR","query_date":"2026-09-23"},"geometry":{"type":"Point","coordinates":[-117.71942,34.083]}},{"type":"Feature","properties":{"osm_id":14049938504,"operator":"","manufacturer":"Motorola Solutions","category":"other ALPR","query_date":"2026-09-23"},"geometry":{"type":"Point","coordinates":[-117.71918,34.08336]}},{"type":"Feature","properties":{"osm_id":14049940201,"operator":"","manufacturer":"Motorola Solutions","category":"other ALPR","query_date":"2026-09-23"},"geometry":{"type":"Point","coordinates":[-117.71943,34.083]}},{"type":"Feature","properties":{"osm_id":14049942101,"operator":"","manufacturer":"Motorola Solutions","category":"other ALPR","query_date":"2026-09-23"},"geometry":{"type":"Point","coordinates":[-117.71937,34.083]}},{"type":"Feature","properties":{"osm_id":14049942103,"operator":"","manufacturer":"Motorola Solutions","category":"other ALPR","query_date":"2026-09-23"},"geometry":{"type":"Point","coordinates":[-117.71909,34.08311]}},{"type":"Feature","properties":{"osm_id":14049944101,"operator":"","manufacturer":"Motorola Solutions","category":"other ALPR","query_date":"2026-09-23"},"geometry":{"type":"Point","coordinates":[-117.71919,34.08336]}},{"type":"Feature","properties":{"osm_id":14052339701,"operator":"","manufacturer":"Flock Safety","category":"Flock","query_date":"2026-09-23"},"geometry":{"type":"Point","coordinates":[-118.09314,34.01447]}},{"type":"Feature","properties":{"osm_id":14052371401,"operator":"","manufacturer":"Flock Safety","category":"Flock","query_date":"2026-09-23"},"geometry":{"type":"Point","coordinates":[-117.79778,33.99578]}},{"type":"Feature","properties":{"osm_id":14052510501,"operator":"","manufacturer":"Flock Safety","category":"Flock","query_date":"2026-09-23"},"geometry":{"type":"Point","coordinates":[-117.91649,34.08634]}},{"type":"Feature","properties":{"osm_id":14052527997,"operator":"","manufacturer":"Flock Safety","category":"Flock","query_date":"2026-09-23"},"geometry":{"type":"Point","coordinates":[-118.2501,33.88742]}},{"type":"Feature","properties":{"osm_id":14052527998,"operator":"","manufacturer":null,"category":"other ALPR","query_date":"2026-09-23"},"geometry":{"type":"Point","coordinates":[-118.2501,33.88743]}},{"type":"Feature","properties":{"osm_id":14052527999,"operator":"","manufacturer":null,"category":"other ALPR","query_date":"2026-09-23"},"geometry":{"type":"Point","coordinates":[-118.25106,33.88768]}},{"type":"Feature","properties":{"osm_id":14052528000,"operator":"","manufacturer":null,"category":"other ALPR","query_date":"2026-09-23"},"geometry":{"type":"Point","coordinates":[-118.24986,33.8883]}},{"type":"Feature","properties":{"osm_id":14052549101,"operator":"The Home Depot","manufacturer":"Flock Safety","category":"Flock (store-operated)","query_date":"2026-09-23"},"geometry":{"type":"Point","coordinates":[-117.91091,34.08761]}},{"type":"Feature","properties":{"osm_id":14052592701,"operator":"","manufacturer":"Flock Safety","category":"Flock","query_date":"2026-09-23"},"geometry":{"type":"Point","coordinates":[-118.59824,34.10008]}},{"type":"Feature","properties":{"osm_id":14052661702,"operator":"","manufacturer":"Motorola Solutions","category":"other ALPR","query_date":"2026-09-23"},"geometry":{"type":"Point","coordinates":[-118.36142,33.87293]}},{"type":"Feature","properties":{"osm_id":14052661703,"operator":"","manufacturer":"Motorola Solutions","category":"other ALPR","query_date":"2026-09-23"},"geometry":{"type":"Point","coordinates":[-118.36119,33.87296]}},{"type":"Feature","properties":{"osm_id":14052731901,"operator":"","manufacturer":"Motorola Solutions","category":"other ALPR","query_date":"2026-09-23"},"geometry":{"type":"Point","coordinates":[-118.36143,33.85831]}},{"type":"Feature","properties":{"osm_id":14052932701,"operator":"","manufacturer":"Flock Safety","category":"Flock","query_date":"2026-09-23"},"geometry":{"type":"Point","coordinates":[-118.39502,34.07707]}},{"type":"Feature","properties":{"osm_id":14053058601,"operator":"","manufacturer":"Flock Safety","category":"Flock","query_date":"2026-09-23"},"geometry":{"type":"Point","coordinates":[-118.41339,34.06428]}},{"type":"Feature","properties":{"osm_id":14053069101,"operator":"","manufacturer":"Flock Safety","category":"Flock","query_date":"2026-09-23"},"geometry":{"type":"Point","coordinates":[-118.41351,34.0644]}},{"type":"Feature","properties":{"osm_id":14053082401,"operator":"","manufacturer":"Flock Safety","category":"Flock","query_date":"2026-09-23"},"geometry":{"type":"Point","coordinates":[-118.42429,34.05791]}},{"type":"Feature","properties":{"osm_id":14053106501,"operator":"","manufacturer":"Flock Safety","category":"Flock","query_date":"2026-09-23"},"geometry":{"type":"Point","coordinates":[-118.40769,34.04625]}},{"type":"Feature","properties":{"osm_id":14053142901,"operator":"","manufacturer":"Motorola Solutions","category":"other ALPR","query_date":"2026-09-23"},"geometry":{"type":"Point","coordinates":[-118.38497,34.0551]}},{"type":"Feature","properties":{"osm_id":14053151301,"operator":"","manufacturer":"Flock Safety","category":"Flock","query_date":"2026-09-23"},"geometry":{"type":"Point","coordinates":[-118.38372,34.05898]}},{"type":"Feature","properties":{"osm_id":14054428701,"operator":"","manufacturer":"Flock Safety","category":"Flock","query_date":"2026-09-23"},"geometry":{"type":"Point","coordinates":[-118.06397,33.87323]}},{"type":"Feature","properties":{"osm_id":14054472301,"operator":"","manufacturer":"Axis Communications","category":"other ALPR","query_date":"2026-09-23"},"geometry":{"type":"Point","coordinates":[-118.39027,34.02596]}},{"type":"Feature","properties":{"osm_id":14055037801,"operator":"","manufacturer":"Motorola Solutions","category":"other ALPR","query_date":"2026-09-23"},"geometry":{"type":"Point","coordinates":[-118.17977,33.91907]}},{"type":"Feature","properties":{"osm_id":14056890501,"operator":"","manufacturer":"Rekor","category":"other ALPR","query_date":"2026-09-23"},"geometry":{"type":"Point","coordinates":[-118.0763,34.67516]}},{"type":"Feature","properties":{"osm_id":14056896201,"operator":"","manufacturer":"Rekor","category":"other ALPR","query_date":"2026-09-23"},"geometry":{"type":"Point","coordinates":[-118.07672,34.67564]}},{"type":"Feature","properties":{"osm_id":14056896601,"operator":"","manufacturer":"Rekor","category":"other ALPR","query_date":"2026-09-23"},"geometry":{"type":"Point","coordinates":[-118.0773,34.67533]}},{"type":"Feature","properties":{"osm_id":14056900101,"operator":"","manufacturer":"Rekor","category":"other ALPR","query_date":"2026-09-23"},"geometry":{"type":"Point","coordinates":[-118.07704,34.6751]}},{"type":"Feature","properties":{"osm_id":14056956701,"operator":"","manufacturer":"Flock Safety","category":"Flock","query_date":"2026-09-23"},"geometry":{"type":"Point","coordinates":[-118.34384,33.9309]}},{"type":"Feature","properties":{"osm_id":14057204001,"operator":"","manufacturer":"Flock Safety","category":"Flock","query_date":"2026-09-23"},"geometry":{"type":"Point","coordinates":[-118.3569,33.87103]}},{"type":"Feature","properties":{"osm_id":14057645301,"operator":"","manufacturer":"Flock Safety","category":"Flock","query_date":"2026-09-23"},"geometry":{"type":"Point","coordinates":[-118.21937,33.88866]}},{"type":"Feature","properties":{"osm_id":14057645401,"operator":"","manufacturer":"Flock Safety","category":"Flock","query_date":"2026-09-23"},"geometry":{"type":"Point","coordinates":[-118.21937,33.88845]}},{"type":"Feature","properties":{"osm_id":14057645901,"operator":"","manufacturer":"Flock Safety","category":"Flock","query_date":"2026-09-23"},"geometry":{"type":"Point","coordinates":[-118.2192,33.88845]}},{"type":"Feature","properties":{"osm_id":14057720601,"operator":"","manufacturer":"Flock Safety","category":"Flock","query_date":"2026-09-23"},"geometry":{"type":"Point","coordinates":[-118.21637,33.9035]}},{"type":"Feature","properties":{"osm_id":14057720701,"operator":"","manufacturer":"Flock Safety","category":"Flock","query_date":"2026-09-23"},"geometry":{"type":"Point","coordinates":[-118.21637,33.9035]}},{"type":"Feature","properties":{"osm_id":14057720801,"operator":"","manufacturer":"Flock Safety","category":"Flock","query_date":"2026-09-23"},"geometry":{"type":"Point","coordinates":[-118.21637,33.9035]}},{"type":"Feature","properties":{"osm_id":14057723501,"operator":"","manufacturer":"Flock Safety","category":"Flock","query_date":"2026-09-23"},"geometry":{"type":"Point","coordinates":[-118.21573,33.90915]}},{"type":"Feature","properties":{"osm_id":14058292501,"operator":"","manufacturer":"Flock Safety","category":"Flock","query_date":"2026-09-23"},"geometry":{"type":"Point","coordinates":[-118.08406,34.00163]}},{"type":"Feature","properties":{"osm_id":14058294001,"operator":"","manufacturer":"Flock Safety","category":"Flock","query_date":"2026-09-23"},"geometry":{"type":"Point","coordinates":[-118.1036,33.98878]}},{"type":"Feature","properties":{"osm_id":14059885901,"operator":"","manufacturer":"Flock Safety","category":"Flock","query_date":"2026-09-23"},"geometry":{"type":"Point","coordinates":[-118.48789,34.01645]}},{"type":"Feature","properties":{"osm_id":14059959301,"operator":"","manufacturer":"Flock Safety","category":"Flock","query_date":"2026-09-23"},"geometry":{"type":"Point","coordinates":[-117.95565,34.09244]}},{"type":"Feature","properties":{"osm_id":14060398501,"operator":"","manufacturer":"Flock Safety","category":"Flock","query_date":"2026-09-23"},"geometry":{"type":"Point","coordinates":[-117.73606,34.09876]}},{"type":"Feature","properties":{"osm_id":14060494201,"operator":"","manufacturer":"Motorola Solutions","category":"other ALPR","query_date":"2026-09-23"},"geometry":{"type":"Point","coordinates":[-118.54651,34.27386]}},{"type":"Feature","properties":{"osm_id":14060494202,"operator":"","manufacturer":"Motorola Solutions","category":"other ALPR","query_date":"2026-09-23"},"geometry":{"type":"Point","coordinates":[-118.54727,34.27489]}},{"type":"Feature","properties":{"osm_id":14060496801,"operator":"","manufacturer":"Flock Safety","category":"Flock","query_date":"2026-09-23"},"geometry":{"type":"Point","coordinates":[-118.3904,34.07726]}},{"type":"Feature","properties":{"osm_id":14060503601,"operator":"","manufacturer":"Flock Safety","category":"Flock","query_date":"2026-09-23"},"geometry":{"type":"Point","coordinates":[-118.39067,34.0771]}},{"type":"Feature","properties":{"osm_id":14060518001,"operator":"","manufacturer":"Flock Safety","category":"Flock","query_date":"2026-09-23"},"geometry":{"type":"Point","coordinates":[-118.11215,34.04325]}},{"type":"Feature","properties":{"osm_id":14060538501,"operator":"","manufacturer":"Motorola Solutions","category":"other ALPR","query_date":"2026-09-23"},"geometry":{"type":"Point","coordinates":[-118.36131,34.07187]}},{"type":"Feature","properties":{"osm_id":14060706572,"operator":"","manufacturer":"Flock Safety","category":"Flock","query_date":"2026-09-23"},"geometry":{"type":"Point","coordinates":[-118.38665,33.97732]}},{"type":"Feature","properties":{"osm_id":14060708901,"operator":"","manufacturer":"Axon Enterprise","category":"other ALPR","query_date":"2026-09-23"},"geometry":{"type":"Point","coordinates":[-118.38993,34.06712]}},{"type":"Feature","properties":{"osm_id":14060714801,"operator":"","manufacturer":"Flock Safety","category":"Flock","query_date":"2026-09-23"},"geometry":{"type":"Point","coordinates":[-118.39038,34.07087]}},{"type":"Feature","properties":{"osm_id":14062162101,"operator":"","manufacturer":"Flock Safety","category":"Flock","query_date":"2026-09-23"},"geometry":{"type":"Point","coordinates":[-118.07156,34.07405]}},{"type":"Feature","properties":{"osm_id":14062208001,"operator":"","manufacturer":"Axis Communications","category":"other ALPR","query_date":"2026-09-23"},"geometry":{"type":"Point","coordinates":[-118.34469,33.99427]}},{"type":"Feature","properties":{"osm_id":14062329901,"operator":"","manufacturer":"Flock Safety","category":"Flock","query_date":"2026-09-23"},"geometry":{"type":"Point","coordinates":[-118.06461,34.05186]}},{"type":"Feature","properties":{"osm_id":14062351605,"operator":"","manufacturer":"Flock Safety","category":"Flock","query_date":"2026-09-23"},"geometry":{"type":"Point","coordinates":[-118.23039,34.01412]}},{"type":"Feature","properties":{"osm_id":14062571501,"operator":"","manufacturer":"Motorola Solutions","category":"other ALPR","query_date":"2026-09-23"},"geometry":{"type":"Point","coordinates":[-118.37869,33.88743]}},{"type":"Feature","properties":{"osm_id":14062573402,"operator":"","manufacturer":"Motorola Solutions","category":"other ALPR","query_date":"2026-09-23"},"geometry":{"type":"Point","coordinates":[-118.37869,33.89463]}},{"type":"Feature","properties":{"osm_id":14062645426,"operator":"LAPD","manufacturer":"Motorola Solutions","category":"other ALPR","query_date":"2026-09-23"},"geometry":{"type":"Point","coordinates":[-118.50133,34.30327]}},{"type":"Feature","properties":{"osm_id":14062712101,"operator":"","manufacturer":"Motorola Solutions","category":"other ALPR","query_date":"2026-09-23"},"geometry":{"type":"Point","coordinates":[-118.36122,33.88728]}},{"type":"Feature","properties":{"osm_id":14062714001,"operator":"","manufacturer":"Flock Safety","category":"Flock","query_date":"2026-09-23"},"geometry":{"type":"Point","coordinates":[-118.36138,33.88727]}},{"type":"Feature","properties":{"osm_id":14062844502,"operator":"","manufacturer":"Axis Communications","category":"other ALPR","query_date":"2026-09-23"},"geometry":{"type":"Point","coordinates":[-118.40256,34.01389]}},{"type":"Feature","properties":{"osm_id":14062844503,"operator":"","manufacturer":"Axis Communications","category":"other ALPR","query_date":"2026-09-23"},"geometry":{"type":"Point","coordinates":[-118.4003,34.01152]}},{"type":"Feature","properties":{"osm_id":14062846201,"operator":"","manufacturer":"Axis Communications","category":"other ALPR","query_date":"2026-09-23"},"geometry":{"type":"Point","coordinates":[-118.39918,34.0104]}},{"type":"Feature","properties":{"osm_id":14062866301,"operator":"","manufacturer":"Flock Safety","category":"Flock","query_date":"2026-09-23"},"geometry":{"type":"Point","coordinates":[-118.21622,33.9035]}},{"type":"Feature","properties":{"osm_id":14062889401,"operator":"","manufacturer":"Flock Safety","category":"Flock","query_date":"2026-09-23"},"geometry":{"type":"Point","coordinates":[-118.35889,34.15589]}},{"type":"Feature","properties":{"osm_id":14063032101,"operator":"","manufacturer":"Flock Safety","category":"Flock","query_date":"2026-09-23"},"geometry":{"type":"Point","coordinates":[-117.94291,34.09609]}},{"type":"Feature","properties":{"osm_id":14063033401,"operator":"","manufacturer":"Flock Safety","category":"Flock","query_date":"2026-09-23"},"geometry":{"type":"Point","coordinates":[-117.97224,34.10644]}},{"type":"Feature","properties":{"osm_id":14063165901,"operator":"","manufacturer":"Flock Safety","category":"Flock","query_date":"2026-09-23"},"geometry":{"type":"Point","coordinates":[-117.95095,34.02796]}},{"type":"Feature","properties":{"osm_id":14064737001,"operator":"","manufacturer":"Flock Safety","category":"Flock","query_date":"2026-09-23"},"geometry":{"type":"Point","coordinates":[-117.90752,34.11422]}},{"type":"Feature","properties":{"osm_id":14064757801,"operator":"","manufacturer":"Axis Communications","category":"other ALPR","query_date":"2026-09-23"},"geometry":{"type":"Point","coordinates":[-118.36541,33.99833]}},{"type":"Feature","properties":{"osm_id":14064780101,"operator":"","manufacturer":"Axis Communications","category":"other ALPR","query_date":"2026-09-23"},"geometry":{"type":"Point","coordinates":[-118.39531,33.99317]}},{"type":"Feature","properties":{"osm_id":14064876901,"operator":"","manufacturer":"Axis Communications","category":"other ALPR","query_date":"2026-09-23"},"geometry":{"type":"Point","coordinates":[-118.41175,34.00242]}},{"type":"Feature","properties":{"osm_id":14065052801,"operator":"","manufacturer":"Flock Safety","category":"Flock","query_date":"2026-09-23"},"geometry":{"type":"Point","coordinates":[-118.49502,34.06038]}},{"type":"Feature","properties":{"osm_id":14065057002,"operator":"","manufacturer":"Flock Safety","category":"Flock","query_date":"2026-09-23"},"geometry":{"type":"Point","coordinates":[-118.49502,34.06038]}},{"type":"Feature","properties":{"osm_id":14065058803,"operator":"","manufacturer":"Flock Safety","category":"Flock","query_date":"2026-09-23"},"geometry":{"type":"Point","coordinates":[-118.51406,34.04601]}},{"type":"Feature","properties":{"osm_id":14065068301,"operator":"","manufacturer":"Flock Safety","category":"Flock","query_date":"2026-09-23"},"geometry":{"type":"Point","coordinates":[-118.53334,34.04881]}},{"type":"Feature","properties":{"osm_id":14065071601,"operator":"","manufacturer":"Flock Safety","category":"Flock","query_date":"2026-09-23"},"geometry":{"type":"Point","coordinates":[-118.53334,34.04881]}},{"type":"Feature","properties":{"osm_id":14065080401,"operator":"","manufacturer":null,"category":"Flock","query_date":"2026-09-23"},"geometry":{"type":"Point","coordinates":[-118.02193,34.15138]}},{"type":"Feature","properties":{"osm_id":14065081301,"operator":"","manufacturer":"Flock Safety","category":"Flock","query_date":"2026-09-23"},"geometry":{"type":"Point","coordinates":[-118.02214,34.15122]}},{"type":"Feature","properties":{"osm_id":14065094701,"operator":"","manufacturer":"Flock Safety","category":"Flock","query_date":"2026-09-23"},"geometry":{"type":"Point","coordinates":[-118.0373,33.98011]}},{"type":"Feature","properties":{"osm_id":14065095002,"operator":"","manufacturer":"Flock Safety","category":"Flock","query_date":"2026-09-23"},"geometry":{"type":"Point","coordinates":[-118.07947,34.01517]}},{"type":"Feature","properties":{"osm_id":14065096001,"operator":"","manufacturer":"Flock Safety","category":"Flock","query_date":"2026-09-23"},"geometry":{"type":"Point","coordinates":[-118.06765,33.99256]}},{"type":"Feature","properties":{"osm_id":14065333401,"operator":"","manufacturer":"Flock Safety","category":"Flock","query_date":"2026-09-23"},"geometry":{"type":"Point","coordinates":[-118.55191,34.04449]}},{"type":"Feature","properties":{"osm_id":14065341801,"operator":"","manufacturer":"Flock Safety","category":"Flock","query_date":"2026-09-23"},"geometry":{"type":"Point","coordinates":[-118.51147,34.05018]}},{"type":"Feature","properties":{"osm_id":14065668901,"operator":"","manufacturer":"Flock Safety","category":"Flock","query_date":"2026-09-23"},"geometry":{"type":"Point","coordinates":[-118.20028,34.21551]}},{"type":"Feature","properties":{"osm_id":14065671201,"operator":"","manufacturer":"Flock Safety","category":"Flock","query_date":"2026-09-23"},"geometry":{"type":"Point","coordinates":[-118.20031,34.20923]}},{"type":"Feature","properties":{"osm_id":14066514999,"operator":"","manufacturer":"Flock Safety","category":"Flock","query_date":"2026-09-23"},"geometry":{"type":"Point","coordinates":[-118.27517,34.15309]}},{"type":"Feature","properties":{"osm_id":14066515000,"operator":"","manufacturer":"Flock Safety","category":"Flock","query_date":"2026-09-23"},"geometry":{"type":"Point","coordinates":[-118.27518,34.1531]}},{"type":"Feature","properties":{"osm_id":14066526901,"operator":"","manufacturer":"Flock Safety","category":"Flock","query_date":"2026-09-23"},"geometry":{"type":"Point","coordinates":[-118.26452,34.15513]}},{"type":"Feature","properties":{"osm_id":14066936501,"operator":"","manufacturer":"Flock Safety","category":"Flock","query_date":"2026-09-23"},"geometry":{"type":"Point","coordinates":[-118.48563,33.99942]}},{"type":"Feature","properties":{"osm_id":14066975701,"operator":"","manufacturer":"Flock Safety","category":"Flock","query_date":"2026-09-23"},"geometry":{"type":"Point","coordinates":[-118.51263,34.0312]}},{"type":"Feature","properties":{"osm_id":14066998301,"operator":"","manufacturer":"Axis Communications","category":"other ALPR","query_date":"2026-09-23"},"geometry":{"type":"Point","coordinates":[-118.34764,34.04062]}},{"type":"Feature","properties":{"osm_id":14066999401,"operator":"","manufacturer":"Flock Safety","category":"Flock","query_date":"2026-09-23"},"geometry":{"type":"Point","coordinates":[-118.49802,34.01277]}},{"type":"Feature","properties":{"osm_id":14066999501,"operator":"","manufacturer":"Flock Safety","category":"Flock","query_date":"2026-09-23"},"geometry":{"type":"Point","coordinates":[-118.50213,34.01647]}},{"type":"Feature","properties":{"osm_id":14066999601,"operator":"","manufacturer":"Flock Safety","category":"Flock","query_date":"2026-09-23"},"geometry":{"type":"Point","coordinates":[-118.50226,34.0166]}},{"type":"Feature","properties":{"osm_id":14067041002,"operator":"","manufacturer":"Flock Safety","category":"Flock","query_date":"2026-09-23"},"geometry":{"type":"Point","coordinates":[-118.497,34.00984]}},{"type":"Feature","properties":{"osm_id":14067084202,"operator":"","manufacturer":"Motorola Solutions","category":"other ALPR","query_date":"2026-09-23"},"geometry":{"type":"Point","coordinates":[-118.17428,33.78265]}},{"type":"Feature","properties":{"osm_id":14067086201,"operator":"","manufacturer":"Motorola Solutions","category":"other ALPR","query_date":"2026-09-23"},"geometry":{"type":"Point","coordinates":[-118.1741,33.78256]}},{"type":"Feature","properties":{"osm_id":14067223601,"operator":"","manufacturer":"Flock Safety","category":"Flock","query_date":"2026-09-23"},"geometry":{"type":"Point","coordinates":[-117.93363,34.13349]}},{"type":"Feature","properties":{"osm_id":14067230302,"operator":"","manufacturer":"Flock Safety","category":"Flock","query_date":"2026-09-23"},"geometry":{"type":"Point","coordinates":[-117.9164,34.10883]}},{"type":"Feature","properties":{"osm_id":14067232401,"operator":"","manufacturer":"Flock Safety","category":"Flock","query_date":"2026-09-23"},"geometry":{"type":"Point","coordinates":[-117.91619,34.11441]}},{"type":"Feature","properties":{"osm_id":14067434601,"operator":"","manufacturer":"Flock Safety","category":"Flock","query_date":"2026-09-23"},"geometry":{"type":"Point","coordinates":[-118.3688,33.89903]}},{"type":"Feature","properties":{"osm_id":14067434801,"operator":"","manufacturer":"Flock Safety","category":"Flock","query_date":"2026-09-23"},"geometry":{"type":"Point","coordinates":[-118.36773,33.8986]}},{"type":"Feature","properties":{"osm_id":14067435201,"operator":"","manufacturer":"Flock Safety","category":"Flock","query_date":"2026-09-23"},"geometry":{"type":"Point","coordinates":[-118.36121,33.88752]}},{"type":"Feature","properties":{"osm_id":14067470302,"operator":"","manufacturer":"Flock Safety","category":"Flock","query_date":"2026-09-23"},"geometry":{"type":"Point","coordinates":[-117.90788,34.08165]}},{"type":"Feature","properties":{"osm_id":14068786301,"operator":"","manufacturer":"Flock Safety","category":"Flock","query_date":"2026-09-23"},"geometry":{"type":"Point","coordinates":[-117.84631,34.10737]}},{"type":"Feature","properties":{"osm_id":14068931101,"operator":"","manufacturer":"Flock Safety","category":"Flock","query_date":"2026-09-23"},"geometry":{"type":"Point","coordinates":[-118.55407,34.04193]}},{"type":"Feature","properties":{"osm_id":14069201102,"operator":"","manufacturer":"Flock Safety","category":"Flock","query_date":"2026-09-23"},"geometry":{"type":"Point","coordinates":[-118.43387,34.00429]}},{"type":"Feature","properties":{"osm_id":14069242201,"operator":"","manufacturer":"Flock Safety","category":"Flock","query_date":"2026-09-23"},"geometry":{"type":"Point","coordinates":[-117.90469,34.10516]}},{"type":"Feature","properties":{"osm_id":14069262602,"operator":"","manufacturer":"Flock Safety","category":"Flock","query_date":"2026-09-23"},"geometry":{"type":"Point","coordinates":[-118.38319,33.90176]}},{"type":"Feature","properties":{"osm_id":14069345101,"operator":"","manufacturer":"Flock Safety","category":"Flock","query_date":"2026-09-23"},"geometry":{"type":"Point","coordinates":[-118.63623,34.13737]}},{"type":"Feature","properties":{"osm_id":14069372101,"operator":"","manufacturer":"Motorola Solutions","category":"other ALPR","query_date":"2026-09-23"},"geometry":{"type":"Point","coordinates":[-118.35236,33.87447]}},{"type":"Feature","properties":{"osm_id":14069551201,"operator":"","manufacturer":"Flock Safety","category":"Flock","query_date":"2026-09-23"},"geometry":{"type":"Point","coordinates":[-118.61247,34.14801]}},{"type":"Feature","properties":{"osm_id":14069552101,"operator":"","manufacturer":"Flock Safety","category":"Flock","query_date":"2026-09-23"},"geometry":{"type":"Point","coordinates":[-118.61224,34.14701]}},{"type":"Feature","properties":{"osm_id":14069555001,"operator":"","manufacturer":"Flock Safety","category":"Flock","query_date":"2026-09-23"},"geometry":{"type":"Point","coordinates":[-118.63068,34.13641]}},{"type":"Feature","properties":{"osm_id":14069691401,"operator":"","manufacturer":"Flock Safety","category":"Flock","query_date":"2026-09-23"},"geometry":{"type":"Point","coordinates":[-118.38295,34.0813]}},{"type":"Feature","properties":{"osm_id":14069695501,"operator":"","manufacturer":"Flock Safety","category":"Flock","query_date":"2026-09-23"},"geometry":{"type":"Point","coordinates":[-118.38309,34.08157]}},{"type":"Feature","properties":{"osm_id":14069699801,"operator":"","manufacturer":"Flock Safety","category":"Flock","query_date":"2026-09-23"},"geometry":{"type":"Point","coordinates":[-118.38391,34.08337]}},{"type":"Feature","properties":{"osm_id":14069704902,"operator":"The Home Depot","manufacturer":"Flock Safety","category":"Flock (store-operated)","query_date":"2026-09-23"},"geometry":{"type":"Point","coordinates":[-118.37083,33.95647]}},{"type":"Feature","properties":{"osm_id":14069711301,"operator":"","manufacturer":"Flock Safety","category":"Flock","query_date":"2026-09-23"},"geometry":{"type":"Point","coordinates":[-118.37655,34.08909]}},{"type":"Feature","properties":{"osm_id":14069712901,"operator":"","manufacturer":"Flock Safety","category":"Flock","query_date":"2026-09-23"},"geometry":{"type":"Point","coordinates":[-118.41082,34.08462]}},{"type":"Feature","properties":{"osm_id":14069716301,"operator":"","manufacturer":"Flock Safety","category":"Flock","query_date":"2026-09-23"},"geometry":{"type":"Point","coordinates":[-118.37021,34.09062]}},{"type":"Feature","properties":{"osm_id":14069717301,"operator":"","manufacturer":"Flock Safety","category":"Flock","query_date":"2026-09-23"},"geometry":{"type":"Point","coordinates":[-118.40616,34.10147]}},{"type":"Feature","properties":{"osm_id":14069718901,"operator":"","manufacturer":"Flock Safety","category":"Flock","query_date":"2026-09-23"},"geometry":{"type":"Point","coordinates":[-118.37039,34.09081]}},{"type":"Feature","properties":{"osm_id":14069721301,"operator":"","manufacturer":"Flock Safety","category":"Flock","query_date":"2026-09-23"},"geometry":{"type":"Point","coordinates":[-118.36513,34.0907]}},{"type":"Feature","properties":{"osm_id":14070018603,"operator":"","manufacturer":"Flock Safety","category":"Flock","query_date":"2026-09-23"},"geometry":{"type":"Point","coordinates":[-117.90877,34.08797]}},{"type":"Feature","properties":{"osm_id":14070022701,"operator":"","manufacturer":"Flock Safety","category":"Flock","query_date":"2026-09-23"},"geometry":{"type":"Point","coordinates":[-117.9086,34.08721]}},{"type":"Feature","properties":{"osm_id":14071131301,"operator":"","manufacturer":"Flock Safety","category":"Flock","query_date":"2026-09-23"},"geometry":{"type":"Point","coordinates":[-118.48337,34.23545]}},{"type":"Feature","properties":{"osm_id":14071133502,"operator":"","manufacturer":"Flock Safety","category":"Flock","query_date":"2026-09-23"},"geometry":{"type":"Point","coordinates":[-118.48501,34.2348]}},{"type":"Feature","properties":{"osm_id":14071137501,"operator":"","manufacturer":"Flock Safety","category":"Flock","query_date":"2026-09-23"},"geometry":{"type":"Point","coordinates":[-118.48424,34.23546]}},{"type":"Feature","properties":{"osm_id":14071138301,"operator":"","manufacturer":"Flock Safety","category":"Flock","query_date":"2026-09-23"},"geometry":{"type":"Point","coordinates":[-118.48424,34.23546]}},{"type":"Feature","properties":{"osm_id":14071144501,"operator":"","manufacturer":"Flock Safety","category":"Flock","query_date":"2026-09-23"},"geometry":{"type":"Point","coordinates":[-118.48501,34.23491]}},{"type":"Feature","properties":{"osm_id":14071148401,"operator":"","manufacturer":"Flock Safety","category":"Flock","query_date":"2026-09-23"},"geometry":{"type":"Point","coordinates":[-118.48298,34.23512]}},{"type":"Feature","properties":{"osm_id":14071258501,"operator":"","manufacturer":"Flock Safety","category":"Flock","query_date":"2026-09-23"},"geometry":{"type":"Point","coordinates":[-118.19973,34.21393]}},{"type":"Feature","properties":{"osm_id":14071259701,"operator":"","manufacturer":"Flock Safety","category":"Flock","query_date":"2026-09-23"},"geometry":{"type":"Point","coordinates":[-118.20029,34.20904]}},{"type":"Feature","properties":{"osm_id":14071312901,"operator":"","manufacturer":"Flock Safety","category":"Flock","query_date":"2026-09-23"},"geometry":{"type":"Point","coordinates":[-118.18927,34.20786]}},{"type":"Feature","properties":{"osm_id":14071316101,"operator":"","manufacturer":"Flock Safety","category":"Flock","query_date":"2026-09-23"},"geometry":{"type":"Point","coordinates":[-118.19533,34.21118]}},{"type":"Feature","properties":{"osm_id":14071660604,"operator":"","manufacturer":"Flock Safety","category":"Flock","query_date":"2026-09-23"},"geometry":{"type":"Point","coordinates":[-117.91661,34.08128]}},{"type":"Feature","properties":{"osm_id":14072069001,"operator":"","manufacturer":null,"category":"Flock","query_date":"2026-09-23"},"geometry":{"type":"Point","coordinates":[-117.89044,34.10665]}},{"type":"Feature","properties":{"osm_id":14072159001,"operator":"","manufacturer":"Flock Safety","category":"Flock","query_date":"2026-09-23"},"geometry":{"type":"Point","coordinates":[-118.22902,34.16987]}},{"type":"Feature","properties":{"osm_id":14072261001,"operator":"","manufacturer":"Flock Safety","category":"Flock","query_date":"2026-09-23"},"geometry":{"type":"Point","coordinates":[-117.94115,34.07097]}},{"type":"Feature","properties":{"osm_id":14073387401,"operator":"","manufacturer":"Flock Safety","category":"Flock","query_date":"2026-09-23"},"geometry":{"type":"Point","coordinates":[-118.70463,34.08219]}},{"type":"Feature","properties":{"osm_id":14073494901,"operator":"","manufacturer":"Motorola Solutions","category":"other ALPR","query_date":"2026-09-23"},"geometry":{"type":"Point","coordinates":[-118.13947,33.81885]}},{"type":"Feature","properties":{"osm_id":14073494902,"operator":"","manufacturer":"Motorola Solutions","category":"other ALPR","query_date":"2026-09-23"},"geometry":{"type":"Point","coordinates":[-118.13947,33.81887]}},{"type":"Feature","properties":{"osm_id":14073720101,"operator":"","manufacturer":"Motorola Solutions","category":"other ALPR","query_date":"2026-09-23"},"geometry":{"type":"Point","coordinates":[-118.34394,33.89475]}},{"type":"Feature","properties":{"osm_id":14073724101,"operator":"","manufacturer":"Motorola Solutions","category":"other ALPR","query_date":"2026-09-23"},"geometry":{"type":"Point","coordinates":[-118.34382,33.88749]}},{"type":"Feature","properties":{"osm_id":14073742601,"operator":"","manufacturer":"Motorola Solutions","category":"other ALPR","query_date":"2026-09-23"},"geometry":{"type":"Point","coordinates":[-118.34389,33.88749]}},{"type":"Feature","properties":{"osm_id":14073750901,"operator":"","manufacturer":"Motorola Solutions","category":"other ALPR","query_date":"2026-09-23"},"geometry":{"type":"Point","coordinates":[-118.34392,33.90183]}},{"type":"Feature","properties":{"osm_id":14074063201,"operator":"","manufacturer":"Flock Safety","category":"Flock","query_date":"2026-09-23"},"geometry":{"type":"Point","coordinates":[-118.3528,33.94555]}},{"type":"Feature","properties":{"osm_id":14074064201,"operator":"","manufacturer":"Flock Safety","category":"Flock","query_date":"2026-09-23"},"geometry":{"type":"Point","coordinates":[-118.35248,33.94555]}},{"type":"Feature","properties":{"osm_id":14074064801,"operator":"","manufacturer":"Flock Safety","category":"Flock","query_date":"2026-09-23"},"geometry":{"type":"Point","coordinates":[-118.35248,33.94534]}},{"type":"Feature","properties":{"osm_id":14074067202,"operator":"","manufacturer":"Flock Safety","category":"Flock","query_date":"2026-09-23"},"geometry":{"type":"Point","coordinates":[-118.3528,33.94534]}},{"type":"Feature","properties":{"osm_id":14074088301,"operator":"","manufacturer":"Flock Safety","category":"Flock","query_date":"2026-09-23"},"geometry":{"type":"Point","coordinates":[-117.92622,34.03591]}},{"type":"Feature","properties":{"osm_id":14075118401,"operator":"","manufacturer":"Flock Safety","category":"Flock","query_date":"2026-09-23"},"geometry":{"type":"Point","coordinates":[-118.67118,34.57636]}},{"type":"Feature","properties":{"osm_id":14075301801,"operator":"","manufacturer":"Leonardo","category":"other ALPR","query_date":"2026-09-23"},"geometry":{"type":"Point","coordinates":[-118.39598,34.07706]}},{"type":"Feature","properties":{"osm_id":14075421701,"operator":"","manufacturer":"Flock Safety","category":"Flock","query_date":"2026-09-23"},"geometry":{"type":"Point","coordinates":[-118.6821,34.15683]}},{"type":"Feature","properties":{"osm_id":14075426801,"operator":"","manufacturer":"Flock Safety","category":"Flock","query_date":"2026-09-23"},"geometry":{"type":"Point","coordinates":[-118.37285,34.09334]}},{"type":"Feature","properties":{"osm_id":14075426802,"operator":"","manufacturer":"Flock Safety","category":"Flock","query_date":"2026-09-23"},"geometry":{"type":"Point","coordinates":[-118.37284,34.09334]}},{"type":"Feature","properties":{"osm_id":14075755802,"operator":"","manufacturer":"Flock Safety","category":"Flock","query_date":"2026-09-23"},"geometry":{"type":"Point","coordinates":[-117.86746,34.05463]}},{"type":"Feature","properties":{"osm_id":14075822501,"operator":"","manufacturer":"Flock Safety","category":"Flock","query_date":"2026-09-23"},"geometry":{"type":"Point","coordinates":[-118.35074,34.20669]}},{"type":"Feature","properties":{"osm_id":14077270801,"operator":"","manufacturer":"Flock Safety","category":"Flock","query_date":"2026-09-23"},"geometry":{"type":"Point","coordinates":[-118.47831,33.99545]}},{"type":"Feature","properties":{"osm_id":14077295501,"operator":"","manufacturer":"Flock Safety","category":"Flock","query_date":"2026-09-23"},"geometry":{"type":"Point","coordinates":[-118.53587,34.18646]}},{"type":"Feature","properties":{"osm_id":14077299201,"operator":"","manufacturer":"Axis Communications","category":"other ALPR","query_date":"2026-09-23"},"geometry":{"type":"Point","coordinates":[-118.53608,34.18]}},{"type":"Feature","properties":{"osm_id":14077725602,"operator":"","manufacturer":"Flock Safety","category":"Flock","query_date":"2026-09-23"},"geometry":{"type":"Point","coordinates":[-118.07286,33.93176]}},{"type":"Feature","properties":{"osm_id":14077727401,"operator":"","manufacturer":"Flock Safety","category":"Flock","query_date":"2026-09-23"},"geometry":{"type":"Point","coordinates":[-118.06404,33.93166]}},{"type":"Feature","properties":{"osm_id":14077771502,"operator":"","manufacturer":"Flock Safety","category":"Flock","query_date":"2026-09-23"},"geometry":{"type":"Point","coordinates":[-117.94308,34.0998]}},{"type":"Feature","properties":{"osm_id":14077922501,"operator":"","manufacturer":"Flock Safety","category":"Flock","query_date":"2026-09-23"},"geometry":{"type":"Point","coordinates":[-118.55751,34.23634]}},{"type":"Feature","properties":{"osm_id":14077947601,"operator":"","manufacturer":"Flock Safety","category":"Flock","query_date":"2026-09-23"},"geometry":{"type":"Point","coordinates":[-117.96659,34.10666]}},{"type":"Feature","properties":{"osm_id":14077999001,"operator":"","manufacturer":"Flock Safety","category":"Flock","query_date":"2026-09-23"},"geometry":{"type":"Point","coordinates":[-118.31004,33.82459]}},{"type":"Feature","properties":{"osm_id":14078051701,"operator":"","manufacturer":"Flock Safety","category":"Flock","query_date":"2026-09-23"},"geometry":{"type":"Point","coordinates":[-118.42839,33.99712]}},{"type":"Feature","properties":{"osm_id":14078071501,"operator":"","manufacturer":"Flock Safety","category":"Flock","query_date":"2026-09-23"},"geometry":{"type":"Point","coordinates":[-118.11004,34.05529]}},{"type":"Feature","properties":{"osm_id":14079077101,"operator":"","manufacturer":"Flock Safety","category":"Flock","query_date":"2026-09-23"},"geometry":{"type":"Point","coordinates":[-117.93424,34.09738]}},{"type":"Feature","properties":{"osm_id":14079335301,"operator":"","manufacturer":"Flock Safety","category":"Flock","query_date":"2026-09-23"},"geometry":{"type":"Point","coordinates":[-118.10648,34.03728]}},{"type":"Feature","properties":{"osm_id":14079537303,"operator":"","manufacturer":"Flock Safety","category":"Flock","query_date":"2026-09-23"},"geometry":{"type":"Point","coordinates":[-117.83737,34.0299]}},{"type":"Feature","properties":{"osm_id":14079538901,"operator":"","manufacturer":"Flock Safety","category":"Flock","query_date":"2026-09-23"},"geometry":{"type":"Point","coordinates":[-117.83717,34.02998]}},{"type":"Feature","properties":{"osm_id":14079539001,"operator":"","manufacturer":"Flock Safety","category":"Flock","query_date":"2026-09-23"},"geometry":{"type":"Point","coordinates":[-117.83734,34.02983]}},{"type":"Feature","properties":{"osm_id":14079661301,"operator":"","manufacturer":"Flock Safety","category":"Flock","query_date":"2026-09-23"},"geometry":{"type":"Point","coordinates":[-117.79937,34.06308]}},{"type":"Feature","properties":{"osm_id":14079822101,"operator":"","manufacturer":"Flock Safety","category":"Flock","query_date":"2026-09-23"},"geometry":{"type":"Point","coordinates":[-118.42212,33.99765]}},{"type":"Feature","properties":{"osm_id":14080446801,"operator":"","manufacturer":"Motorola Solutions","category":"other ALPR","query_date":"2026-09-23"},"geometry":{"type":"Point","coordinates":[-117.69851,34.12152]}},{"type":"Feature","properties":{"osm_id":14080901801,"operator":"","manufacturer":"Motorola Solutions","category":"other ALPR","query_date":"2026-09-23"},"geometry":{"type":"Point","coordinates":[-118.36129,33.89459]}},{"type":"Feature","properties":{"osm_id":14080915702,"operator":"","manufacturer":"Leonardo","category":"other ALPR","query_date":"2026-09-23"},"geometry":{"type":"Point","coordinates":[-118.36947,33.89466]}},{"type":"Feature","properties":{"osm_id":14080917401,"operator":"","manufacturer":"Neology, Inc.","category":"other ALPR","query_date":"2026-09-23"},"geometry":{"type":"Point","coordinates":[-118.37017,33.89469]}},{"type":"Feature","properties":{"osm_id":14081101533,"operator":"","manufacturer":null,"category":"Flock","query_date":"2026-09-23"},"geometry":{"type":"Point","coordinates":[-118.43606,34.41706]}},{"type":"Feature","properties":{"osm_id":14081111301,"operator":"","manufacturer":"Flock Safety","category":"Flock","query_date":"2026-09-23"},"geometry":{"type":"Point","coordinates":[-117.9892,34.11226]}},{"type":"Feature","properties":{"osm_id":14081138802,"operator":"","manufacturer":"Flock Safety","category":"Flock","query_date":"2026-09-23"},"geometry":{"type":"Point","coordinates":[-117.99457,33.96837]}},{"type":"Feature","properties":{"osm_id":14081150101,"operator":"","manufacturer":"Flock Safety","category":"Flock","query_date":"2026-09-23"},"geometry":{"type":"Point","coordinates":[-117.98203,33.9781]}},{"type":"Feature","properties":{"osm_id":14081152001,"operator":"","manufacturer":"Flock Safety","category":"Flock","query_date":"2026-09-23"},"geometry":{"type":"Point","coordinates":[-117.95009,34.03699]}},{"type":"Feature","properties":{"osm_id":14081315701,"operator":"","manufacturer":"Motorola Solutions","category":"other ALPR","query_date":"2026-09-23"},"geometry":{"type":"Point","coordinates":[-118.28168,33.86262]}},{"type":"Feature","properties":{"osm_id":14081404301,"operator":"","manufacturer":"Flock Safety","category":"Flock","query_date":"2026-09-23"},"geometry":{"type":"Point","coordinates":[-118.46221,34.03086]}},{"type":"Feature","properties":{"osm_id":14081405802,"operator":"","manufacturer":"Flock Safety","category":"Flock","query_date":"2026-09-23"},"geometry":{"type":"Point","coordinates":[-118.45981,34.03111]}},{"type":"Feature","properties":{"osm_id":14081650601,"operator":"","manufacturer":"Flock Safety","category":"Flock","query_date":"2026-09-23"},"geometry":{"type":"Point","coordinates":[-117.74653,34.12796]}},{"type":"Feature","properties":{"osm_id":14082478901,"operator":"","manufacturer":"Flock Safety","category":"Flock","query_date":"2026-09-23"},"geometry":{"type":"Point","coordinates":[-118.14822,34.06555]}},{"type":"Feature","properties":{"osm_id":14084415500,"operator":"","manufacturer":"Flock Safety","category":"Flock","query_date":"2026-09-23"},"geometry":{"type":"Point","coordinates":[-118.13019,33.97716]}},{"type":"Feature","properties":{"osm_id":14084444001,"operator":"","manufacturer":"Flock Safety","category":"Flock","query_date":"2026-09-23"},"geometry":{"type":"Point","coordinates":[-118.25168,34.04554]}},{"type":"Feature","properties":{"osm_id":14084678101,"operator":"","manufacturer":"Flock Safety","category":"Flock","query_date":"2026-09-23"},"geometry":{"type":"Point","coordinates":[-118.78142,34.14884]}},{"type":"Feature","properties":{"osm_id":14084692701,"operator":"","manufacturer":"Flock Safety","category":"Flock","query_date":"2026-09-23"},"geometry":{"type":"Point","coordinates":[-118.35212,34.08701]}},{"type":"Feature","properties":{"osm_id":14086029302,"operator":"","manufacturer":"Flock Safety","category":"Flock","query_date":"2026-09-23"},"geometry":{"type":"Point","coordinates":[-118.3795,34.09235]}},{"type":"Feature","properties":{"osm_id":14086078201,"operator":"","manufacturer":"Flock Safety","category":"Flock","query_date":"2026-09-23"},"geometry":{"type":"Point","coordinates":[-118.22888,34.17849]}},{"type":"Feature","properties":{"osm_id":14086226501,"operator":"","manufacturer":"Flock Safety","category":"Flock","query_date":"2026-09-23"},"geometry":{"type":"Point","coordinates":[-117.72898,34.12854]}},{"type":"Feature","properties":{"osm_id":14086297202,"operator":"","manufacturer":"Flock Safety","category":"Flock","query_date":"2026-09-23"},"geometry":{"type":"Point","coordinates":[-118.03725,33.97734]}},{"type":"Feature","properties":{"osm_id":14086528802,"operator":"","manufacturer":"Flock Safety","category":"Flock","query_date":"2026-09-23"},"geometry":{"type":"Point","coordinates":[-118.33637,34.17559]}},{"type":"Feature","properties":{"osm_id":14086528903,"operator":"","manufacturer":"Flock Safety","category":"Flock","query_date":"2026-09-23"},"geometry":{"type":"Point","coordinates":[-118.34866,34.17135]}},{"type":"Feature","properties":{"osm_id":14086528904,"operator":"","manufacturer":"Flock Safety","category":"Flock","query_date":"2026-09-23"},"geometry":{"type":"Point","coordinates":[-118.35657,34.1726]}},{"type":"Feature","properties":{"osm_id":14086642301,"operator":"","manufacturer":"Flock Safety","category":"Flock","query_date":"2026-09-23"},"geometry":{"type":"Point","coordinates":[-118.08171,33.93215]}},{"type":"Feature","properties":{"osm_id":14086645003,"operator":"","manufacturer":"Flock Safety","category":"Flock","query_date":"2026-09-23"},"geometry":{"type":"Point","coordinates":[-118.39224,33.8727]}},{"type":"Feature","properties":{"osm_id":14087056946,"operator":"","manufacturer":"Flock Safety","category":"Flock","query_date":"2026-09-23"},"geometry":{"type":"Point","coordinates":[-118.38143,33.95978]}},{"type":"Feature","properties":{"osm_id":14087087526,"operator":"","manufacturer":"Flock Safety","category":"Flock","query_date":"2026-09-23"},"geometry":{"type":"Point","coordinates":[-118.37243,33.9766]}},{"type":"Feature","properties":{"osm_id":14088027702,"operator":"","manufacturer":"Flock Safety","category":"Flock","query_date":"2026-09-23"},"geometry":{"type":"Point","coordinates":[-117.89024,34.12891]}},{"type":"Feature","properties":{"osm_id":14088296202,"operator":"","manufacturer":"Flock Safety","category":"Flock","query_date":"2026-09-23"},"geometry":{"type":"Point","coordinates":[-117.98181,33.97804]}},{"type":"Feature","properties":{"osm_id":14088336501,"operator":"","manufacturer":"Flock Safety","category":"Flock","query_date":"2026-09-23"},"geometry":{"type":"Point","coordinates":[-118.48371,34.22134]}},{"type":"Feature","properties":{"osm_id":14088405301,"operator":"","manufacturer":"Flock Safety","category":"Flock","query_date":"2026-09-23"},"geometry":{"type":"Point","coordinates":[-117.90622,34.10363]}},{"type":"Feature","properties":{"osm_id":14088418901,"operator":"","manufacturer":"Flock Safety","category":"Flock","query_date":"2026-09-23"},"geometry":{"type":"Point","coordinates":[-117.90601,34.10429]}},{"type":"Feature","properties":{"osm_id":14088458801,"operator":"","manufacturer":"Flock Safety","category":"Flock","query_date":"2026-09-23"},"geometry":{"type":"Point","coordinates":[-118.22041,34.00791]}},{"type":"Feature","properties":{"osm_id":14088462601,"operator":"","manufacturer":"Flock Safety","category":"Flock","query_date":"2026-09-23"},"geometry":{"type":"Point","coordinates":[-118.21985,34.00783]}},{"type":"Feature","properties":{"osm_id":14088468401,"operator":"","manufacturer":"Flock Safety","category":"Flock","query_date":"2026-09-23"},"geometry":{"type":"Point","coordinates":[-117.95968,34.13135]}},{"type":"Feature","properties":{"osm_id":14088628202,"operator":"","manufacturer":"Flock Safety","category":"Flock","query_date":"2026-09-23"},"geometry":{"type":"Point","coordinates":[-118.12134,34.17862]}},{"type":"Feature","properties":{"osm_id":14088632801,"operator":"","manufacturer":"Flock Safety","category":"Flock","query_date":"2026-09-23"},"geometry":{"type":"Point","coordinates":[-118.12169,34.17833]}},{"type":"Feature","properties":{"osm_id":14088632802,"operator":"","manufacturer":"Flock Safety","category":"Flock","query_date":"2026-09-23"},"geometry":{"type":"Point","coordinates":[-118.12135,34.17833]}},{"type":"Feature","properties":{"osm_id":14088633401,"operator":"","manufacturer":"Flock Safety","category":"Flock","query_date":"2026-09-23"},"geometry":{"type":"Point","coordinates":[-118.1217,34.17861]}},{"type":"Feature","properties":{"osm_id":14088700922,"operator":"","manufacturer":null,"category":"other ALPR","query_date":"2026-09-23"},"geometry":{"type":"Point","coordinates":[-118.46725,34.22166]}},{"type":"Feature","properties":{"osm_id":14088720537,"operator":"","manufacturer":null,"category":"other ALPR","query_date":"2026-09-23"},"geometry":{"type":"Point","coordinates":[-118.46646,34.20098]}},{"type":"Feature","properties":{"osm_id":14088720538,"operator":"","manufacturer":null,"category":"other ALPR","query_date":"2026-09-23"},"geometry":{"type":"Point","coordinates":[-118.43774,34.03625]}},{"type":"Feature","properties":{"osm_id":14088721422,"operator":"","manufacturer":null,"category":"other ALPR","query_date":"2026-09-23"},"geometry":{"type":"Point","coordinates":[-118.48364,34.11461]}},{"type":"Feature","properties":{"osm_id":14088736201,"operator":"","manufacturer":"Flock Safety","category":"Flock","query_date":"2026-09-23"},"geometry":{"type":"Point","coordinates":[-117.94904,34.05055]}},{"type":"Feature","properties":{"osm_id":14088778301,"operator":"","manufacturer":"Flock Safety","category":"Flock","query_date":"2026-09-23"},"geometry":{"type":"Point","coordinates":[-118.09169,34.03531]}},{"type":"Feature","properties":{"osm_id":14088779601,"operator":"","manufacturer":"Flock Safety","category":"Flock","query_date":"2026-09-23"},"geometry":{"type":"Point","coordinates":[-118.04641,34.04402]}},{"type":"Feature","properties":{"osm_id":14088783601,"operator":"","manufacturer":"Flock Safety","category":"Flock","query_date":"2026-09-23"},"geometry":{"type":"Point","coordinates":[-118.36475,33.98806]}},{"type":"Feature","properties":{"osm_id":14090288501,"operator":"","manufacturer":"Axis Communications","category":"other ALPR","query_date":"2026-09-23"},"geometry":{"type":"Point","coordinates":[-118.36649,33.88738]}},{"type":"Feature","properties":{"osm_id":14090397501,"operator":"","manufacturer":"Flock Safety","category":"Flock","query_date":"2026-09-23"},"geometry":{"type":"Point","coordinates":[-117.94925,34.03699]}},{"type":"Feature","properties":{"osm_id":14090405001,"operator":"","manufacturer":"Flock Safety","category":"Flock","query_date":"2026-09-23"},"geometry":{"type":"Point","coordinates":[-117.9234,34.03549]}},{"type":"Feature","properties":{"osm_id":14090410101,"operator":"","manufacturer":"Flock Safety","category":"Flock","query_date":"2026-09-23"},"geometry":{"type":"Point","coordinates":[-117.90053,34.02663]}},{"type":"Feature","properties":{"osm_id":14090576601,"operator":"","manufacturer":"Motorola Solutions","category":"other ALPR","query_date":"2026-09-23"},"geometry":{"type":"Point","coordinates":[-118.34378,33.90911]}},{"type":"Feature","properties":{"osm_id":14090873201,"operator":"","manufacturer":"Flock Safety","category":"Flock","query_date":"2026-09-23"},"geometry":{"type":"Point","coordinates":[-118.39403,33.84555]}},{"type":"Feature","properties":{"osm_id":14090878201,"operator":"","manufacturer":"Flock Safety","category":"Flock","query_date":"2026-09-23"},"geometry":{"type":"Point","coordinates":[-118.39257,33.84402]}},{"type":"Feature","properties":{"osm_id":14091111201,"operator":"","manufacturer":"Flock Safety","category":"Flock","query_date":"2026-09-23"},"geometry":{"type":"Point","coordinates":[-117.91362,34.03347]}},{"type":"Feature","properties":{"osm_id":14091112801,"operator":"","manufacturer":"Flock Safety","category":"Flock","query_date":"2026-09-23"},"geometry":{"type":"Point","coordinates":[-117.91199,34.03748]}},{"type":"Feature","properties":{"osm_id":14091703501,"operator":"","manufacturer":"Flock Safety","category":"Flock","query_date":"2026-09-23"},"geometry":{"type":"Point","coordinates":[-117.94776,34.03722]}},{"type":"Feature","properties":{"osm_id":14092784101,"operator":"","manufacturer":"Flock Safety","category":"Flock","query_date":"2026-09-23"},"geometry":{"type":"Point","coordinates":[-118.35707,34.15345]}},{"type":"Feature","properties":{"osm_id":14093144101,"operator":"","manufacturer":"Flock Safety","category":"Flock","query_date":"2026-09-23"},"geometry":{"type":"Point","coordinates":[-117.96495,34.10537]}},{"type":"Feature","properties":{"osm_id":14093175302,"operator":"","manufacturer":"Flock Safety","category":"Flock","query_date":"2026-09-23"},"geometry":{"type":"Point","coordinates":[-117.90934,34.08717]}},{"type":"Feature","properties":{"osm_id":14093475802,"operator":"","manufacturer":"Flock Safety","category":"Flock","query_date":"2026-09-23"},"geometry":{"type":"Point","coordinates":[-118.407,34.01874]}},{"type":"Feature","properties":{"osm_id":14093586302,"operator":"Pasadena Police Department","manufacturer":"Flock Safety","category":"Flock","query_date":"2026-09-23"},"geometry":{"type":"Point","coordinates":[-118.1478,34.15974]}},{"type":"Feature","properties":{"osm_id":14093646853,"operator":"","manufacturer":"Flock Safety","category":"Flock","query_date":"2026-09-23"},"geometry":{"type":"Point","coordinates":[-118.40505,33.87171]}},{"type":"Feature","properties":{"osm_id":14094215801,"operator":"","manufacturer":"Flock Safety","category":"Flock","query_date":"2026-09-23"},"geometry":{"type":"Point","coordinates":[-118.14756,33.86019]}},{"type":"Feature","properties":{"osm_id":14095104172,"operator":"","manufacturer":null,"category":"other ALPR","query_date":"2026-09-23"},"geometry":{"type":"Point","coordinates":[-118.46641,34.15147]}},{"type":"Feature","properties":{"osm_id":14095545301,"operator":"","manufacturer":"Flock Safety","category":"Flock","query_date":"2026-09-23"},"geometry":{"type":"Point","coordinates":[-117.91115,34.08824]}},{"type":"Feature","properties":{"osm_id":14095694701,"operator":"","manufacturer":"Flock Safety","category":"Flock","query_date":"2026-09-23"},"geometry":{"type":"Point","coordinates":[-118.16518,33.96777]}},{"type":"Feature","properties":{"osm_id":14095821601,"operator":"","manufacturer":"Flock Safety","category":"Flock","query_date":"2026-09-23"},"geometry":{"type":"Point","coordinates":[-118.27104,34.04874]}},{"type":"Feature","properties":{"osm_id":14096793201,"operator":"","manufacturer":"Flock Safety","category":"Flock","query_date":"2026-09-23"},"geometry":{"type":"Point","coordinates":[-117.96477,34.0053]}},{"type":"Feature","properties":{"osm_id":14097222501,"operator":"","manufacturer":"Flock Safety","category":"Flock","query_date":"2026-09-23"},"geometry":{"type":"Point","coordinates":[-118.01708,34.14249]}},{"type":"Feature","properties":{"osm_id":14097729205,"operator":"","manufacturer":"Flock Safety","category":"Flock","query_date":"2026-09-23"},"geometry":{"type":"Point","coordinates":[-117.86369,34.12923]}},{"type":"Feature","properties":{"osm_id":14097734301,"operator":"","manufacturer":"Flock Safety","category":"Flock","query_date":"2026-09-23"},"geometry":{"type":"Point","coordinates":[-117.87251,34.07818]}},{"type":"Feature","properties":{"osm_id":14097830604,"operator":"United States Air Force Security Forces","manufacturer":"Genetec","category":"other ALPR","query_date":"2026-09-23"},"geometry":{"type":"Point","coordinates":[-118.38284,33.91807]}},{"type":"Feature","properties":{"osm_id":14097832701,"operator":"United States Air Force Security Forces","manufacturer":"Genetec","category":"other ALPR","query_date":"2026-09-23"},"geometry":{"type":"Point","coordinates":[-118.38284,33.91813]}},{"type":"Feature","properties":{"osm_id":14097833301,"operator":"United States Air Force Security Forces","manufacturer":"Genetec","category":"other ALPR","query_date":"2026-09-23"},"geometry":{"type":"Point","coordinates":[-118.38282,33.9182]}},{"type":"Feature","properties":{"osm_id":14097903101,"operator":"","manufacturer":"Flock Safety","category":"Flock","query_date":"2026-09-23"},"geometry":{"type":"Point","coordinates":[-118.08383,34.09909]}},{"type":"Feature","properties":{"osm_id":14097967501,"operator":"","manufacturer":"Motorola Solutions","category":"other ALPR","query_date":"2026-09-23"},"geometry":{"type":"Point","coordinates":[-118.37392,34.06711]}},{"type":"Feature","properties":{"osm_id":14097985601,"operator":"","manufacturer":"Flock Safety","category":"Flock","query_date":"2026-09-23"},"geometry":{"type":"Point","coordinates":[-118.18812,33.9711]}},{"type":"Feature","properties":{"osm_id":14098035102,"operator":"","manufacturer":"Motorola Solutions","category":"other ALPR","query_date":"2026-09-23"},"geometry":{"type":"Point","coordinates":[-118.13403,33.88926]}},{"type":"Feature","properties":{"osm_id":14098037801,"operator":"","manufacturer":"Motorola Solutions","category":"other ALPR","query_date":"2026-09-23"},"geometry":{"type":"Point","coordinates":[-118.13405,33.88934]}},{"type":"Feature","properties":{"osm_id":14098038101,"operator":"","manufacturer":"Motorola Solutions","category":"other ALPR","query_date":"2026-09-23"},"geometry":{"type":"Point","coordinates":[-118.13396,33.88934]}},{"type":"Feature","properties":{"osm_id":14098046801,"operator":"","manufacturer":"Motorola Solutions","category":"other ALPR","query_date":"2026-09-23"},"geometry":{"type":"Point","coordinates":[-118.12531,33.88934]}},{"type":"Feature","properties":{"osm_id":14098049901,"operator":"","manufacturer":"Motorola Solutions","category":"other ALPR","query_date":"2026-09-23"},"geometry":{"type":"Point","coordinates":[-118.12532,33.88327]}},{"type":"Feature","properties":{"osm_id":14098066401,"operator":"","manufacturer":"Motorola Solutions","category":"other ALPR","query_date":"2026-09-23"},"geometry":{"type":"Point","coordinates":[-118.1252,33.87891]}},{"type":"Feature","properties":{"osm_id":14099204403,"operator":"","manufacturer":"Flock Safety","category":"Flock","query_date":"2026-09-23"},"geometry":{"type":"Point","coordinates":[-118.43101,34.02663]}},{"type":"Feature","properties":{"osm_id":14099540802,"operator":"","manufacturer":"Axis Communications","category":"other ALPR","query_date":"2026-09-23"},"geometry":{"type":"Point","coordinates":[-118.4172,34.04642]}},{"type":"Feature","properties":{"osm_id":14099543801,"operator":"","manufacturer":"Axis Communications","category":"other ALPR","query_date":"2026-09-23"},"geometry":{"type":"Point","coordinates":[-118.41077,34.04998]}},{"type":"Feature","properties":{"osm_id":14099672502,"operator":"","manufacturer":"Flock Safety","category":"Flock","query_date":"2026-09-23"},"geometry":{"type":"Point","coordinates":[-118.00186,33.99514]}},{"type":"Feature","properties":{"osm_id":14099675201,"operator":"","manufacturer":"Flock Safety","category":"Flock","query_date":"2026-09-23"},"geometry":{"type":"Point","coordinates":[-118.29241,33.72159]}},{"type":"Feature","properties":{"osm_id":14099863701,"operator":"","manufacturer":"Flock Safety","category":"Flock","query_date":"2026-09-23"},"geometry":{"type":"Point","coordinates":[-118.13083,33.95437]}},{"type":"Feature","properties":{"osm_id":14099906801,"operator":"","manufacturer":"Flock Safety","category":"Flock","query_date":"2026-09-23"},"geometry":{"type":"Point","coordinates":[-118.12961,33.97269]}},{"type":"Feature","properties":{"osm_id":14099925501,"operator":"","manufacturer":"Flock Safety","category":"Flock","query_date":"2026-09-23"},"geometry":{"type":"Point","coordinates":[-118.44483,34.28683]}},{"type":"Feature","properties":{"osm_id":14099925701,"operator":"","manufacturer":"Flock Safety","category":"Flock","query_date":"2026-09-23"},"geometry":{"type":"Point","coordinates":[-118.44492,34.2867]}},{"type":"Feature","properties":{"osm_id":14100030601,"operator":"","manufacturer":"Flock Safety","category":"Flock","query_date":"2026-09-23"},"geometry":{"type":"Point","coordinates":[-118.36144,34.15396]}},{"type":"Feature","properties":{"osm_id":14100036201,"operator":"","manufacturer":"Flock Safety","category":"Flock","query_date":"2026-09-23"},"geometry":{"type":"Point","coordinates":[-117.73704,34.05526]}},{"type":"Feature","properties":{"osm_id":14100039201,"operator":"Pasadena Police Department","manufacturer":"Motorola Solutions","category":"other ALPR","query_date":"2026-09-23"},"geometry":{"type":"Point","coordinates":[-118.15984,34.15239]}},{"type":"Feature","properties":{"osm_id":14100040101,"operator":"","manufacturer":"Flock Safety","category":"Flock","query_date":"2026-09-23"},"geometry":{"type":"Point","coordinates":[-117.74957,34.04794]}},{"type":"Feature","properties":{"osm_id":14100048601,"operator":"","manufacturer":"Axon Enterprise","category":"other ALPR","query_date":"2026-09-23"},"geometry":{"type":"Point","coordinates":[-118.39997,34.07435]}},{"type":"Feature","properties":{"osm_id":14100128001,"operator":"","manufacturer":"Flock Safety","category":"Flock","query_date":"2026-09-23"},"geometry":{"type":"Point","coordinates":[-118.40613,34.10083]}},{"type":"Feature","properties":{"osm_id":14101363703,"operator":"","manufacturer":"Flock Safety","category":"Flock","query_date":"2026-09-23"},"geometry":{"type":"Point","coordinates":[-117.83425,34.04747]}},{"type":"Feature","properties":{"osm_id":14101391501,"operator":"","manufacturer":"Motorola Solutions","category":"other ALPR","query_date":"2026-09-23"},"geometry":{"type":"Point","coordinates":[-118.39026,33.86328]}},{"type":"Feature","properties":{"osm_id":14101543101,"operator":"","manufacturer":"Axis Communications","category":"other ALPR","query_date":"2026-09-23"},"geometry":{"type":"Point","coordinates":[-118.49011,34.01204]}},{"type":"Feature","properties":{"osm_id":14101630401,"operator":"","manufacturer":"Flock Safety","category":"Flock","query_date":"2026-09-23"},"geometry":{"type":"Point","coordinates":[-117.82903,34.12865]}},{"type":"Feature","properties":{"osm_id":14101727201,"operator":"","manufacturer":"Flock Safety","category":"Flock","query_date":"2026-09-23"},"geometry":{"type":"Point","coordinates":[-117.88315,34.05248]}},{"type":"Feature","properties":{"osm_id":14101906001,"operator":"","manufacturer":"Flock Safety","category":"Flock","query_date":"2026-09-23"},"geometry":{"type":"Point","coordinates":[-118.3396,33.82555]}},{"type":"Feature","properties":{"osm_id":14102257701,"operator":"","manufacturer":"Flock Safety","category":"Flock","query_date":"2026-09-23"},"geometry":{"type":"Point","coordinates":[-117.93883,34.02816]}},{"type":"Feature","properties":{"osm_id":14102510301,"operator":"","manufacturer":"Flock Safety","category":"Flock","query_date":"2026-09-23"},"geometry":{"type":"Point","coordinates":[-118.33955,33.82541]}},{"type":"Feature","properties":{"osm_id":14103509602,"operator":"","manufacturer":"Flock Safety","category":"Flock","query_date":"2026-09-23"},"geometry":{"type":"Point","coordinates":[-118.16389,34.13582]}},{"type":"Feature","properties":{"osm_id":14103892902,"operator":"","manufacturer":"Motorola Solutions","category":"other ALPR","query_date":"2026-09-23"},"geometry":{"type":"Point","coordinates":[-118.05529,33.88052]}},{"type":"Feature","properties":{"osm_id":14103901901,"operator":"","manufacturer":"Motorola Solutions","category":"other ALPR","query_date":"2026-09-23"},"geometry":{"type":"Point","coordinates":[-118.04652,33.90232]}},{"type":"Feature","properties":{"osm_id":14103902001,"operator":"","manufacturer":"Flock Safety","category":"Flock","query_date":"2026-09-23"},"geometry":{"type":"Point","coordinates":[-118.21755,34.21279]}},{"type":"Feature","properties":{"osm_id":14103904401,"operator":"","manufacturer":"Flock Safety","category":"Flock","query_date":"2026-09-23"},"geometry":{"type":"Point","coordinates":[-118.21764,34.22192]}},{"type":"Feature","properties":{"osm_id":14104269002,"operator":"","manufacturer":"Flock Safety","category":"Flock","query_date":"2026-09-23"},"geometry":{"type":"Point","coordinates":[-118.20469,34.20666]}},{"type":"Feature","properties":{"osm_id":14104300302,"operator":"","manufacturer":"Flock Safety","category":"Flock","query_date":"2026-09-23"},"geometry":{"type":"Point","coordinates":[-118.4732,34.06262]}},{"type":"Feature","properties":{"osm_id":14104336801,"operator":"","manufacturer":"Flock Safety","category":"Flock","query_date":"2026-09-23"},"geometry":{"type":"Point","coordinates":[-118.32213,34.16839]}},{"type":"Feature","properties":{"osm_id":14104395001,"operator":"","manufacturer":"Flock Safety","category":"Flock","query_date":"2026-09-23"},"geometry":{"type":"Point","coordinates":[-117.87558,34.0364]}},{"type":"Feature","properties":{"osm_id":14104409292,"operator":"","manufacturer":null,"category":"other ALPR","query_date":"2026-09-23"},"geometry":{"type":"Point","coordinates":[-118.34452,33.94557]}},{"type":"Feature","properties":{"osm_id":14104415971,"operator":"","manufacturer":null,"category":"other ALPR","query_date":"2026-09-23"},"geometry":{"type":"Point","coordinates":[-118.34378,33.9451]}},{"type":"Feature","properties":{"osm_id":14104417169,"operator":"","manufacturer":null,"category":"other ALPR","query_date":"2026-09-23"},"geometry":{"type":"Point","coordinates":[-118.34381,33.94586]}},{"type":"Feature","properties":{"osm_id":14104421629,"operator":"","manufacturer":null,"category":"other ALPR","query_date":"2026-09-23"},"geometry":{"type":"Point","coordinates":[-118.34339,33.94561]}},{"type":"Feature","properties":{"osm_id":14104471301,"operator":"","manufacturer":"Flock Safety","category":"Flock","query_date":"2026-09-23"},"geometry":{"type":"Point","coordinates":[-118.32405,34.18817]}},{"type":"Feature","properties":{"osm_id":14105573801,"operator":"","manufacturer":"Flock Safety","category":"Flock","query_date":"2026-09-23"},"geometry":{"type":"Point","coordinates":[-118.25735,34.1599]}},{"type":"Feature","properties":{"osm_id":14105703501,"operator":"University of California Los Angeles","manufacturer":"Axon Enterprise","category":"other ALPR","query_date":"2026-09-23"},"geometry":{"type":"Point","coordinates":[-118.44508,34.06708]}},{"type":"Feature","properties":{"osm_id":14105915801,"operator":"","manufacturer":"Flock Safety","category":"Flock","query_date":"2026-09-23"},"geometry":{"type":"Point","coordinates":[-118.29562,34.0989]}},{"type":"Feature","properties":{"osm_id":14105999901,"operator":"","manufacturer":"Axis Communications","category":"other ALPR","query_date":"2026-09-23"},"geometry":{"type":"Point","coordinates":[-118.4936,34.01507]}},{"type":"Feature","properties":{"osm_id":14106007701,"operator":"","manufacturer":"Axis Communications","category":"other ALPR","query_date":"2026-09-23"},"geometry":{"type":"Point","coordinates":[-118.49517,34.01643]}},{"type":"Feature","properties":{"osm_id":14106013601,"operator":"","manufacturer":"Flock Safety","category":"Flock","query_date":"2026-09-23"},"geometry":{"type":"Point","coordinates":[-118.49648,34.01776]}},{"type":"Feature","properties":{"osm_id":14106279201,"operator":"","manufacturer":"Motorola Solutions","category":"other ALPR","query_date":"2026-09-23"},"geometry":{"type":"Point","coordinates":[-118.39567,33.87332]}},{"type":"Feature","properties":{"osm_id":14106462601,"operator":"","manufacturer":"Flock Safety","category":"Flock","query_date":"2026-09-23"},"geometry":{"type":"Point","coordinates":[-118.3062,34.25947]}},{"type":"Feature","properties":{"osm_id":14106527701,"operator":"","manufacturer":"Flock Safety","category":"Flock","query_date":"2026-09-23"},"geometry":{"type":"Point","coordinates":[-118.00177,34.12703]}},{"type":"Feature","properties":{"osm_id":14106580501,"operator":"","manufacturer":"Flock Safety","category":"Flock","query_date":"2026-09-23"},"geometry":{"type":"Point","coordinates":[-118.00069,34.14034]}},{"type":"Feature","properties":{"osm_id":14106972401,"operator":"","manufacturer":"Flock Safety","category":"Flock","query_date":"2026-09-23"},"geometry":{"type":"Point","coordinates":[-118.09944,34.0554]}},{"type":"Feature","properties":{"osm_id":14106984201,"operator":"","manufacturer":"Flock Safety","category":"Flock","query_date":"2026-09-23"},"geometry":{"type":"Point","coordinates":[-118.09161,34.06267]}},{"type":"Feature","properties":{"osm_id":14107516001,"operator":"","manufacturer":"Flock Safety","category":"Flock","query_date":"2026-09-23"},"geometry":{"type":"Point","coordinates":[-117.96505,34.00528]}},{"type":"Feature","properties":{"osm_id":14107642901,"operator":"","manufacturer":"Flock Safety","category":"Flock","query_date":"2026-09-23"},"geometry":{"type":"Point","coordinates":[-118.14041,34.04646]}},{"type":"Feature","properties":{"osm_id":14107716401,"operator":"","manufacturer":"Flock Safety","category":"Flock","query_date":"2026-09-23"},"geometry":{"type":"Point","coordinates":[-118.23296,34.14264]}},{"type":"Feature","properties":{"osm_id":14107959301,"operator":"","manufacturer":"Motorola Solutions","category":"other ALPR","query_date":"2026-09-23"},"geometry":{"type":"Point","coordinates":[-118.19004,33.78369]}},{"type":"Feature","properties":{"osm_id":14108124001,"operator":"","manufacturer":"Flock Safety","category":"Flock","query_date":"2026-09-23"},"geometry":{"type":"Point","coordinates":[-118.09039,34.05191]}},{"type":"Feature","properties":{"osm_id":14108125301,"operator":"","manufacturer":"Flock Safety","category":"Flock","query_date":"2026-09-23"},"geometry":{"type":"Point","coordinates":[-118.08181,34.04138]}},{"type":"Feature","properties":{"osm_id":14108171801,"operator":"","manufacturer":"Flock Safety","category":"Flock","query_date":"2026-09-23"},"geometry":{"type":"Point","coordinates":[-118.23025,33.99302]}},{"type":"Feature","properties":{"osm_id":14108577297,"operator":"","manufacturer":"LiveView Technologies","category":"other ALPR","query_date":"2026-09-23"},"geometry":{"type":"Point","coordinates":[-118.08444,34.64581]}},{"type":"Feature","properties":{"osm_id":14108620401,"operator":"","manufacturer":"Flock Safety","category":"Flock","query_date":"2026-09-23"},"geometry":{"type":"Point","coordinates":[-117.8552,34.11814]}},{"type":"Feature","properties":{"osm_id":14108622301,"operator":"","manufacturer":"Flock Safety","category":"Flock","query_date":"2026-09-23"},"geometry":{"type":"Point","coordinates":[-118.00097,34.13631]}},{"type":"Feature","properties":{"osm_id":14108637591,"operator":"","manufacturer":"LiveView Technologies","category":"other ALPR","query_date":"2026-09-23"},"geometry":{"type":"Point","coordinates":[-118.09356,34.6458]}},{"type":"Feature","properties":{"osm_id":14108637592,"operator":"","manufacturer":"LiveView Technologies","category":"other ALPR","query_date":"2026-09-23"},"geometry":{"type":"Point","coordinates":[-118.10331,34.64571]}},{"type":"Feature","properties":{"osm_id":14108637593,"operator":"","manufacturer":"LiveView Technologies","category":"other ALPR","query_date":"2026-09-23"},"geometry":{"type":"Point","coordinates":[-118.08509,34.64617]}},{"type":"Feature","properties":{"osm_id":14109074201,"operator":"","manufacturer":"Axis Communications","category":"other ALPR","query_date":"2026-09-23"},"geometry":{"type":"Point","coordinates":[-117.89002,34.13346]}},{"type":"Feature","properties":{"osm_id":14109075001,"operator":"","manufacturer":"Axis Communications","category":"other ALPR","query_date":"2026-09-23"},"geometry":{"type":"Point","coordinates":[-117.88999,34.12889]}},{"type":"Feature","properties":{"osm_id":14109115402,"operator":"","manufacturer":"Leonardo","category":"other ALPR","query_date":"2026-09-23"},"geometry":{"type":"Point","coordinates":[-118.36649,33.88738]}},{"type":"Feature","properties":{"osm_id":14111111301,"operator":"","manufacturer":"Motorola Solutions","category":"other ALPR","query_date":"2026-09-23"},"geometry":{"type":"Point","coordinates":[-118.09875,33.83243]}},{"type":"Feature","properties":{"osm_id":14111236001,"operator":"","manufacturer":"Flock Safety","category":"Flock","query_date":"2026-09-23"},"geometry":{"type":"Point","coordinates":[-117.89894,34.10671]}},{"type":"Feature","properties":{"osm_id":14111384601,"operator":"","manufacturer":"Flock Safety","category":"Flock","query_date":"2026-09-23"},"geometry":{"type":"Point","coordinates":[-118.22917,34.18853]}},{"type":"Feature","properties":{"osm_id":14111460601,"operator":"","manufacturer":"Flock Safety","category":"Flock","query_date":"2026-09-23"},"geometry":{"type":"Point","coordinates":[-118.43652,34.41771]}},{"type":"Feature","properties":{"osm_id":14111550201,"operator":"","manufacturer":"Flock Safety","category":"Flock","query_date":"2026-09-23"},"geometry":{"type":"Point","coordinates":[-118.41182,34.27482]}},{"type":"Feature","properties":{"osm_id":14111684701,"operator":"","manufacturer":"Flock Safety","category":"Flock","query_date":"2026-09-23"},"geometry":{"type":"Point","coordinates":[-118.09809,33.84574]}},{"type":"Feature","properties":{"osm_id":14112471303,"operator":"","manufacturer":"Flock Safety","category":"Flock","query_date":"2026-09-23"},"geometry":{"type":"Point","coordinates":[-118.2787,34.23814]}},{"type":"Feature","properties":{"osm_id":14112835508,"operator":"","manufacturer":null,"category":"other ALPR","query_date":"2026-09-23"},"geometry":{"type":"Point","coordinates":[-118.21614,33.94568]}},{"type":"Feature","properties":{"osm_id":14113245961,"operator":"","manufacturer":"LVT","category":"other ALPR","query_date":"2026-09-23"},"geometry":{"type":"Point","coordinates":[-118.3505,34.04827]}},{"type":"Feature","properties":{"osm_id":14113785701,"operator":"","manufacturer":"Flock Safety","category":"Flock","query_date":"2026-09-23"},"geometry":{"type":"Point","coordinates":[-118.44119,33.98668]}},{"type":"Feature","properties":{"osm_id":14116267301,"operator":"Lowe's","manufacturer":null,"category":"Flock (store-operated)","query_date":"2026-09-23"},"geometry":{"type":"Point","coordinates":[-118.56199,34.23638]}},{"type":"Feature","properties":{"osm_id":14116280801,"operator":"Lowe's","manufacturer":null,"category":"Flock (store-operated)","query_date":"2026-09-23"},"geometry":{"type":"Point","coordinates":[-118.5613,34.23648]}},{"type":"Feature","properties":{"osm_id":14116314001,"operator":"Lowe's","manufacturer":null,"category":"Flock (store-operated)","query_date":"2026-09-23"},"geometry":{"type":"Point","coordinates":[-118.56005,34.23648]}},{"type":"Feature","properties":{"osm_id":14116566401,"operator":"","manufacturer":"Flock Safety","category":"Flock","query_date":"2026-09-23"},"geometry":{"type":"Point","coordinates":[-118.09578,34.68115]}},{"type":"Feature","properties":{"osm_id":14117065002,"operator":"","manufacturer":"Flock Safety","category":"Flock","query_date":"2026-09-23"},"geometry":{"type":"Point","coordinates":[-117.8586,33.99405]}},{"type":"Feature","properties":{"osm_id":14118332701,"operator":"","manufacturer":"Flock Safety","category":"Flock","query_date":"2026-09-23"},"geometry":{"type":"Point","coordinates":[-117.75225,34.05593]}},{"type":"Feature","properties":{"osm_id":14118353901,"operator":"","manufacturer":"Flock Safety","category":"Flock","query_date":"2026-09-23"},"geometry":{"type":"Point","coordinates":[-117.72798,34.06665]}},{"type":"Feature","properties":{"osm_id":14118545701,"operator":"","manufacturer":"Flock Safety","category":"Flock","query_date":"2026-09-23"},"geometry":{"type":"Point","coordinates":[-117.73342,34.06284]}},{"type":"Feature","properties":{"osm_id":14121088401,"operator":"","manufacturer":"Flock Safety","category":"Flock","query_date":"2026-09-23"},"geometry":{"type":"Point","coordinates":[-118.52555,34.04787]}},{"type":"Feature","properties":{"osm_id":14121088501,"operator":"","manufacturer":"Flock Safety","category":"Flock","query_date":"2026-09-23"},"geometry":{"type":"Point","coordinates":[-118.52554,34.04786]}},{"type":"Feature","properties":{"osm_id":14121664901,"operator":"","manufacturer":"Flock Safety","category":"Flock","query_date":"2026-09-23"},"geometry":{"type":"Point","coordinates":[-117.75016,34.05786]}},{"type":"Feature","properties":{"osm_id":14121692503,"operator":"","manufacturer":"Flock Safety","category":"Flock","query_date":"2026-09-23"},"geometry":{"type":"Point","coordinates":[-117.75001,34.05507]}},{"type":"Feature","properties":{"osm_id":14121698601,"operator":"","manufacturer":"Flock Safety","category":"Flock","query_date":"2026-09-23"},"geometry":{"type":"Point","coordinates":[-117.75002,34.05517]}},{"type":"Feature","properties":{"osm_id":14121707101,"operator":"","manufacturer":"Flock Safety","category":"Flock","query_date":"2026-09-23"},"geometry":{"type":"Point","coordinates":[-117.95565,34.1437]}},{"type":"Feature","properties":{"osm_id":14121710102,"operator":"","manufacturer":"Flock Safety","category":"Flock","query_date":"2026-09-23"},"geometry":{"type":"Point","coordinates":[-117.75021,34.05646]}},{"type":"Feature","properties":{"osm_id":14121710501,"operator":"","manufacturer":"Flock Safety","category":"Flock","query_date":"2026-09-23"},"geometry":{"type":"Point","coordinates":[-117.75014,34.05517]}},{"type":"Feature","properties":{"osm_id":14121710502,"operator":"","manufacturer":"Flock Safety","category":"Flock","query_date":"2026-09-23"},"geometry":{"type":"Point","coordinates":[-117.75013,34.05507]}},{"type":"Feature","properties":{"osm_id":14121714301,"operator":"","manufacturer":"Flock Safety","category":"Flock","query_date":"2026-09-23"},"geometry":{"type":"Point","coordinates":[-117.74456,34.02604]}},{"type":"Feature","properties":{"osm_id":14121714901,"operator":"","manufacturer":"Flock Safety","category":"Flock","query_date":"2026-09-23"},"geometry":{"type":"Point","coordinates":[-117.74691,34.02622]}},{"type":"Feature","properties":{"osm_id":14123348102,"operator":"","manufacturer":"Neology, Inc.","category":"other ALPR","query_date":"2026-09-23"},"geometry":{"type":"Point","coordinates":[-118.47211,34.41575]}},{"type":"Feature","properties":{"osm_id":14123369201,"operator":"","manufacturer":"Flock Safety","category":"Flock","query_date":"2026-09-23"},"geometry":{"type":"Point","coordinates":[-118.49699,34.45778]}},{"type":"Feature","properties":{"osm_id":14123374865,"operator":"","manufacturer":"Flock Safety","category":"Flock","query_date":"2026-09-23"},"geometry":{"type":"Point","coordinates":[-118.44549,34.0649]}},{"type":"Feature","properties":{"osm_id":14123682001,"operator":"","manufacturer":"Axis Communications","category":"other ALPR","query_date":"2026-09-23"},"geometry":{"type":"Point","coordinates":[-118.43517,34.03696]}},{"type":"Feature","properties":{"osm_id":14124069801,"operator":"","manufacturer":"Motorola Solutions","category":"other ALPR","query_date":"2026-09-23"},"geometry":{"type":"Point","coordinates":[-118.13362,33.84699]}},{"type":"Feature","properties":{"osm_id":14124445102,"operator":"","manufacturer":"Flock Safety","category":"Flock","query_date":"2026-09-23"},"geometry":{"type":"Point","coordinates":[-118.12968,33.92839]}},{"type":"Feature","properties":{"osm_id":14124446183,"operator":"","manufacturer":"Flock Safety","category":"Flock","query_date":"2026-09-23"},"geometry":{"type":"Point","coordinates":[-118.36912,34.05103]}},{"type":"Feature","properties":{"osm_id":14125683601,"operator":"","manufacturer":"Flock Safety","category":"Flock","query_date":"2026-09-23"},"geometry":{"type":"Point","coordinates":[-117.98214,33.97798]}},{"type":"Feature","properties":{"osm_id":14125713660,"operator":"","manufacturer":"Flock Safety","category":"Flock","query_date":"2026-09-23"},"geometry":{"type":"Point","coordinates":[-118.02927,33.90023]}},{"type":"Feature","properties":{"osm_id":14125851001,"operator":"","manufacturer":"Flock Safety","category":"Flock","query_date":"2026-09-23"},"geometry":{"type":"Point","coordinates":[-117.96577,34.03575]}},{"type":"Feature","properties":{"osm_id":14127138601,"operator":"","manufacturer":"Motorola Solutions","category":"other ALPR","query_date":"2026-09-23"},"geometry":{"type":"Point","coordinates":[-118.14277,33.83619]}},{"type":"Feature","properties":{"osm_id":14127139801,"operator":"","manufacturer":"Motorola Solutions","category":"other ALPR","query_date":"2026-09-23"},"geometry":{"type":"Point","coordinates":[-118.14269,33.84317]}},{"type":"Feature","properties":{"osm_id":14127139802,"operator":"","manufacturer":"Motorola Solutions","category":"other ALPR","query_date":"2026-09-23"},"geometry":{"type":"Point","coordinates":[-118.14279,33.84723]}},{"type":"Feature","properties":{"osm_id":14127200601,"operator":"","manufacturer":"Motorola Solutions","category":"other ALPR","query_date":"2026-09-23"},"geometry":{"type":"Point","coordinates":[-118.13359,33.85358]}},{"type":"Feature","properties":{"osm_id":14127200801,"operator":"","manufacturer":"Motorola Solutions","category":"other ALPR","query_date":"2026-09-23"},"geometry":{"type":"Point","coordinates":[-118.13367,33.85383]}},{"type":"Feature","properties":{"osm_id":14127218332,"operator":"","manufacturer":"Flock Safety","category":"Flock","query_date":"2026-09-23"},"geometry":{"type":"Point","coordinates":[-118.17452,33.78958]}},{"type":"Feature","properties":{"osm_id":14127218333,"operator":"","manufacturer":"Flock Safety","category":"Flock","query_date":"2026-09-23"},"geometry":{"type":"Point","coordinates":[-118.17452,33.78958]}},{"type":"Feature","properties":{"osm_id":14127223201,"operator":"","manufacturer":"Motorola Solutions","category":"other ALPR","query_date":"2026-09-23"},"geometry":{"type":"Point","coordinates":[-118.12496,33.86053]}},{"type":"Feature","properties":{"osm_id":14127224401,"operator":"","manufacturer":"Motorola Solutions","category":"other ALPR","query_date":"2026-09-23"},"geometry":{"type":"Point","coordinates":[-118.12491,33.86024]}},{"type":"Feature","properties":{"osm_id":14127224402,"operator":"","manufacturer":"Motorola Solutions","category":"other ALPR","query_date":"2026-09-23"},"geometry":{"type":"Point","coordinates":[-118.12535,33.86045]}},{"type":"Feature","properties":{"osm_id":14127224801,"operator":"","manufacturer":"Motorola Solutions","category":"other ALPR","query_date":"2026-09-23"},"geometry":{"type":"Point","coordinates":[-118.12523,33.86016]}},{"type":"Feature","properties":{"osm_id":14127224802,"operator":"","manufacturer":"Motorola Solutions","category":"other ALPR","query_date":"2026-09-23"},"geometry":{"type":"Point","coordinates":[-118.12531,33.84716]}},{"type":"Feature","properties":{"osm_id":14127224803,"operator":"","manufacturer":"Motorola Solutions","category":"other ALPR","query_date":"2026-09-23"},"geometry":{"type":"Point","coordinates":[-118.11666,33.84712]}},{"type":"Feature","properties":{"osm_id":14127225801,"operator":"","manufacturer":"Motorola Solutions","category":"other ALPR","query_date":"2026-09-23"},"geometry":{"type":"Point","coordinates":[-118.12491,33.84697]}},{"type":"Feature","properties":{"osm_id":14127226001,"operator":"","manufacturer":"Motorola Solutions","category":"other ALPR","query_date":"2026-09-23"},"geometry":{"type":"Point","coordinates":[-118.125,33.84726]}},{"type":"Feature","properties":{"osm_id":14127227701,"operator":"","manufacturer":"Motorola Solutions","category":"other ALPR","query_date":"2026-09-23"},"geometry":{"type":"Point","coordinates":[-118.11633,33.8472]}},{"type":"Feature","properties":{"osm_id":14127228701,"operator":"","manufacturer":"Motorola Solutions","category":"other ALPR","query_date":"2026-09-23"},"geometry":{"type":"Point","coordinates":[-118.11653,33.84687]}},{"type":"Feature","properties":{"osm_id":14127228702,"operator":"","manufacturer":"Motorola Solutions","category":"other ALPR","query_date":"2026-09-23"},"geometry":{"type":"Point","coordinates":[-118.1162,33.84695]}},{"type":"Feature","properties":{"osm_id":14127233601,"operator":"","manufacturer":"Motorola Solutions","category":"other ALPR","query_date":"2026-09-23"},"geometry":{"type":"Point","coordinates":[-118.12529,33.86662]}},{"type":"Feature","properties":{"osm_id":14127655502,"operator":"","manufacturer":"Flock Safety","category":"Flock","query_date":"2026-09-23"},"geometry":{"type":"Point","coordinates":[-118.36808,34.20124]}},{"type":"Feature","properties":{"osm_id":14127659501,"operator":"","manufacturer":"Flock Safety","category":"Flock","query_date":"2026-09-23"},"geometry":{"type":"Point","coordinates":[-118.3681,34.20125]}},{"type":"Feature","properties":{"osm_id":14129587001,"operator":"","manufacturer":"Flock Safety","category":"Flock","query_date":"2026-09-23"},"geometry":{"type":"Point","coordinates":[-117.9786,34.14323]}},{"type":"Feature","properties":{"osm_id":14130197202,"operator":"","manufacturer":"Flock Safety","category":"Flock","query_date":"2026-09-23"},"geometry":{"type":"Point","coordinates":[-118.40458,33.87098]}},{"type":"Feature","properties":{"osm_id":14130227602,"operator":"","manufacturer":"Flock Safety","category":"Flock","query_date":"2026-09-23"},"geometry":{"type":"Point","coordinates":[-118.18658,33.98128]}},{"type":"Feature","properties":{"osm_id":14130396401,"operator":"","manufacturer":"Flock Safety","category":"Flock","query_date":"2026-09-23"},"geometry":{"type":"Point","coordinates":[-118.11533,33.78194]}},{"type":"Feature","properties":{"osm_id":14131486502,"operator":"","manufacturer":"Flock Safety","category":"Flock","query_date":"2026-09-23"},"geometry":{"type":"Point","coordinates":[-118.09478,33.85976]}},{"type":"Feature","properties":{"osm_id":14131490401,"operator":"","manufacturer":"Flock Safety","category":"Flock","query_date":"2026-09-23"},"geometry":{"type":"Point","coordinates":[-118.09415,33.86022]}},{"type":"Feature","properties":{"osm_id":14131496001,"operator":"","manufacturer":"Flock Safety","category":"Flock","query_date":"2026-09-23"},"geometry":{"type":"Point","coordinates":[-118.09532,33.85981]}},{"type":"Feature","properties":{"osm_id":14132197801,"operator":"","manufacturer":"Flock Safety","category":"Flock","query_date":"2026-09-23"},"geometry":{"type":"Point","coordinates":[-118.22513,34.21729]}},{"type":"Feature","properties":{"osm_id":14132465001,"operator":"","manufacturer":"Flock Safety","category":"Flock","query_date":"2026-09-23"},"geometry":{"type":"Point","coordinates":[-118.16092,34.01041]}},{"type":"Feature","properties":{"osm_id":14132485202,"operator":"","manufacturer":"Flock Safety","category":"Flock","query_date":"2026-09-23"},"geometry":{"type":"Point","coordinates":[-118.08579,33.90244]}},{"type":"Feature","properties":{"osm_id":14132487101,"operator":"","manufacturer":"Flock Safety","category":"Flock","query_date":"2026-09-23"},"geometry":{"type":"Point","coordinates":[-118.0864,33.90243]}},{"type":"Feature","properties":{"osm_id":14133700701,"operator":"","manufacturer":"Flock Safety","category":"Flock","query_date":"2026-09-23"},"geometry":{"type":"Point","coordinates":[-118.12774,34.03365]}},{"type":"Feature","properties":{"osm_id":14133815501,"operator":"Pasadena Police Department","manufacturer":"Motorola Solutions","category":"other ALPR","query_date":"2026-09-23"},"geometry":{"type":"Point","coordinates":[-118.16649,34.14915]}},{"type":"Feature","properties":{"osm_id":14133815502,"operator":"Pasadena Police Department","manufacturer":"Motorola Solutions","category":"other ALPR","query_date":"2026-09-23"},"geometry":{"type":"Point","coordinates":[-118.16641,34.14934]}},{"type":"Feature","properties":{"osm_id":14133818301,"operator":"Pasadena Police Department","manufacturer":"Motorola Solutions","category":"other ALPR","query_date":"2026-09-23"},"geometry":{"type":"Point","coordinates":[-118.16641,34.14934]}},{"type":"Feature","properties":{"osm_id":14133974601,"operator":"","manufacturer":"Flock Safety","category":"Flock","query_date":"2026-09-23"},"geometry":{"type":"Point","coordinates":[-118.41195,34.09054]}},{"type":"Feature","properties":{"osm_id":14134026601,"operator":"","manufacturer":"Flock Safety","category":"Flock","query_date":"2026-09-23"},"geometry":{"type":"Point","coordinates":[-118.18938,33.97099]}},{"type":"Feature","properties":{"osm_id":14134101101,"operator":"","manufacturer":"Motorola Solutions","category":"other ALPR","query_date":"2026-09-23"},"geometry":{"type":"Point","coordinates":[-118.14702,34.56829]}},{"type":"Feature","properties":{"osm_id":14134163901,"operator":"","manufacturer":"Motorola Solutions","category":"other ALPR","query_date":"2026-09-23"},"geometry":{"type":"Point","coordinates":[-117.98871,34.01877]}},{"type":"Feature","properties":{"osm_id":14134164701,"operator":"","manufacturer":"Motorola Solutions","category":"other ALPR","query_date":"2026-09-23"},"geometry":{"type":"Point","coordinates":[-117.98858,34.01845]}},{"type":"Feature","properties":{"osm_id":14134245901,"operator":"","manufacturer":"Flock Safety","category":"Flock","query_date":"2026-09-23"},"geometry":{"type":"Point","coordinates":[-118.55798,34.24405]}},{"type":"Feature","properties":{"osm_id":14135086541,"operator":"","manufacturer":null,"category":"other ALPR","query_date":"2026-09-23"},"geometry":{"type":"Point","coordinates":[-118.60424,34.0897]}},{"type":"Feature","properties":{"osm_id":14135618601,"operator":"","manufacturer":"Flock Safety","category":"Flock","query_date":"2026-09-23"},"geometry":{"type":"Point","coordinates":[-118.13248,33.98402]}},{"type":"Feature","properties":{"osm_id":14135671601,"operator":"","manufacturer":"Flock Safety","category":"Flock","query_date":"2026-09-23"},"geometry":{"type":"Point","coordinates":[-117.9671,34.03353]}},{"type":"Feature","properties":{"osm_id":14136039213,"operator":"Pasadena Police Department","manufacturer":"Motorola Solutions","category":"other ALPR","query_date":"2026-09-23"},"geometry":{"type":"Point","coordinates":[-118.15955,34.15227]}},{"type":"Feature","properties":{"osm_id":14136232902,"operator":"","manufacturer":"Flock Safety","category":"Flock","query_date":"2026-09-23"},"geometry":{"type":"Point","coordinates":[-118.48005,33.99852]}},{"type":"Feature","properties":{"osm_id":14136248001,"operator":"","manufacturer":"Flock Safety","category":"Flock","query_date":"2026-09-23"},"geometry":{"type":"Point","coordinates":[-118.30918,33.87412]}},{"type":"Feature","properties":{"osm_id":14136248801,"operator":"","manufacturer":"Flock Safety","category":"Flock","query_date":"2026-09-23"},"geometry":{"type":"Point","coordinates":[-118.30918,33.87411]}},{"type":"Feature","properties":{"osm_id":14138377301,"operator":"","manufacturer":"Motorola Solutions","category":"other ALPR","query_date":"2026-09-23"},"geometry":{"type":"Point","coordinates":[-118.32793,33.80594]}},{"type":"Feature","properties":{"osm_id":14138459601,"operator":"","manufacturer":"Motorola Solutions","category":"other ALPR","query_date":"2026-09-23"},"geometry":{"type":"Point","coordinates":[-118.33344,33.79216]}},{"type":"Feature","properties":{"osm_id":14138555802,"operator":"","manufacturer":"Motorola Solutions","category":"other ALPR","query_date":"2026-09-23"},"geometry":{"type":"Point","coordinates":[-117.85826,33.97556]}},{"type":"Feature","properties":{"osm_id":14138556401,"operator":"","manufacturer":"Motorola Solutions","category":"other ALPR","query_date":"2026-09-23"},"geometry":{"type":"Point","coordinates":[-117.85855,33.97543]}},{"type":"Feature","properties":{"osm_id":14138556501,"operator":"","manufacturer":"Motorola Solutions","category":"other ALPR","query_date":"2026-09-23"},"geometry":{"type":"Point","coordinates":[-117.85794,33.97541]}},{"type":"Feature","properties":{"osm_id":14138617878,"operator":"Pasadena Police Department","manufacturer":"Flock Safety","category":"Flock","query_date":"2026-09-23"},"geometry":{"type":"Point","coordinates":[-118.14779,34.12762]}},{"type":"Feature","properties":{"osm_id":14138658553,"operator":"","manufacturer":"Flock Safety","category":"Flock","query_date":"2026-09-23"},"geometry":{"type":"Point","coordinates":[-117.85504,34.1507]}},{"type":"Feature","properties":{"osm_id":14138666902,"operator":"","manufacturer":"Motorola Solutions","category":"other ALPR","query_date":"2026-09-23"},"geometry":{"type":"Point","coordinates":[-118.22512,33.97557]}},{"type":"Feature","properties":{"osm_id":14140796202,"operator":"","manufacturer":"Flock Safety","category":"Flock","query_date":"2026-09-23"},"geometry":{"type":"Point","coordinates":[-118.3825,34.02043]}},{"type":"Feature","properties":{"osm_id":14140995702,"operator":"","manufacturer":"Flock Safety","category":"Flock","query_date":"2026-09-23"},"geometry":{"type":"Point","coordinates":[-118.42139,34.14535]}},{"type":"Feature","properties":{"osm_id":14141022301,"operator":"","manufacturer":"Flock Safety","category":"Flock","query_date":"2026-09-23"},"geometry":{"type":"Point","coordinates":[-117.83446,34.04766]}},{"type":"Feature","properties":{"osm_id":14142783005,"operator":"","manufacturer":"Motorola Solutions","category":"other ALPR","query_date":"2026-09-23"},"geometry":{"type":"Point","coordinates":[-118.12513,33.8361]}},{"type":"Feature","properties":{"osm_id":14143125501,"operator":"","manufacturer":"Flock Safety","category":"Flock","query_date":"2026-09-23"},"geometry":{"type":"Point","coordinates":[-118.41187,34.21255]}},{"type":"Feature","properties":{"osm_id":14143266801,"operator":"","manufacturer":"Axis Communications","category":"other ALPR","query_date":"2026-09-23"},"geometry":{"type":"Point","coordinates":[-118.46999,34.06522]}},{"type":"Feature","properties":{"osm_id":14143280002,"operator":"","manufacturer":"Flock Safety","category":"Flock","query_date":"2026-09-23"},"geometry":{"type":"Point","coordinates":[-118.47749,34.03605]}},{"type":"Feature","properties":{"osm_id":14143301602,"operator":"","manufacturer":"Axis Communications","category":"other ALPR","query_date":"2026-09-23"},"geometry":{"type":"Point","coordinates":[-118.47847,34.02738]}},{"type":"Feature","properties":{"osm_id":14143302701,"operator":"","manufacturer":"Axis Communications","category":"other ALPR","query_date":"2026-09-23"},"geometry":{"type":"Point","coordinates":[-118.47689,34.026]}},{"type":"Feature","properties":{"osm_id":14143322239,"operator":"","manufacturer":"Flock Safety","category":"Flock","query_date":"2026-09-23"},"geometry":{"type":"Point","coordinates":[-118.4483,34.06888]}},{"type":"Feature","properties":{"osm_id":14143322240,"operator":"","manufacturer":"Flock Safety","category":"Flock","query_date":"2026-09-23"},"geometry":{"type":"Point","coordinates":[-118.44852,34.0688]}},{"type":"Feature","properties":{"osm_id":14143426301,"operator":"","manufacturer":"Axis Communications","category":"other ALPR","query_date":"2026-09-23"},"geometry":{"type":"Point","coordinates":[-118.46566,34.02156]}},{"type":"Feature","properties":{"osm_id":14143426401,"operator":"","manufacturer":"Axis Communications","category":"other ALPR","query_date":"2026-09-23"},"geometry":{"type":"Point","coordinates":[-118.4666,34.02091]}},{"type":"Feature","properties":{"osm_id":14143491501,"operator":"","manufacturer":"Flock Safety","category":"Flock","query_date":"2026-09-23"},"geometry":{"type":"Point","coordinates":[-118.0697,33.8241]}},{"type":"Feature","properties":{"osm_id":14143635101,"operator":"","manufacturer":"Flock Safety","category":"Flock","query_date":"2026-09-23"},"geometry":{"type":"Point","coordinates":[-118.08353,34.09079]}},{"type":"Feature","properties":{"osm_id":14143692123,"operator":"","manufacturer":"Axon Enterprise","category":"other ALPR","query_date":"2026-09-23"},"geometry":{"type":"Point","coordinates":[-118.34488,34.15356]}},{"type":"Feature","properties":{"osm_id":14143880598,"operator":"","manufacturer":"Flock Safety","category":"Flock","query_date":"2026-09-23"},"geometry":{"type":"Point","coordinates":[-118.17555,33.7897]}},{"type":"Feature","properties":{"osm_id":14143912502,"operator":"","manufacturer":"Axis Communications","category":"other ALPR","query_date":"2026-09-23"},"geometry":{"type":"Point","coordinates":[-118.35494,34.02553]}},{"type":"Feature","properties":{"osm_id":14143917201,"operator":"","manufacturer":"Axis Communications","category":"other ALPR","query_date":"2026-09-23"},"geometry":{"type":"Point","coordinates":[-118.34599,34.01749]}},{"type":"Feature","properties":{"osm_id":14143919401,"operator":"","manufacturer":"Axis Communications","category":"other ALPR","query_date":"2026-09-23"},"geometry":{"type":"Point","coordinates":[-118.34599,34.01749]}},{"type":"Feature","properties":{"osm_id":14143923201,"operator":"","manufacturer":"Axis Communications","category":"other ALPR","query_date":"2026-09-23"},"geometry":{"type":"Point","coordinates":[-118.3265,33.94912]}},{"type":"Feature","properties":{"osm_id":14143923203,"operator":"","manufacturer":"Axis Communications","category":"other ALPR","query_date":"2026-09-23"},"geometry":{"type":"Point","coordinates":[-118.32651,33.94549]}},{"type":"Feature","properties":{"osm_id":14143923204,"operator":"","manufacturer":"Axis Communications","category":"other ALPR","query_date":"2026-09-23"},"geometry":{"type":"Point","coordinates":[-118.32656,33.91644]}},{"type":"Feature","properties":{"osm_id":14144990095,"operator":"Pasadena Police Department","manufacturer":"Flock Safety","category":"Flock","query_date":"2026-09-23"},"geometry":{"type":"Point","coordinates":[-118.13172,34.15764]}},{"type":"Feature","properties":{"osm_id":14144990096,"operator":"Pasadena Police Department","manufacturer":"Flock Safety","category":"Flock","query_date":"2026-09-23"},"geometry":{"type":"Point","coordinates":[-118.13256,34.15093]}},{"type":"Feature","properties":{"osm_id":14144990097,"operator":"Pasadena Police Department","manufacturer":"Flock Safety","category":"Flock","query_date":"2026-09-23"},"geometry":{"type":"Point","coordinates":[-118.15056,34.14478]}},{"type":"Feature","properties":{"osm_id":14144990098,"operator":"Pasadena Police Department","manufacturer":"Flock Safety","category":"Flock","query_date":"2026-09-23"},"geometry":{"type":"Point","coordinates":[-118.14904,34.14684]}},{"type":"Feature","properties":{"osm_id":14144990099,"operator":"Pasadena Police Department","manufacturer":"Flock Safety","category":"Flock","query_date":"2026-09-23"},"geometry":{"type":"Point","coordinates":[-118.15069,34.15031]}},{"type":"Feature","properties":{"osm_id":14145046301,"operator":"","manufacturer":"Motorola Solutions","category":"other ALPR","query_date":"2026-09-23"},"geometry":{"type":"Point","coordinates":[-118.13399,33.86779]}},{"type":"Feature","properties":{"osm_id":14145356001,"operator":"","manufacturer":"Flock Safety","category":"Flock","query_date":"2026-09-23"},"geometry":{"type":"Point","coordinates":[-118.18261,33.9341]}},{"type":"Feature","properties":{"osm_id":14145356701,"operator":"","manufacturer":"Flock Safety","category":"Flock","query_date":"2026-09-23"},"geometry":{"type":"Point","coordinates":[-118.18262,33.93389]}},{"type":"Feature","properties":{"osm_id":14145377601,"operator":"","manufacturer":"Genetec","category":"other ALPR","query_date":"2026-09-23"},"geometry":{"type":"Point","coordinates":[-118.32615,33.86397]}},{"type":"Feature","properties":{"osm_id":14145379401,"operator":"","manufacturer":"Flock Safety","category":"Flock","query_date":"2026-09-23"},"geometry":{"type":"Point","coordinates":[-118.32882,33.82229]}},{"type":"Feature","properties":{"osm_id":14145403201,"operator":"","manufacturer":"Flock Safety","category":"Flock","query_date":"2026-09-23"},"geometry":{"type":"Point","coordinates":[-118.32888,33.83642]}},{"type":"Feature","properties":{"osm_id":14145981100,"operator":"","manufacturer":"Flock Safety","category":"Flock","query_date":"2026-09-23"},"geometry":{"type":"Point","coordinates":[-118.1369,34.58259]}},{"type":"Feature","properties":{"osm_id":14146063301,"operator":"","manufacturer":"Flock Safety","category":"Flock","query_date":"2026-09-23"},"geometry":{"type":"Point","coordinates":[-118.33556,33.82733]}},{"type":"Feature","properties":{"osm_id":14148738701,"operator":"The Home Depot","manufacturer":"Flock Safety","category":"Flock (store-operated)","query_date":"2026-09-23"},"geometry":{"type":"Point","coordinates":[-118.31245,33.98864]}},{"type":"Feature","properties":{"osm_id":14148741001,"operator":"The Home Depot","manufacturer":"Flock Safety","category":"Flock (store-operated)","query_date":"2026-09-23"},"geometry":{"type":"Point","coordinates":[-118.31245,33.98864]}},{"type":"Feature","properties":{"osm_id":14148747237,"operator":"The Home Depot","manufacturer":"Flock Safety","category":"Flock (store-operated)","query_date":"2026-09-23"},"geometry":{"type":"Point","coordinates":[-118.31245,33.98864]}},{"type":"Feature","properties":{"osm_id":14148876902,"operator":"The Home Depot","manufacturer":"Flock Safety","category":"Flock (store-operated)","query_date":"2026-09-23"},"geometry":{"type":"Point","coordinates":[-118.31294,33.98783]}},{"type":"Feature","properties":{"osm_id":14148935301,"operator":"","manufacturer":"Flock Safety","category":"Flock","query_date":"2026-09-23"},"geometry":{"type":"Point","coordinates":[-118.29148,33.96074]}},{"type":"Feature","properties":{"osm_id":14152598101,"operator":"","manufacturer":"Flock Safety","category":"Flock","query_date":"2026-09-23"},"geometry":{"type":"Point","coordinates":[-117.88719,34.0739]}},{"type":"Feature","properties":{"osm_id":14152909201,"operator":"","manufacturer":"Axis Communications","category":"other ALPR","query_date":"2026-09-23"},"geometry":{"type":"Point","coordinates":[-118.07734,34.68202]}},{"type":"Feature","properties":{"osm_id":14152909202,"operator":"","manufacturer":"Axis Communications","category":"other ALPR","query_date":"2026-09-23"},"geometry":{"type":"Point","coordinates":[-118.18368,34.68925]}},{"type":"Feature","properties":{"osm_id":14152917601,"operator":"","manufacturer":"Rekor","category":"other ALPR","query_date":"2026-09-23"},"geometry":{"type":"Point","coordinates":[-118.12996,34.67195]}},{"type":"Feature","properties":{"osm_id":14157958302,"operator":"","manufacturer":"Motorola Solutions","category":"other ALPR","query_date":"2026-09-23"},"geometry":{"type":"Point","coordinates":[-118.53587,34.17161]}},{"type":"Feature","properties":{"osm_id":14158006107,"operator":"","manufacturer":"Flock Safety","category":"Flock","query_date":"2026-09-23"},"geometry":{"type":"Point","coordinates":[-118.03907,34.06062]}},{"type":"Feature","properties":{"osm_id":14158379601,"operator":"","manufacturer":"Flock Safety","category":"Flock","query_date":"2026-09-23"},"geometry":{"type":"Point","coordinates":[-118.2246,33.90319]}},{"type":"Feature","properties":{"osm_id":14158445984,"operator":"","manufacturer":"Flock Safety","category":"Flock","query_date":"2026-09-23"},"geometry":{"type":"Point","coordinates":[-117.86831,34.01897]}},{"type":"Feature","properties":{"osm_id":14158602101,"operator":"","manufacturer":"Flock Safety","category":"Flock","query_date":"2026-09-23"},"geometry":{"type":"Point","coordinates":[-118.87575,34.03966]}},{"type":"Feature","properties":{"osm_id":14158832702,"operator":"","manufacturer":"Axis Communications","category":"other ALPR","query_date":"2026-09-23"},"geometry":{"type":"Point","coordinates":[-118.51853,34.18049]}},{"type":"Feature","properties":{"osm_id":14158841701,"operator":"","manufacturer":"Motorola Solutions","category":"other ALPR","query_date":"2026-09-23"},"geometry":{"type":"Point","coordinates":[-118.5361,34.17137]}},{"type":"Feature","properties":{"osm_id":14158842101,"operator":"","manufacturer":"Axis Communications","category":"other ALPR","query_date":"2026-09-23"},"geometry":{"type":"Point","coordinates":[-118.5012,34.18592]}},{"type":"Feature","properties":{"osm_id":14159919503,"operator":"","manufacturer":"Flock Safety","category":"Flock","query_date":"2026-09-23"},"geometry":{"type":"Point","coordinates":[-118.27762,34.02201]}},{"type":"Feature","properties":{"osm_id":14159919601,"operator":"","manufacturer":"Flock Safety","category":"Flock","query_date":"2026-09-23"},"geometry":{"type":"Point","coordinates":[-118.27606,34.04416]}},{"type":"Feature","properties":{"osm_id":14159919602,"operator":"","manufacturer":"Flock Safety","category":"Flock","query_date":"2026-09-23"},"geometry":{"type":"Point","coordinates":[-118.28265,34.0115]}},{"type":"Feature","properties":{"osm_id":14159923801,"operator":"","manufacturer":"Flock Safety","category":"Flock","query_date":"2026-09-23"},"geometry":{"type":"Point","coordinates":[-118.27763,34.022]}},{"type":"Feature","properties":{"osm_id":14159937001,"operator":"","manufacturer":"Flock Safety","category":"Flock","query_date":"2026-09-23"},"geometry":{"type":"Point","coordinates":[-118.25168,34.04554]}},{"type":"Feature","properties":{"osm_id":14159941301,"operator":"","manufacturer":"Flock Safety","category":"Flock","query_date":"2026-09-23"},"geometry":{"type":"Point","coordinates":[-118.27105,34.04875]}},{"type":"Feature","properties":{"osm_id":14160117904,"operator":"","manufacturer":"Flock Safety","category":"Flock","query_date":"2026-09-23"},"geometry":{"type":"Point","coordinates":[-118.39553,33.90518]}},{"type":"Feature","properties":{"osm_id":14160273501,"operator":"","manufacturer":"Flock Safety","category":"Flock","query_date":"2026-09-23"},"geometry":{"type":"Point","coordinates":[-118.55812,34.24352]}},{"type":"Feature","properties":{"osm_id":14161377401,"operator":"","manufacturer":"Flock Safety","category":"Flock","query_date":"2026-09-23"},"geometry":{"type":"Point","coordinates":[-118.28772,33.74699]}},{"type":"Feature","properties":{"osm_id":14165245301,"operator":"","manufacturer":"Flock Safety","category":"Flock","query_date":"2026-09-23"},"geometry":{"type":"Point","coordinates":[-117.91938,34.03608]}},{"type":"Feature","properties":{"osm_id":14165544303,"operator":"","manufacturer":"Flock Safety","category":"Flock","query_date":"2026-09-23"},"geometry":{"type":"Point","coordinates":[-118.07348,34.08853]}},{"type":"Feature","properties":{"osm_id":14165545802,"operator":"","manufacturer":"Flock Safety","category":"Flock","query_date":"2026-09-23"},"geometry":{"type":"Point","coordinates":[-118.07336,34.09368]}},{"type":"Feature","properties":{"osm_id":14167718702,"operator":"","manufacturer":"Axon Enterprise","category":"other ALPR","query_date":"2026-09-23"},"geometry":{"type":"Point","coordinates":[-118.44523,34.06383]}},{"type":"Feature","properties":{"osm_id":14167736901,"operator":"","manufacturer":"Flock Safety","category":"Flock","query_date":"2026-09-23"},"geometry":{"type":"Point","coordinates":[-118.41822,34.00964]}},{"type":"Feature","properties":{"osm_id":14167890901,"operator":"","manufacturer":"Axis Communications","category":"other ALPR","query_date":"2026-09-23"},"geometry":{"type":"Point","coordinates":[-118.32954,34.16115]}},{"type":"Feature","properties":{"osm_id":14167891801,"operator":"","manufacturer":"Axis Communications","category":"other ALPR","query_date":"2026-09-23"},"geometry":{"type":"Point","coordinates":[-118.32812,34.1582]}},{"type":"Feature","properties":{"osm_id":14167914202,"operator":"","manufacturer":"Flock Safety","category":"Flock","query_date":"2026-09-23"},"geometry":{"type":"Point","coordinates":[-118.41242,34.08424]}},{"type":"Feature","properties":{"osm_id":14167918501,"operator":"","manufacturer":"Axis Communications","category":"other ALPR","query_date":"2026-09-23"},"geometry":{"type":"Point","coordinates":[-118.41127,34.07842]}},{"type":"Feature","properties":{"osm_id":14167920001,"operator":"","manufacturer":"Axis Communications","category":"other ALPR","query_date":"2026-09-23"},"geometry":{"type":"Point","coordinates":[-118.40367,34.07169]}},{"type":"Feature","properties":{"osm_id":14168682101,"operator":"","manufacturer":"Motorola Solutions","category":"other ALPR","query_date":"2026-09-23"},"geometry":{"type":"Point","coordinates":[-117.68565,34.15449]}},{"type":"Feature","properties":{"osm_id":14170817502,"operator":"","manufacturer":"Flock Safety","category":"Flock","query_date":"2026-09-23"},"geometry":{"type":"Point","coordinates":[-118.09044,34.01358]}},{"type":"Feature","properties":{"osm_id":14170825901,"operator":"","manufacturer":"Flock Safety","category":"Flock","query_date":"2026-09-23"},"geometry":{"type":"Point","coordinates":[-118.39613,33.95969]}},{"type":"Feature","properties":{"osm_id":14170891201,"operator":"","manufacturer":"Flock Safety","category":"Flock","query_date":"2026-09-23"},"geometry":{"type":"Point","coordinates":[-118.05026,34.07796]}},{"type":"Feature","properties":{"osm_id":14170952101,"operator":"","manufacturer":"Flock Safety","category":"Flock","query_date":"2026-09-23"},"geometry":{"type":"Point","coordinates":[-118.4338,34.00485]}},{"type":"Feature","properties":{"osm_id":14174865501,"operator":"","manufacturer":"Flock Safety","category":"Flock","query_date":"2026-09-23"},"geometry":{"type":"Point","coordinates":[-117.84642,34.00652]}},{"type":"Feature","properties":{"osm_id":14174865701,"operator":"","manufacturer":"Flock Safety","category":"Flock","query_date":"2026-09-23"},"geometry":{"type":"Point","coordinates":[-117.84665,34.00644]}},{"type":"Feature","properties":{"osm_id":14174887501,"operator":"","manufacturer":"Flock Safety","category":"Flock","query_date":"2026-09-23"},"geometry":{"type":"Point","coordinates":[-118.14876,34.20492]}},{"type":"Feature","properties":{"osm_id":14175804401,"operator":"","manufacturer":"Flock Safety","category":"Flock","query_date":"2026-09-23"},"geometry":{"type":"Point","coordinates":[-118.1414,34.02474]}},{"type":"Feature","properties":{"osm_id":14179703301,"operator":"","manufacturer":"Motorola Solutions","category":"other ALPR","query_date":"2026-09-23"},"geometry":{"type":"Point","coordinates":[-118.0632,33.83388]}},{"type":"Feature","properties":{"osm_id":14179875801,"operator":"","manufacturer":"Flock Safety","category":"Flock","query_date":"2026-09-23"},"geometry":{"type":"Point","coordinates":[-118.07192,33.82404]}},{"type":"Feature","properties":{"osm_id":14180019501,"operator":"","manufacturer":"Flock Safety","category":"Flock","query_date":"2026-09-23"},"geometry":{"type":"Point","coordinates":[-117.98819,34.12818]}},{"type":"Feature","properties":{"osm_id":14180021801,"operator":"","manufacturer":"Flock Safety","category":"Flock","query_date":"2026-09-23"},"geometry":{"type":"Point","coordinates":[-117.98631,34.13295]}},{"type":"Feature","properties":{"osm_id":14180872601,"operator":"","manufacturer":"Flock Safety","category":"Flock","query_date":"2026-09-23"},"geometry":{"type":"Point","coordinates":[-118.42865,33.99706]}},{"type":"Feature","properties":{"osm_id":14181578901,"operator":"","manufacturer":"Axis Communications","category":"other ALPR","query_date":"2026-09-23"},"geometry":{"type":"Point","coordinates":[-118.39724,34.02845]}},{"type":"Feature","properties":{"osm_id":14181811197,"operator":"","manufacturer":"Flock Safety","category":"Flock","query_date":"2026-09-23"},"geometry":{"type":"Point","coordinates":[-118.40651,34.01353]}},{"type":"Feature","properties":{"osm_id":14181969332,"operator":"","manufacturer":"Axon Enterprise","category":"other ALPR","query_date":"2026-09-23"},"geometry":{"type":"Point","coordinates":[-118.33834,34.18073]}},{"type":"Feature","properties":{"osm_id":14181987901,"operator":"","manufacturer":"Flock Safety","category":"Flock","query_date":"2026-09-23"},"geometry":{"type":"Point","coordinates":[-118.39738,33.85268]}},{"type":"Feature","properties":{"osm_id":14181992102,"operator":"","manufacturer":"Flock Safety","category":"Flock","query_date":"2026-09-23"},"geometry":{"type":"Point","coordinates":[-118.24114,34.16055]}},{"type":"Feature","properties":{"osm_id":14182251301,"operator":"","manufacturer":"Flock Safety","category":"Flock","query_date":"2026-09-23"},"geometry":{"type":"Point","coordinates":[-117.84886,34.04255]}},{"type":"Feature","properties":{"osm_id":14182257601,"operator":"","manufacturer":"Flock Safety","category":"Flock","query_date":"2026-09-23"},"geometry":{"type":"Point","coordinates":[-117.84874,34.04258]}},{"type":"Feature","properties":{"osm_id":14182439402,"operator":"","manufacturer":null,"category":"Flock","query_date":"2026-09-23"},"geometry":{"type":"Point","coordinates":[-118.06478,33.96756]}},{"type":"Feature","properties":{"osm_id":14182578201,"operator":"","manufacturer":"Flock Safety","category":"Flock","query_date":"2026-09-23"},"geometry":{"type":"Point","coordinates":[-117.90788,34.08163]}},{"type":"Feature","properties":{"osm_id":14183888501,"operator":"","manufacturer":"Motorola Solutions","category":"other ALPR","query_date":"2026-09-23"},"geometry":{"type":"Point","coordinates":[-118.34387,33.91643]}},{"type":"Feature","properties":{"osm_id":14184468601,"operator":"","manufacturer":"Axon Enterprise","category":"other ALPR","query_date":"2026-09-23"},"geometry":{"type":"Point","coordinates":[-118.29643,34.1842]}},{"type":"Feature","properties":{"osm_id":14185723901,"operator":"","manufacturer":"Flock Safety","category":"Flock","query_date":"2026-09-23"},"geometry":{"type":"Point","coordinates":[-118.00978,34.12217]}},{"type":"Feature","properties":{"osm_id":14188377101,"operator":"","manufacturer":"Flock Safety","category":"Flock","query_date":"2026-09-23"},"geometry":{"type":"Point","coordinates":[-118.05789,33.92533]}},{"type":"Feature","properties":{"osm_id":14188377401,"operator":"","manufacturer":"Flock Safety","category":"Flock","query_date":"2026-09-23"},"geometry":{"type":"Point","coordinates":[-118.05782,33.92533]}},{"type":"Feature","properties":{"osm_id":14188377601,"operator":"","manufacturer":"Flock Safety","category":"Flock","query_date":"2026-09-23"},"geometry":{"type":"Point","coordinates":[-118.05782,33.92622]}},{"type":"Feature","properties":{"osm_id":14188377901,"operator":"","manufacturer":"Flock Safety","category":"Flock","query_date":"2026-09-23"},"geometry":{"type":"Point","coordinates":[-118.05789,33.92625]}},{"type":"Feature","properties":{"osm_id":14188378001,"operator":"","manufacturer":"Flock Safety","category":"Flock","query_date":"2026-09-23"},"geometry":{"type":"Point","coordinates":[-118.0579,33.92618]}},{"type":"Feature","properties":{"osm_id":14188378801,"operator":"","manufacturer":"Flock Safety","category":"Flock","query_date":"2026-09-23"},"geometry":{"type":"Point","coordinates":[-118.05782,33.92699]}},{"type":"Feature","properties":{"osm_id":14188378802,"operator":"","manufacturer":"Flock Safety","category":"Flock","query_date":"2026-09-23"},"geometry":{"type":"Point","coordinates":[-118.05788,33.92705]}},{"type":"Feature","properties":{"osm_id":14189277403,"operator":"","manufacturer":"Flock Safety","category":"Flock","query_date":"2026-09-23"},"geometry":{"type":"Point","coordinates":[-118.27306,33.77935]}},{"type":"Feature","properties":{"osm_id":14190675402,"operator":"","manufacturer":"Flock Safety","category":"Flock","query_date":"2026-09-23"},"geometry":{"type":"Point","coordinates":[-118.47977,34.05936]}},{"type":"Feature","properties":{"osm_id":14190748201,"operator":"","manufacturer":"Flock Safety","category":"Flock","query_date":"2026-09-23"},"geometry":{"type":"Point","coordinates":[-118.28955,33.86095]}},{"type":"Feature","properties":{"osm_id":14194514402,"operator":"","manufacturer":"Axis Communications","category":"other ALPR","query_date":"2026-09-23"},"geometry":{"type":"Point","coordinates":[-118.18363,34.67492]}},{"type":"Feature","properties":{"osm_id":14196090101,"operator":"","manufacturer":null,"category":"Flock","query_date":"2026-09-23"},"geometry":{"type":"Point","coordinates":[-118.18882,33.82723]}},{"type":"Feature","properties":{"osm_id":14197659302,"operator":"","manufacturer":"Flock Safety","category":"Flock","query_date":"2026-09-23"},"geometry":{"type":"Point","coordinates":[-118.34704,33.96972]}},{"type":"Feature","properties":{"osm_id":14197765806,"operator":"","manufacturer":"Flock Safety","category":"Flock","query_date":"2026-09-23"},"geometry":{"type":"Point","coordinates":[-118.30165,34.10955]}},{"type":"Feature","properties":{"osm_id":14200553801,"operator":"","manufacturer":"Motorola Solutions","category":"other ALPR","query_date":"2026-09-23"},"geometry":{"type":"Point","coordinates":[-118.13396,33.88206]}},{"type":"Feature","properties":{"osm_id":14200556001,"operator":"","manufacturer":"Motorola Solutions","category":"other ALPR","query_date":"2026-09-23"},"geometry":{"type":"Point","coordinates":[-118.14263,33.88203]}},{"type":"Feature","properties":{"osm_id":14200557701,"operator":"","manufacturer":"Motorola Solutions","category":"other ALPR","query_date":"2026-09-23"},"geometry":{"type":"Point","coordinates":[-118.14257,33.87846]}},{"type":"Feature","properties":{"osm_id":14201679201,"operator":"","manufacturer":"Flock Safety","category":"Flock","query_date":"2026-09-23"},"geometry":{"type":"Point","coordinates":[-118.03574,34.05596]}},{"type":"Feature","properties":{"osm_id":14202277101,"operator":"","manufacturer":"Flock Safety","category":"Flock","query_date":"2026-09-23"},"geometry":{"type":"Point","coordinates":[-118.38972,34.05993]}},{"type":"Feature","properties":{"osm_id":14202532201,"operator":"","manufacturer":"Flock Safety","category":"Flock","query_date":"2026-09-23"},"geometry":{"type":"Point","coordinates":[-118.03569,34.05853]}},{"type":"Feature","properties":{"osm_id":14202568301,"operator":"","manufacturer":"Motorola Solutions","category":"other ALPR","query_date":"2026-09-23"},"geometry":{"type":"Point","coordinates":[-117.94534,33.9903]}},{"type":"Feature","properties":{"osm_id":14202568401,"operator":"","manufacturer":"Motorola Solutions","category":"other ALPR","query_date":"2026-09-23"},"geometry":{"type":"Point","coordinates":[-117.94559,33.9901]}},{"type":"Feature","properties":{"osm_id":14202568501,"operator":"","manufacturer":"Motorola Solutions","category":"other ALPR","query_date":"2026-09-23"},"geometry":{"type":"Point","coordinates":[-117.94533,33.98991]}},{"type":"Feature","properties":{"osm_id":14202568601,"operator":"","manufacturer":"Motorola Solutions","category":"other ALPR","query_date":"2026-09-23"},"geometry":{"type":"Point","coordinates":[-117.94513,33.99009]}}]}