{"type":"FeatureCollection","features":[{"type":"Feature","properties":{"osm_id":7614656363,"operator":"","manufacturer":"Flock Safety","category":"Flock","query_date":"2026-09-23"},"geometry":{"type":"Point","coordinates":[-122.05575,47.53627]}},{"type":"Feature","properties":{"osm_id":8067871833,"operator":"","manufacturer":"Flock Safety","category":"Flock","query_date":"2026-09-23"},"geometry":{"type":"Point","coordinates":[-122.19713,47.44139]}},{"type":"Feature","properties":{"osm_id":9244023001,"operator":"","manufacturer":"Flock Safety","category":"Flock","query_date":"2026-09-23"},"geometry":{"type":"Point","coordinates":[-122.36666,47.731]}},{"type":"Feature","properties":{"osm_id":9664287616,"operator":"[Newport Yacht Club]","manufacturer":"Flock Safety","category":"Flock","query_date":"2026-09-23"},"geometry":{"type":"Point","coordinates":[-122.18236,47.57114]}},{"type":"Feature","properties":{"osm_id":9696427066,"operator":"Flock Safety","manufacturer":null,"category":"Flock","query_date":"2026-09-23"},"geometry":{"type":"Point","coordinates":[-122.20013,47.49964]}},{"type":"Feature","properties":{"osm_id":9875062956,"operator":"","manufacturer":null,"category":"other ALPR","query_date":"2026-09-23"},"geometry":{"type":"Point","coordinates":[-122.22811,47.62107]}},{"type":"Feature","properties":{"osm_id":10124950507,"operator":"Washington State Department of Transportation","manufacturer":null,"category":"other ALPR","query_date":"2026-09-23"},"geometry":{"type":"Point","coordinates":[-122.34422,47.62248]}},{"type":"Feature","properties":{"osm_id":10124950508,"operator":"Washington State Department of Transportation","manufacturer":null,"category":"other ALPR","query_date":"2026-09-23"},"geometry":{"type":"Point","coordinates":[-122.34409,47.62244]}},{"type":"Feature","properties":{"osm_id":10124952033,"operator":"Washington State Department of Transportation","manufacturer":null,"category":"other ALPR","query_date":"2026-09-23"},"geometry":{"type":"Point","coordinates":[-122.33556,47.59541]}},{"type":"Feature","properties":{"osm_id":10124952034,"operator":"Washington State Department of Transportation","manufacturer":null,"category":"other ALPR","query_date":"2026-09-23"},"geometry":{"type":"Point","coordinates":[-122.33552,47.59541]}},{"type":"Feature","properties":{"osm_id":10125289730,"operator":"Washington State Department of Transportation","manufacturer":null,"category":"other ALPR","query_date":"2026-09-23"},"geometry":{"type":"Point","coordinates":[-122.23578,47.63701]}},{"type":"Feature","properties":{"osm_id":10125289731,"operator":"Washington State Department of Transportation","manufacturer":null,"category":"other ALPR","query_date":"2026-09-23"},"geometry":{"type":"Point","coordinates":[-122.23592,47.63664]}},{"type":"Feature","properties":{"osm_id":10125289732,"operator":"Washington State Department of Transportation","manufacturer":null,"category":"other ALPR","query_date":"2026-09-23"},"geometry":{"type":"Point","coordinates":[-122.23584,47.63685]}},{"type":"Feature","properties":{"osm_id":10125289733,"operator":"Washington State Department of Transportation","manufacturer":null,"category":"other ALPR","query_date":"2026-09-23"},"geometry":{"type":"Point","coordinates":[-122.23587,47.63677]}},{"type":"Feature","properties":{"osm_id":11234366919,"operator":"Washington State Department of Transportation","manufacturer":null,"category":"other ALPR","query_date":"2026-09-23"},"geometry":{"type":"Point","coordinates":[-122.18802,47.73567]}},{"type":"Feature","properties":{"osm_id":11234366920,"operator":"Washington State Department of Transportation","manufacturer":null,"category":"other ALPR","query_date":"2026-09-23"},"geometry":{"type":"Point","coordinates":[-122.18963,47.72205]}},{"type":"Feature","properties":{"osm_id":11234366921,"operator":"Washington State Department of Transportation","manufacturer":null,"category":"other ALPR","query_date":"2026-09-23"},"geometry":{"type":"Point","coordinates":[-122.18657,47.71681]}},{"type":"Feature","properties":{"osm_id":11234366922,"operator":"Washington State Department of Transportation","manufacturer":null,"category":"other ALPR","query_date":"2026-09-23"},"geometry":{"type":"Point","coordinates":[-122.18407,47.71257]}},{"type":"Feature","properties":{"osm_id":11234366923,"operator":"Washington State Department of Transportation","manufacturer":null,"category":"other ALPR","query_date":"2026-09-23"},"geometry":{"type":"Point","coordinates":[-122.18641,47.67288]}},{"type":"Feature","properties":{"osm_id":11234366924,"operator":"Washington State Department of Transportation","manufacturer":null,"category":"other ALPR","query_date":"2026-09-23"},"geometry":{"type":"Point","coordinates":[-122.18688,47.64319]}},{"type":"Feature","properties":{"osm_id":11234366925,"operator":"Washington State Department of Transportation","manufacturer":null,"category":"other ALPR","query_date":"2026-09-23"},"geometry":{"type":"Point","coordinates":[-122.18898,47.61692]}},{"type":"Feature","properties":{"osm_id":11234366926,"operator":"Washington State Department of Transportation","manufacturer":null,"category":"other ALPR","query_date":"2026-09-23"},"geometry":{"type":"Point","coordinates":[-122.1888,47.61691]}},{"type":"Feature","properties":{"osm_id":11234366927,"operator":"Washington State Department of Transportation","manufacturer":null,"category":"other ALPR","query_date":"2026-09-23"},"geometry":{"type":"Point","coordinates":[-122.18869,47.61691]}},{"type":"Feature","properties":{"osm_id":11234366928,"operator":"Washington State Department of Transportation","manufacturer":null,"category":"other ALPR","query_date":"2026-09-23"},"geometry":{"type":"Point","coordinates":[-122.18852,47.6169]}},{"type":"Feature","properties":{"osm_id":11234366929,"operator":"Washington State Department of Transportation","manufacturer":null,"category":"other ALPR","query_date":"2026-09-23"},"geometry":{"type":"Point","coordinates":[-122.18685,47.65923]}},{"type":"Feature","properties":{"osm_id":11234366930,"operator":"Washington State Department of Transportation","manufacturer":null,"category":"other ALPR","query_date":"2026-09-23"},"geometry":{"type":"Point","coordinates":[-122.17918,47.70241]}},{"type":"Feature","properties":{"osm_id":11234366931,"operator":"Washington State Department of Transportation","manufacturer":null,"category":"other ALPR","query_date":"2026-09-23"},"geometry":{"type":"Point","coordinates":[-122.18399,47.71259]}},{"type":"Feature","properties":{"osm_id":11234366932,"operator":"Washington State Department of Transportation","manufacturer":null,"category":"other ALPR","query_date":"2026-09-23"},"geometry":{"type":"Point","coordinates":[-122.18642,47.71685]}},{"type":"Feature","properties":{"osm_id":11234366933,"operator":"Washington State Department of Transportation","manufacturer":null,"category":"other ALPR","query_date":"2026-09-23"},"geometry":{"type":"Point","coordinates":[-122.18763,47.73564]}},{"type":"Feature","properties":{"osm_id":11454156409,"operator":"Flock Safety","manufacturer":null,"category":"Flock","query_date":"2026-09-23"},"geometry":{"type":"Point","coordinates":[-122.24903,47.46189]}},{"type":"Feature","properties":{"osm_id":12342250854,"operator":"","manufacturer":null,"category":"Flock","query_date":"2026-09-23"},"geometry":{"type":"Point","coordinates":[-122.29905,47.58015]}},{"type":"Feature","properties":{"osm_id":12408218667,"operator":"Flock Safety","manufacturer":null,"category":"Flock","query_date":"2026-09-23"},"geometry":{"type":"Point","coordinates":[-121.99981,47.30159]}},{"type":"Feature","properties":{"osm_id":12552325155,"operator":"","manufacturer":"Flock Safety","category":"Flock","query_date":"2026-09-23"},"geometry":{"type":"Point","coordinates":[-122.22907,47.621]}},{"type":"Feature","properties":{"osm_id":12552325156,"operator":"","manufacturer":"Flock Safety","category":"Flock","query_date":"2026-09-23"},"geometry":{"type":"Point","coordinates":[-122.22907,47.62111]}},{"type":"Feature","properties":{"osm_id":12552404436,"operator":"","manufacturer":null,"category":"other ALPR","query_date":"2026-09-23"},"geometry":{"type":"Point","coordinates":[-122.22857,47.62079]}},{"type":"Feature","properties":{"osm_id":12552438432,"operator":"","manufacturer":"Flock Safety","category":"Flock","query_date":"2026-09-23"},"geometry":{"type":"Point","coordinates":[-122.22796,47.62076]}},{"type":"Feature","properties":{"osm_id":12552438433,"operator":"","manufacturer":"Flock Safety","category":"Flock","query_date":"2026-09-23"},"geometry":{"type":"Point","coordinates":[-122.22797,47.62069]}},{"type":"Feature","properties":{"osm_id":12601883613,"operator":"","manufacturer":"Flock Safety","category":"Flock","query_date":"2026-09-23"},"geometry":{"type":"Point","coordinates":[-122.16606,47.53779]}},{"type":"Feature","properties":{"osm_id":12601886057,"operator":"","manufacturer":"Flock Safety","category":"Flock","query_date":"2026-09-23"},"geometry":{"type":"Point","coordinates":[-122.16542,47.53762]}},{"type":"Feature","properties":{"osm_id":12601889951,"operator":"","manufacturer":"Flock Safety","category":"Flock","query_date":"2026-09-23"},"geometry":{"type":"Point","coordinates":[-122.16569,47.53786]}},{"type":"Feature","properties":{"osm_id":12602090369,"operator":"","manufacturer":"Flock Safety","category":"Flock","query_date":"2026-09-23"},"geometry":{"type":"Point","coordinates":[-122.15896,47.51885]}},{"type":"Feature","properties":{"osm_id":12607844887,"operator":"","manufacturer":"Flock Safety","category":"Flock","query_date":"2026-09-23"},"geometry":{"type":"Point","coordinates":[-122.16562,47.53728]}},{"type":"Feature","properties":{"osm_id":12624044894,"operator":"Flock Safety","manufacturer":null,"category":"Flock","query_date":"2026-09-23"},"geometry":{"type":"Point","coordinates":[-122.32187,47.46345]}},{"type":"Feature","properties":{"osm_id":12653176299,"operator":"Flock Safety","manufacturer":null,"category":"Flock","query_date":"2026-09-23"},"geometry":{"type":"Point","coordinates":[-122.20608,47.49815]}},{"type":"Feature","properties":{"osm_id":12654166139,"operator":"Flock Safety","manufacturer":null,"category":"Flock","query_date":"2026-09-23"},"geometry":{"type":"Point","coordinates":[-122.22909,47.273]}},{"type":"Feature","properties":{"osm_id":12654277181,"operator":"Des Moines Police","manufacturer":"Flock Safety","category":"Flock","query_date":"2026-09-23"},"geometry":{"type":"Point","coordinates":[-122.32482,47.34798]}},{"type":"Feature","properties":{"osm_id":12656904268,"operator":"Flock Safety","manufacturer":null,"category":"Flock","query_date":"2026-09-23"},"geometry":{"type":"Point","coordinates":[-122.26878,47.46524]}},{"type":"Feature","properties":{"osm_id":12657252586,"operator":"Flock Safety","manufacturer":null,"category":"Flock","query_date":"2026-09-23"},"geometry":{"type":"Point","coordinates":[-122.19938,47.49846]}},{"type":"Feature","properties":{"osm_id":12660371575,"operator":"Flock Safety","manufacturer":null,"category":"Flock","query_date":"2026-09-23"},"geometry":{"type":"Point","coordinates":[-122.25806,47.46143]}},{"type":"Feature","properties":{"osm_id":12660379900,"operator":"Flock Safety","manufacturer":null,"category":"Flock","query_date":"2026-09-23"},"geometry":{"type":"Point","coordinates":[-122.25029,47.4617]}},{"type":"Feature","properties":{"osm_id":12660379975,"operator":"Flock Safety","manufacturer":null,"category":"Flock","query_date":"2026-09-23"},"geometry":{"type":"Point","coordinates":[-122.25088,47.46145]}},{"type":"Feature","properties":{"osm_id":12660439929,"operator":"Flock Safety","manufacturer":null,"category":"Flock","query_date":"2026-09-23"},"geometry":{"type":"Point","coordinates":[-122.25014,47.46052]}},{"type":"Feature","properties":{"osm_id":12660441754,"operator":"Flock Safety","manufacturer":null,"category":"Flock","query_date":"2026-09-23"},"geometry":{"type":"Point","coordinates":[-122.24641,47.45585]}},{"type":"Feature","properties":{"osm_id":12660446020,"operator":"Flock Safety","manufacturer":null,"category":"Flock","query_date":"2026-09-23"},"geometry":{"type":"Point","coordinates":[-122.25071,47.45956]}},{"type":"Feature","properties":{"osm_id":12660506628,"operator":"","manufacturer":"Flock Safety","category":"Flock","query_date":"2026-09-23"},"geometry":{"type":"Point","coordinates":[-122.21627,47.47088]}},{"type":"Feature","properties":{"osm_id":12670786527,"operator":"Federal Way Police","manufacturer":"Avigilon","category":"other ALPR","query_date":"2026-09-23"},"geometry":{"type":"Point","coordinates":[-122.30126,47.34358]}},{"type":"Feature","properties":{"osm_id":12670787843,"operator":"Federal Way Police","manufacturer":"Avigilon","category":"other ALPR","query_date":"2026-09-23"},"geometry":{"type":"Point","coordinates":[-122.30099,47.34336]}},{"type":"Feature","properties":{"osm_id":12670787844,"operator":"Federal Way Police","manufacturer":"Avigilon","category":"other ALPR","query_date":"2026-09-23"},"geometry":{"type":"Point","coordinates":[-122.30131,47.34323]}},{"type":"Feature","properties":{"osm_id":12670808917,"operator":"Federal Way Police","manufacturer":"Avigilon","category":"other ALPR","query_date":"2026-09-23"},"geometry":{"type":"Point","coordinates":[-122.30157,47.34346]}},{"type":"Feature","properties":{"osm_id":12670820617,"operator":"","manufacturer":"Flock Safety","category":"Flock","query_date":"2026-09-23"},"geometry":{"type":"Point","coordinates":[-122.29986,47.33747]}},{"type":"Feature","properties":{"osm_id":12670824454,"operator":"","manufacturer":"Flock Safety","category":"Flock","query_date":"2026-09-23"},"geometry":{"type":"Point","coordinates":[-122.30048,47.33884]}},{"type":"Feature","properties":{"osm_id":12674797342,"operator":"Federal Way Police","manufacturer":"Other w/ Rekor Scout","category":"other ALPR","query_date":"2026-09-23"},"geometry":{"type":"Point","coordinates":[-122.31358,47.29333]}},{"type":"Feature","properties":{"osm_id":12674827612,"operator":"Federal Way Police","manufacturer":"Other w/ Rekor Scout","category":"other ALPR","query_date":"2026-09-23"},"geometry":{"type":"Point","coordinates":[-122.31371,47.28942]}},{"type":"Feature","properties":{"osm_id":12674838624,"operator":"Federal Way Police","manufacturer":"Other w/ Rekor Scout","category":"other ALPR","query_date":"2026-09-23"},"geometry":{"type":"Point","coordinates":[-122.31341,47.28987]}},{"type":"Feature","properties":{"osm_id":12674904284,"operator":"Federal Way Police","manufacturer":"Other w/ Rekor Scout","category":"other ALPR","query_date":"2026-09-23"},"geometry":{"type":"Point","coordinates":[-122.31388,47.28981]}},{"type":"Feature","properties":{"osm_id":12674905244,"operator":"Federal Way Police","manufacturer":"Other w/ Rekor Scout","category":"other ALPR","query_date":"2026-09-23"},"geometry":{"type":"Point","coordinates":[-122.31372,47.29351]}},{"type":"Feature","properties":{"osm_id":12674921166,"operator":"Federal Way Police","manufacturer":"Other w/ Rekor Scout","category":"other ALPR","query_date":"2026-09-23"},"geometry":{"type":"Point","coordinates":[-122.31334,47.28956]}},{"type":"Feature","properties":{"osm_id":12674927530,"operator":"Federal Way Police","manufacturer":"Other w/ Rekor Scout","category":"other ALPR","query_date":"2026-09-23"},"geometry":{"type":"Point","coordinates":[-122.31343,47.29366]}},{"type":"Feature","properties":{"osm_id":12695428756,"operator":"The Home Depot","manufacturer":"Flock Safety","category":"Flock (store-operated)","query_date":"2026-09-23"},"geometry":{"type":"Point","coordinates":[-122.10122,47.67125]}},{"type":"Feature","properties":{"osm_id":12710868183,"operator":"Federal Way Police","manufacturer":"Other w/ Rekor Scout","category":"other ALPR","query_date":"2026-09-23"},"geometry":{"type":"Point","coordinates":[-122.31202,47.32978]}},{"type":"Feature","properties":{"osm_id":12710916663,"operator":"Federal Way Police","manufacturer":"Other w/ Rekor Scout","category":"other ALPR","query_date":"2026-09-23"},"geometry":{"type":"Point","coordinates":[-122.31324,47.32255]}},{"type":"Feature","properties":{"osm_id":12710928365,"operator":"Federal Way Police","manufacturer":"Other w/ Rekor Scout","category":"other ALPR","query_date":"2026-09-23"},"geometry":{"type":"Point","coordinates":[-122.31369,47.32247]}},{"type":"Feature","properties":{"osm_id":12710931316,"operator":"Federal Way Police","manufacturer":"Other w/ Rekor Scout","category":"other ALPR","query_date":"2026-09-23"},"geometry":{"type":"Point","coordinates":[-122.31338,47.3259]}},{"type":"Feature","properties":{"osm_id":12710931320,"operator":"Federal Way Police","manufacturer":"Other w/ Rekor Scout","category":"other ALPR","query_date":"2026-09-23"},"geometry":{"type":"Point","coordinates":[-122.31357,47.31493]}},{"type":"Feature","properties":{"osm_id":12710932360,"operator":"Federal Way Police","manufacturer":"Other w/ Rekor Scout","category":"other ALPR","query_date":"2026-09-23"},"geometry":{"type":"Point","coordinates":[-122.30335,47.31501]}},{"type":"Feature","properties":{"osm_id":12710937335,"operator":"Federal Way Police","manufacturer":"Other w/ Rekor Scout","category":"other ALPR","query_date":"2026-09-23"},"geometry":{"type":"Point","coordinates":[-122.31238,47.32948]}},{"type":"Feature","properties":{"osm_id":12710938974,"operator":"Federal Way Police","manufacturer":"Other w/ Rekor Scout","category":"other ALPR","query_date":"2026-09-23"},"geometry":{"type":"Point","coordinates":[-122.31353,47.32227]}},{"type":"Feature","properties":{"osm_id":12710940515,"operator":"","manufacturer":null,"category":"other ALPR","query_date":"2026-09-23"},"geometry":{"type":"Point","coordinates":[-122.31201,47.32978]}},{"type":"Feature","properties":{"osm_id":12710942007,"operator":"Federal Way Police","manufacturer":"Other w/ Rekor Scout","category":"other ALPR","query_date":"2026-09-23"},"geometry":{"type":"Point","coordinates":[-122.31382,47.31525]}},{"type":"Feature","properties":{"osm_id":12710946174,"operator":"Federal Way Police","manufacturer":"Other w/ Rekor Scout","category":"other ALPR","query_date":"2026-09-23"},"geometry":{"type":"Point","coordinates":[-122.30131,47.31505]}},{"type":"Feature","properties":{"osm_id":12720719754,"operator":"Federal Way Police","manufacturer":"Flock Safety","category":"Flock","query_date":"2026-09-23"},"geometry":{"type":"Point","coordinates":[-122.36104,47.31506]}},{"type":"Feature","properties":{"osm_id":12720735127,"operator":"Federal Way Police","manufacturer":"Flock Safety","category":"Flock","query_date":"2026-09-23"},"geometry":{"type":"Point","coordinates":[-122.36077,47.31514]}},{"type":"Feature","properties":{"osm_id":12720761404,"operator":"Federal Way Police","manufacturer":"Flock Safety","category":"Flock","query_date":"2026-09-23"},"geometry":{"type":"Point","coordinates":[-122.36089,47.31531]}},{"type":"Feature","properties":{"osm_id":12720781569,"operator":"Federal Way Police","manufacturer":"Flock Safety","category":"Flock","query_date":"2026-09-23"},"geometry":{"type":"Point","coordinates":[-122.36114,47.31523]}},{"type":"Feature","properties":{"osm_id":12749204483,"operator":"The Home Depot","manufacturer":"Flock Safety","category":"Flock (store-operated)","query_date":"2026-09-23"},"geometry":{"type":"Point","coordinates":[-122.3121,47.28602]}},{"type":"Feature","properties":{"osm_id":12749244437,"operator":"Lowe's","manufacturer":"Flock Safety","category":"Flock (store-operated)","query_date":"2026-09-23"},"geometry":{"type":"Point","coordinates":[-122.31479,47.28277]}},{"type":"Feature","properties":{"osm_id":12749249712,"operator":"The Home Depot","manufacturer":"Flock Safety","category":"Flock (store-operated)","query_date":"2026-09-23"},"geometry":{"type":"Point","coordinates":[-122.30982,47.28594]}},{"type":"Feature","properties":{"osm_id":12749258695,"operator":"Lowe's","manufacturer":"Flock Safety","category":"Flock (store-operated)","query_date":"2026-09-23"},"geometry":{"type":"Point","coordinates":[-122.31432,47.28486]}},{"type":"Feature","properties":{"osm_id":12749259647,"operator":"Lowe's","manufacturer":"Flock Safety","category":"Flock (store-operated)","query_date":"2026-09-23"},"geometry":{"type":"Point","coordinates":[-122.31419,47.28485]}},{"type":"Feature","properties":{"osm_id":12749270025,"operator":"The Home Depot","manufacturer":"Flock Safety","category":"Flock (store-operated)","query_date":"2026-09-23"},"geometry":{"type":"Point","coordinates":[-122.31082,47.28609]}},{"type":"Feature","properties":{"osm_id":12749278793,"operator":"Lowe's","manufacturer":"Flock Safety","category":"Flock (store-operated)","query_date":"2026-09-23"},"geometry":{"type":"Point","coordinates":[-122.05437,47.54881]}},{"type":"Feature","properties":{"osm_id":12749279729,"operator":"Lowe's","manufacturer":"Flock Safety","category":"Flock (store-operated)","query_date":"2026-09-23"},"geometry":{"type":"Point","coordinates":[-122.05578,47.54837]}},{"type":"Feature","properties":{"osm_id":12749279730,"operator":"","manufacturer":"Flock Safety","category":"Flock","query_date":"2026-09-23"},"geometry":{"type":"Point","coordinates":[-122.29825,47.58089]}},{"type":"Feature","properties":{"osm_id":12749282013,"operator":"Lowe's","manufacturer":"Flock Safety","category":"Flock (store-operated)","query_date":"2026-09-23"},"geometry":{"type":"Point","coordinates":[-122.05587,47.54977]}},{"type":"Feature","properties":{"osm_id":12758842485,"operator":"Des Moines Police","manufacturer":"Flock Safety","category":"Flock","query_date":"2026-09-23"},"geometry":{"type":"Point","coordinates":[-122.31311,47.35812]}},{"type":"Feature","properties":{"osm_id":12810867953,"operator":"","manufacturer":"Flock Safety","category":"Flock","query_date":"2026-09-23"},"geometry":{"type":"Point","coordinates":[-122.2261,47.32103]}},{"type":"Feature","properties":{"osm_id":12810881529,"operator":"Auburn Police","manufacturer":"Flock Safety","category":"Flock","query_date":"2026-09-23"},"geometry":{"type":"Point","coordinates":[-122.23044,47.32095]}},{"type":"Feature","properties":{"osm_id":12837755000,"operator":"","manufacturer":"Flock Safety","category":"Flock","query_date":"2026-09-23"},"geometry":{"type":"Point","coordinates":[-122.1151,47.67697]}},{"type":"Feature","properties":{"osm_id":12851304643,"operator":"The Home Depot","manufacturer":"Flock Safety","category":"Flock (store-operated)","query_date":"2026-09-23"},"geometry":{"type":"Point","coordinates":[-122.34458,47.71325]}},{"type":"Feature","properties":{"osm_id":12857584738,"operator":"Auburn Police","manufacturer":"Flock Safety","category":"Flock","query_date":"2026-09-23"},"geometry":{"type":"Point","coordinates":[-122.22942,47.35382]}},{"type":"Feature","properties":{"osm_id":12857585901,"operator":"Auburn Police","manufacturer":"Flock Safety","category":"Flock","query_date":"2026-09-23"},"geometry":{"type":"Point","coordinates":[-122.22803,47.35366]}},{"type":"Feature","properties":{"osm_id":12857585964,"operator":"Auburn Police","manufacturer":"Flock Safety","category":"Flock","query_date":"2026-09-23"},"geometry":{"type":"Point","coordinates":[-122.22752,47.35367]}},{"type":"Feature","properties":{"osm_id":12869445902,"operator":"","manufacturer":"Flock Safety","category":"Flock","query_date":"2026-09-23"},"geometry":{"type":"Point","coordinates":[-122.23655,47.44134]}},{"type":"Feature","properties":{"osm_id":12872102060,"operator":"","manufacturer":"Flock Safety","category":"Flock","query_date":"2026-09-23"},"geometry":{"type":"Point","coordinates":[-122.1634,47.54352]}},{"type":"Feature","properties":{"osm_id":12872102061,"operator":"","manufacturer":"Flock Safety","category":"Flock","query_date":"2026-09-23"},"geometry":{"type":"Point","coordinates":[-122.1634,47.5437]}},{"type":"Feature","properties":{"osm_id":12879851832,"operator":"","manufacturer":"Flock Safety","category":"Flock","query_date":"2026-09-23"},"geometry":{"type":"Point","coordinates":[-122.33393,47.45554]}},{"type":"Feature","properties":{"osm_id":12880174995,"operator":"Covington Police","manufacturer":"Flock Safety","category":"Flock","query_date":"2026-09-23"},"geometry":{"type":"Point","coordinates":[-122.1172,47.35793]}},{"type":"Feature","properties":{"osm_id":12880179748,"operator":"Des Moines Police","manufacturer":"Flock Safety","category":"Flock","query_date":"2026-09-23"},"geometry":{"type":"Point","coordinates":[-122.32455,47.39779]}},{"type":"Feature","properties":{"osm_id":12880182797,"operator":"","manufacturer":"Flock Safety","category":"Flock","query_date":"2026-09-23"},"geometry":{"type":"Point","coordinates":[-122.24959,47.44228]}},{"type":"Feature","properties":{"osm_id":12880198365,"operator":"Covington Police","manufacturer":"Flock Safety","category":"Flock","query_date":"2026-09-23"},"geometry":{"type":"Point","coordinates":[-122.11818,47.34971]}},{"type":"Feature","properties":{"osm_id":12880198366,"operator":"Des Moines Police","manufacturer":"Flock Safety","category":"Flock","query_date":"2026-09-23"},"geometry":{"type":"Point","coordinates":[-122.29594,47.39473]}},{"type":"Feature","properties":{"osm_id":12880205933,"operator":"Covington Police","manufacturer":"Flock Safety","category":"Flock","query_date":"2026-09-23"},"geometry":{"type":"Point","coordinates":[-122.12552,47.35769]}},{"type":"Feature","properties":{"osm_id":12880221387,"operator":"Covington Police","manufacturer":"Flock Safety","category":"Flock","query_date":"2026-09-23"},"geometry":{"type":"Point","coordinates":[-122.10663,47.35853]}},{"type":"Feature","properties":{"osm_id":12882531160,"operator":"","manufacturer":"Flock Safety","category":"Flock","query_date":"2026-09-23"},"geometry":{"type":"Point","coordinates":[-122.21861,47.48469]}},{"type":"Feature","properties":{"osm_id":12882536782,"operator":"","manufacturer":"Flock Safety","category":"Flock","query_date":"2026-09-23"},"geometry":{"type":"Point","coordinates":[-122.17634,47.48866]}},{"type":"Feature","properties":{"osm_id":12918286566,"operator":"City of Redmond","manufacturer":"Flock Safety","category":"Flock","query_date":"2026-09-23"},"geometry":{"type":"Point","coordinates":[-122.10415,47.67153]}},{"type":"Feature","properties":{"osm_id":12918286567,"operator":"The Home Depot","manufacturer":"Flock Safety","category":"Flock (store-operated)","query_date":"2026-09-23"},"geometry":{"type":"Point","coordinates":[-122.10335,47.66997]}},{"type":"Feature","properties":{"osm_id":12918286568,"operator":"The Home Depot","manufacturer":"Flock Safety","category":"Flock (store-operated)","query_date":"2026-09-23"},"geometry":{"type":"Point","coordinates":[-122.1026,47.67026]}},{"type":"Feature","properties":{"osm_id":12922615564,"operator":"Auburn Police","manufacturer":"Flock Safety","category":"Flock","query_date":"2026-09-23"},"geometry":{"type":"Point","coordinates":[-122.22133,47.32125]}},{"type":"Feature","properties":{"osm_id":12922630895,"operator":"Auburn Police","manufacturer":"Flock Safety","category":"Flock","query_date":"2026-09-23"},"geometry":{"type":"Point","coordinates":[-122.22883,47.35287]}},{"type":"Feature","properties":{"osm_id":12922633520,"operator":"Auburn Police","manufacturer":"Flock Safety","category":"Flock","query_date":"2026-09-23"},"geometry":{"type":"Point","coordinates":[-122.22163,47.32046]}},{"type":"Feature","properties":{"osm_id":12922650568,"operator":"Kent Police","manufacturer":"Flock Safety","category":"Flock","query_date":"2026-09-23"},"geometry":{"type":"Point","coordinates":[-122.23002,47.36186]}},{"type":"Feature","properties":{"osm_id":12922650570,"operator":"Kent Police","manufacturer":"Flock Safety","category":"Flock","query_date":"2026-09-23"},"geometry":{"type":"Point","coordinates":[-122.2358,47.37766]}},{"type":"Feature","properties":{"osm_id":12922674171,"operator":"Kent Police","manufacturer":"Flock Safety","category":"Flock","query_date":"2026-09-23"},"geometry":{"type":"Point","coordinates":[-122.22985,47.37023]}},{"type":"Feature","properties":{"osm_id":12922681612,"operator":"Kent Police","manufacturer":"Flock Safety","category":"Flock","query_date":"2026-09-23"},"geometry":{"type":"Point","coordinates":[-122.24609,47.37816]}},{"type":"Feature","properties":{"osm_id":12948694847,"operator":"SeaTac Police","manufacturer":"Flock Safety","category":"Flock","query_date":"2026-09-23"},"geometry":{"type":"Point","coordinates":[-122.29575,47.43435]}},{"type":"Feature","properties":{"osm_id":12948707851,"operator":"Des Moines Police","manufacturer":"Flock Safety","category":"Flock","query_date":"2026-09-23"},"geometry":{"type":"Point","coordinates":[-122.32474,47.40661]}},{"type":"Feature","properties":{"osm_id":12948710965,"operator":"Washington State Department of Transportation","manufacturer":"Kapsch","category":"other ALPR","query_date":"2026-09-23"},"geometry":{"type":"Point","coordinates":[-122.24469,47.3524]}},{"type":"Feature","properties":{"osm_id":12948712649,"operator":"Des Moines Police","manufacturer":"Flock Safety","category":"Flock","query_date":"2026-09-23"},"geometry":{"type":"Point","coordinates":[-122.29849,47.40806]}},{"type":"Feature","properties":{"osm_id":12948712969,"operator":"Des Moines Police","manufacturer":"Flock Safety","category":"Flock","query_date":"2026-09-23"},"geometry":{"type":"Point","coordinates":[-122.298,47.4084]}},{"type":"Feature","properties":{"osm_id":12948720029,"operator":"SeaTac Police","manufacturer":"Flock Safety","category":"Flock","query_date":"2026-09-23"},"geometry":{"type":"Point","coordinates":[-122.2961,47.42289]}},{"type":"Feature","properties":{"osm_id":12948721270,"operator":"SeaTac Police","manufacturer":"Flock Safety","category":"Flock","query_date":"2026-09-23"},"geometry":{"type":"Point","coordinates":[-122.29531,47.43481]}},{"type":"Feature","properties":{"osm_id":12948721554,"operator":"SeaTac Police","manufacturer":"Flock Safety","category":"Flock","query_date":"2026-09-23"},"geometry":{"type":"Point","coordinates":[-122.3006,47.44997]}},{"type":"Feature","properties":{"osm_id":12948723191,"operator":"WSDOT","manufacturer":"Kapsch","category":"other ALPR","query_date":"2026-09-23"},"geometry":{"type":"Point","coordinates":[-122.24507,47.32462]}},{"type":"Feature","properties":{"osm_id":12948723780,"operator":"SeaTac Police","manufacturer":"Flock Safety","category":"Flock","query_date":"2026-09-23"},"geometry":{"type":"Point","coordinates":[-122.2958,47.43468]}},{"type":"Feature","properties":{"osm_id":12948731156,"operator":"SeaTac Police","manufacturer":"Flock Safety","category":"Flock","query_date":"2026-09-23"},"geometry":{"type":"Point","coordinates":[-122.30069,47.45169]}},{"type":"Feature","properties":{"osm_id":12948744950,"operator":"Washington State Department of Transportation","manufacturer":"Kapsch","category":"other ALPR","query_date":"2026-09-23"},"geometry":{"type":"Point","coordinates":[-122.24483,47.3524]}},{"type":"Feature","properties":{"osm_id":12948744951,"operator":"Washington State Department of Transportation","manufacturer":"Kapsch","category":"other ALPR","query_date":"2026-09-23"},"geometry":{"type":"Point","coordinates":[-122.24469,47.35243]}},{"type":"Feature","properties":{"osm_id":12948745268,"operator":"Washington State Department of Transportation","manufacturer":"Kapsch","category":"other ALPR","query_date":"2026-09-23"},"geometry":{"type":"Point","coordinates":[-122.24483,47.35243]}},{"type":"Feature","properties":{"osm_id":12948751418,"operator":"Washington State Department of Transportation","manufacturer":"Kapsch","category":"other ALPR","query_date":"2026-09-23"},"geometry":{"type":"Point","coordinates":[-122.24486,47.32008]}},{"type":"Feature","properties":{"osm_id":12948760362,"operator":"Washington State Department of Transportation","manufacturer":"Kapsch","category":"other ALPR","query_date":"2026-09-23"},"geometry":{"type":"Point","coordinates":[-122.24425,47.37306]}},{"type":"Feature","properties":{"osm_id":12948763123,"operator":"Washington State Department of Transportation","manufacturer":"Kapsch","category":"other ALPR","query_date":"2026-09-23"},"geometry":{"type":"Point","coordinates":[-122.24425,47.37304]}},{"type":"Feature","properties":{"osm_id":12948763815,"operator":"Washington State Department of Transportation","manufacturer":"Kapsch","category":"other ALPR","query_date":"2026-09-23"},"geometry":{"type":"Point","coordinates":[-122.24486,47.3201]}},{"type":"Feature","properties":{"osm_id":12948765437,"operator":"Washington State Department of Transportation","manufacturer":"Kapsch","category":"other ALPR","query_date":"2026-09-23"},"geometry":{"type":"Point","coordinates":[-122.24448,47.37929]}},{"type":"Feature","properties":{"osm_id":12948765903,"operator":"WSDOT","manufacturer":"Kapsch","category":"other ALPR","query_date":"2026-09-23"},"geometry":{"type":"Point","coordinates":[-122.24507,47.32464]}},{"type":"Feature","properties":{"osm_id":12948769591,"operator":"Renton Police","manufacturer":"Flock Safety","category":"Flock","query_date":"2026-09-23"},"geometry":{"type":"Point","coordinates":[-122.21863,47.47075]}},{"type":"Feature","properties":{"osm_id":12948773471,"operator":"Kent Police","manufacturer":"Flock Safety","category":"Flock","query_date":"2026-09-23"},"geometry":{"type":"Point","coordinates":[-122.22789,47.39952]}},{"type":"Feature","properties":{"osm_id":12948773938,"operator":"Washington State Department of Transportation","manufacturer":"Kapsch","category":"other ALPR","query_date":"2026-09-23"},"geometry":{"type":"Point","coordinates":[-122.24448,47.37927]}},{"type":"Feature","properties":{"osm_id":12948782957,"operator":"Kent Police","manufacturer":"Flock Safety","category":"Flock","query_date":"2026-09-23"},"geometry":{"type":"Point","coordinates":[-122.2282,47.39783]}},{"type":"Feature","properties":{"osm_id":12951036062,"operator":"WSDOT","manufacturer":"Kapsch","category":"other ALPR","query_date":"2026-09-23"},"geometry":{"type":"Point","coordinates":[-122.26082,47.26908]}},{"type":"Feature","properties":{"osm_id":12951071323,"operator":"WSDOT","manufacturer":"Kapsch","category":"other ALPR","query_date":"2026-09-23"},"geometry":{"type":"Point","coordinates":[-122.26081,47.26911]}},{"type":"Feature","properties":{"osm_id":12951077009,"operator":"WSDOT","manufacturer":"Kapsch","category":"other ALPR","query_date":"2026-09-23"},"geometry":{"type":"Point","coordinates":[-122.26072,47.26909]}},{"type":"Feature","properties":{"osm_id":12951079218,"operator":"WSDOT","manufacturer":"Kapsch","category":"other ALPR","query_date":"2026-09-23"},"geometry":{"type":"Point","coordinates":[-122.26073,47.26907]}},{"type":"Feature","properties":{"osm_id":12960297553,"operator":"","manufacturer":"Flock Safety","category":"Flock","query_date":"2026-09-23"},"geometry":{"type":"Point","coordinates":[-122.10573,47.67513]}},{"type":"Feature","properties":{"osm_id":12960297554,"operator":"City of Redmond","manufacturer":"Flock Safety","category":"Flock","query_date":"2026-09-23"},"geometry":{"type":"Point","coordinates":[-122.10541,47.6749]}},{"type":"Feature","properties":{"osm_id":12960320123,"operator":"City of Redmond","manufacturer":"Flock Safety","category":"Flock","query_date":"2026-09-23"},"geometry":{"type":"Point","coordinates":[-122.08948,47.67699]}},{"type":"Feature","properties":{"osm_id":12961491436,"operator":"City of Redmond","manufacturer":"Flock Safety","category":"Flock","query_date":"2026-09-23"},"geometry":{"type":"Point","coordinates":[-122.12666,47.66662]}},{"type":"Feature","properties":{"osm_id":12962339882,"operator":"City of Redmond","manufacturer":"Flock Safety","category":"Flock","query_date":"2026-09-23"},"geometry":{"type":"Point","coordinates":[-122.11067,47.67088]}},{"type":"Feature","properties":{"osm_id":12963309021,"operator":"City of Redmond","manufacturer":"Flock Safety","category":"Flock","query_date":"2026-09-23"},"geometry":{"type":"Point","coordinates":[-122.11509,47.67697]}},{"type":"Feature","properties":{"osm_id":12965497976,"operator":"City of Redmond","manufacturer":"Flock Safety","category":"Flock","query_date":"2026-09-23"},"geometry":{"type":"Point","coordinates":[-122.12763,47.67051]}},{"type":"Feature","properties":{"osm_id":12976143259,"operator":"The Home Depot","manufacturer":"Flock Safety","category":"Flock (store-operated)","query_date":"2026-09-23"},"geometry":{"type":"Point","coordinates":[-122.18276,47.61341]}},{"type":"Feature","properties":{"osm_id":12976143260,"operator":"The Home Depot","manufacturer":"Flock Safety","category":"Flock (store-operated)","query_date":"2026-09-23"},"geometry":{"type":"Point","coordinates":[-122.18078,47.6129]}},{"type":"Feature","properties":{"osm_id":12976278385,"operator":"Des Moines Police","manufacturer":"Verra Mobility","category":"other ALPR","query_date":"2026-09-23"},"geometry":{"type":"Point","coordinates":[-122.32198,47.34764]}},{"type":"Feature","properties":{"osm_id":12976308138,"operator":"Des Moines Police","manufacturer":"Verra Mobility","category":"other ALPR","query_date":"2026-09-23"},"geometry":{"type":"Point","coordinates":[-122.33217,47.34362]}},{"type":"Feature","properties":{"osm_id":12976308710,"operator":"Des Moines Police","manufacturer":"Verra Mobility","category":"other ALPR","query_date":"2026-09-23"},"geometry":{"type":"Point","coordinates":[-122.33217,47.34362]}},{"type":"Feature","properties":{"osm_id":12976338413,"operator":"Des Moines Police","manufacturer":"Verra Mobility","category":"other ALPR","query_date":"2026-09-23"},"geometry":{"type":"Point","coordinates":[-122.3217,47.34747]}},{"type":"Feature","properties":{"osm_id":12991077506,"operator":"Kent Police","manufacturer":"Flock Safety","category":"Flock","query_date":"2026-09-23"},"geometry":{"type":"Point","coordinates":[-122.30912,47.35807]}},{"type":"Feature","properties":{"osm_id":12991082864,"operator":"SeaTac Police","manufacturer":"Flock Safety","category":"Flock","query_date":"2026-09-23"},"geometry":{"type":"Point","coordinates":[-122.2958,47.45084]}},{"type":"Feature","properties":{"osm_id":12991101066,"operator":"Tukwila Police","manufacturer":"Flock Safety","category":"Flock","query_date":"2026-09-23"},"geometry":{"type":"Point","coordinates":[-122.29139,47.45984]}},{"type":"Feature","properties":{"osm_id":12994791817,"operator":"City of Redmond","manufacturer":"Flock Safety","category":"Flock","query_date":"2026-09-23"},"geometry":{"type":"Point","coordinates":[-122.10249,47.66814]}},{"type":"Feature","properties":{"osm_id":12996639098,"operator":"Federal Way Police","manufacturer":"Avigilon","category":"other ALPR","query_date":"2026-09-23"},"geometry":{"type":"Point","coordinates":[-122.36114,47.30077]}},{"type":"Feature","properties":{"osm_id":12996667406,"operator":"City of Redmond","manufacturer":"Flock Safety","category":"Flock","query_date":"2026-09-23"},"geometry":{"type":"Point","coordinates":[-122.13201,47.71068]}},{"type":"Feature","properties":{"osm_id":12996695577,"operator":"Federal Way Police","manufacturer":"Avigilon","category":"other ALPR","query_date":"2026-09-23"},"geometry":{"type":"Point","coordinates":[-122.36111,47.28283]}},{"type":"Feature","properties":{"osm_id":12996712762,"operator":"Federal Way Police","manufacturer":"Avigilon","category":"other ALPR","query_date":"2026-09-23"},"geometry":{"type":"Point","coordinates":[-122.3612,47.2826]}},{"type":"Feature","properties":{"osm_id":12996714952,"operator":"Federal Way Police","manufacturer":"Avigilon","category":"other ALPR","query_date":"2026-09-23"},"geometry":{"type":"Point","coordinates":[-122.36099,47.30278]}},{"type":"Feature","properties":{"osm_id":12996715307,"operator":"Federal Way Police","manufacturer":"Avigilon","category":"other ALPR","query_date":"2026-09-23"},"geometry":{"type":"Point","coordinates":[-122.36132,47.28276]}},{"type":"Feature","properties":{"osm_id":12996717087,"operator":"Federal Way Police","manufacturer":"Avigilon","category":"other ALPR","query_date":"2026-09-23"},"geometry":{"type":"Point","coordinates":[-122.36098,47.30056]}},{"type":"Feature","properties":{"osm_id":12996748625,"operator":"Federal Way Police","manufacturer":"Avigilon","category":"other ALPR","query_date":"2026-09-23"},"geometry":{"type":"Point","coordinates":[-122.36085,47.30089]}},{"type":"Feature","properties":{"osm_id":12996750640,"operator":"Federal Way Police","manufacturer":"Avigilon","category":"other ALPR","query_date":"2026-09-23"},"geometry":{"type":"Point","coordinates":[-122.36093,47.28266]}},{"type":"Feature","properties":{"osm_id":12996751605,"operator":"Federal Way Police","manufacturer":"Avigilon","category":"other ALPR","query_date":"2026-09-23"},"geometry":{"type":"Point","coordinates":[-122.38268,47.29738]}},{"type":"Feature","properties":{"osm_id":12996763671,"operator":"Federal Way Police","manufacturer":"Avigilon","category":"other ALPR","query_date":"2026-09-23"},"geometry":{"type":"Point","coordinates":[-122.36069,47.30065]}},{"type":"Feature","properties":{"osm_id":12996763703,"operator":"Federal Way Police","manufacturer":"Avigilon","category":"other ALPR","query_date":"2026-09-23"},"geometry":{"type":"Point","coordinates":[-122.38217,47.29728]}},{"type":"Feature","properties":{"osm_id":12996765753,"operator":"Federal Way Police","manufacturer":"Avigilon","category":"other ALPR","query_date":"2026-09-23"},"geometry":{"type":"Point","coordinates":[-122.36132,47.28274]}},{"type":"Feature","properties":{"osm_id":12996765843,"operator":"Federal Way Police","manufacturer":"Avigilon","category":"other ALPR","query_date":"2026-09-23"},"geometry":{"type":"Point","coordinates":[-122.3612,47.28259]}},{"type":"Feature","properties":{"osm_id":12996772123,"operator":"Federal Way Police","manufacturer":"Avigilon","category":"other ALPR","query_date":"2026-09-23"},"geometry":{"type":"Point","coordinates":[-122.38268,47.29737]}},{"type":"Feature","properties":{"osm_id":12996772404,"operator":"Federal Way Police","manufacturer":"Avigilon","category":"other ALPR","query_date":"2026-09-23"},"geometry":{"type":"Point","coordinates":[-122.38241,47.29723]}},{"type":"Feature","properties":{"osm_id":12996773407,"operator":"Federal Way Police","manufacturer":"Avigilon","category":"other ALPR","query_date":"2026-09-23"},"geometry":{"type":"Point","coordinates":[-122.38244,47.29743]}},{"type":"Feature","properties":{"osm_id":12996780230,"operator":"Federal Way Police","manufacturer":"Avigilon","category":"other ALPR","query_date":"2026-09-23"},"geometry":{"type":"Point","coordinates":[-122.36109,47.30278]}},{"type":"Feature","properties":{"osm_id":12996782728,"operator":"Federal Way Police","manufacturer":"Avigilon","category":"other ALPR","query_date":"2026-09-23"},"geometry":{"type":"Point","coordinates":[-122.36086,47.30299]}},{"type":"Feature","properties":{"osm_id":13043404294,"operator":"City of Redmond","manufacturer":"Flock Safety","category":"Flock","query_date":"2026-09-23"},"geometry":{"type":"Point","coordinates":[-122.08842,47.65768]}},{"type":"Feature","properties":{"osm_id":13055287654,"operator":"The Hedges Homeowners Association","manufacturer":"Flock Safety","category":"Flock","query_date":"2026-09-23"},"geometry":{"type":"Point","coordinates":[-122.05754,47.71851]}},{"type":"Feature","properties":{"osm_id":13055287655,"operator":"The Hedges Homeowners Association","manufacturer":"Flock Safety","category":"Flock","query_date":"2026-09-23"},"geometry":{"type":"Point","coordinates":[-122.05792,47.71847]}},{"type":"Feature","properties":{"osm_id":13055444223,"operator":"Tuscany Homeowners Association","manufacturer":"Flock Safety","category":"Flock","query_date":"2026-09-23"},"geometry":{"type":"Point","coordinates":[-122.0755,47.71747]}},{"type":"Feature","properties":{"osm_id":13055444224,"operator":"Tuscany Homeowners Association","manufacturer":"Flock Safety","category":"Flock","query_date":"2026-09-23"},"geometry":{"type":"Point","coordinates":[-122.07568,47.71743]}},{"type":"Feature","properties":{"osm_id":13082119801,"operator":"","manufacturer":null,"category":"other ALPR","query_date":"2026-09-23"},"geometry":{"type":"Point","coordinates":[-122.22877,47.27341]}},{"type":"Feature","properties":{"osm_id":13082119901,"operator":"","manufacturer":null,"category":"other ALPR","query_date":"2026-09-23"},"geometry":{"type":"Point","coordinates":[-122.22896,47.27238]}},{"type":"Feature","properties":{"osm_id":13093191810,"operator":"The Home Depot","manufacturer":"Flock Safety","category":"Flock (store-operated)","query_date":"2026-09-23"},"geometry":{"type":"Point","coordinates":[-122.20152,47.36876]}},{"type":"Feature","properties":{"osm_id":13093213693,"operator":"Lowe's","manufacturer":"Flock Safety","category":"Flock (store-operated)","query_date":"2026-09-23"},"geometry":{"type":"Point","coordinates":[-122.22621,47.32014]}},{"type":"Feature","properties":{"osm_id":13093221411,"operator":"The Home Depot","manufacturer":"Flock Safety","category":"Flock (store-operated)","query_date":"2026-09-23"},"geometry":{"type":"Point","coordinates":[-122.09573,47.3588]}},{"type":"Feature","properties":{"osm_id":13093222605,"operator":"The Home Depot","manufacturer":"Flock Safety","category":"Flock (store-operated)","query_date":"2026-09-23"},"geometry":{"type":"Point","coordinates":[-122.20006,47.36788]}},{"type":"Feature","properties":{"osm_id":13093224904,"operator":"The Home Depot","manufacturer":"Flock Safety","category":"Flock (store-operated)","query_date":"2026-09-23"},"geometry":{"type":"Point","coordinates":[-122.09584,47.3593]}},{"type":"Feature","properties":{"osm_id":13093226172,"operator":"Lowe's","manufacturer":"Flock Safety","category":"Flock (store-operated)","query_date":"2026-09-23"},"geometry":{"type":"Point","coordinates":[-122.22721,47.32006]}},{"type":"Feature","properties":{"osm_id":13093226173,"operator":"The Home Depot","manufacturer":"Flock Safety","category":"Flock (store-operated)","query_date":"2026-09-23"},"geometry":{"type":"Point","coordinates":[-122.20212,47.36775]}},{"type":"Feature","properties":{"osm_id":13093231614,"operator":"The Home Depot","manufacturer":"Flock Safety","category":"Flock (store-operated)","query_date":"2026-09-23"},"geometry":{"type":"Point","coordinates":[-122.20113,47.36874]}},{"type":"Feature","properties":{"osm_id":13093239305,"operator":"The Home Depot","manufacturer":"Flock Safety","category":"Flock (store-operated)","query_date":"2026-09-23"},"geometry":{"type":"Point","coordinates":[-122.20091,47.36875]}},{"type":"Feature","properties":{"osm_id":13093241520,"operator":"The Home Depot","manufacturer":"Flock Safety","category":"Flock (store-operated)","query_date":"2026-09-23"},"geometry":{"type":"Point","coordinates":[-122.20205,47.36659]}},{"type":"Feature","properties":{"osm_id":13093252226,"operator":"Lowe's","manufacturer":"Flock Safety","category":"Flock (store-operated)","query_date":"2026-09-23"},"geometry":{"type":"Point","coordinates":[-122.29608,47.38472]}},{"type":"Feature","properties":{"osm_id":13093276463,"operator":"Auburn Police","manufacturer":"Flock Safety","category":"Flock","query_date":"2026-09-23"},"geometry":{"type":"Point","coordinates":[-122.22583,47.30208]}},{"type":"Feature","properties":{"osm_id":13093288933,"operator":"Auburn Police","manufacturer":"Flock Safety","category":"Flock","query_date":"2026-09-23"},"geometry":{"type":"Point","coordinates":[-122.22551,47.3043]}},{"type":"Feature","properties":{"osm_id":13093292193,"operator":"Auburn Police","manufacturer":"Flock Safety","category":"Flock","query_date":"2026-09-23"},"geometry":{"type":"Point","coordinates":[-122.17612,47.32988]}},{"type":"Feature","properties":{"osm_id":13093301188,"operator":"Auburn Police","manufacturer":"Flock Safety","category":"Flock","query_date":"2026-09-23"},"geometry":{"type":"Point","coordinates":[-122.20429,47.31663]}},{"type":"Feature","properties":{"osm_id":13093302650,"operator":"Auburn Police","manufacturer":"Flock Safety","category":"Flock","query_date":"2026-09-23"},"geometry":{"type":"Point","coordinates":[-122.18901,47.28815]}},{"type":"Feature","properties":{"osm_id":13093305523,"operator":"Auburn Police","manufacturer":"Flock Safety","category":"Flock","query_date":"2026-09-23"},"geometry":{"type":"Point","coordinates":[-122.17624,47.32239]}},{"type":"Feature","properties":{"osm_id":13093307301,"operator":"Auburn Police","manufacturer":"Flock Safety","category":"Flock","query_date":"2026-09-23"},"geometry":{"type":"Point","coordinates":[-122.17671,47.32257]}},{"type":"Feature","properties":{"osm_id":13093312172,"operator":"Auburn Police","manufacturer":"Flock Safety","category":"Flock","query_date":"2026-09-23"},"geometry":{"type":"Point","coordinates":[-122.18923,47.28837]}},{"type":"Feature","properties":{"osm_id":13093312173,"operator":"Auburn Police","manufacturer":"Flock Safety","category":"Flock","query_date":"2026-09-23"},"geometry":{"type":"Point","coordinates":[-122.1666,47.35826]}},{"type":"Feature","properties":{"osm_id":13093313528,"operator":"Auburn Police","manufacturer":"Flock Safety","category":"Flock","query_date":"2026-09-23"},"geometry":{"type":"Point","coordinates":[-122.22552,47.3016]}},{"type":"Feature","properties":{"osm_id":13093321458,"operator":"King County Housing Authority","manufacturer":"Flock Safety","category":"Flock","query_date":"2026-09-23"},"geometry":{"type":"Point","coordinates":[-122.16859,47.35778]}},{"type":"Feature","properties":{"osm_id":13094821096,"operator":"City of Redmond","manufacturer":"Flock Safety","category":"Flock","query_date":"2026-09-23"},"geometry":{"type":"Point","coordinates":[-122.15339,47.70416]}},{"type":"Feature","properties":{"osm_id":13094977627,"operator":"","manufacturer":"Flock Safety","category":"Flock","query_date":"2026-09-23"},"geometry":{"type":"Point","coordinates":[-122.35301,47.3095]}},{"type":"Feature","properties":{"osm_id":13094995727,"operator":"","manufacturer":"Flock Safety","category":"Flock","query_date":"2026-09-23"},"geometry":{"type":"Point","coordinates":[-122.34876,47.31494]}},{"type":"Feature","properties":{"osm_id":13095000817,"operator":"","manufacturer":"Flock Safety","category":"Flock","query_date":"2026-09-23"},"geometry":{"type":"Point","coordinates":[-122.34896,47.31495]}},{"type":"Feature","properties":{"osm_id":13095005929,"operator":"","manufacturer":"Flock Safety","category":"Flock","query_date":"2026-09-23"},"geometry":{"type":"Point","coordinates":[-122.35303,47.3095]}},{"type":"Feature","properties":{"osm_id":13095076877,"operator":"King County Housing Authority","manufacturer":"Flock Safety","category":"Flock","query_date":"2026-09-23"},"geometry":{"type":"Point","coordinates":[-122.21896,47.32371]}},{"type":"Feature","properties":{"osm_id":13095100915,"operator":"King County Housing Authority","manufacturer":"Flock Safety","category":"Flock","query_date":"2026-09-23"},"geometry":{"type":"Point","coordinates":[-122.21659,47.32411]}},{"type":"Feature","properties":{"osm_id":13095112278,"operator":"King County Housing Authority","manufacturer":"Flock Safety","category":"Flock","query_date":"2026-09-23"},"geometry":{"type":"Point","coordinates":[-122.21743,47.32411]}},{"type":"Feature","properties":{"osm_id":13095125363,"operator":"King County Housing Authority","manufacturer":"Flock Safety","category":"Flock","query_date":"2026-09-23"},"geometry":{"type":"Point","coordinates":[-122.20247,47.3924]}},{"type":"Feature","properties":{"osm_id":13108374328,"operator":"Black Diamond Police","manufacturer":"Flock Safety","category":"Flock","query_date":"2026-09-23"},"geometry":{"type":"Point","coordinates":[-121.99359,47.31411]}},{"type":"Feature","properties":{"osm_id":13111248480,"operator":"City of Redmond","manufacturer":"Flock Safety","category":"Flock","query_date":"2026-09-23"},"geometry":{"type":"Point","coordinates":[-122.14284,47.63745]}},{"type":"Feature","properties":{"osm_id":13111353862,"operator":"","manufacturer":"Flock Safety","category":"Flock","query_date":"2026-09-23"},"geometry":{"type":"Point","coordinates":[-122.24306,47.58686]}},{"type":"Feature","properties":{"osm_id":13118640411,"operator":"City of Redmond","manufacturer":"Flock Safety","category":"Flock","query_date":"2026-09-23"},"geometry":{"type":"Point","coordinates":[-122.10005,47.6825]}},{"type":"Feature","properties":{"osm_id":13159143946,"operator":"","manufacturer":"Flock Safety","category":"Flock","query_date":"2026-09-23"},"geometry":{"type":"Point","coordinates":[-122.05995,47.3581]}},{"type":"Feature","properties":{"osm_id":13168465591,"operator":"","manufacturer":"Flock Safety","category":"Flock","query_date":"2026-09-23"},"geometry":{"type":"Point","coordinates":[-122.26225,47.455]}},{"type":"Feature","properties":{"osm_id":13174110930,"operator":"The Home Depot","manufacturer":"Flock Safety","category":"Flock (store-operated)","query_date":"2026-09-23"},"geometry":{"type":"Point","coordinates":[-122.17655,47.76035]}},{"type":"Feature","properties":{"osm_id":13174110931,"operator":"The Home Depot","manufacturer":"Flock Safety","category":"Flock (store-operated)","query_date":"2026-09-23"},"geometry":{"type":"Point","coordinates":[-122.17654,47.76035]}},{"type":"Feature","properties":{"osm_id":13182900008,"operator":"SeaTac Police","manufacturer":"Flock Safety","category":"Flock","query_date":"2026-09-23"},"geometry":{"type":"Point","coordinates":[-122.31808,47.43645]}},{"type":"Feature","properties":{"osm_id":13189356327,"operator":"","manufacturer":"Flock Safety","category":"Flock","query_date":"2026-09-23"},"geometry":{"type":"Point","coordinates":[-122.2915,47.73385]}},{"type":"Feature","properties":{"osm_id":13189381171,"operator":"","manufacturer":"Flock Safety","category":"Flock","query_date":"2026-09-23"},"geometry":{"type":"Point","coordinates":[-122.28943,47.73546]}},{"type":"Feature","properties":{"osm_id":13194559886,"operator":"","manufacturer":"Flock Safety","category":"Flock","query_date":"2026-09-23"},"geometry":{"type":"Point","coordinates":[-122.11516,47.35182]}},{"type":"Feature","properties":{"osm_id":13194759301,"operator":"","manufacturer":"Flock Safety","category":"Flock","query_date":"2026-09-23"},"geometry":{"type":"Point","coordinates":[-122.34263,47.77511]}},{"type":"Feature","properties":{"osm_id":13194759801,"operator":"","manufacturer":"Flock Safety","category":"Flock","query_date":"2026-09-23"},"geometry":{"type":"Point","coordinates":[-122.34389,47.77569]}},{"type":"Feature","properties":{"osm_id":13194761201,"operator":"","manufacturer":"Flock Safety","category":"Flock","query_date":"2026-09-23"},"geometry":{"type":"Point","coordinates":[-122.34388,47.77654]}},{"type":"Feature","properties":{"osm_id":13194762101,"operator":"","manufacturer":"Flock Safety","category":"Flock","query_date":"2026-09-23"},"geometry":{"type":"Point","coordinates":[-122.3427,47.77677]}},{"type":"Feature","properties":{"osm_id":13195152300,"operator":"The Home Depot","manufacturer":"Flock Safety","category":"Flock (store-operated)","query_date":"2026-09-23"},"geometry":{"type":"Point","coordinates":[-122.34455,47.71472]}},{"type":"Feature","properties":{"osm_id":13196844001,"operator":"Lowe's","manufacturer":"Flock Safety","category":"Flock (store-operated)","query_date":"2026-09-23"},"geometry":{"type":"Point","coordinates":[-122.3466,47.72128]}},{"type":"Feature","properties":{"osm_id":13196847501,"operator":"The Home Depot","manufacturer":"Flock Safety","category":"Flock (store-operated)","query_date":"2026-09-23"},"geometry":{"type":"Point","coordinates":[-122.34233,47.71334]}},{"type":"Feature","properties":{"osm_id":13196847502,"operator":"Lowe's","manufacturer":"Flock Safety","category":"Flock (store-operated)","query_date":"2026-09-23"},"geometry":{"type":"Point","coordinates":[-122.34605,47.71978]}},{"type":"Feature","properties":{"osm_id":13202079799,"operator":"","manufacturer":"Flock Safety","category":"Flock","query_date":"2026-09-23"},"geometry":{"type":"Point","coordinates":[-122.05896,47.35786]}},{"type":"Feature","properties":{"osm_id":13206561160,"operator":"","manufacturer":"Flock Safety","category":"Flock","query_date":"2026-09-23"},"geometry":{"type":"Point","coordinates":[-122.27113,47.43559]}},{"type":"Feature","properties":{"osm_id":13206577282,"operator":"","manufacturer":"Flock Safety","category":"Flock","query_date":"2026-09-23"},"geometry":{"type":"Point","coordinates":[-122.29123,47.43442]}},{"type":"Feature","properties":{"osm_id":13206585052,"operator":"","manufacturer":"Flock Safety","category":"Flock","query_date":"2026-09-23"},"geometry":{"type":"Point","coordinates":[-122.28096,47.45516]}},{"type":"Feature","properties":{"osm_id":13206588181,"operator":"","manufacturer":"Flock Safety","category":"Flock","query_date":"2026-09-23"},"geometry":{"type":"Point","coordinates":[-122.26931,47.44398]}},{"type":"Feature","properties":{"osm_id":13228783048,"operator":"Kent Police","manufacturer":"Flock Safety","category":"Flock","query_date":"2026-09-23"},"geometry":{"type":"Point","coordinates":[-122.28663,47.38753]}},{"type":"Feature","properties":{"osm_id":13233880281,"operator":"Valley Medical Center","manufacturer":"Flock Safety","category":"Flock","query_date":"2026-09-23"},"geometry":{"type":"Point","coordinates":[-122.21206,47.44321]}},{"type":"Feature","properties":{"osm_id":13233880282,"operator":"Valley Medical Center","manufacturer":"Flock Safety","category":"Flock","query_date":"2026-09-23"},"geometry":{"type":"Point","coordinates":[-122.21271,47.44222]}},{"type":"Feature","properties":{"osm_id":13233898884,"operator":"Valley Medical Center","manufacturer":"Flock Safety","category":"Flock","query_date":"2026-09-23"},"geometry":{"type":"Point","coordinates":[-122.21179,47.44408]}},{"type":"Feature","properties":{"osm_id":13233898885,"operator":"Valley Medical Center","manufacturer":"Flock Safety","category":"Flock","query_date":"2026-09-23"},"geometry":{"type":"Point","coordinates":[-122.2115,47.44465]}},{"type":"Feature","properties":{"osm_id":13248847000,"operator":"Washington State Department of Transportation","manufacturer":"Kapsch","category":"other ALPR","query_date":"2026-09-23"},"geometry":{"type":"Point","coordinates":[-122.22054,47.41182]}},{"type":"Feature","properties":{"osm_id":13248938784,"operator":"Washington State Department of Transportation","manufacturer":"Kapsch","category":"other ALPR","query_date":"2026-09-23"},"geometry":{"type":"Point","coordinates":[-122.22054,47.41183]}},{"type":"Feature","properties":{"osm_id":13248938941,"operator":"Washington State Department of Transportation","manufacturer":"Kapsch","category":"other ALPR","query_date":"2026-09-23"},"geometry":{"type":"Point","coordinates":[-122.22067,47.41182]}},{"type":"Feature","properties":{"osm_id":13248963259,"operator":"Washington State Department of Transportation","manufacturer":"Kapsch","category":"other ALPR","query_date":"2026-09-23"},"geometry":{"type":"Point","coordinates":[-122.22137,47.42515]}},{"type":"Feature","properties":{"osm_id":13248974099,"operator":"Washington State Department of Transportation","manufacturer":"Kapsch","category":"other ALPR","query_date":"2026-09-23"},"geometry":{"type":"Point","coordinates":[-122.22137,47.42515]}},{"type":"Feature","properties":{"osm_id":13248976431,"operator":"Washington State Department of Transportation","manufacturer":"Kapsch","category":"other ALPR","query_date":"2026-09-23"},"geometry":{"type":"Point","coordinates":[-122.22067,47.41183]}},{"type":"Feature","properties":{"osm_id":13253365140,"operator":"Lowe's","manufacturer":"Flock Safety","category":"Flock (store-operated)","query_date":"2026-09-23"},"geometry":{"type":"Point","coordinates":[-122.29511,47.38625]}},{"type":"Feature","properties":{"osm_id":13256879334,"operator":"Des Moines Police","manufacturer":"Flock Safety","category":"Flock","query_date":"2026-09-23"},"geometry":{"type":"Point","coordinates":[-122.29515,47.39189]}},{"type":"Feature","properties":{"osm_id":13256893532,"operator":"Lowe's","manufacturer":"Flock Safety","category":"Flock (store-operated)","query_date":"2026-09-23"},"geometry":{"type":"Point","coordinates":[-122.29521,47.3847]}},{"type":"Feature","properties":{"osm_id":13269533301,"operator":"","manufacturer":"Flock Safety","category":"Flock","query_date":"2026-09-23"},"geometry":{"type":"Point","coordinates":[-122.33529,47.57907]}},{"type":"Feature","properties":{"osm_id":13269533401,"operator":"","manufacturer":"Flock Safety","category":"Flock","query_date":"2026-09-23"},"geometry":{"type":"Point","coordinates":[-122.33627,47.57967]}},{"type":"Feature","properties":{"osm_id":13269540574,"operator":"","manufacturer":"Flock Safety","category":"Flock","query_date":"2026-09-23"},"geometry":{"type":"Point","coordinates":[-122.18113,47.47051]}},{"type":"Feature","properties":{"osm_id":13269570412,"operator":"","manufacturer":"Flock Safety","category":"Flock","query_date":"2026-09-23"},"geometry":{"type":"Point","coordinates":[-122.18136,47.4706]}},{"type":"Feature","properties":{"osm_id":13274521436,"operator":"","manufacturer":"Flock Safety","category":"Flock","query_date":"2026-09-23"},"geometry":{"type":"Point","coordinates":[-122.3026,47.46885]}},{"type":"Feature","properties":{"osm_id":13289888733,"operator":"","manufacturer":"Flock Safety","category":"Flock","query_date":"2026-09-23"},"geometry":{"type":"Point","coordinates":[-122.19682,47.44589]}},{"type":"Feature","properties":{"osm_id":13289888734,"operator":"","manufacturer":"Flock Safety","category":"Flock","query_date":"2026-09-23"},"geometry":{"type":"Point","coordinates":[-122.19741,47.44538]}},{"type":"Feature","properties":{"osm_id":13293487267,"operator":"Normandy Park Police Department","manufacturer":"Flock Safety","category":"Flock","query_date":"2026-09-23"},"geometry":{"type":"Point","coordinates":[-122.33306,47.41011]}},{"type":"Feature","properties":{"osm_id":13293506001,"operator":"","manufacturer":"Flock Safety","category":"Flock","query_date":"2026-09-23"},"geometry":{"type":"Point","coordinates":[-122.25002,47.45576]}},{"type":"Feature","properties":{"osm_id":13293522301,"operator":"","manufacturer":"Flock Safety","category":"Flock","query_date":"2026-09-23"},"geometry":{"type":"Point","coordinates":[-122.2507,47.44869]}},{"type":"Feature","properties":{"osm_id":13293523901,"operator":"","manufacturer":"Flock Safety","category":"Flock","query_date":"2026-09-23"},"geometry":{"type":"Point","coordinates":[-122.25452,47.44134]}},{"type":"Feature","properties":{"osm_id":13293528501,"operator":"","manufacturer":"Flock Safety","category":"Flock","query_date":"2026-09-23"},"geometry":{"type":"Point","coordinates":[-122.26236,47.44869]}},{"type":"Feature","properties":{"osm_id":13293544201,"operator":"","manufacturer":"Flock Safety","category":"Flock","query_date":"2026-09-23"},"geometry":{"type":"Point","coordinates":[-122.2567,47.461]}},{"type":"Feature","properties":{"osm_id":13293552501,"operator":"","manufacturer":"Flock Safety","category":"Flock","query_date":"2026-09-23"},"geometry":{"type":"Point","coordinates":[-122.2605,47.46161]}},{"type":"Feature","properties":{"osm_id":13293564801,"operator":"","manufacturer":"Flock Safety","category":"Flock","query_date":"2026-09-23"},"geometry":{"type":"Point","coordinates":[-122.25448,47.46032]}},{"type":"Feature","properties":{"osm_id":13296118501,"operator":"","manufacturer":"Flock Safety","category":"Flock","query_date":"2026-09-23"},"geometry":{"type":"Point","coordinates":[-122.16593,47.38703]}},{"type":"Feature","properties":{"osm_id":13298358501,"operator":"","manufacturer":"Flock Safety","category":"Flock","query_date":"2026-09-23"},"geometry":{"type":"Point","coordinates":[-122.19995,47.44476]}},{"type":"Feature","properties":{"osm_id":13305533502,"operator":"","manufacturer":"Flock Safety","category":"Flock","query_date":"2026-09-23"},"geometry":{"type":"Point","coordinates":[-122.29682,47.58061]}},{"type":"Feature","properties":{"osm_id":13305845276,"operator":"","manufacturer":"Flock Safety","category":"Flock","query_date":"2026-09-23"},"geometry":{"type":"Point","coordinates":[-122.25623,47.46155]}},{"type":"Feature","properties":{"osm_id":13305861959,"operator":"","manufacturer":"Flock Safety","category":"Flock","query_date":"2026-09-23"},"geometry":{"type":"Point","coordinates":[-122.29403,47.46527]}},{"type":"Feature","properties":{"osm_id":13305866205,"operator":"","manufacturer":"Flock Safety","category":"Flock","query_date":"2026-09-23"},"geometry":{"type":"Point","coordinates":[-122.26184,47.46458]}},{"type":"Feature","properties":{"osm_id":13305872281,"operator":"","manufacturer":"Flock Safety","category":"Flock","query_date":"2026-09-23"},"geometry":{"type":"Point","coordinates":[-122.30267,47.47613]}},{"type":"Feature","properties":{"osm_id":13309826501,"operator":"","manufacturer":"Flock Safety","category":"Flock","query_date":"2026-09-23"},"geometry":{"type":"Point","coordinates":[-122.01057,47.33067]}},{"type":"Feature","properties":{"osm_id":13309830901,"operator":"","manufacturer":"Flock Safety","category":"Flock","query_date":"2026-09-23"},"geometry":{"type":"Point","coordinates":[-122.20014,47.50136]}},{"type":"Feature","properties":{"osm_id":13309831501,"operator":"","manufacturer":"Flock Safety","category":"Flock","query_date":"2026-09-23"},"geometry":{"type":"Point","coordinates":[-122.20304,47.49564]}},{"type":"Feature","properties":{"osm_id":13312442698,"operator":"","manufacturer":"Flock Safety","category":"Flock","query_date":"2026-09-23"},"geometry":{"type":"Point","coordinates":[-122.05399,47.34122]}},{"type":"Feature","properties":{"osm_id":13320275618,"operator":"","manufacturer":"Flock Safety","category":"Flock","query_date":"2026-09-23"},"geometry":{"type":"Point","coordinates":[-122.30274,47.41054]}},{"type":"Feature","properties":{"osm_id":13324431801,"operator":"","manufacturer":"Flock Safety","category":"Flock","query_date":"2026-09-23"},"geometry":{"type":"Point","coordinates":[-122.19719,47.42188]}},{"type":"Feature","properties":{"osm_id":13325238102,"operator":"The Home Depot","manufacturer":"Flock Safety","category":"Flock (store-operated)","query_date":"2026-09-23"},"geometry":{"type":"Point","coordinates":[-122.18156,47.61352]}},{"type":"Feature","properties":{"osm_id":13325386015,"operator":"Kroger","manufacturer":"LiveView Technologies","category":"other ALPR","query_date":"2026-09-23"},"geometry":{"type":"Point","coordinates":[-122.12672,47.68136]}},{"type":"Feature","properties":{"osm_id":13335353202,"operator":"","manufacturer":"Flock Safety","category":"Flock","query_date":"2026-09-23"},"geometry":{"type":"Point","coordinates":[-122.28629,47.47041]}},{"type":"Feature","properties":{"osm_id":13341577391,"operator":"SeaTac Police","manufacturer":"Flock Safety","category":"Flock","query_date":"2026-09-23"},"geometry":{"type":"Point","coordinates":[-122.29671,47.41702]}},{"type":"Feature","properties":{"osm_id":13341583802,"operator":"Des Moines Police","manufacturer":"Flock Safety","category":"Flock","query_date":"2026-09-23"},"geometry":{"type":"Point","coordinates":[-122.29547,47.39713]}},{"type":"Feature","properties":{"osm_id":13346852701,"operator":"","manufacturer":"Flock Safety","category":"Flock","query_date":"2026-09-23"},"geometry":{"type":"Point","coordinates":[-122.2838,47.4777]}},{"type":"Feature","properties":{"osm_id":13346856901,"operator":"","manufacturer":"Flock Safety","category":"Flock","query_date":"2026-09-23"},"geometry":{"type":"Point","coordinates":[-122.28471,47.48041]}},{"type":"Feature","properties":{"osm_id":13351577715,"operator":"","manufacturer":"Flock Safety","category":"Flock","query_date":"2026-09-23"},"geometry":{"type":"Point","coordinates":[-122.23474,47.62478]}},{"type":"Feature","properties":{"osm_id":13354283960,"operator":"","manufacturer":"Flock Safety","category":"Flock","query_date":"2026-09-23"},"geometry":{"type":"Point","coordinates":[-122.23514,47.44132]}},{"type":"Feature","properties":{"osm_id":13356505680,"operator":"","manufacturer":"Flock Safety","category":"Flock","query_date":"2026-09-23"},"geometry":{"type":"Point","coordinates":[-122.12312,47.36934]}},{"type":"Feature","properties":{"osm_id":13364405101,"operator":"","manufacturer":"Flock Safety","category":"Flock","query_date":"2026-09-23"},"geometry":{"type":"Point","coordinates":[-122.10192,47.37094]}},{"type":"Feature","properties":{"osm_id":13366023702,"operator":"","manufacturer":"Flock Safety","category":"Flock","query_date":"2026-09-23"},"geometry":{"type":"Point","coordinates":[-122.29202,47.46525]}},{"type":"Feature","properties":{"osm_id":13372999307,"operator":"","manufacturer":"Flock Safety","category":"Flock","query_date":"2026-09-23"},"geometry":{"type":"Point","coordinates":[-122.29366,47.49374]}},{"type":"Feature","properties":{"osm_id":13384984787,"operator":"","manufacturer":"LiveView Technologies","category":"other ALPR","query_date":"2026-09-23"},"geometry":{"type":"Point","coordinates":[-122.31399,47.29544]}},{"type":"Feature","properties":{"osm_id":13385598650,"operator":"","manufacturer":"LiveView Technologies","category":"other ALPR","query_date":"2026-09-23"},"geometry":{"type":"Point","coordinates":[-122.28741,47.50827]}},{"type":"Feature","properties":{"osm_id":13386997701,"operator":"","manufacturer":"Flock Safety","category":"Flock","query_date":"2026-09-23"},"geometry":{"type":"Point","coordinates":[-122.2543,47.45591]}},{"type":"Feature","properties":{"osm_id":13398807701,"operator":"","manufacturer":"Flock Safety","category":"Flock","query_date":"2026-09-23"},"geometry":{"type":"Point","coordinates":[-122.27465,47.43436]}},{"type":"Feature","properties":{"osm_id":13408236901,"operator":"","manufacturer":"Flock Safety","category":"Flock","query_date":"2026-09-23"},"geometry":{"type":"Point","coordinates":[-122.29556,47.43822]}},{"type":"Feature","properties":{"osm_id":13409950501,"operator":"","manufacturer":"Flock Safety","category":"Flock","query_date":"2026-09-23"},"geometry":{"type":"Point","coordinates":[-122.21662,47.41199]}},{"type":"Feature","properties":{"osm_id":13410851442,"operator":"","manufacturer":"Flock Safety","category":"Flock","query_date":"2026-09-23"},"geometry":{"type":"Point","coordinates":[-122.04609,47.3923]}},{"type":"Feature","properties":{"osm_id":13410855614,"operator":"","manufacturer":"Flock Safety","category":"Flock","query_date":"2026-09-23"},"geometry":{"type":"Point","coordinates":[-122.02084,47.36016]}},{"type":"Feature","properties":{"osm_id":13414935601,"operator":"","manufacturer":"Flock Safety","category":"Flock","query_date":"2026-09-23"},"geometry":{"type":"Point","coordinates":[-121.97258,47.58459]}},{"type":"Feature","properties":{"osm_id":13414936001,"operator":"","manufacturer":"Flock Safety","category":"Flock","query_date":"2026-09-23"},"geometry":{"type":"Point","coordinates":[-121.97272,47.5847]}},{"type":"Feature","properties":{"osm_id":13416610496,"operator":"","manufacturer":"Flock Safety","category":"Flock","query_date":"2026-09-23"},"geometry":{"type":"Point","coordinates":[-122.24801,47.44136]}},{"type":"Feature","properties":{"osm_id":13424210601,"operator":"","manufacturer":"Flock Safety","category":"Flock","query_date":"2026-09-23"},"geometry":{"type":"Point","coordinates":[-122.26788,47.47365]}},{"type":"Feature","properties":{"osm_id":13429089401,"operator":"","manufacturer":"Flock Safety","category":"Flock","query_date":"2026-09-23"},"geometry":{"type":"Point","coordinates":[-122.36188,47.53686]}},{"type":"Feature","properties":{"osm_id":13429090101,"operator":"","manufacturer":"Flock Safety","category":"Flock","query_date":"2026-09-23"},"geometry":{"type":"Point","coordinates":[-122.36328,47.5373]}},{"type":"Feature","properties":{"osm_id":13429152401,"operator":"","manufacturer":"Flock Safety","category":"Flock","query_date":"2026-09-23"},"geometry":{"type":"Point","coordinates":[-122.24555,47.44151]}},{"type":"Feature","properties":{"osm_id":13436533601,"operator":"","manufacturer":"Flock Safety","category":"Flock","query_date":"2026-09-23"},"geometry":{"type":"Point","coordinates":[-122.2967,47.48754]}},{"type":"Feature","properties":{"osm_id":13440935601,"operator":"","manufacturer":"Flock Safety","category":"Flock","query_date":"2026-09-23"},"geometry":{"type":"Point","coordinates":[-122.22771,47.62837]}},{"type":"Feature","properties":{"osm_id":13460982201,"operator":"","manufacturer":"Flock Safety","category":"Flock","query_date":"2026-09-23"},"geometry":{"type":"Point","coordinates":[-122.10665,47.35849]}},{"type":"Feature","properties":{"osm_id":13461397701,"operator":"","manufacturer":"Flock Safety","category":"Flock","query_date":"2026-09-23"},"geometry":{"type":"Point","coordinates":[-122.33606,47.57951]}},{"type":"Feature","properties":{"osm_id":13461399101,"operator":"","manufacturer":"Flock Safety","category":"Flock","query_date":"2026-09-23"},"geometry":{"type":"Point","coordinates":[-122.33608,47.57952]}},{"type":"Feature","properties":{"osm_id":13461399401,"operator":"","manufacturer":"Flock Safety","category":"Flock","query_date":"2026-09-23"},"geometry":{"type":"Point","coordinates":[-122.33643,47.57907]}},{"type":"Feature","properties":{"osm_id":13464653396,"operator":"","manufacturer":"Flock Safety","category":"Flock","query_date":"2026-09-23"},"geometry":{"type":"Point","coordinates":[-122.17616,47.48848]}},{"type":"Feature","properties":{"osm_id":13465222401,"operator":"","manufacturer":"Flock Safety","category":"Flock","query_date":"2026-09-23"},"geometry":{"type":"Point","coordinates":[-122.17616,47.34188]}},{"type":"Feature","properties":{"osm_id":13465232201,"operator":"","manufacturer":"Flock Safety","category":"Flock","query_date":"2026-09-23"},"geometry":{"type":"Point","coordinates":[-122.17622,47.36037]}},{"type":"Feature","properties":{"osm_id":13469191701,"operator":"","manufacturer":"Flock Safety","category":"Flock","query_date":"2026-09-23"},"geometry":{"type":"Point","coordinates":[-122.15777,47.50546]}},{"type":"Feature","properties":{"osm_id":13469209201,"operator":"","manufacturer":"Flock Safety","category":"Flock","query_date":"2026-09-23"},"geometry":{"type":"Point","coordinates":[-122.19145,47.50047]}},{"type":"Feature","properties":{"osm_id":13469214601,"operator":"","manufacturer":"Flock Safety","category":"Flock","query_date":"2026-09-23"},"geometry":{"type":"Point","coordinates":[-122.19144,47.49935]}},{"type":"Feature","properties":{"osm_id":13469235801,"operator":"","manufacturer":"Flock Safety","category":"Flock","query_date":"2026-09-23"},"geometry":{"type":"Point","coordinates":[-122.20779,47.49188]}},{"type":"Feature","properties":{"osm_id":13469236702,"operator":"","manufacturer":"Flock Safety","category":"Flock","query_date":"2026-09-23"},"geometry":{"type":"Point","coordinates":[-122.20686,47.49382]}},{"type":"Feature","properties":{"osm_id":13469237502,"operator":"","manufacturer":"Flock Safety","category":"Flock","query_date":"2026-09-23"},"geometry":{"type":"Point","coordinates":[-122.20699,47.4926]}},{"type":"Feature","properties":{"osm_id":13469244601,"operator":"","manufacturer":"Flock Safety","category":"Flock","query_date":"2026-09-23"},"geometry":{"type":"Point","coordinates":[-122.20701,47.49372]}},{"type":"Feature","properties":{"osm_id":13469256001,"operator":"","manufacturer":"Flock Safety","category":"Flock","query_date":"2026-09-23"},"geometry":{"type":"Point","coordinates":[-122.20713,47.49107]}},{"type":"Feature","properties":{"osm_id":13469303601,"operator":"","manufacturer":"Flock Safety","category":"Flock","query_date":"2026-09-23"},"geometry":{"type":"Point","coordinates":[-122.20732,47.48971]}},{"type":"Feature","properties":{"osm_id":13469304401,"operator":"","manufacturer":"Flock Safety","category":"Flock","query_date":"2026-09-23"},"geometry":{"type":"Point","coordinates":[-122.20745,47.48924]}},{"type":"Feature","properties":{"osm_id":13469310701,"operator":"","manufacturer":"Flock Safety","category":"Flock","query_date":"2026-09-23"},"geometry":{"type":"Point","coordinates":[-122.20455,47.49239]}},{"type":"Feature","properties":{"osm_id":13469314601,"operator":"","manufacturer":"Flock Safety","category":"Flock","query_date":"2026-09-23"},"geometry":{"type":"Point","coordinates":[-122.20813,47.49346]}},{"type":"Feature","properties":{"osm_id":13469318501,"operator":"","manufacturer":"Flock Safety","category":"Flock","query_date":"2026-09-23"},"geometry":{"type":"Point","coordinates":[-122.21003,47.49253]}},{"type":"Feature","properties":{"osm_id":13469336301,"operator":"","manufacturer":"Flock Safety","category":"Flock","query_date":"2026-09-23"},"geometry":{"type":"Point","coordinates":[-122.2171,47.47386]}},{"type":"Feature","properties":{"osm_id":13469344701,"operator":"","manufacturer":"Flock Safety","category":"Flock","query_date":"2026-09-23"},"geometry":{"type":"Point","coordinates":[-122.24558,47.4653]}},{"type":"Feature","properties":{"osm_id":13469417501,"operator":"","manufacturer":"Flock Safety","category":"Flock","query_date":"2026-09-23"},"geometry":{"type":"Point","coordinates":[-122.24499,47.46246]}},{"type":"Feature","properties":{"osm_id":13469439901,"operator":"The Home Depot","manufacturer":"Flock Safety","category":"Flock (store-operated)","query_date":"2026-09-23"},"geometry":{"type":"Point","coordinates":[-122.2472,47.44198]}},{"type":"Feature","properties":{"osm_id":13469458601,"operator":"","manufacturer":"Flock Safety","category":"Flock","query_date":"2026-09-23"},"geometry":{"type":"Point","coordinates":[-122.24533,47.46228]}},{"type":"Feature","properties":{"osm_id":13469492301,"operator":"","manufacturer":"Flock Safety","category":"Flock","query_date":"2026-09-23"},"geometry":{"type":"Point","coordinates":[-122.20116,47.49576]}},{"type":"Feature","properties":{"osm_id":13479999084,"operator":"","manufacturer":"Flock Safety","category":"Flock","query_date":"2026-09-23"},"geometry":{"type":"Point","coordinates":[-122.22832,47.6341]}},{"type":"Feature","properties":{"osm_id":13480293502,"operator":"","manufacturer":"Flock Safety","category":"Flock","query_date":"2026-09-23"},"geometry":{"type":"Point","coordinates":[-122.18835,47.60482]}},{"type":"Feature","properties":{"osm_id":13480293901,"operator":"","manufacturer":"Flock Safety","category":"Flock","query_date":"2026-09-23"},"geometry":{"type":"Point","coordinates":[-122.18833,47.60517]}},{"type":"Feature","properties":{"osm_id":13480295401,"operator":"","manufacturer":"Flock Safety","category":"Flock","query_date":"2026-09-23"},"geometry":{"type":"Point","coordinates":[-122.18832,47.60549]}},{"type":"Feature","properties":{"osm_id":13480295402,"operator":"","manufacturer":"Flock Safety","category":"Flock","query_date":"2026-09-23"},"geometry":{"type":"Point","coordinates":[-122.18904,47.60489]}},{"type":"Feature","properties":{"osm_id":13480295701,"operator":"","manufacturer":"Flock Safety","category":"Flock","query_date":"2026-09-23"},"geometry":{"type":"Point","coordinates":[-122.18823,47.60633]}},{"type":"Feature","properties":{"osm_id":13480298701,"operator":"","manufacturer":"Flock Safety","category":"Flock","query_date":"2026-09-23"},"geometry":{"type":"Point","coordinates":[-122.18902,47.60469]}},{"type":"Feature","properties":{"osm_id":13482576801,"operator":"","manufacturer":"Flock Safety","category":"Flock","query_date":"2026-09-23"},"geometry":{"type":"Point","coordinates":[-122.19495,47.48675]}},{"type":"Feature","properties":{"osm_id":13482616001,"operator":"","manufacturer":"Flock Safety","category":"Flock","query_date":"2026-09-23"},"geometry":{"type":"Point","coordinates":[-122.20093,47.50096]}},{"type":"Feature","properties":{"osm_id":13482856301,"operator":"","manufacturer":"Flock Safety","category":"Flock","query_date":"2026-09-23"},"geometry":{"type":"Point","coordinates":[-122.21756,47.48442]}},{"type":"Feature","properties":{"osm_id":13482860401,"operator":"","manufacturer":"Flock Safety","category":"Flock","query_date":"2026-09-23"},"geometry":{"type":"Point","coordinates":[-122.2262,47.4779]}},{"type":"Feature","properties":{"osm_id":13482891101,"operator":"","manufacturer":"Flock Safety","category":"Flock","query_date":"2026-09-23"},"geometry":{"type":"Point","coordinates":[-122.21684,47.47344]}},{"type":"Feature","properties":{"osm_id":13483009001,"operator":"","manufacturer":"Flock Safety","category":"Flock","query_date":"2026-09-23"},"geometry":{"type":"Point","coordinates":[-122.24736,47.44272]}},{"type":"Feature","properties":{"osm_id":13510667001,"operator":"","manufacturer":"Flock Safety","category":"Flock","query_date":"2026-09-23"},"geometry":{"type":"Point","coordinates":[-122.26278,47.4645]}},{"type":"Feature","properties":{"osm_id":13512989401,"operator":"","manufacturer":"Flock Safety","category":"Flock","query_date":"2026-09-23"},"geometry":{"type":"Point","coordinates":[-122.02087,47.36197]}},{"type":"Feature","properties":{"osm_id":13512997501,"operator":"","manufacturer":"Flock Safety","category":"Flock","query_date":"2026-09-23"},"geometry":{"type":"Point","coordinates":[-122.02385,47.37314]}},{"type":"Feature","properties":{"osm_id":13520532901,"operator":"","manufacturer":"Flock Safety","category":"Flock","query_date":"2026-09-23"},"geometry":{"type":"Point","coordinates":[-122.20793,47.49489]}},{"type":"Feature","properties":{"osm_id":13521068801,"operator":"","manufacturer":"Flock Safety","category":"Flock","query_date":"2026-09-23"},"geometry":{"type":"Point","coordinates":[-122.01788,47.54107]}},{"type":"Feature","properties":{"osm_id":13522853801,"operator":"","manufacturer":"Flock Safety","category":"Flock","query_date":"2026-09-23"},"geometry":{"type":"Point","coordinates":[-122.20896,47.49392]}},{"type":"Feature","properties":{"osm_id":13522853802,"operator":"","manufacturer":"Flock Safety","category":"Flock","query_date":"2026-09-23"},"geometry":{"type":"Point","coordinates":[-122.20995,47.49606]}},{"type":"Feature","properties":{"osm_id":13523399401,"operator":"","manufacturer":"Flock Safety","category":"Flock","query_date":"2026-09-23"},"geometry":{"type":"Point","coordinates":[-122.20932,47.49517]}},{"type":"Feature","properties":{"osm_id":13525418402,"operator":"","manufacturer":"Flock Safety","category":"Flock","query_date":"2026-09-23"},"geometry":{"type":"Point","coordinates":[-122.0355,47.54264]}},{"type":"Feature","properties":{"osm_id":13527676679,"operator":"","manufacturer":"Flock Safety","category":"Flock","query_date":"2026-09-23"},"geometry":{"type":"Point","coordinates":[-122.33589,47.42452]}},{"type":"Feature","properties":{"osm_id":13530103901,"operator":"","manufacturer":"Flock Safety","category":"Flock","query_date":"2026-09-23"},"geometry":{"type":"Point","coordinates":[-122.20805,47.49106]}},{"type":"Feature","properties":{"osm_id":13530111801,"operator":"","manufacturer":"Flock Safety","category":"Flock","query_date":"2026-09-23"},"geometry":{"type":"Point","coordinates":[-122.20789,47.49154]}},{"type":"Feature","properties":{"osm_id":13530125802,"operator":"","manufacturer":"Flock Safety","category":"Flock","query_date":"2026-09-23"},"geometry":{"type":"Point","coordinates":[-122.20901,47.4952]}},{"type":"Feature","properties":{"osm_id":13532821201,"operator":"","manufacturer":"Flock Safety","category":"Flock","query_date":"2026-09-23"},"geometry":{"type":"Point","coordinates":[-122.19571,47.48612]}},{"type":"Feature","properties":{"osm_id":13544465801,"operator":"","manufacturer":"Flock Safety","category":"Flock","query_date":"2026-09-23"},"geometry":{"type":"Point","coordinates":[-122.20995,47.49188]}},{"type":"Feature","properties":{"osm_id":13545121801,"operator":"","manufacturer":"Flock Safety","category":"Flock","query_date":"2026-09-23"},"geometry":{"type":"Point","coordinates":[-122.29959,47.50834]}},{"type":"Feature","properties":{"osm_id":13545125201,"operator":"","manufacturer":"Flock Safety","category":"Flock","query_date":"2026-09-23"},"geometry":{"type":"Point","coordinates":[-122.29921,47.50936]}},{"type":"Feature","properties":{"osm_id":13550848801,"operator":"","manufacturer":"Flock Safety","category":"Flock","query_date":"2026-09-23"},"geometry":{"type":"Point","coordinates":[-122.21773,47.47121]}},{"type":"Feature","properties":{"osm_id":13556459401,"operator":"","manufacturer":"Flock Safety","category":"Flock","query_date":"2026-09-23"},"geometry":{"type":"Point","coordinates":[-122.29189,47.49205]}},{"type":"Feature","properties":{"osm_id":13556467001,"operator":"","manufacturer":"Flock Safety","category":"Flock","query_date":"2026-09-23"},"geometry":{"type":"Point","coordinates":[-122.28387,47.47779]}},{"type":"Feature","properties":{"osm_id":13563272901,"operator":"","manufacturer":"Flock Safety","category":"Flock","query_date":"2026-09-23"},"geometry":{"type":"Point","coordinates":[-122.20907,47.49304]}},{"type":"Feature","properties":{"osm_id":13578481101,"operator":"","manufacturer":"Flock Safety","category":"Flock","query_date":"2026-09-23"},"geometry":{"type":"Point","coordinates":[-122.3632,47.53555]}},{"type":"Feature","properties":{"osm_id":13591413401,"operator":"","manufacturer":"Flock Safety","category":"Flock","query_date":"2026-09-23"},"geometry":{"type":"Point","coordinates":[-122.2097,47.49509]}},{"type":"Feature","properties":{"osm_id":13591414301,"operator":"","manufacturer":"Flock Safety","category":"Flock","query_date":"2026-09-23"},"geometry":{"type":"Point","coordinates":[-122.20917,47.4954]}},{"type":"Feature","properties":{"osm_id":13618673101,"operator":"","manufacturer":"Flock Safety","category":"Flock","query_date":"2026-09-23"},"geometry":{"type":"Point","coordinates":[-122.23215,47.33884]}},{"type":"Feature","properties":{"osm_id":13618854409,"operator":"","manufacturer":"Flock Safety","category":"Flock","query_date":"2026-09-23"},"geometry":{"type":"Point","coordinates":[-122.33562,47.42403]}},{"type":"Feature","properties":{"osm_id":13619118523,"operator":"","manufacturer":"Flock Safety","category":"Flock","query_date":"2026-09-23"},"geometry":{"type":"Point","coordinates":[-122.21778,47.48928]}},{"type":"Feature","properties":{"osm_id":13621373801,"operator":"","manufacturer":"Flock Safety","category":"Flock","query_date":"2026-09-23"},"geometry":{"type":"Point","coordinates":[-122.21271,47.29206]}},{"type":"Feature","properties":{"osm_id":13643560701,"operator":"","manufacturer":"Flock Safety","category":"Flock","query_date":"2026-09-23"},"geometry":{"type":"Point","coordinates":[-122.23556,47.32186]}},{"type":"Feature","properties":{"osm_id":13648623602,"operator":"","manufacturer":"Flock Safety","category":"Flock","query_date":"2026-09-23"},"geometry":{"type":"Point","coordinates":[-122.26223,47.45579]}},{"type":"Feature","properties":{"osm_id":13648733801,"operator":"","manufacturer":"Flock Safety","category":"Flock","query_date":"2026-09-23"},"geometry":{"type":"Point","coordinates":[-122.0338,47.59233]}},{"type":"Feature","properties":{"osm_id":13660363801,"operator":"","manufacturer":"Flock Safety","category":"Flock","query_date":"2026-09-23"},"geometry":{"type":"Point","coordinates":[-122.2285,47.3048]}},{"type":"Feature","properties":{"osm_id":13660365501,"operator":"","manufacturer":"Flock Safety","category":"Flock","query_date":"2026-09-23"},"geometry":{"type":"Point","coordinates":[-122.22851,47.30463]}},{"type":"Feature","properties":{"osm_id":13660365701,"operator":"","manufacturer":"Flock Safety","category":"Flock","query_date":"2026-09-23"},"geometry":{"type":"Point","coordinates":[-122.22873,47.30466]}},{"type":"Feature","properties":{"osm_id":13665606102,"operator":"","manufacturer":"Flock Safety","category":"Flock","query_date":"2026-09-23"},"geometry":{"type":"Point","coordinates":[-122.20854,47.4938]}},{"type":"Feature","properties":{"osm_id":13665906901,"operator":"","manufacturer":"Flock Safety","category":"Flock","query_date":"2026-09-23"},"geometry":{"type":"Point","coordinates":[-122.20939,47.49332]}},{"type":"Feature","properties":{"osm_id":13665906903,"operator":"","manufacturer":"Flock Safety","category":"Flock","query_date":"2026-09-23"},"geometry":{"type":"Point","coordinates":[-122.21214,47.49186]}},{"type":"Feature","properties":{"osm_id":13667937001,"operator":"","manufacturer":"Flock Safety","category":"Flock","query_date":"2026-09-23"},"geometry":{"type":"Point","coordinates":[-122.02143,47.36152]}},{"type":"Feature","properties":{"osm_id":13676610801,"operator":"","manufacturer":"Flock Safety","category":"Flock","query_date":"2026-09-23"},"geometry":{"type":"Point","coordinates":[-122.19663,47.48691]}},{"type":"Feature","properties":{"osm_id":13680914801,"operator":"","manufacturer":"Flock Safety","category":"Flock","query_date":"2026-09-23"},"geometry":{"type":"Point","coordinates":[-122.23032,47.30382]}},{"type":"Feature","properties":{"osm_id":13704657901,"operator":"","manufacturer":"Flock Safety","category":"Flock","query_date":"2026-09-23"},"geometry":{"type":"Point","coordinates":[-121.99873,47.57205]}},{"type":"Feature","properties":{"osm_id":13704658001,"operator":"","manufacturer":"Flock Safety","category":"Flock","query_date":"2026-09-23"},"geometry":{"type":"Point","coordinates":[-121.99834,47.57269]}},{"type":"Feature","properties":{"osm_id":13707245701,"operator":"The Home Depot","manufacturer":"Flock Safety","category":"Flock (store-operated)","query_date":"2026-09-23"},"geometry":{"type":"Point","coordinates":[-122.03836,47.54753]}},{"type":"Feature","properties":{"osm_id":13707245702,"operator":"The Home Depot","manufacturer":"Flock Safety","category":"Flock (store-operated)","query_date":"2026-09-23"},"geometry":{"type":"Point","coordinates":[-122.03893,47.54683]}},{"type":"Feature","properties":{"osm_id":13707246301,"operator":"The Home Depot","manufacturer":"Flock Safety","category":"Flock (store-operated)","query_date":"2026-09-23"},"geometry":{"type":"Point","coordinates":[-122.03766,47.54573]}},{"type":"Feature","properties":{"osm_id":13709899001,"operator":"","manufacturer":"Flock Safety","category":"Flock","query_date":"2026-09-23"},"geometry":{"type":"Point","coordinates":[-122.31061,47.4813]}},{"type":"Feature","properties":{"osm_id":13712986347,"operator":"Des Moines WA Police Department","manufacturer":"Flock Safety","category":"Flock","query_date":"2026-09-23"},"geometry":{"type":"Point","coordinates":[-122.29351,47.40828]}},{"type":"Feature","properties":{"osm_id":13713098140,"operator":"","manufacturer":"Flock Safety","category":"Flock","query_date":"2026-09-23"},"geometry":{"type":"Point","coordinates":[-122.299,47.40839]}},{"type":"Feature","properties":{"osm_id":13714625802,"operator":"","manufacturer":"Flock Safety","category":"Flock","query_date":"2026-09-23"},"geometry":{"type":"Point","coordinates":[-122.20431,47.49291]}},{"type":"Feature","properties":{"osm_id":13715238601,"operator":"Northlake Ridge HOA","manufacturer":"Flock Safety","category":"Flock","query_date":"2026-09-23"},"geometry":{"type":"Point","coordinates":[-122.28296,47.30771]}},{"type":"Feature","properties":{"osm_id":13716986037,"operator":"","manufacturer":"Flock Safety","category":"Flock","query_date":"2026-09-23"},"geometry":{"type":"Point","coordinates":[-122.3362,47.42338]}},{"type":"Feature","properties":{"osm_id":13721282301,"operator":"","manufacturer":"Flock Safety","category":"Flock","query_date":"2026-09-23"},"geometry":{"type":"Point","coordinates":[-122.22563,47.38334]}},{"type":"Feature","properties":{"osm_id":13722076101,"operator":"Lowe's","manufacturer":"Flock Safety","category":"Flock (store-operated)","query_date":"2026-09-23"},"geometry":{"type":"Point","coordinates":[-122.25224,47.46133]}},{"type":"Feature","properties":{"osm_id":13722168101,"operator":"","manufacturer":"Flock Safety","category":"Flock","query_date":"2026-09-23"},"geometry":{"type":"Point","coordinates":[-122.19719,47.48747]}},{"type":"Feature","properties":{"osm_id":13722409803,"operator":"","manufacturer":"Flock Safety","category":"Flock","query_date":"2026-09-23"},"geometry":{"type":"Point","coordinates":[-122.30223,47.48861]}},{"type":"Feature","properties":{"osm_id":13722698201,"operator":"","manufacturer":"Flock Safety","category":"Flock","query_date":"2026-09-23"},"geometry":{"type":"Point","coordinates":[-122.21936,47.3258]}},{"type":"Feature","properties":{"osm_id":13724384801,"operator":"","manufacturer":"Flock Safety","category":"Flock","query_date":"2026-09-23"},"geometry":{"type":"Point","coordinates":[-122.29359,47.45956]}},{"type":"Feature","properties":{"osm_id":13731929040,"operator":"Northlake Ridge HOA","manufacturer":"Flock Safety","category":"Flock","query_date":"2026-09-23"},"geometry":{"type":"Point","coordinates":[-122.27785,47.30396]}},{"type":"Feature","properties":{"osm_id":13733768134,"operator":"","manufacturer":"Flock Safety","category":"Flock","query_date":"2026-09-23"},"geometry":{"type":"Point","coordinates":[-122.22376,47.61928]}},{"type":"Feature","properties":{"osm_id":13753318201,"operator":"Lowe's","manufacturer":"Flock Safety","category":"Flock (store-operated)","query_date":"2026-09-23"},"geometry":{"type":"Point","coordinates":[-122.22618,47.31912]}},{"type":"Feature","properties":{"osm_id":13753329101,"operator":"Lowe's","manufacturer":"Flock Safety","category":"Flock (store-operated)","query_date":"2026-09-23"},"geometry":{"type":"Point","coordinates":[-122.2271,47.31824]}},{"type":"Feature","properties":{"osm_id":13753345401,"operator":"Lowe's","manufacturer":"Flock Safety","category":"Flock (store-operated)","query_date":"2026-09-23"},"geometry":{"type":"Point","coordinates":[-122.22618,47.31821]}},{"type":"Feature","properties":{"osm_id":13753431401,"operator":"","manufacturer":"Flock Safety","category":"Flock","query_date":"2026-09-23"},"geometry":{"type":"Point","coordinates":[-122.21285,47.29366]}},{"type":"Feature","properties":{"osm_id":13753473301,"operator":"","manufacturer":"Flock Safety","category":"Flock","query_date":"2026-09-23"},"geometry":{"type":"Point","coordinates":[-122.21326,47.29422]}},{"type":"Feature","properties":{"osm_id":13753474101,"operator":"","manufacturer":"Flock Safety","category":"Flock","query_date":"2026-09-23"},"geometry":{"type":"Point","coordinates":[-122.21351,47.29438]}},{"type":"Feature","properties":{"osm_id":13758849059,"operator":"","manufacturer":"Flock Safety","category":"Flock","query_date":"2026-09-23"},"geometry":{"type":"Point","coordinates":[-122.37129,47.29472]}},{"type":"Feature","properties":{"osm_id":13762769803,"operator":"The Home Depot","manufacturer":"Flock Safety","category":"Flock (store-operated)","query_date":"2026-09-23"},"geometry":{"type":"Point","coordinates":[-122.03689,47.54616]}},{"type":"Feature","properties":{"osm_id":13772928501,"operator":"","manufacturer":"Flock Safety","category":"Flock","query_date":"2026-09-23"},"geometry":{"type":"Point","coordinates":[-122.29249,47.49166]}},{"type":"Feature","properties":{"osm_id":13799968212,"operator":"","manufacturer":"Flock Safety","category":"Flock","query_date":"2026-09-23"},"geometry":{"type":"Point","coordinates":[-122.19368,47.54051]}},{"type":"Feature","properties":{"osm_id":13800350897,"operator":"","manufacturer":"Flock Safety","category":"Flock","query_date":"2026-09-23"},"geometry":{"type":"Point","coordinates":[-121.97087,47.58744]}},{"type":"Feature","properties":{"osm_id":13800350898,"operator":"","manufacturer":"Flock Safety","category":"Flock","query_date":"2026-09-23"},"geometry":{"type":"Point","coordinates":[-121.97089,47.58733]}},{"type":"Feature","properties":{"osm_id":13817844901,"operator":"","manufacturer":"Flock Safety","category":"Flock","query_date":"2026-09-23"},"geometry":{"type":"Point","coordinates":[-122.23108,47.37776]}},{"type":"Feature","properties":{"osm_id":13819575601,"operator":"","manufacturer":"Flock Safety","category":"Flock","query_date":"2026-09-23"},"geometry":{"type":"Point","coordinates":[-122.23286,47.34568]}},{"type":"Feature","properties":{"osm_id":13819577101,"operator":"","manufacturer":"Flock Safety","category":"Flock","query_date":"2026-09-23"},"geometry":{"type":"Point","coordinates":[-122.22242,47.3461]}},{"type":"Feature","properties":{"osm_id":13822866802,"operator":"","manufacturer":"Flock Safety","category":"Flock","query_date":"2026-09-23"},"geometry":{"type":"Point","coordinates":[-121.96847,47.58466]}},{"type":"Feature","properties":{"osm_id":13836955701,"operator":"","manufacturer":"Flock Safety","category":"Flock","query_date":"2026-09-23"},"geometry":{"type":"Point","coordinates":[-121.96879,47.58472]}},{"type":"Feature","properties":{"osm_id":13850089201,"operator":"","manufacturer":"Flock Safety","category":"Flock","query_date":"2026-09-23"},"geometry":{"type":"Point","coordinates":[-122.19747,47.35174]}},{"type":"Feature","properties":{"osm_id":13885963802,"operator":"Lowe's","manufacturer":"Flock Safety","category":"Flock (store-operated)","query_date":"2026-09-23"},"geometry":{"type":"Point","coordinates":[-122.34519,47.72088]}},{"type":"Feature","properties":{"osm_id":13889905001,"operator":"","manufacturer":"Flock Safety","category":"Flock","query_date":"2026-09-23"},"geometry":{"type":"Point","coordinates":[-122.28688,47.58069]}},{"type":"Feature","properties":{"osm_id":13889998170,"operator":"Lowe's","manufacturer":"Flock Safety","category":"Flock (store-operated)","query_date":"2026-09-23"},"geometry":{"type":"Point","coordinates":[-122.34649,47.71973]}},{"type":"Feature","properties":{"osm_id":13915311301,"operator":"","manufacturer":"Flock Safety","category":"Flock","query_date":"2026-09-23"},"geometry":{"type":"Point","coordinates":[-122.05432,47.53345]}},{"type":"Feature","properties":{"osm_id":13915756201,"operator":"","manufacturer":"Flock Safety","category":"Flock","query_date":"2026-09-23"},"geometry":{"type":"Point","coordinates":[-122.3314,47.53404]}},{"type":"Feature","properties":{"osm_id":13915756601,"operator":"","manufacturer":"Flock Safety","category":"Flock","query_date":"2026-09-23"},"geometry":{"type":"Point","coordinates":[-122.38072,47.56154]}},{"type":"Feature","properties":{"osm_id":13924206972,"operator":"","manufacturer":"Flock Safety","category":"Flock","query_date":"2026-09-23"},"geometry":{"type":"Point","coordinates":[-122.21784,47.63908]}},{"type":"Feature","properties":{"osm_id":13924206973,"operator":"","manufacturer":"Flock Safety","category":"Flock","query_date":"2026-09-23"},"geometry":{"type":"Point","coordinates":[-122.21791,47.63922]}},{"type":"Feature","properties":{"osm_id":13926583400,"operator":"","manufacturer":"Flock Safety","category":"Flock","query_date":"2026-09-23"},"geometry":{"type":"Point","coordinates":[-122.21777,47.63914]}},{"type":"Feature","properties":{"osm_id":13927952701,"operator":"","manufacturer":"Flock Safety","category":"Flock","query_date":"2026-09-23"},"geometry":{"type":"Point","coordinates":[-122.15775,47.53302]}},{"type":"Feature","properties":{"osm_id":13938134085,"operator":"Northlake Ridge HOA","manufacturer":"Flock Safety","category":"Flock","query_date":"2026-09-23"},"geometry":{"type":"Point","coordinates":[-122.28587,47.30251]}},{"type":"Feature","properties":{"osm_id":13948533102,"operator":"","manufacturer":"Flock Safety","category":"Flock","query_date":"2026-09-23"},"geometry":{"type":"Point","coordinates":[-122.202,47.62822]}},{"type":"Feature","properties":{"osm_id":13956193001,"operator":"","manufacturer":"Flock Safety","category":"Flock","query_date":"2026-09-23"},"geometry":{"type":"Point","coordinates":[-122.2299,47.35968]}},{"type":"Feature","properties":{"osm_id":13973454682,"operator":"","manufacturer":"Flock Safety","category":"Flock","query_date":"2026-09-23"},"geometry":{"type":"Point","coordinates":[-122.21111,47.48704]}},{"type":"Feature","properties":{"osm_id":13973530201,"operator":"","manufacturer":"Flock Safety","category":"Flock","query_date":"2026-09-23"},"geometry":{"type":"Point","coordinates":[-122.20787,47.28273]}},{"type":"Feature","properties":{"osm_id":13979591201,"operator":"","manufacturer":"Flock Safety","category":"Flock","query_date":"2026-09-23"},"geometry":{"type":"Point","coordinates":[-122.29755,47.44093]}},{"type":"Feature","properties":{"osm_id":13981337203,"operator":"","manufacturer":"Flock Safety","category":"Flock","query_date":"2026-09-23"},"geometry":{"type":"Point","coordinates":[-122.21759,47.64125]}},{"type":"Feature","properties":{"osm_id":13981342412,"operator":"","manufacturer":"Flock Safety","category":"Flock","query_date":"2026-09-23"},"geometry":{"type":"Point","coordinates":[-122.2178,47.64102]}},{"type":"Feature","properties":{"osm_id":13981343402,"operator":"","manufacturer":"Flock Safety","category":"Flock","query_date":"2026-09-23"},"geometry":{"type":"Point","coordinates":[-122.21795,47.64106]}},{"type":"Feature","properties":{"osm_id":13986900002,"operator":"Lowe's","manufacturer":"Flock Safety","category":"Flock (store-operated)","query_date":"2026-09-23"},"geometry":{"type":"Point","coordinates":[-122.05546,47.54836]}},{"type":"Feature","properties":{"osm_id":13987091701,"operator":"","manufacturer":"Flock Safety","category":"Flock","query_date":"2026-09-23"},"geometry":{"type":"Point","coordinates":[-122.27081,47.42301]}},{"type":"Feature","properties":{"osm_id":13987096001,"operator":"","manufacturer":"Flock Safety","category":"Flock","query_date":"2026-09-23"},"geometry":{"type":"Point","coordinates":[-122.24943,47.42652]}},{"type":"Feature","properties":{"osm_id":13987100601,"operator":"","manufacturer":"Flock Safety","category":"Flock","query_date":"2026-09-23"},"geometry":{"type":"Point","coordinates":[-122.23266,47.44115]}},{"type":"Feature","properties":{"osm_id":13987242701,"operator":"","manufacturer":"Flock Safety","category":"Flock","query_date":"2026-09-23"},"geometry":{"type":"Point","coordinates":[-122.19531,47.647]}},{"type":"Feature","properties":{"osm_id":13987318401,"operator":"","manufacturer":"Flock Safety","category":"Flock","query_date":"2026-09-23"},"geometry":{"type":"Point","coordinates":[-122.22297,47.41213]}},{"type":"Feature","properties":{"osm_id":13989136002,"operator":"","manufacturer":"Flock Safety","category":"Flock","query_date":"2026-09-23"},"geometry":{"type":"Point","coordinates":[-122.26,47.38111]}},{"type":"Feature","properties":{"osm_id":13998537101,"operator":"","manufacturer":"Flock Safety","category":"Flock","query_date":"2026-09-23"},"geometry":{"type":"Point","coordinates":[-122.22291,47.43821]}},{"type":"Feature","properties":{"osm_id":13999323005,"operator":"","manufacturer":"Flock Safety","category":"Flock","query_date":"2026-09-23"},"geometry":{"type":"Point","coordinates":[-121.99882,47.20671]}},{"type":"Feature","properties":{"osm_id":14005482001,"operator":"","manufacturer":"Flock Safety","category":"Flock","query_date":"2026-09-23"},"geometry":{"type":"Point","coordinates":[-122.20423,47.41532]}},{"type":"Feature","properties":{"osm_id":14013767202,"operator":"","manufacturer":"Flock Safety","category":"Flock","query_date":"2026-09-23"},"geometry":{"type":"Point","coordinates":[-121.98955,47.20944]}},{"type":"Feature","properties":{"osm_id":14018077801,"operator":"","manufacturer":"Flock Safety","category":"Flock","query_date":"2026-09-23"},"geometry":{"type":"Point","coordinates":[-122.0057,47.1871]}},{"type":"Feature","properties":{"osm_id":14018745702,"operator":"","manufacturer":"Flock Safety","category":"Flock","query_date":"2026-09-23"},"geometry":{"type":"Point","coordinates":[-122.30062,47.38659]}},{"type":"Feature","properties":{"osm_id":14020002237,"operator":"","manufacturer":"Flock Safety","category":"Flock","query_date":"2026-09-23"},"geometry":{"type":"Point","coordinates":[-122.13583,47.35803]}},{"type":"Feature","properties":{"osm_id":14020008702,"operator":"","manufacturer":"Flock Safety","category":"Flock","query_date":"2026-09-23"},"geometry":{"type":"Point","coordinates":[-122.21109,47.48639]}},{"type":"Feature","properties":{"osm_id":14027178701,"operator":"","manufacturer":"Flock Safety","category":"Flock","query_date":"2026-09-23"},"geometry":{"type":"Point","coordinates":[-122.00282,47.18924]}},{"type":"Feature","properties":{"osm_id":14027509201,"operator":"","manufacturer":"Flock Safety","category":"Flock","query_date":"2026-09-23"},"geometry":{"type":"Point","coordinates":[-122.19357,47.38727]}},{"type":"Feature","properties":{"osm_id":14030023301,"operator":"","manufacturer":"Flock Safety","category":"Flock","query_date":"2026-09-23"},"geometry":{"type":"Point","coordinates":[-121.97382,47.19928]}},{"type":"Feature","properties":{"osm_id":14030350301,"operator":"","manufacturer":"Motorola Solutions","category":"other ALPR","query_date":"2026-09-23"},"geometry":{"type":"Point","coordinates":[-122.32344,47.6437]}},{"type":"Feature","properties":{"osm_id":14039841401,"operator":"","manufacturer":"Flock Safety","category":"Flock","query_date":"2026-09-23"},"geometry":{"type":"Point","coordinates":[-122.2121,47.49341]}},{"type":"Feature","properties":{"osm_id":14042107801,"operator":"","manufacturer":"Flock Safety","category":"Flock","query_date":"2026-09-23"},"geometry":{"type":"Point","coordinates":[-122.27541,47.44619]}},{"type":"Feature","properties":{"osm_id":14043400301,"operator":"","manufacturer":"Motorola Solutions","category":"other ALPR","query_date":"2026-09-23"},"geometry":{"type":"Point","coordinates":[-122.34733,47.64647]}},{"type":"Feature","properties":{"osm_id":14044183401,"operator":"","manufacturer":"Motorola Solutions","category":"other ALPR","query_date":"2026-09-23"},"geometry":{"type":"Point","coordinates":[-122.33327,47.70414]}},{"type":"Feature","properties":{"osm_id":14047484802,"operator":"","manufacturer":"Flock Safety","category":"Flock","query_date":"2026-09-23"},"geometry":{"type":"Point","coordinates":[-122.21446,47.44145]}},{"type":"Feature","properties":{"osm_id":14057057704,"operator":"","manufacturer":null,"category":"other ALPR","query_date":"2026-09-23"},"geometry":{"type":"Point","coordinates":[-122.34539,47.61611]}},{"type":"Feature","properties":{"osm_id":14057057705,"operator":"","manufacturer":null,"category":"other ALPR","query_date":"2026-09-23"},"geometry":{"type":"Point","coordinates":[-122.33048,47.61854]}},{"type":"Feature","properties":{"osm_id":14057057706,"operator":"","manufacturer":null,"category":"other ALPR","query_date":"2026-09-23"},"geometry":{"type":"Point","coordinates":[-122.33103,47.61838]}},{"type":"Feature","properties":{"osm_id":14057057707,"operator":"","manufacturer":null,"category":"other ALPR","query_date":"2026-09-23"},"geometry":{"type":"Point","coordinates":[-122.33856,47.62586]}},{"type":"Feature","properties":{"osm_id":14057057708,"operator":"","manufacturer":null,"category":"other ALPR","query_date":"2026-09-23"},"geometry":{"type":"Point","coordinates":[-122.3375,47.61252]}},{"type":"Feature","properties":{"osm_id":14057057709,"operator":"","manufacturer":null,"category":"other ALPR","query_date":"2026-09-23"},"geometry":{"type":"Point","coordinates":[-122.33161,47.61615]}},{"type":"Feature","properties":{"osm_id":14057057710,"operator":"","manufacturer":null,"category":"other ALPR","query_date":"2026-09-23"},"geometry":{"type":"Point","coordinates":[-122.32889,47.59909]}},{"type":"Feature","properties":{"osm_id":14057057711,"operator":"","manufacturer":null,"category":"other ALPR","query_date":"2026-09-23"},"geometry":{"type":"Point","coordinates":[-122.32917,47.59909]}},{"type":"Feature","properties":{"osm_id":14057274701,"operator":"","manufacturer":"Flock Safety","category":"Flock","query_date":"2026-09-23"},"geometry":{"type":"Point","coordinates":[-122.31484,47.28472]}},{"type":"Feature","properties":{"osm_id":14059947601,"operator":"","manufacturer":"Flock Safety","category":"Flock","query_date":"2026-09-23"},"geometry":{"type":"Point","coordinates":[-122.35681,47.62449]}},{"type":"Feature","properties":{"osm_id":14060384201,"operator":"","manufacturer":"Flock Safety","category":"Flock","query_date":"2026-09-23"},"geometry":{"type":"Point","coordinates":[-122.33418,47.62452]}},{"type":"Feature","properties":{"osm_id":14060403602,"operator":"","manufacturer":"Axis Communications","category":"other ALPR","query_date":"2026-09-23"},"geometry":{"type":"Point","coordinates":[-122.31854,47.68233]}},{"type":"Feature","properties":{"osm_id":14060414401,"operator":"","manufacturer":"Axis Communications","category":"other ALPR","query_date":"2026-09-23"},"geometry":{"type":"Point","coordinates":[-122.34453,47.69057]}},{"type":"Feature","properties":{"osm_id":14060418001,"operator":"","manufacturer":"Axis Communications","category":"other ALPR","query_date":"2026-09-23"},"geometry":{"type":"Point","coordinates":[-122.34455,47.69275]}},{"type":"Feature","properties":{"osm_id":14060420201,"operator":"","manufacturer":"Axis Communications","category":"other ALPR","query_date":"2026-09-23"},"geometry":{"type":"Point","coordinates":[-122.3447,47.69423]}},{"type":"Feature","properties":{"osm_id":14062344701,"operator":"","manufacturer":"Avigilon","category":"other ALPR","query_date":"2026-09-23"},"geometry":{"type":"Point","coordinates":[-122.34386,47.6163]}},{"type":"Feature","properties":{"osm_id":14062422901,"operator":"","manufacturer":"Flock Safety","category":"Flock","query_date":"2026-09-23"},"geometry":{"type":"Point","coordinates":[-122.1178,47.44653]}},{"type":"Feature","properties":{"osm_id":14064444301,"operator":"","manufacturer":"Axis Communications","category":"other ALPR","query_date":"2026-09-23"},"geometry":{"type":"Point","coordinates":[-122.34091,47.61599]}},{"type":"Feature","properties":{"osm_id":14065092601,"operator":"","manufacturer":"Axis Communications","category":"other ALPR","query_date":"2026-09-23"},"geometry":{"type":"Point","coordinates":[-122.33724,47.61854]}},{"type":"Feature","properties":{"osm_id":14065570049,"operator":"Safeway","manufacturer":"Rekor Systems","category":"other ALPR","query_date":"2026-09-23"},"geometry":{"type":"Point","coordinates":[-122.31014,47.35913]}},{"type":"Feature","properties":{"osm_id":14065578964,"operator":"Safeway","manufacturer":"Rekor Systems","category":"other ALPR","query_date":"2026-09-23"},"geometry":{"type":"Point","coordinates":[-122.31044,47.35911]}},{"type":"Feature","properties":{"osm_id":14065594894,"operator":"Safeway","manufacturer":"Rekor Systems","category":"other ALPR","query_date":"2026-09-23"},"geometry":{"type":"Point","coordinates":[-122.31754,47.31394]}},{"type":"Feature","properties":{"osm_id":14065594900,"operator":"Safeway","manufacturer":"Rekor Systems","category":"other ALPR","query_date":"2026-09-23"},"geometry":{"type":"Point","coordinates":[-122.31853,47.31336]}},{"type":"Feature","properties":{"osm_id":14065596136,"operator":"Safeway","manufacturer":"Rekor Systems","category":"other ALPR","query_date":"2026-09-23"},"geometry":{"type":"Point","coordinates":[-122.31853,47.31391]}},{"type":"Feature","properties":{"osm_id":14068662334,"operator":"Dick's Sporting Goods","manufacturer":"LiveView Technologies","category":"other ALPR","query_date":"2026-09-23"},"geometry":{"type":"Point","coordinates":[-122.13104,47.62126]}},{"type":"Feature","properties":{"osm_id":14068700301,"operator":"","manufacturer":"Flock Safety","category":"Flock","query_date":"2026-09-23"},"geometry":{"type":"Point","coordinates":[-122.11794,47.44616]}},{"type":"Feature","properties":{"osm_id":14068701101,"operator":"","manufacturer":"Flock Safety","category":"Flock","query_date":"2026-09-23"},"geometry":{"type":"Point","coordinates":[-122.11877,47.44611]}},{"type":"Feature","properties":{"osm_id":14069294764,"operator":"Fred Meyer","manufacturer":"Rekor Systems","category":"other ALPR","query_date":"2026-09-23"},"geometry":{"type":"Point","coordinates":[-122.2254,47.31581]}},{"type":"Feature","properties":{"osm_id":14069373766,"operator":"Fred Meyer","manufacturer":"Rekor Systems","category":"other ALPR","query_date":"2026-09-23"},"geometry":{"type":"Point","coordinates":[-122.22747,47.31552]}},{"type":"Feature","properties":{"osm_id":14069378005,"operator":"Fred Meyer","manufacturer":"Rekor Systems","category":"other ALPR","query_date":"2026-09-23"},"geometry":{"type":"Point","coordinates":[-122.22542,47.31581]}},{"type":"Feature","properties":{"osm_id":14071134624,"operator":"","manufacturer":"Flock Safety","category":"Flock","query_date":"2026-09-23"},"geometry":{"type":"Point","coordinates":[-122.03785,47.31083]}},{"type":"Feature","properties":{"osm_id":14071746301,"operator":"","manufacturer":"Flock Safety","category":"Flock","query_date":"2026-09-23"},"geometry":{"type":"Point","coordinates":[-122.3041,47.63522]}},{"type":"Feature","properties":{"osm_id":14071846260,"operator":"Safeway","manufacturer":"Rekor Systems","category":"other ALPR","query_date":"2026-09-23"},"geometry":{"type":"Point","coordinates":[-122.29905,47.40971]}},{"type":"Feature","properties":{"osm_id":14071846266,"operator":"Fred Meyer","manufacturer":"Rekor Systems","category":"other ALPR","query_date":"2026-09-23"},"geometry":{"type":"Point","coordinates":[-122.29874,47.37337]}},{"type":"Feature","properties":{"osm_id":14071896800,"operator":"Des Moines Police","manufacturer":"Flock Safety","category":"Flock","query_date":"2026-09-23"},"geometry":{"type":"Point","coordinates":[-122.29515,47.39606]}},{"type":"Feature","properties":{"osm_id":14072019674,"operator":"Fred Meyer","manufacturer":"Rekor Systems","category":"other ALPR","query_date":"2026-09-23"},"geometry":{"type":"Point","coordinates":[-122.2987,47.37504]}},{"type":"Feature","properties":{"osm_id":14072026119,"operator":"Safeway","manufacturer":"Rekor Systems","category":"other ALPR","query_date":"2026-09-23"},"geometry":{"type":"Point","coordinates":[-122.29909,47.4104]}},{"type":"Feature","properties":{"osm_id":14072026120,"operator":"Safeway","manufacturer":"Rekor Systems","category":"other ALPR","query_date":"2026-09-23"},"geometry":{"type":"Point","coordinates":[-122.29913,47.40966]}},{"type":"Feature","properties":{"osm_id":14072026177,"operator":"Fred Meyer","manufacturer":"Rekor Systems","category":"other ALPR","query_date":"2026-09-23"},"geometry":{"type":"Point","coordinates":[-122.29873,47.37337]}},{"type":"Feature","properties":{"osm_id":14072035801,"operator":"Fred Meyer","manufacturer":"Rekor Systems","category":"other ALPR","query_date":"2026-09-23"},"geometry":{"type":"Point","coordinates":[-122.29869,47.37507]}},{"type":"Feature","properties":{"osm_id":14073912601,"operator":"","manufacturer":"Axis Communications","category":"other ALPR","query_date":"2026-09-23"},"geometry":{"type":"Point","coordinates":[-122.33588,47.6245]}},{"type":"Feature","properties":{"osm_id":14073912801,"operator":"","manufacturer":"Avigilon","category":"other ALPR","query_date":"2026-09-23"},"geometry":{"type":"Point","coordinates":[-122.33155,47.62476]}},{"type":"Feature","properties":{"osm_id":14075569801,"operator":"","manufacturer":"Motorola Solutions","category":"other ALPR","query_date":"2026-09-23"},"geometry":{"type":"Point","coordinates":[-122.33989,47.62081]}},{"type":"Feature","properties":{"osm_id":14075851250,"operator":"The Home Depot","manufacturer":"LiveView Technologies","category":"other ALPR","query_date":"2026-09-23"},"geometry":{"type":"Point","coordinates":[-122.18076,47.61326]}},{"type":"Feature","properties":{"osm_id":14077113701,"operator":"","manufacturer":"Axis Communications","category":"other ALPR","query_date":"2026-09-23"},"geometry":{"type":"Point","coordinates":[-121.87289,47.49455]}},{"type":"Feature","properties":{"osm_id":14077651901,"operator":"","manufacturer":"Flock Safety","category":"Flock","query_date":"2026-09-23"},"geometry":{"type":"Point","coordinates":[-122.24985,47.34154]}},{"type":"Feature","properties":{"osm_id":14079432429,"operator":"Kroger","manufacturer":"LiveView Technologies","category":"other ALPR","query_date":"2026-09-23"},"geometry":{"type":"Point","coordinates":[-122.14374,47.62988]}},{"type":"Feature","properties":{"osm_id":14079626801,"operator":"","manufacturer":"Flock Safety","category":"Flock","query_date":"2026-09-23"},"geometry":{"type":"Point","coordinates":[-122.33557,47.61218]}},{"type":"Feature","properties":{"osm_id":14079639703,"operator":"","manufacturer":"Flock Safety","category":"Flock","query_date":"2026-09-23"},"geometry":{"type":"Point","coordinates":[-122.31322,47.67683]}},{"type":"Feature","properties":{"osm_id":14079639802,"operator":"","manufacturer":"Flock Safety","category":"Flock","query_date":"2026-09-23"},"geometry":{"type":"Point","coordinates":[-122.31234,47.67688]}},{"type":"Feature","properties":{"osm_id":14079704958,"operator":"Safeway","manufacturer":"Rekor Systems","category":"other ALPR","query_date":"2026-09-23"},"geometry":{"type":"Point","coordinates":[-122.16628,47.35697]}},{"type":"Feature","properties":{"osm_id":14079761901,"operator":"Safeway","manufacturer":"Rekor Systems","category":"other ALPR","query_date":"2026-09-23"},"geometry":{"type":"Point","coordinates":[-122.16704,47.35698]}},{"type":"Feature","properties":{"osm_id":14080700901,"operator":"","manufacturer":"Flock Safety","category":"Flock","query_date":"2026-09-23"},"geometry":{"type":"Point","coordinates":[-121.98973,47.21831]}},{"type":"Feature","properties":{"osm_id":14080970601,"operator":"","manufacturer":"Flock Safety","category":"Flock","query_date":"2026-09-23"},"geometry":{"type":"Point","coordinates":[-122.01978,47.36134]}},{"type":"Feature","properties":{"osm_id":14084392800,"operator":"","manufacturer":null,"category":"other ALPR","query_date":"2026-09-23"},"geometry":{"type":"Point","coordinates":[-122.14296,47.61021]}},{"type":"Feature","properties":{"osm_id":14084862801,"operator":"","manufacturer":"Flock Safety","category":"Flock","query_date":"2026-09-23"},"geometry":{"type":"Point","coordinates":[-122.29533,47.41905]}},{"type":"Feature","properties":{"osm_id":14085691901,"operator":"","manufacturer":"Axis Communications","category":"other ALPR","query_date":"2026-09-23"},"geometry":{"type":"Point","coordinates":[-122.34252,47.65531]}},{"type":"Feature","properties":{"osm_id":14087942903,"operator":"","manufacturer":"Flock Safety","category":"Flock","query_date":"2026-09-23"},"geometry":{"type":"Point","coordinates":[-122.2009,47.61923]}},{"type":"Feature","properties":{"osm_id":14087946701,"operator":"","manufacturer":"Flock Safety","category":"Flock","query_date":"2026-09-23"},"geometry":{"type":"Point","coordinates":[-122.19907,47.61929]}},{"type":"Feature","properties":{"osm_id":14088102101,"operator":"","manufacturer":"Flock Safety","category":"Flock","query_date":"2026-09-23"},"geometry":{"type":"Point","coordinates":[-121.87348,47.49314]}},{"type":"Feature","properties":{"osm_id":14088289702,"operator":"","manufacturer":"Flock Safety","category":"Flock","query_date":"2026-09-23"},"geometry":{"type":"Point","coordinates":[-122.19634,47.61747]}},{"type":"Feature","properties":{"osm_id":14088291301,"operator":"","manufacturer":"Axis Communications","category":"other ALPR","query_date":"2026-09-23"},"geometry":{"type":"Point","coordinates":[-122.19609,47.61951]}},{"type":"Feature","properties":{"osm_id":14088294301,"operator":"","manufacturer":"Flock Safety","category":"Flock","query_date":"2026-09-23"},"geometry":{"type":"Point","coordinates":[-122.19647,47.61635]}},{"type":"Feature","properties":{"osm_id":14088296901,"operator":"","manufacturer":"Flock Safety","category":"Flock","query_date":"2026-09-23"},"geometry":{"type":"Point","coordinates":[-122.19653,47.6169]}},{"type":"Feature","properties":{"osm_id":14088297001,"operator":"","manufacturer":"Flock Safety","category":"Flock","query_date":"2026-09-23"},"geometry":{"type":"Point","coordinates":[-122.19651,47.61573]}},{"type":"Feature","properties":{"osm_id":14088298901,"operator":"","manufacturer":"Flock Safety","category":"Flock","query_date":"2026-09-23"},"geometry":{"type":"Point","coordinates":[-122.19728,47.61546]}},{"type":"Feature","properties":{"osm_id":14088579801,"operator":"","manufacturer":"Flock Safety","category":"Flock","query_date":"2026-09-23"},"geometry":{"type":"Point","coordinates":[-122.19624,47.6155]}},{"type":"Feature","properties":{"osm_id":14088591002,"operator":"","manufacturer":"Flock Safety","category":"Flock","query_date":"2026-09-23"},"geometry":{"type":"Point","coordinates":[-122.28863,47.58976]}},{"type":"Feature","properties":{"osm_id":14088620801,"operator":"","manufacturer":"Flock Safety","category":"Flock","query_date":"2026-09-23"},"geometry":{"type":"Point","coordinates":[-122.32233,47.6424]}},{"type":"Feature","properties":{"osm_id":14088622801,"operator":"","manufacturer":"Axis Communications","category":"other ALPR","query_date":"2026-09-23"},"geometry":{"type":"Point","coordinates":[-122.32364,47.63692]}},{"type":"Feature","properties":{"osm_id":14091033402,"operator":"","manufacturer":"Flock Safety","category":"Flock","query_date":"2026-09-23"},"geometry":{"type":"Point","coordinates":[-121.96366,47.19921]}},{"type":"Feature","properties":{"osm_id":14095555003,"operator":"","manufacturer":"Flock Safety","category":"Flock","query_date":"2026-09-23"},"geometry":{"type":"Point","coordinates":[-122.32004,47.42293]}},{"type":"Feature","properties":{"osm_id":14095557401,"operator":"","manufacturer":null,"category":"Flock","query_date":"2026-09-23"},"geometry":{"type":"Point","coordinates":[-122.18674,47.56406]}},{"type":"Feature","properties":{"osm_id":14095618602,"operator":"","manufacturer":"Flock Safety","category":"Flock","query_date":"2026-09-23"},"geometry":{"type":"Point","coordinates":[-122.29995,47.42218]}},{"type":"Feature","properties":{"osm_id":14095711901,"operator":"","manufacturer":"Axon Enterprise","category":"other ALPR","query_date":"2026-09-23"},"geometry":{"type":"Point","coordinates":[-122.32768,47.59918]}},{"type":"Feature","properties":{"osm_id":14095711902,"operator":"","manufacturer":"Axon Enterprise","category":"other ALPR","query_date":"2026-09-23"},"geometry":{"type":"Point","coordinates":[-122.32243,47.59919]}},{"type":"Feature","properties":{"osm_id":14095712101,"operator":"","manufacturer":"Axon Enterprise","category":"other ALPR","query_date":"2026-09-23"},"geometry":{"type":"Point","coordinates":[-122.32503,47.59918]}},{"type":"Feature","properties":{"osm_id":14095712102,"operator":"","manufacturer":"Axon Enterprise","category":"other ALPR","query_date":"2026-09-23"},"geometry":{"type":"Point","coordinates":[-122.32378,47.59839]}},{"type":"Feature","properties":{"osm_id":14095712104,"operator":"","manufacturer":"Axon Enterprise","category":"other ALPR","query_date":"2026-09-23"},"geometry":{"type":"Point","coordinates":[-122.32507,47.59748]}},{"type":"Feature","properties":{"osm_id":14095712601,"operator":"","manufacturer":"Axon Enterprise","category":"other ALPR","query_date":"2026-09-23"},"geometry":{"type":"Point","coordinates":[-122.32505,47.59837]}},{"type":"Feature","properties":{"osm_id":14095712602,"operator":"","manufacturer":"Axon Enterprise","category":"other ALPR","query_date":"2026-09-23"},"geometry":{"type":"Point","coordinates":[-122.32639,47.59839]}},{"type":"Feature","properties":{"osm_id":14095712603,"operator":"","manufacturer":"Axon Enterprise","category":"other ALPR","query_date":"2026-09-23"},"geometry":{"type":"Point","coordinates":[-122.32255,47.59667]}},{"type":"Feature","properties":{"osm_id":14095712604,"operator":"","manufacturer":"Axon Enterprise","category":"other ALPR","query_date":"2026-09-23"},"geometry":{"type":"Point","coordinates":[-122.32243,47.59585]}},{"type":"Feature","properties":{"osm_id":14095713701,"operator":"","manufacturer":"Axon Enterprise","category":"other ALPR","query_date":"2026-09-23"},"geometry":{"type":"Point","coordinates":[-122.3277,47.59752]}},{"type":"Feature","properties":{"osm_id":14095713702,"operator":"","manufacturer":"Axon Enterprise","category":"other ALPR","query_date":"2026-09-23"},"geometry":{"type":"Point","coordinates":[-122.32242,47.59752]}},{"type":"Feature","properties":{"osm_id":14095713801,"operator":"","manufacturer":"Axon Enterprise","category":"other ALPR","query_date":"2026-09-23"},"geometry":{"type":"Point","coordinates":[-122.32377,47.59667]}},{"type":"Feature","properties":{"osm_id":14095714701,"operator":"","manufacturer":"Axon Enterprise","category":"other ALPR","query_date":"2026-09-23"},"geometry":{"type":"Point","coordinates":[-122.32636,47.59669]}},{"type":"Feature","properties":{"osm_id":14095826976,"operator":"Federal Way Police","manufacturer":"Flock Safety","category":"Flock","query_date":"2026-09-23"},"geometry":{"type":"Point","coordinates":[-122.30052,47.31526]}},{"type":"Feature","properties":{"osm_id":14096021259,"operator":"Cylde Hill PD","manufacturer":"Flock Safety","category":"Flock","query_date":"2026-09-23"},"geometry":{"type":"Point","coordinates":[-122.21199,47.63194]}},{"type":"Feature","properties":{"osm_id":14097707098,"operator":"","manufacturer":"Flock Safety","category":"Flock","query_date":"2026-09-23"},"geometry":{"type":"Point","coordinates":[-122.19735,47.40479]}},{"type":"Feature","properties":{"osm_id":14100379701,"operator":"","manufacturer":"Flock Safety","category":"Flock","query_date":"2026-09-23"},"geometry":{"type":"Point","coordinates":[-122.18414,47.72077]}},{"type":"Feature","properties":{"osm_id":14101717002,"operator":"","manufacturer":"Flock Safety","category":"Flock","query_date":"2026-09-23"},"geometry":{"type":"Point","coordinates":[-122.28725,47.49228]}},{"type":"Feature","properties":{"osm_id":14102260202,"operator":"","manufacturer":"Flock Safety","category":"Flock","query_date":"2026-09-23"},"geometry":{"type":"Point","coordinates":[-122.31867,47.43636]}},{"type":"Feature","properties":{"osm_id":14103765201,"operator":"","manufacturer":"Flock Safety","category":"Flock","query_date":"2026-09-23"},"geometry":{"type":"Point","coordinates":[-122.26035,47.44149]}},{"type":"Feature","properties":{"osm_id":14105500501,"operator":"","manufacturer":"Flock Safety","category":"Flock","query_date":"2026-09-23"},"geometry":{"type":"Point","coordinates":[-122.2854,47.49137]}},{"type":"Feature","properties":{"osm_id":14111628101,"operator":"","manufacturer":"Axon Enterprise","category":"other ALPR","query_date":"2026-09-23"},"geometry":{"type":"Point","coordinates":[-122.34511,47.73421]}},{"type":"Feature","properties":{"osm_id":14111628102,"operator":"","manufacturer":"Axon Enterprise","category":"other ALPR","query_date":"2026-09-23"},"geometry":{"type":"Point","coordinates":[-122.34503,47.7269]}},{"type":"Feature","properties":{"osm_id":14111628103,"operator":"","manufacturer":"Axon Enterprise","category":"other ALPR","query_date":"2026-09-23"},"geometry":{"type":"Point","coordinates":[-122.34493,47.71956]}},{"type":"Feature","properties":{"osm_id":14111628104,"operator":"","manufacturer":"Axon Enterprise","category":"other ALPR","query_date":"2026-09-23"},"geometry":{"type":"Point","coordinates":[-122.34471,47.70506]}},{"type":"Feature","properties":{"osm_id":14111628201,"operator":"","manufacturer":"Axon Enterprise","category":"other ALPR","query_date":"2026-09-23"},"geometry":{"type":"Point","coordinates":[-122.34501,47.73047]}},{"type":"Feature","properties":{"osm_id":14111628202,"operator":"","manufacturer":"Axon Enterprise","category":"other ALPR","query_date":"2026-09-23"},"geometry":{"type":"Point","coordinates":[-122.34495,47.72322]}},{"type":"Feature","properties":{"osm_id":14111628401,"operator":"","manufacturer":"Axon Enterprise","category":"other ALPR","query_date":"2026-09-23"},"geometry":{"type":"Point","coordinates":[-122.34474,47.71271]}},{"type":"Feature","properties":{"osm_id":14111628402,"operator":"","manufacturer":"Axon Enterprise","category":"other ALPR","query_date":"2026-09-23"},"geometry":{"type":"Point","coordinates":[-122.34462,47.70145]}},{"type":"Feature","properties":{"osm_id":14111628403,"operator":"","manufacturer":"Axon Enterprise","category":"other ALPR","query_date":"2026-09-23"},"geometry":{"type":"Point","coordinates":[-122.34895,47.61711]}},{"type":"Feature","properties":{"osm_id":14111628404,"operator":"","manufacturer":"Axon Enterprise","category":"other ALPR","query_date":"2026-09-23"},"geometry":{"type":"Point","coordinates":[-122.34877,47.6159]}},{"type":"Feature","properties":{"osm_id":14111628405,"operator":"","manufacturer":"Axon Enterprise","category":"other ALPR","query_date":"2026-09-23"},"geometry":{"type":"Point","coordinates":[-122.34695,47.61479]}},{"type":"Feature","properties":{"osm_id":14111628601,"operator":"","manufacturer":"Axon Enterprise","category":"other ALPR","query_date":"2026-09-23"},"geometry":{"type":"Point","coordinates":[-122.34476,47.70807]}},{"type":"Feature","properties":{"osm_id":14111628602,"operator":"","manufacturer":"Axon Enterprise","category":"other ALPR","query_date":"2026-09-23"},"geometry":{"type":"Point","coordinates":[-122.34465,47.70288]}},{"type":"Feature","properties":{"osm_id":14111628701,"operator":"","manufacturer":"Axon Enterprise","category":"other ALPR","query_date":"2026-09-23"},"geometry":{"type":"Point","coordinates":[-122.34466,47.6996]}},{"type":"Feature","properties":{"osm_id":14111628702,"operator":"","manufacturer":"Axon Enterprise","category":"other ALPR","query_date":"2026-09-23"},"geometry":{"type":"Point","coordinates":[-122.33038,47.60176]}},{"type":"Feature","properties":{"osm_id":14111628801,"operator":"","manufacturer":"Axon Enterprise","category":"other ALPR","query_date":"2026-09-23"},"geometry":{"type":"Point","coordinates":[-122.34463,47.69782]}},{"type":"Feature","properties":{"osm_id":14111628802,"operator":"","manufacturer":"Axon Enterprise","category":"other ALPR","query_date":"2026-09-23"},"geometry":{"type":"Point","coordinates":[-122.35061,47.61578]}},{"type":"Feature","properties":{"osm_id":14111628803,"operator":"","manufacturer":"Axon Enterprise","category":"other ALPR","query_date":"2026-09-23"},"geometry":{"type":"Point","coordinates":[-122.34877,47.6147]}},{"type":"Feature","properties":{"osm_id":14111631401,"operator":"","manufacturer":"Axon Enterprise","category":"other ALPR","query_date":"2026-09-23"},"geometry":{"type":"Point","coordinates":[-122.34703,47.61605]}},{"type":"Feature","properties":{"osm_id":14111631402,"operator":"","manufacturer":"Axon Enterprise","category":"other ALPR","query_date":"2026-09-23"},"geometry":{"type":"Point","coordinates":[-122.33271,47.60419]}},{"type":"Feature","properties":{"osm_id":14111631403,"operator":"","manufacturer":"Axon Enterprise","category":"other ALPR","query_date":"2026-09-23"},"geometry":{"type":"Point","coordinates":[-122.33684,47.60876]}},{"type":"Feature","properties":{"osm_id":14111631404,"operator":"","manufacturer":"Axon Enterprise","category":"other ALPR","query_date":"2026-09-23"},"geometry":{"type":"Point","coordinates":[-122.33762,47.6112]}},{"type":"Feature","properties":{"osm_id":14111631405,"operator":"","manufacturer":"Axon Enterprise","category":"other ALPR","query_date":"2026-09-23"},"geometry":{"type":"Point","coordinates":[-122.33986,47.61031]}},{"type":"Feature","properties":{"osm_id":14111631406,"operator":"","manufacturer":"Axon Enterprise","category":"other ALPR","query_date":"2026-09-23"},"geometry":{"type":"Point","coordinates":[-122.34133,47.61033]}},{"type":"Feature","properties":{"osm_id":14111631407,"operator":"","manufacturer":"Axon Enterprise","category":"other ALPR","query_date":"2026-09-23"},"geometry":{"type":"Point","coordinates":[-122.33867,47.6122]}},{"type":"Feature","properties":{"osm_id":14111632501,"operator":"","manufacturer":"Axon Enterprise","category":"other ALPR","query_date":"2026-09-23"},"geometry":{"type":"Point","coordinates":[-122.3314,47.6028]}},{"type":"Feature","properties":{"osm_id":14111632502,"operator":"","manufacturer":"Axon Enterprise","category":"other ALPR","query_date":"2026-09-23"},"geometry":{"type":"Point","coordinates":[-122.334,47.60563]}},{"type":"Feature","properties":{"osm_id":14111632503,"operator":"","manufacturer":"Axon Enterprise","category":"other ALPR","query_date":"2026-09-23"},"geometry":{"type":"Point","coordinates":[-122.33535,47.60704]}},{"type":"Feature","properties":{"osm_id":14111632504,"operator":"","manufacturer":"Axon Enterprise","category":"other ALPR","query_date":"2026-09-23"},"geometry":{"type":"Point","coordinates":[-122.33708,47.6073]}},{"type":"Feature","properties":{"osm_id":14111632901,"operator":"","manufacturer":"Axon Enterprise","category":"other ALPR","query_date":"2026-09-23"},"geometry":{"type":"Point","coordinates":[-122.33644,47.60658]}},{"type":"Feature","properties":{"osm_id":14111632902,"operator":"","manufacturer":"Axon Enterprise","category":"other ALPR","query_date":"2026-09-23"},"geometry":{"type":"Point","coordinates":[-122.33874,47.61076]}},{"type":"Feature","properties":{"osm_id":14111632903,"operator":"","manufacturer":"Axon Enterprise","category":"other ALPR","query_date":"2026-09-23"},"geometry":{"type":"Point","coordinates":[-122.33955,47.61165]}},{"type":"Feature","properties":{"osm_id":14111632904,"operator":"","manufacturer":"Axon Enterprise","category":"other ALPR","query_date":"2026-09-23"},"geometry":{"type":"Point","coordinates":[-122.3422,47.61318]}},{"type":"Feature","properties":{"osm_id":14111632905,"operator":"","manufacturer":"Axon Enterprise","category":"other ALPR","query_date":"2026-09-23"},"geometry":{"type":"Point","coordinates":[-122.34433,47.61328]}},{"type":"Feature","properties":{"osm_id":14111633301,"operator":"","manufacturer":"Axon Enterprise","category":"other ALPR","query_date":"2026-09-23"},"geometry":{"type":"Point","coordinates":[-122.34,47.60884]}},{"type":"Feature","properties":{"osm_id":14111633302,"operator":"","manufacturer":"Axon Enterprise","category":"other ALPR","query_date":"2026-09-23"},"geometry":{"type":"Point","coordinates":[-122.34396,47.61184]}},{"type":"Feature","properties":{"osm_id":14111633303,"operator":"","manufacturer":"Axon Enterprise","category":"other ALPR","query_date":"2026-09-23"},"geometry":{"type":"Point","coordinates":[-122.34478,47.61469]}},{"type":"Feature","properties":{"osm_id":14111637001,"operator":"","manufacturer":"Axon Enterprise","category":"other ALPR","query_date":"2026-09-23"},"geometry":{"type":"Point","coordinates":[-122.34176,47.61174]}},{"type":"Feature","properties":{"osm_id":14111637002,"operator":"","manufacturer":"Axon Enterprise","category":"other ALPR","query_date":"2026-09-23"},"geometry":{"type":"Point","coordinates":[-122.34655,47.61336]}},{"type":"Feature","properties":{"osm_id":14113840418,"operator":"Kroger","manufacturer":"LiveView Technologies","category":"other ALPR","query_date":"2026-09-23"},"geometry":{"type":"Point","coordinates":[-122.20142,47.63469]}},{"type":"Feature","properties":{"osm_id":14124061301,"operator":"","manufacturer":"Flock Safety","category":"Flock","query_date":"2026-09-23"},"geometry":{"type":"Point","coordinates":[-122.23227,47.30086]}},{"type":"Feature","properties":{"osm_id":14125586202,"operator":"","manufacturer":"Flock Safety","category":"Flock","query_date":"2026-09-23"},"geometry":{"type":"Point","coordinates":[-122.20441,47.49956]}},{"type":"Feature","properties":{"osm_id":14126042902,"operator":"","manufacturer":"Flock Safety","category":"Flock","query_date":"2026-09-23"},"geometry":{"type":"Point","coordinates":[-122.30538,47.4724]}},{"type":"Feature","properties":{"osm_id":14130388401,"operator":"","manufacturer":"Flock Safety","category":"Flock","query_date":"2026-09-23"},"geometry":{"type":"Point","coordinates":[-122.09834,47.3589]}},{"type":"Feature","properties":{"osm_id":14138309890,"operator":"","manufacturer":"Flock Safety","category":"Flock","query_date":"2026-09-23"},"geometry":{"type":"Point","coordinates":[-122.06342,47.54583]}},{"type":"Feature","properties":{"osm_id":14138313709,"operator":"Lowe's","manufacturer":"Flock Safety","category":"Flock (store-operated)","query_date":"2026-09-23"},"geometry":{"type":"Point","coordinates":[-122.05457,47.54979]}},{"type":"Feature","properties":{"osm_id":14145497101,"operator":"","manufacturer":"Flock Safety","category":"Flock","query_date":"2026-09-23"},"geometry":{"type":"Point","coordinates":[-122.2197,47.33838]}},{"type":"Feature","properties":{"osm_id":14150121801,"operator":"","manufacturer":"Flock Safety","category":"Flock","query_date":"2026-09-23"},"geometry":{"type":"Point","coordinates":[-122.2913,47.44523]}},{"type":"Feature","properties":{"osm_id":14153791301,"operator":"","manufacturer":"Flock Safety","category":"Flock","query_date":"2026-09-23"},"geometry":{"type":"Point","coordinates":[-122.28471,47.45857]}},{"type":"Feature","properties":{"osm_id":14169175701,"operator":"FedEx","manufacturer":"Flock Safety","category":"Flock","query_date":"2026-09-23"},"geometry":{"type":"Point","coordinates":[-122.0903,47.67004]}},{"type":"Feature","properties":{"osm_id":14174555801,"operator":"","manufacturer":"Flock Safety","category":"Flock","query_date":"2026-09-23"},"geometry":{"type":"Point","coordinates":[-122.29029,47.42278]}},{"type":"Feature","properties":{"osm_id":14178923556,"operator":"","manufacturer":"Flock Safety","category":"Flock","query_date":"2026-09-23"},"geometry":{"type":"Point","coordinates":[-122.14392,47.65508]}},{"type":"Feature","properties":{"osm_id":14178933512,"operator":"FedEx","manufacturer":"Flock Safety","category":"Flock","query_date":"2026-09-23"},"geometry":{"type":"Point","coordinates":[-122.09047,47.66995]}},{"type":"Feature","properties":{"osm_id":14180926801,"operator":"","manufacturer":"Flock Safety","category":"Flock","query_date":"2026-09-23"},"geometry":{"type":"Point","coordinates":[-122.04531,47.32945]}},{"type":"Feature","properties":{"osm_id":14181717801,"operator":"","manufacturer":"Flock Safety","category":"Flock","query_date":"2026-09-23"},"geometry":{"type":"Point","coordinates":[-122.2834,47.44514]}},{"type":"Feature","properties":{"osm_id":14183615157,"operator":"","manufacturer":"Flock Safety","category":"Flock","query_date":"2026-09-23"},"geometry":{"type":"Point","coordinates":[-122.07278,47.57618]}},{"type":"Feature","properties":{"osm_id":14206557324,"operator":"","manufacturer":null,"category":"other ALPR","query_date":"2026-09-23"},"geometry":{"type":"Point","coordinates":[-122.20433,47.49246]}}]}