{"type":"FeatureCollection","features":[{"type":"Feature","properties":{"GEOID":"53033005304","city":"Seattle","pct_hispanic":7.328,"pop_total":3425.0,"median_hh_income":17500.0,"pop_density_sqkm":46898.535,"cameras_flock":0,"cameras_flock_nonretail":0,"cameras_alpr_all":0,"road_miles":1.026,"cameras_per_road_mile":0.0,"cameras_per_10k_residents":0.0,"crime_count":84.0,"crime_data_available":true,"retailer_count":0},"geometry":{"type":"Polygon","coordinates":[[[-122.31834,47.65537],[-122.31782,47.65689],[-122.31206,47.65682],[-122.31209,47.65534],[-122.31834,47.65537]]]}},{"type":"Feature","properties":{"GEOID":"53033032221","city":"(unincorporated county)","pct_hispanic":5.492,"pop_total":6173.0,"median_hh_income":250001.0,"pop_density_sqkm":173.527,"cameras_flock":0,"cameras_flock_nonretail":0,"cameras_alpr_all":0,"road_miles":11.268,"cameras_per_road_mile":0.0,"cameras_per_10k_residents":0.0,"crime_count":null,"crime_data_available":false,"retailer_count":0},"geometry":{"type":"Polygon","coordinates":[[[-122.00678,47.53622],[-122.00151,47.54752],[-121.99886,47.54764],[-121.99887,47.54965],[-121.9977,47.54966],[-121.99769,47.55197],[-121.99643,47.55325],[-121.99814,47.55424],[-121.99691,47.55669],[-122.00094,47.56492],[-121.99615,47.56759],[-121.99352,47.56834],[-121.9906,47.56998],[-121.98954,47.57333],[-121.98511,47.57934],[-121.97898,47.58365],[-121.97491,47.58431],[-121.96592,47.58472],[-121.9628,47.58418],[-121.95953,47.58489],[-121.95604,47.58504],[-121.95416,47.5859],[-121.95319,47.58829],[-121.94088,47.58146],[-121.93194,47.57831],[-121.93202,47.57295],[-121.94315,47.57289],[-121.94273,47.57127],[-121.93973,47.56952],[-121.93483,47.56794],[-121.93105,47.56523],[-121.92834,47.56534],[-121.92557,47.56475],[-121.9235,47.56494],[-121.9223,47.56354],[-121.91986,47.56279],[-121.90355,47.56172],[-121.90353,47.55799],[-121.90086,47.55566],[-121.90032,47.55464],[-121.90113,47.55402],[-121.90123,47.55118],[-121.90029,47.54953],[-121.90145,47.54753],[-121.90511,47.54492],[-121.90555,47.54391],[-121.9047,47.54298],[-121.9084,47.54033],[-121.91022,47.53714],[-121.91082,47.53706],[-121.9118,47.53761],[-121.91271,47.537],[-121.91324,47.53551],[-121.91488,47.53469],[-121.91501,47.53302],[-121.91764,47.53193],[-121.91762,47.53059],[-121.92002,47.53061],[-121.92194,47.5295],[-121.92151,47.5286],[-121.92385,47.5263],[-121.92443,47.52399],[-121.92718,47.52189],[-121.92708,47.52077],[-121.92459,47.51851],[-121.93508,47.52245],[-121.93651,47.52364],[-121.94134,47.52984],[-121.94339,47.53112],[-121.9455,47.53181],[-121.95967,47.53334],[-121.96769,47.53587],[-121.97044,47.53621],[-121.97151,47.53611],[-121.97138,47.5357],[-121.97413,47.53482],[-121.97719,47.53236],[-121.97989,47.53115],[-121.98239,47.53079],[-121.98893,47.53108],[-121.99413,47.53175],[-121.99798,47.53274],[-122.00678,47.53622]]]}},{"type":"Feature","properties":{"GEOID":"53033032223","city":"Sammamish","pct_hispanic":7.19,"pop_total":4353.0,"median_hh_income":222847.0,"pop_density_sqkm":2081.984,"cameras_flock":0,"cameras_flock_nonretail":0,"cameras_alpr_all":0,"road_miles":2.109,"cameras_per_road_mile":0.0,"cameras_per_10k_residents":0.0,"crime_count":null,"crime_data_available":false,"retailer_count":0},"geometry":{"type":"Polygon","coordinates":[[[-122.02531,47.56652],[-122.02481,47.56763],[-122.02089,47.56751],[-122.0177,47.56824],[-122.01624,47.56924],[-122.0155,47.57181],[-122.01107,47.57517],[-122.00938,47.57592],[-122.00615,47.57618],[-122.00283,47.56883],[-122.00557,47.56833],[-122.00644,47.56757],[-122.00671,47.56658],[-122.00628,47.56564],[-122.00399,47.56367],[-122.01413,47.55878],[-122.02128,47.55477],[-122.02506,47.56058],[-122.02471,47.56378],[-122.02531,47.56652]]]}},{"type":"Feature","properties":{"GEOID":"53033005901","city":"Seattle","pct_hispanic":8.296,"pop_total":3568.0,"median_hh_income":150139.0,"pop_density_sqkm":4422.486,"cameras_flock":0,"cameras_flock_nonretail":0,"cameras_alpr_all":0,"road_miles":1.667,"cameras_per_road_mile":0.0,"cameras_per_10k_residents":0.0,"crime_count":239.0,"crime_data_available":true,"retailer_count":0},"geometry":{"type":"Polygon","coordinates":[[[-122.37593,47.65413],[-122.37622,47.65935],[-122.37056,47.6578],[-122.36054,47.65292],[-122.3609,47.64665],[-122.3681,47.64685],[-122.36811,47.64824],[-122.36706,47.64876],[-122.3676,47.64942],[-122.36746,47.65045],[-122.37489,47.65034],[-122.37492,47.65516],[-122.37593,47.65413]]]}},{"type":"Feature","properties":{"GEOID":"53033024904","city":"Bellevue","pct_hispanic":0.0,"pop_total":2909.0,"median_hh_income":250001.0,"pop_density_sqkm":1396.2,"cameras_flock":0,"cameras_flock_nonretail":0,"cameras_alpr_all":0,"road_miles":3.017,"cameras_per_road_mile":0.0,"cameras_per_10k_residents":0.0,"crime_count":null,"crime_data_available":false,"retailer_count":0},"geometry":{"type":"Polygon","coordinates":[[[-122.16644,47.55461],[-122.16581,47.55712],[-122.16524,47.5571],[-122.16319,47.55497],[-122.16015,47.55315],[-122.15643,47.54901],[-122.1546,47.54946],[-122.15474,47.55022],[-122.15401,47.55052],[-122.15298,47.54933],[-122.14943,47.54899],[-122.14802,47.54926],[-122.14804,47.55141],[-122.1475,47.5523],[-122.14402,47.55236],[-122.14118,47.55075],[-122.14158,47.55012],[-122.14126,47.54752],[-122.14194,47.54662],[-122.14024,47.54668],[-122.13872,47.54627],[-122.13623,47.54649],[-122.13317,47.54536],[-122.13055,47.5465],[-122.12926,47.5465],[-122.13033,47.54336],[-122.12867,47.5362],[-122.12904,47.53543],[-122.13004,47.53503],[-122.13294,47.53794],[-122.13614,47.54012],[-122.14882,47.54352],[-122.15023,47.54452],[-122.15843,47.54462],[-122.16013,47.54552],[-122.16289,47.54852],[-122.16644,47.55461]]]}},{"type":"Feature","properties":{"GEOID":"53033030407","city":"Federal Way","pct_hispanic":16.506,"pop_total":2599.0,"median_hh_income":100727.0,"pop_density_sqkm":577.913,"cameras_flock":3,"cameras_flock_nonretail":3,"cameras_alpr_all":3,"road_miles":6.42,"cameras_per_road_mile":0.467,"cameras_per_10k_residents":11.543,"crime_count":null,"crime_data_available":false,"retailer_count":0},"geometry":{"type":"Polygon","coordinates":[[[-122.3063,47.28966],[-122.30267,47.3006],[-122.30318,47.3006],[-122.29775,47.31512],[-122.28382,47.31509],[-122.28027,47.31393],[-122.27901,47.313],[-122.27606,47.30714],[-122.2744,47.30594],[-122.27319,47.30381],[-122.27631,47.30261],[-122.28698,47.29689],[-122.28699,47.29001],[-122.28866,47.28973],[-122.28974,47.28761],[-122.29126,47.28612],[-122.29229,47.28611],[-122.29229,47.28856],[-122.29621,47.28845],[-122.29626,47.28968],[-122.29934,47.28975],[-122.2999,47.29008],[-122.30306,47.28954],[-122.3063,47.28966]]]}},{"type":"Feature","properties":{"GEOID":"53033024704","city":"Newcastle","pct_hispanic":22.639,"pop_total":4214.0,"median_hh_income":180625.0,"pop_density_sqkm":1590.513,"cameras_flock":1,"cameras_flock_nonretail":1,"cameras_alpr_all":1,"road_miles":4.901,"cameras_per_road_mile":0.204,"cameras_per_10k_residents":2.373,"crime_count":null,"crime_data_available":false,"retailer_count":0},"geometry":{"type":"Polygon","coordinates":[[[-122.20823,47.53192],[-122.20343,47.54092],[-122.202,47.54609],[-122.19562,47.54609],[-122.19491,47.55062],[-122.1902,47.55697],[-122.18915,47.55642],[-122.19064,47.55462],[-122.1893,47.55167],[-122.1905,47.54945],[-122.18023,47.54935],[-122.1793,47.54981],[-122.17492,47.54977],[-122.17504,47.54097],[-122.18125,47.54115],[-122.18561,47.54205],[-122.18563,47.53481],[-122.19549,47.53484],[-122.19617,47.53365],[-122.19596,47.53237],[-122.19741,47.53224],[-122.19754,47.53187],[-122.19769,47.52628],[-122.19783,47.52781],[-122.20154,47.52989],[-122.20345,47.52921],[-122.20433,47.52815],[-122.20576,47.52762],[-122.20558,47.52816],[-122.20679,47.53004],[-122.20624,47.53052],[-122.20823,47.53192]]]}},{"type":"Feature","properties":{"GEOID":"53033025103","city":"Renton","pct_hispanic":9.333,"pop_total":4243.0,"median_hh_income":139167.0,"pop_density_sqkm":2653.238,"cameras_flock":0,"cameras_flock_nonretail":0,"cameras_alpr_all":0,"road_miles":1.94,"cameras_per_road_mile":0.0,"cameras_per_10k_residents":0.0,"crime_count":null,"crime_data_available":false,"retailer_count":0},"geometry":{"type":"Polygon","coordinates":[[[-122.16456,47.49937],[-122.15127,47.49929],[-122.15138,47.50618],[-122.14957,47.50515],[-122.14863,47.50428],[-122.14864,47.50197],[-122.14817,47.50196],[-122.14812,47.50104],[-122.14862,47.50109],[-122.14858,47.49931],[-122.14794,47.49925],[-122.148,47.49659],[-122.1485,47.49565],[-122.14836,47.48843],[-122.16417,47.48858],[-122.16456,47.49937]]]}},{"type":"Feature","properties":{"GEOID":"53033025303","city":"Renton","pct_hispanic":10.447,"pop_total":2527.0,"median_hh_income":83792.0,"pop_density_sqkm":1338.439,"cameras_flock":14,"cameras_flock_nonretail":14,"cameras_alpr_all":15,"road_miles":9.804,"cameras_per_road_mile":1.428,"cameras_per_10k_residents":55.402,"crime_count":null,"crime_data_available":false,"retailer_count":1},"geometry":{"type":"Polygon","coordinates":[[[-122.20746,47.49206],[-122.20703,47.49671],[-122.20571,47.49844],[-122.20214,47.49995],[-122.19901,47.50215],[-122.19688,47.50267],[-122.19517,47.49855],[-122.19216,47.4936],[-122.19208,47.49104],[-122.19411,47.48684],[-122.19936,47.48124],[-122.20097,47.48012],[-122.20267,47.47967],[-122.20304,47.47988],[-122.20545,47.47898],[-122.20542,47.48306],[-122.20446,47.48416],[-122.20448,47.49209],[-122.20746,47.49206]]]}},{"type":"Feature","properties":{"GEOID":"53033025402","city":"Renton","pct_hispanic":23.982,"pop_total":3486.0,"median_hh_income":101864.0,"pop_density_sqkm":3164.87,"cameras_flock":0,"cameras_flock_nonretail":0,"cameras_alpr_all":0,"road_miles":2.115,"cameras_per_road_mile":0.0,"cameras_per_10k_residents":0.0,"crime_count":null,"crime_data_available":false,"retailer_count":0},"geometry":{"type":"Polygon","coordinates":[[[-122.19472,47.48612],[-122.19241,47.49046],[-122.19037,47.49135],[-122.19094,47.49356],[-122.19195,47.495],[-122.19119,47.4976],[-122.19029,47.49722],[-122.18457,47.49722],[-122.18164,47.49679],[-122.18162,47.49168],[-122.17974,47.49101],[-122.17834,47.49004],[-122.17864,47.48834],[-122.18044,47.48731],[-122.19076,47.48495],[-122.19314,47.48523],[-122.19472,47.48612]]]}},{"type":"Feature","properties":{"GEOID":"53033030203","city":"Federal Way","pct_hispanic":24.607,"pop_total":4584.0,"median_hh_income":61378.0,"pop_density_sqkm":3078.618,"cameras_flock":0,"cameras_flock_nonretail":0,"cameras_alpr_all":2,"road_miles":2.992,"cameras_per_road_mile":0.0,"cameras_per_10k_residents":0.0,"crime_count":null,"crime_data_available":false,"retailer_count":0},"geometry":{"type":"Polygon","coordinates":[[[-122.33467,47.3259],[-122.32932,47.32601],[-122.33006,47.32571],[-122.32669,47.3224],[-122.31329,47.32238],[-122.3133,47.31516],[-122.33465,47.31517],[-122.33467,47.3259]]]}},{"type":"Feature","properties":{"GEOID":"53033024905","city":"Bellevue","pct_hispanic":6.243,"pop_total":3796.0,"median_hh_income":240568.0,"pop_density_sqkm":1318.023,"cameras_flock":0,"cameras_flock_nonretail":0,"cameras_alpr_all":0,"road_miles":3.844,"cameras_per_road_mile":0.0,"cameras_per_10k_residents":0.0,"crime_count":null,"crime_data_available":false,"retailer_count":0},"geometry":{"type":"Polygon","coordinates":[[[-122.15794,47.55087],[-122.15645,47.55222],[-122.15725,47.55473],[-122.15505,47.55475],[-122.1536,47.55573],[-122.1512,47.55577],[-122.14988,47.55717],[-122.1497,47.55949],[-122.14869,47.55909],[-122.14769,47.55934],[-122.14245,47.55926],[-122.13995,47.55842],[-122.13932,47.55871],[-122.13988,47.55933],[-122.13954,47.55942],[-122.13818,47.55938],[-122.13616,47.55865],[-122.1341,47.55946],[-122.13186,47.55944],[-122.13116,47.55909],[-122.13032,47.55767],[-122.12776,47.55766],[-122.12731,47.55772],[-122.12743,47.55862],[-122.12975,47.55956],[-122.13,47.5608],[-122.13102,47.56209],[-122.12771,47.56325],[-122.12609,47.56294],[-122.1236,47.56319],[-122.12146,47.56261],[-122.12142,47.55848],[-122.12344,47.55684],[-122.12309,47.5548],[-122.12855,47.54895],[-122.12926,47.5465],[-122.13077,47.54643],[-122.13251,47.54545],[-122.13382,47.54545],[-122.1364,47.54652],[-122.13872,47.54627],[-122.14024,47.54668],[-122.14194,47.54662],[-122.14126,47.54752],[-122.14158,47.55012],[-122.14118,47.55075],[-122.14396,47.55235],[-122.14747,47.55233],[-122.14804,47.55141],[-122.14802,47.54926],[-122.14935,47.549],[-122.15306,47.54935],[-122.15347,47.55031],[-122.15401,47.55052],[-122.15474,47.55022],[-122.1546,47.54946],[-122.15643,47.54901],[-122.15794,47.55087]]]}},{"type":"Feature","properties":{"GEOID":"53033032220","city":"Issaquah","pct_hispanic":3.429,"pop_total":8777.0,"median_hh_income":169917.0,"pop_density_sqkm":1440.949,"cameras_flock":2,"cameras_flock_nonretail":2,"cameras_alpr_all":2,"road_miles":8.388,"cameras_per_road_mile":0.238,"cameras_per_10k_residents":2.279,"crime_count":null,"crime_data_available":false,"retailer_count":0},"geometry":{"type":"Polygon","coordinates":[[[-122.03711,47.54434],[-122.03353,47.54626],[-122.02603,47.54878],[-122.02415,47.55254],[-122.02265,47.55395],[-122.01133,47.56021],[-122.00094,47.56492],[-121.99691,47.55669],[-121.99814,47.55424],[-121.99643,47.55325],[-121.99769,47.55197],[-121.9977,47.54966],[-121.99887,47.54965],[-121.99886,47.54764],[-122.00151,47.54752],[-122.00678,47.53622],[-122.00976,47.5365],[-122.0129,47.53593],[-122.01989,47.53238],[-122.02193,47.53173],[-122.02448,47.53161],[-122.02695,47.53205],[-122.02922,47.53315],[-122.03405,47.53859],[-122.03607,47.54023],[-122.03571,47.54241],[-122.03711,47.54434]]]}},{"type":"Feature","properties":{"GEOID":"53033032605","city":"(unincorporated county)","pct_hispanic":3.877,"pop_total":4308.0,"median_hh_income":201694.0,"pop_density_sqkm":950.838,"cameras_flock":0,"cameras_flock_nonretail":0,"cameras_alpr_all":0,"road_miles":1.078,"cameras_per_road_mile":0.0,"cameras_per_10k_residents":0.0,"crime_count":null,"crime_data_available":false,"retailer_count":0},"geometry":{"type":"Polygon","coordinates":[[[-121.91802,47.53045],[-121.91756,47.53066],[-121.91764,47.53193],[-121.91494,47.53309],[-121.91488,47.53469],[-121.91324,47.53551],[-121.91226,47.53743],[-121.91157,47.53761],[-121.91038,47.53703],[-121.9084,47.54033],[-121.90659,47.54134],[-121.90475,47.54333],[-121.8989,47.54589],[-121.89487,47.54255],[-121.89433,47.54444],[-121.89215,47.54182],[-121.89127,47.54176],[-121.88903,47.54004],[-121.88819,47.54001],[-121.88802,47.5408],[-121.88718,47.54121],[-121.88005,47.54118],[-121.87836,47.54185],[-121.87672,47.53955],[-121.87484,47.5397],[-121.87177,47.53902],[-121.87003,47.53901],[-121.86938,47.5362],[-121.86759,47.53349],[-121.86851,47.53116],[-121.86842,47.53018],[-121.87277,47.52931],[-121.87628,47.52798],[-121.877,47.52893],[-121.90619,47.52913],[-121.91226,47.53033],[-121.91459,47.53029],[-121.91584,47.52943],[-121.91802,47.53045]]]}},{"type":"Feature","properties":{"GEOID":"53033030102","city":"Federal Way","pct_hispanic":7.284,"pop_total":3336.0,"median_hh_income":127173.0,"pop_density_sqkm":1289.873,"cameras_flock":1,"cameras_flock_nonretail":1,"cameras_alpr_all":5,"road_miles":2.455,"cameras_per_road_mile":0.407,"cameras_per_10k_residents":2.998,"crime_count":null,"crime_data_available":false,"retailer_count":0},"geometry":{"type":"Polygon","coordinates":[[[-122.34506,47.33108],[-122.34503,47.33421],[-122.34049,47.3342],[-122.34044,47.33548],[-122.33991,47.33593],[-122.33991,47.3363],[-122.3437,47.33637],[-122.3441,47.33682],[-122.34394,47.33865],[-122.3422,47.33872],[-122.34177,47.33962],[-122.33834,47.33966],[-122.33797,47.34053],[-122.3342,47.34071],[-122.33407,47.34255],[-122.3279,47.34582],[-122.32427,47.34861],[-122.32168,47.34754],[-122.31943,47.34558],[-122.31811,47.341],[-122.31402,47.33826],[-122.31334,47.33612],[-122.31482,47.33655],[-122.32073,47.33416],[-122.32156,47.33342],[-122.32272,47.33048],[-122.32332,47.33004],[-122.32661,47.33165],[-122.33279,47.33181],[-122.33477,47.33082],[-122.33636,47.33221],[-122.33787,47.33262],[-122.34506,47.33108]]]}},{"type":"Feature","properties":{"GEOID":"53033029805","city":"(unincorporated county)","pct_hispanic":27.009,"pop_total":5302.0,"median_hh_income":105000.0,"pop_density_sqkm":1673.84,"cameras_flock":1,"cameras_flock_nonretail":1,"cameras_alpr_all":1,"road_miles":3.176,"cameras_per_road_mile":0.315,"cameras_per_10k_residents":1.886,"crime_count":null,"crime_data_available":false,"retailer_count":0},"geometry":{"type":"Polygon","coordinates":[[[-122.29332,47.33484],[-122.29297,47.34332],[-122.26594,47.34342],[-122.26627,47.34431],[-122.26609,47.34523],[-122.26552,47.34523],[-122.26549,47.34705],[-122.24968,47.34713],[-122.24974,47.34053],[-122.25261,47.34028],[-122.25345,47.33985],[-122.25372,47.33607],[-122.25448,47.33552],[-122.2551,47.33545],[-122.25516,47.33662],[-122.25568,47.33685],[-122.2708,47.3367],[-122.27081,47.3349],[-122.29332,47.33484]]]}},{"type":"Feature","properties":{"GEOID":"53033005401","city":"Seattle","pct_hispanic":4.89,"pop_total":3599.0,"median_hh_income":146417.0,"pop_density_sqkm":4765.713,"cameras_flock":0,"cameras_flock_nonretail":0,"cameras_alpr_all":0,"road_miles":3.271,"cameras_per_road_mile":0.0,"cameras_per_10k_residents":0.0,"crime_count":574.0,"crime_data_available":true,"retailer_count":0},"geometry":{"type":"Polygon","coordinates":[[[-122.34747,47.64689],[-122.34725,47.65262],[-122.34135,47.6527],[-122.34137,47.65052],[-122.33633,47.6505],[-122.33631,47.65198],[-122.32973,47.65194],[-122.32684,47.65444],[-122.32697,47.6499],[-122.33754,47.63972],[-122.33834,47.63952],[-122.34747,47.64689]]]}},{"type":"Feature","properties":{"GEOID":"53033029505","city":"Kent","pct_hispanic":20.446,"pop_total":4348.0,"median_hh_income":66381.0,"pop_density_sqkm":3087.673,"cameras_flock":0,"cameras_flock_nonretail":0,"cameras_alpr_all":0,"road_miles":3.341,"cameras_per_road_mile":0.0,"cameras_per_10k_residents":0.0,"crime_count":null,"crime_data_available":false,"retailer_count":0},"geometry":{"type":"Polygon","coordinates":[[[-122.2155,47.3785],[-122.21536,47.38681],[-122.20223,47.38696],[-122.20243,47.37256],[-122.20641,47.37255],[-122.20873,47.37306],[-122.21375,47.37673],[-122.2155,47.3785]]]}},{"type":"Feature","properties":{"GEOID":"53033010102","city":"Seattle","pct_hispanic":9.084,"pop_total":4987.0,"median_hh_income":120313.0,"pop_density_sqkm":3072.279,"cameras_flock":0,"cameras_flock_nonretail":0,"cameras_alpr_all":0,"road_miles":3.8,"cameras_per_road_mile":0.0,"cameras_per_10k_residents":0.0,"crime_count":789.0,"crime_data_available":true,"retailer_count":0},"geometry":{"type":"Polygon","coordinates":[[[-122.29103,47.56994],[-122.29097,47.57248],[-122.28247,47.57241],[-122.28263,47.57344],[-122.28128,47.57337],[-122.28109,47.57423],[-122.28068,47.57192],[-122.27979,47.57033],[-122.27768,47.57002],[-122.27687,47.57071],[-122.26115,47.57612],[-122.2586,47.57492],[-122.25116,47.57268],[-122.24578,47.56903],[-122.25267,47.56372],[-122.26253,47.56052],[-122.28073,47.56054],[-122.28073,47.5641],[-122.28819,47.56409],[-122.28925,47.56795],[-122.29103,47.56994]]]}},{"type":"Feature","properties":{"GEOID":"53033021701","city":"Kenmore","pct_hispanic":12.578,"pop_total":4818.0,"median_hh_income":183424.0,"pop_density_sqkm":1872.415,"cameras_flock":0,"cameras_flock_nonretail":0,"cameras_alpr_all":0,"road_miles":4.973,"cameras_per_road_mile":0.0,"cameras_per_10k_residents":0.0,"crime_count":null,"crime_data_available":false,"retailer_count":0},"geometry":{"type":"Polygon","coordinates":[[[-122.25362,47.77465],[-122.25273,47.77545],[-122.25317,47.77706],[-122.2232,47.77669],[-122.22321,47.76579],[-122.22799,47.76589],[-122.22797,47.76657],[-122.22899,47.76657],[-122.22901,47.76594],[-122.23336,47.76596],[-122.23332,47.76714],[-122.23688,47.76714],[-122.23968,47.76805],[-122.24232,47.76843],[-122.24277,47.76734],[-122.24236,47.76368],[-122.24348,47.76204],[-122.24373,47.76061],[-122.24964,47.76154],[-122.24944,47.76749],[-122.24839,47.76982],[-122.24853,47.77168],[-122.24932,47.77359],[-122.25024,47.77434],[-122.25362,47.77465]]]}},{"type":"Feature","properties":{"GEOID":"53033022204","city":"Kirkland","pct_hispanic":8.192,"pop_total":3247.0,"median_hh_income":146319.0,"pop_density_sqkm":2025.444,"cameras_flock":0,"cameras_flock_nonretail":0,"cameras_alpr_all":0,"road_miles":2.132,"cameras_per_road_mile":0.0,"cameras_per_10k_residents":0.0,"crime_count":null,"crime_data_available":false,"retailer_count":0},"geometry":{"type":"Polygon","coordinates":[[[-122.22337,47.73022],[-122.22399,47.73321],[-122.21876,47.73317],[-122.21845,47.73403],[-122.21358,47.73252],[-122.2107,47.73101],[-122.20784,47.73082],[-122.20776,47.71848],[-122.21831,47.7185],[-122.21942,47.71952],[-122.21924,47.72032],[-122.22111,47.72039],[-122.2213,47.72833],[-122.22337,47.73022]]]}},{"type":"Feature","properties":{"GEOID":"53033027902","city":"Burien","pct_hispanic":24.246,"pop_total":3250.0,"median_hh_income":73393.0,"pop_density_sqkm":2182.726,"cameras_flock":0,"cameras_flock_nonretail":0,"cameras_alpr_all":0,"road_miles":7.317,"cameras_per_road_mile":0.0,"cameras_per_10k_residents":0.0,"crime_count":null,"crime_data_available":false,"retailer_count":0},"geometry":{"type":"Polygon","coordinates":[[[-122.35266,47.46671],[-122.3526,47.47225],[-122.33385,47.47229],[-122.33394,47.45968],[-122.34453,47.45976],[-122.34452,47.46586],[-122.34503,47.46678],[-122.35266,47.46671]]]}},{"type":"Feature","properties":{"GEOID":"53033029508","city":"Kent","pct_hispanic":7.887,"pop_total":4298.0,"median_hh_income":126875.0,"pop_density_sqkm":1677.483,"cameras_flock":0,"cameras_flock_nonretail":0,"cameras_alpr_all":0,"road_miles":4.34,"cameras_per_road_mile":0.0,"cameras_per_10k_residents":0.0,"crime_count":null,"crime_data_available":false,"retailer_count":0},"geometry":{"type":"Polygon","coordinates":[[[-122.18679,47.38692],[-122.16544,47.38692],[-122.16542,47.37242],[-122.18678,47.37244],[-122.18679,47.38692]]]}},{"type":"Feature","properties":{"GEOID":"53033025008","city":"Bellevue","pct_hispanic":10.896,"pop_total":2533.0,"median_hh_income":250001.0,"pop_density_sqkm":1120.532,"cameras_flock":0,"cameras_flock_nonretail":0,"cameras_alpr_all":0,"road_miles":3.929,"cameras_per_road_mile":0.0,"cameras_per_10k_residents":0.0,"crime_count":null,"crime_data_available":false,"retailer_count":0},"geometry":{"type":"Polygon","coordinates":[[[-122.12693,47.56737],[-122.12647,47.5678],[-122.12507,47.56785],[-122.12175,47.56944],[-122.1214,47.57236],[-122.11158,47.57005],[-122.11119,47.5705],[-122.10565,47.56847],[-122.09909,47.56491],[-122.09901,47.56328],[-122.10015,47.55928],[-122.10148,47.55834],[-122.10698,47.55687],[-122.10871,47.55716],[-122.11144,47.5591],[-122.11368,47.55925],[-122.12309,47.5548],[-122.12344,47.55684],[-122.12142,47.55848],[-122.1213,47.56638],[-122.12196,47.56683],[-122.12627,47.56689],[-122.12693,47.56737]]]}},{"type":"Feature","properties":{"GEOID":"53033000602","city":"Seattle","pct_hispanic":14.361,"pop_total":3433.0,"median_hh_income":116544.0,"pop_density_sqkm":1457.392,"cameras_flock":3,"cameras_flock_nonretail":0,"cameras_alpr_all":6,"road_miles":4.983,"cameras_per_road_mile":0.602,"cameras_per_10k_residents":8.739,"crime_count":1287.0,"crime_data_available":true,"retailer_count":1},"geometry":{"type":"Polygon","coordinates":[[[-122.34504,47.72868],[-122.33422,47.72867],[-122.32888,47.72611],[-122.32886,47.71708],[-122.33413,47.71712],[-122.33396,47.70685],[-122.34473,47.70687],[-122.34504,47.72868]]]}},{"type":"Feature","properties":{"GEOID":"53033008003","city":"Seattle","pct_hispanic":8.589,"pop_total":3912.0,"median_hh_income":127254.0,"pop_density_sqkm":19842.558,"cameras_flock":0,"cameras_flock_nonretail":0,"cameras_alpr_all":4,"road_miles":2.188,"cameras_per_road_mile":0.0,"cameras_per_10k_residents":0.0,"crime_count":1287.0,"crime_data_available":true,"retailer_count":0},"geometry":{"type":"Polygon","coordinates":[[[-122.35736,47.61861],[-122.35136,47.61859],[-122.3435,47.61393],[-122.34522,47.61261],[-122.35383,47.6177],[-122.35469,47.61703],[-122.35736,47.61861]]]}},{"type":"Feature","properties":{"GEOID":"53033031913","city":"(unincorporated county)","pct_hispanic":10.128,"pop_total":3969.0,"median_hh_income":172656.0,"pop_density_sqkm":974.822,"cameras_flock":0,"cameras_flock_nonretail":0,"cameras_alpr_all":0,"road_miles":4.778,"cameras_per_road_mile":0.0,"cameras_per_10k_residents":0.0,"crime_count":null,"crime_data_available":false,"retailer_count":0},"geometry":{"type":"Polygon","coordinates":[[[-122.14254,47.46624],[-122.14125,47.46829],[-122.1391,47.46895],[-122.13655,47.46819],[-122.13583,47.46936],[-122.13331,47.47121],[-122.13327,47.47198],[-122.13526,47.47427],[-122.13476,47.47495],[-122.13226,47.47581],[-122.13236,47.48328],[-122.12712,47.48342],[-122.12707,47.48189],[-122.11923,47.48174],[-122.11902,47.48084],[-122.11531,47.48073],[-122.1152,47.47357],[-122.10578,47.47329],[-122.10418,47.47432],[-122.10258,47.47391],[-122.10256,47.47361],[-122.10461,47.47223],[-122.10531,47.47089],[-122.10425,47.47061],[-122.10178,47.47124],[-122.10122,47.47061],[-122.10186,47.46939],[-122.10355,47.46934],[-122.10527,47.46786],[-122.10371,47.46731],[-122.10479,47.46618],[-122.10447,47.4657],[-122.10269,47.46521],[-122.10285,47.46414],[-122.10198,47.46326],[-122.10393,47.46352],[-122.10476,47.46304],[-122.12515,47.46346],[-122.14254,47.46624]]]}},{"type":"Feature","properties":{"GEOID":"53033030101","city":"Federal Way","pct_hispanic":12.11,"pop_total":3881.0,"median_hh_income":123298.0,"pop_density_sqkm":1170.17,"cameras_flock":0,"cameras_flock_nonretail":0,"cameras_alpr_all":0,"road_miles":2.858,"cameras_per_road_mile":0.0,"cameras_per_10k_residents":0.0,"crime_count":null,"crime_data_available":false,"retailer_count":0},"geometry":{"type":"Polygon","coordinates":[[[-122.38083,47.33054],[-122.37569,47.33657],[-122.36786,47.33952],[-122.33914,47.34525],[-122.32971,47.35022],[-122.32483,47.34852],[-122.32427,47.34861],[-122.3279,47.34582],[-122.33407,47.34255],[-122.3342,47.34071],[-122.33797,47.34053],[-122.33834,47.33966],[-122.34177,47.33962],[-122.3422,47.33872],[-122.34394,47.33865],[-122.3441,47.33682],[-122.3437,47.33637],[-122.33991,47.3363],[-122.34049,47.3342],[-122.34503,47.33421],[-122.34506,47.33108],[-122.34788,47.33018],[-122.3562,47.32238],[-122.3606,47.32066],[-122.36153,47.32077],[-122.36287,47.31999],[-122.36489,47.31993],[-122.3658,47.31944],[-122.36667,47.32223],[-122.36841,47.32506],[-122.36998,47.32643],[-122.37082,47.32875],[-122.3764,47.32692],[-122.37633,47.32872],[-122.38083,47.33054]]]}},{"type":"Feature","properties":{"GEOID":"53033029603","city":"Kent","pct_hispanic":10.354,"pop_total":4124.0,"median_hh_income":125766.0,"pop_density_sqkm":2671.867,"cameras_flock":1,"cameras_flock_nonretail":1,"cameras_alpr_all":1,"road_miles":3.299,"cameras_per_road_mile":0.303,"cameras_per_10k_residents":2.425,"crime_count":null,"crime_data_available":false,"retailer_count":0},"geometry":{"type":"Polygon","coordinates":[[[-122.19693,47.35595],[-122.19726,47.37068],[-122.17612,47.36315],[-122.17611,47.35977],[-122.18678,47.35979],[-122.18722,47.35775],[-122.18894,47.35657],[-122.19693,47.35595]]]}},{"type":"Feature","properties":{"GEOID":"53033024703","city":"Newcastle","pct_hispanic":1.767,"pop_total":4075.0,"median_hh_income":213309.0,"pop_density_sqkm":1086.401,"cameras_flock":0,"cameras_flock_nonretail":0,"cameras_alpr_all":0,"road_miles":4.279,"cameras_per_road_mile":0.0,"cameras_per_10k_residents":0.0,"crime_count":null,"crime_data_available":false,"retailer_count":0},"geometry":{"type":"Polygon","coordinates":[[[-122.19839,47.51852],[-122.1977,47.53115],[-122.19741,47.53224],[-122.19596,47.53237],[-122.19617,47.53365],[-122.19549,47.53484],[-122.18563,47.53481],[-122.18561,47.54205],[-122.18125,47.54115],[-122.17504,47.54097],[-122.17524,47.5274],[-122.17621,47.52567],[-122.17489,47.52507],[-122.17343,47.51972],[-122.17557,47.51843],[-122.18148,47.51661],[-122.18408,47.51664],[-122.18643,47.51832],[-122.19622,47.51933],[-122.1979,47.51843],[-122.19839,47.51852]]]}},{"type":"Feature","properties":{"GEOID":"53033026003","city":"Renton","pct_hispanic":20.956,"pop_total":4290.0,"median_hh_income":71429.0,"pop_density_sqkm":3785.479,"cameras_flock":1,"cameras_flock_nonretail":1,"cameras_alpr_all":1,"road_miles":1.759,"cameras_per_road_mile":0.569,"cameras_per_10k_residents":2.331,"crime_count":null,"crime_data_available":false,"retailer_count":0},"geometry":{"type":"Polygon","coordinates":[[[-122.25172,47.47967],[-122.24897,47.48301],[-122.24243,47.4812],[-122.23672,47.48113],[-122.23381,47.48032],[-122.23317,47.48093],[-122.23278,47.48246],[-122.23177,47.48278],[-122.22757,47.48217],[-122.22765,47.48169],[-122.22535,47.48095],[-122.21899,47.47964],[-122.22096,47.47881],[-122.22262,47.47631],[-122.22226,47.47538],[-122.22276,47.47496],[-122.23109,47.47654],[-122.2344,47.47858],[-122.23711,47.47919],[-122.24172,47.47847],[-122.24459,47.47721],[-122.24696,47.47561],[-122.24863,47.4752],[-122.25,47.47655],[-122.25172,47.47967]]]}},{"type":"Feature","properties":{"GEOID":"53033004102","city":"Seattle","pct_hispanic":3.54,"pop_total":4294.0,"median_hh_income":240648.0,"pop_density_sqkm":2540.964,"cameras_flock":0,"cameras_flock_nonretail":0,"cameras_alpr_all":0,"road_miles":0.896,"cameras_per_road_mile":0.0,"cameras_per_10k_residents":0.0,"crime_count":195.0,"crime_data_available":true,"retailer_count":0},"geometry":{"type":"Polygon","coordinates":[[[-122.28477,47.66303],[-122.27965,47.6678],[-122.27796,47.66831],[-122.2746,47.66821],[-122.27304,47.66861],[-122.26321,47.67578],[-122.25818,47.6758],[-122.25815,47.67347],[-122.25485,47.67353],[-122.25399,47.67447],[-122.25226,47.67415],[-122.23192,47.66376],[-122.23583,47.66063],[-122.23944,47.65876],[-122.26404,47.6636],[-122.26603,47.6649],[-122.27472,47.66489],[-122.27467,47.66128],[-122.28476,47.66126],[-122.28477,47.66303]]]}},{"type":"Feature","properties":{"GEOID":"53033030008","city":"Federal Way","pct_hispanic":14.631,"pop_total":4463.0,"median_hh_income":78189.0,"pop_density_sqkm":3170.828,"cameras_flock":0,"cameras_flock_nonretail":0,"cameras_alpr_all":2,"road_miles":2.45,"cameras_per_road_mile":0.0,"cameras_per_10k_residents":0.0,"crime_count":null,"crime_data_available":false,"retailer_count":0},"geometry":{"type":"Polygon","coordinates":[[[-122.31254,47.34758],[-122.3106,47.34758],[-122.31071,47.34798],[-122.30933,47.34835],[-122.30736,47.34817],[-122.30701,47.35011],[-122.3048,47.35027],[-122.30423,47.35149],[-122.30214,47.35245],[-122.30219,47.35427],[-122.30076,47.35517],[-122.30203,47.35606],[-122.30453,47.35692],[-122.30471,47.35794],[-122.29673,47.35784],[-122.29646,47.35345],[-122.29347,47.34691],[-122.29297,47.34332],[-122.3124,47.34343],[-122.31254,47.34758]]]}},{"type":"Feature","properties":{"GEOID":"53033010302","city":"Seattle","pct_hispanic":8.177,"pop_total":3461.0,"median_hh_income":125898.0,"pop_density_sqkm":5474.819,"cameras_flock":0,"cameras_flock_nonretail":0,"cameras_alpr_all":0,"road_miles":1.058,"cameras_per_road_mile":0.0,"cameras_per_10k_residents":0.0,"crime_count":519.0,"crime_data_available":true,"retailer_count":0},"geometry":{"type":"Polygon","coordinates":[[[-122.2932,47.56081],[-122.28182,47.56074],[-122.28161,47.56137],[-122.28073,47.56172],[-122.28076,47.55341],[-122.28903,47.55345],[-122.2932,47.56081]]]}},{"type":"Feature","properties":{"GEOID":"53033007001","city":"Seattle","pct_hispanic":12.906,"pop_total":4215.0,"median_hh_income":73946.0,"pop_density_sqkm":11764.509,"cameras_flock":0,"cameras_flock_nonretail":0,"cameras_alpr_all":0,"road_miles":0.94,"cameras_per_road_mile":0.0,"cameras_per_10k_residents":0.0,"crime_count":352.0,"crime_data_available":true,"retailer_count":0},"geometry":{"type":"Polygon","coordinates":[[[-122.36454,47.62521],[-122.36453,47.62708],[-122.36322,47.62674],[-122.36312,47.62959],[-122.36181,47.62959],[-122.3618,47.63232],[-122.35789,47.63232],[-122.358,47.62719],[-122.35669,47.62719],[-122.35671,47.62458],[-122.36365,47.62461],[-122.36454,47.62521]]]}},{"type":"Feature","properties":{"GEOID":"53033032332","city":"(unincorporated county)","pct_hispanic":3.227,"pop_total":6198.0,"median_hh_income":236597.0,"pop_density_sqkm":1298.12,"cameras_flock":0,"cameras_flock_nonretail":0,"cameras_alpr_all":0,"road_miles":5.966,"cameras_per_road_mile":0.0,"cameras_per_10k_residents":0.0,"crime_count":null,"crime_data_available":false,"retailer_count":0},"geometry":{"type":"Polygon","coordinates":[[[-122.05571,47.69182],[-122.03787,47.69677],[-122.03658,47.69474],[-122.03535,47.6913],[-122.03262,47.6873],[-122.03365,47.68263],[-122.03279,47.68001],[-122.03068,47.67837],[-122.0267,47.67692],[-122.02336,47.6762],[-122.02213,47.67507],[-122.02182,47.67126],[-122.02251,47.66785],[-122.02227,47.6664],[-122.02399,47.66588],[-122.02539,47.66462],[-122.0466,47.66847],[-122.04662,47.6709],[-122.04905,47.68149],[-122.0489,47.68639],[-122.05166,47.68651],[-122.05164,47.6884],[-122.05415,47.68917],[-122.05462,47.69073],[-122.05571,47.69182]]]}},{"type":"Feature","properties":{"GEOID":"53033003601","city":"Seattle","pct_hispanic":4.904,"pop_total":3507.0,"median_hh_income":111908.0,"pop_density_sqkm":5202.191,"cameras_flock":0,"cameras_flock_nonretail":0,"cameras_alpr_all":0,"road_miles":2.771,"cameras_per_road_mile":0.0,"cameras_per_10k_residents":0.0,"crime_count":257.0,"crime_data_available":true,"retailer_count":0},"geometry":{"type":"Polygon","coordinates":[[[-122.33356,47.67232],[-122.33353,47.67526],[-122.33269,47.67598],[-122.33198,47.67776],[-122.33081,47.67836],[-122.32751,47.67837],[-122.32559,47.67901],[-122.32233,47.67587],[-122.31736,47.67583],[-122.31736,47.67201],[-122.31878,47.67234],[-122.33356,47.67232]]]}},{"type":"Feature","properties":{"GEOID":"53033010101","city":"Seattle","pct_hispanic":9.969,"pop_total":4474.0,"median_hh_income":50227.0,"pop_density_sqkm":5132.959,"cameras_flock":0,"cameras_flock_nonretail":0,"cameras_alpr_all":0,"road_miles":1.817,"cameras_per_road_mile":0.0,"cameras_per_10k_residents":0.0,"crime_count":557.0,"crime_data_available":true,"retailer_count":0},"geometry":{"type":"Polygon","coordinates":[[[-122.29653,47.56595],[-122.29673,47.57199],[-122.29211,47.57358],[-122.29099,47.57247],[-122.29103,47.56994],[-122.28925,47.56795],[-122.28819,47.56409],[-122.28084,47.56415],[-122.28073,47.56172],[-122.28161,47.56137],[-122.28182,47.56074],[-122.2932,47.56081],[-122.29653,47.56595]]]}},{"type":"Feature","properties":{"GEOID":"53033004703","city":"Seattle","pct_hispanic":8.843,"pop_total":4173.0,"median_hh_income":166921.0,"pop_density_sqkm":3444.391,"cameras_flock":0,"cameras_flock_nonretail":0,"cameras_alpr_all":0,"road_miles":4.139,"cameras_per_road_mile":0.0,"cameras_per_10k_residents":0.0,"crime_count":1400.0,"crime_data_available":true,"retailer_count":0},"geometry":{"type":"Polygon","coordinates":[[[-122.37889,47.66241],[-122.37889,47.66867],[-122.37349,47.66865],[-122.37349,47.67236],[-122.36617,47.67235],[-122.36632,47.66059],[-122.36277,47.65693],[-122.36598,47.65686],[-122.36611,47.65579],[-122.37056,47.6578],[-122.37622,47.65935],[-122.37622,47.66159],[-122.37889,47.66241]]]}},{"type":"Feature","properties":{"GEOID":"53033022805","city":"Bellevue","pct_hispanic":4.169,"pop_total":3430.0,"median_hh_income":163936.0,"pop_density_sqkm":892.551,"cameras_flock":1,"cameras_flock_nonretail":1,"cameras_alpr_all":1,"road_miles":3.774,"cameras_per_road_mile":0.265,"cameras_per_10k_residents":2.915,"crime_count":null,"crime_data_available":false,"retailer_count":0},"geometry":{"type":"Polygon","coordinates":[[[-122.1645,47.64671],[-122.16407,47.66078],[-122.14335,47.66064],[-122.14305,47.64595],[-122.14971,47.646],[-122.15016,47.63794],[-122.15113,47.63743],[-122.15365,47.63743],[-122.15373,47.63158],[-122.16212,47.63162],[-122.1621,47.64527],[-122.16259,47.64592],[-122.16416,47.64628],[-122.1645,47.64671]]]}},{"type":"Feature","properties":{"GEOID":"53033009802","city":"Seattle","pct_hispanic":3.232,"pop_total":4362.0,"median_hh_income":125774.0,"pop_density_sqkm":4729.383,"cameras_flock":0,"cameras_flock_nonretail":0,"cameras_alpr_all":0,"road_miles":1.83,"cameras_per_road_mile":0.0,"cameras_per_10k_residents":0.0,"crime_count":296.0,"crime_data_available":true,"retailer_count":0},"geometry":{"type":"Polygon","coordinates":[[[-122.38948,47.56295],[-122.38944,47.57204],[-122.38677,47.57204],[-122.38677,47.57126],[-122.37609,47.57117],[-122.37619,47.56408],[-122.37771,47.56408],[-122.37929,47.56287],[-122.38948,47.56295]]]}},{"type":"Feature","properties":{"GEOID":"53033005303","city":"Seattle","pct_hispanic":9.874,"pop_total":4203.0,"median_hh_income":37500.0,"pop_density_sqkm":1727.605,"cameras_flock":0,"cameras_flock_nonretail":0,"cameras_alpr_all":0,"road_miles":7.988,"cameras_per_road_mile":0.0,"cameras_per_10k_residents":0.0,"crime_count":215.0,"crime_data_available":true,"retailer_count":0},"geometry":{"type":"Polygon","coordinates":[[[-122.32029,47.65285],[-122.31834,47.65537],[-122.31209,47.65534],[-122.31198,47.66126],[-122.29285,47.66122],[-122.29053,47.65853],[-122.28671,47.65847],[-122.28674,47.64752],[-122.30517,47.64756],[-122.31304,47.64722],[-122.32029,47.65285]]]}},{"type":"Feature","properties":{"GEOID":"53033007301","city":"Seattle","pct_hispanic":9.479,"pop_total":3682.0,"median_hh_income":145125.0,"pop_density_sqkm":14681.782,"cameras_flock":1,"cameras_flock_nonretail":1,"cameras_alpr_all":3,"road_miles":1.222,"cameras_per_road_mile":0.819,"cameras_per_10k_residents":2.716,"crime_count":910.0,"crime_data_available":true,"retailer_count":0},"geometry":{"type":"Polygon","coordinates":[[[-122.33434,47.62439],[-122.33066,47.62544],[-122.32868,47.625],[-122.32871,47.61847],[-122.33298,47.61851],[-122.33301,47.62427],[-122.33434,47.62439]]]}},{"type":"Feature","properties":{"GEOID":"53033008401","city":"Seattle","pct_hispanic":6.247,"pop_total":3666.0,"median_hh_income":96492.0,"pop_density_sqkm":14610.176,"cameras_flock":0,"cameras_flock_nonretail":0,"cameras_alpr_all":0,"road_miles":1.418,"cameras_per_road_mile":0.0,"cameras_per_10k_residents":0.0,"crime_count":1091.0,"crime_data_available":true,"retailer_count":0},"geometry":{"type":"Polygon","coordinates":[[[-122.32689,47.61296],[-122.32338,47.61298],[-122.32344,47.61639],[-122.32215,47.61639],[-122.32217,47.61756],[-122.32084,47.61757],[-122.32076,47.6081],[-122.32207,47.60766],[-122.32689,47.61296]]]}},{"type":"Feature","properties":{"GEOID":"53033032222","city":"Sammamish","pct_hispanic":6.871,"pop_total":4250.0,"median_hh_income":144265.0,"pop_density_sqkm":3315.911,"cameras_flock":2,"cameras_flock_nonretail":2,"cameras_alpr_all":2,"road_miles":1.934,"cameras_per_road_mile":1.034,"cameras_per_10k_residents":4.706,"crime_count":null,"crime_data_available":false,"retailer_count":0},"geometry":{"type":"Polygon","coordinates":[[[-122.00672,47.56669],[-122.00557,47.56833],[-122.00283,47.56883],[-122.00615,47.57618],[-122.00216,47.57628],[-121.99904,47.57518],[-121.99796,47.57641],[-121.99831,47.5785],[-121.99466,47.57785],[-121.99185,47.57615],[-121.98802,47.57542],[-121.98966,47.5731],[-121.9903,47.57027],[-121.99352,47.56834],[-121.99615,47.56759],[-121.99845,47.56609],[-122.00399,47.56367],[-122.00628,47.56564],[-122.00672,47.56669]]]}},{"type":"Feature","properties":{"GEOID":"53033031710","city":"Covington","pct_hispanic":10.353,"pop_total":4733.0,"median_hh_income":119549.0,"pop_density_sqkm":2321.654,"cameras_flock":3,"cameras_flock_nonretail":3,"cameras_alpr_all":3,"road_miles":4.379,"cameras_per_road_mile":0.685,"cameras_per_10k_residents":6.338,"crime_count":null,"crime_data_available":false,"retailer_count":0},"geometry":{"type":"Polygon","coordinates":[[[-122.12409,47.35605],[-122.12127,47.35809],[-122.12302,47.35808],[-122.12299,47.36167],[-122.11657,47.36175],[-122.11055,47.3648],[-122.11153,47.36612],[-122.11035,47.36965],[-122.10804,47.37106],[-122.10795,47.37264],[-122.1018,47.3726],[-122.10236,47.36157],[-122.10745,47.35811],[-122.11809,47.34957],[-122.12096,47.35159],[-122.12409,47.35605]]]}},{"type":"Feature","properties":{"GEOID":"53033011802","city":"Seattle","pct_hispanic":15.618,"pop_total":5167.0,"median_hh_income":null,"pop_density_sqkm":4533.999,"cameras_flock":0,"cameras_flock_nonretail":0,"cameras_alpr_all":0,"road_miles":3.937,"cameras_per_road_mile":0.0,"cameras_per_10k_residents":0.0,"crime_count":885.0,"crime_data_available":true,"retailer_count":0},"geometry":{"type":"Polygon","coordinates":[[[-122.27433,47.5215],[-122.27431,47.52235],[-122.26999,47.52232],[-122.26999,47.52331],[-122.2593,47.5233],[-122.24909,47.52441],[-122.2461,47.52257],[-122.24032,47.51987],[-122.25234,47.51209],[-122.25467,47.5139],[-122.25468,47.51334],[-122.26425,47.51332],[-122.27025,47.51735],[-122.27189,47.51952],[-122.27433,47.5215]]]}},{"type":"Feature","properties":{"GEOID":"53033007002","city":"Seattle","pct_hispanic":6.696,"pop_total":4152.0,"median_hh_income":110327.0,"pop_density_sqkm":9414.518,"cameras_flock":0,"cameras_flock_nonretail":0,"cameras_alpr_all":0,"road_miles":0.733,"cameras_per_road_mile":0.0,"cameras_per_10k_residents":0.0,"crime_count":627.0,"crime_data_available":true,"retailer_count":0},"geometry":{"type":"Polygon","coordinates":[[[-122.358,47.62719],[-122.35789,47.63232],[-122.35132,47.63231],[-122.35134,47.62975],[-122.35014,47.62975],[-122.35018,47.62543],[-122.35148,47.62544],[-122.35149,47.62457],[-122.35671,47.62458],[-122.35669,47.62719],[-122.358,47.62719]]]}},{"type":"Feature","properties":{"GEOID":"53033000601","city":"Seattle","pct_hispanic":7.361,"pop_total":4660.0,"median_hh_income":100341.0,"pop_density_sqkm":3255.854,"cameras_flock":0,"cameras_flock_nonretail":0,"cameras_alpr_all":0,"road_miles":2.475,"cameras_per_road_mile":0.0,"cameras_per_10k_residents":0.0,"crime_count":191.0,"crime_data_available":true,"retailer_count":0},"geometry":{"type":"Polygon","coordinates":[[[-122.33413,47.71712],[-122.32886,47.71708],[-122.32888,47.72611],[-122.32357,47.72309],[-122.32359,47.71948],[-122.31268,47.71944],[-122.31243,47.71216],[-122.33406,47.71229],[-122.33413,47.71712]]]}},{"type":"Feature","properties":{"GEOID":"53033032705","city":"(unincorporated county)","pct_hispanic":7.074,"pop_total":3520.0,"median_hh_income":175827.0,"pop_density_sqkm":66.896,"cameras_flock":0,"cameras_flock_nonretail":0,"cameras_alpr_all":0,"road_miles":3.658,"cameras_per_road_mile":0.0,"cameras_per_10k_residents":0.0,"crime_count":null,"crime_data_available":false,"retailer_count":0},"geometry":{"type":"Polygon","coordinates":[[[-121.8845,47.50463],[-121.88358,47.50903],[-121.86642,47.51141],[-121.85616,47.51157],[-121.84245,47.5152],[-121.83973,47.5153],[-121.83699,47.51487],[-121.83307,47.51307],[-121.81414,47.49664],[-121.8118,47.49552],[-121.80272,47.49247],[-121.79804,47.48986],[-121.78443,47.47657],[-121.78213,47.47494],[-121.77981,47.47407],[-121.77716,47.47363],[-121.75837,47.47364],[-121.75837,47.4686],[-121.75898,47.46555],[-121.7583,47.4636],[-121.75897,47.46274],[-121.75775,47.46202],[-121.75679,47.45841],[-121.75699,47.455],[-121.7599,47.45251],[-121.75753,47.44941],[-121.75759,47.44834],[-121.75864,47.44698],[-121.7591,47.44371],[-121.76792,47.43598],[-121.76699,47.43335],[-121.7682,47.43141],[-121.77136,47.42894],[-121.77213,47.42786],[-121.77718,47.42487],[-121.78063,47.42355],[-121.78338,47.42305],[-121.78352,47.42343],[-121.78427,47.42332],[-121.78729,47.42226],[-121.78894,47.42116],[-121.79534,47.41433],[-121.79869,47.41268],[-121.80744,47.41098],[-121.81128,47.41075],[-121.81711,47.41159],[-121.81963,47.41062],[-121.81955,47.41159],[-121.82047,47.4134],[-121.8199,47.4149],[-121.82253,47.41618],[-121.82524,47.41921],[-121.82555,47.42139],[-121.82346,47.423],[-121.82524,47.4246],[-121.82516,47.42495],[-121.82431,47.42673],[-121.82367,47.42712],[-121.82402,47.42813],[-121.82342,47.42913],[-121.822,47.42995],[-121.82135,47.43211],[-121.8177,47.43266],[-121.81503,47.43366],[-121.81107,47.43737],[-121.81065,47.43745],[-121.81015,47.43666],[-121.80784,47.43664],[-121.80702,47.43575],[-121.80589,47.43573],[-121.80656,47.43629],[-121.80651,47.43702],[-121.80813,47.4379],[-121.80748,47.43852],[-121.80769,47.43882],[-121.81092,47.43981],[-121.81075,47.44043],[-121.80993,47.44093],[-121.80999,47.44145],[-121.80808,47.44249],[-121.80927,47.44316],[-121.809,47.44429],[-121.81005,47.4442],[-121.81089,47.44336],[-121.81284,47.44309],[-121.81431,47.44362],[-121.81645,47.44354],[-121.81733,47.44394],[-121.82133,47.44334],[-121.82266,47.44349],[-121.82529,47.44438],[-121.82847,47.44482],[-121.82781,47.4456],[-121.8229,47.44703],[-121.82308,47.44771],[-121.82685,47.44848],[-121.83104,47.44821],[-121.83242,47.44752],[-121.83453,47.44806],[-121.8386,47.44996],[-121.84069,47.45233],[-121.84208,47.45296],[-121.84361,47.45449],[-121.84407,47.45965],[-121.84618,47.46273],[-121.84709,47.4662],[-121.84631,47.46992],[-121.84632,47.47266],[-121.84758,47.47444],[-121.84929,47.47542],[-121.85399,47.47669],[-121.85573,47.47679],[-121.85563,47.47713],[-121.85402,47.47719],[-121.85438,47.47779],[-121.85631,47.47809],[-121.85973,47.47756],[-121.86173,47.47789],[-121.86314,47.48284],[-121.86992,47.4884],[-121.8731,47.49583],[-121.87624,47.49868],[-121.87875,47.50354],[-121.87919,47.50386],[-121.8845,47.50463]]]}},{"type":"Feature","properties":{"GEOID":"53033024001","city":"Bellevue","pct_hispanic":1.533,"pop_total":4566.0,"median_hh_income":171146.0,"pop_density_sqkm":1624.154,"cameras_flock":0,"cameras_flock_nonretail":0,"cameras_alpr_all":1,"road_miles":5.465,"cameras_per_road_mile":0.0,"cameras_per_10k_residents":0.0,"crime_count":null,"crime_data_available":false,"retailer_count":0},"geometry":{"type":"Polygon","coordinates":[[[-122.20976,47.62924],[-122.20975,47.64294],[-122.2054,47.64299],[-122.20182,47.64253],[-122.1995,47.64184],[-122.193,47.63728],[-122.19021,47.63368],[-122.18806,47.63244],[-122.18879,47.6282],[-122.18888,47.62174],[-122.19098,47.62104],[-122.20169,47.62107],[-122.20165,47.62876],[-122.20491,47.62881],[-122.20505,47.62924],[-122.20976,47.62924]]]}},{"type":"Feature","properties":{"GEOID":"53033004701","city":"Seattle","pct_hispanic":10.07,"pop_total":3446.0,"median_hh_income":102708.0,"pop_density_sqkm":6030.875,"cameras_flock":0,"cameras_flock_nonretail":0,"cameras_alpr_all":0,"road_miles":2.674,"cameras_per_road_mile":0.0,"cameras_per_10k_residents":0.0,"crime_count":994.0,"crime_data_available":true,"retailer_count":0},"geometry":{"type":"Polygon","coordinates":[[[-122.38744,47.66322],[-122.38759,47.67237],[-122.38212,47.67237],[-122.38213,47.66867],[-122.37889,47.66867],[-122.37889,47.66241],[-122.37622,47.66159],[-122.37622,47.65935],[-122.3804,47.66007],[-122.38744,47.66322]]]}},{"type":"Feature","properties":{"GEOID":"53033031708","city":"Kent","pct_hispanic":15.667,"pop_total":4053.0,"median_hh_income":91688.0,"pop_density_sqkm":1179.09,"cameras_flock":1,"cameras_flock_nonretail":1,"cameras_alpr_all":1,"road_miles":4.085,"cameras_per_road_mile":0.245,"cameras_per_10k_residents":2.467,"crime_count":null,"crime_data_available":false,"retailer_count":0},"geometry":{"type":"Polygon","coordinates":[[[-122.16548,47.35802],[-122.16542,47.37242],[-122.13362,47.37242],[-122.13352,47.36524],[-122.13024,47.3623],[-122.12812,47.35802],[-122.16548,47.35802]]]}},{"type":"Feature","properties":{"GEOID":"53033023806","city":"Bellevue","pct_hispanic":1.498,"pop_total":4006.0,"median_hh_income":168782.0,"pop_density_sqkm":17061.983,"cameras_flock":0,"cameras_flock_nonretail":0,"cameras_alpr_all":1,"road_miles":1.708,"cameras_per_road_mile":0.0,"cameras_per_10k_residents":0.0,"crime_count":null,"crime_data_available":false,"retailer_count":0},"geometry":{"type":"Polygon","coordinates":[[[-122.19634,47.61741],[-122.19632,47.62116],[-122.19077,47.62105],[-122.18888,47.62174],[-122.18884,47.61735],[-122.19634,47.61741]]]}},{"type":"Feature","properties":{"GEOID":"53033021702","city":"Kenmore","pct_hispanic":15.505,"pop_total":4876.0,"median_hh_income":73649.0,"pop_density_sqkm":1599.334,"cameras_flock":0,"cameras_flock_nonretail":0,"cameras_alpr_all":0,"road_miles":7.886,"cameras_per_road_mile":0.0,"cameras_per_10k_residents":0.0,"crime_count":null,"crime_data_available":false,"retailer_count":0},"geometry":{"type":"Polygon","coordinates":[[[-122.24985,47.75435],[-122.24964,47.76154],[-122.24373,47.76061],[-122.24348,47.76204],[-122.24236,47.76368],[-122.24277,47.76734],[-122.24232,47.76843],[-122.23968,47.76805],[-122.23688,47.76714],[-122.23332,47.76714],[-122.23336,47.76596],[-122.22901,47.76594],[-122.22899,47.76657],[-122.22797,47.76657],[-122.22799,47.76589],[-122.22321,47.76579],[-122.22339,47.75852],[-122.21803,47.75847],[-122.2183,47.75636],[-122.2201,47.75495],[-122.22069,47.75247],[-122.2188,47.75207],[-122.21451,47.7502],[-122.21251,47.75009],[-122.21326,47.74962],[-122.21341,47.74825],[-122.21555,47.74804],[-122.22124,47.75182],[-122.2249,47.75183],[-122.2271,47.75251],[-122.23135,47.75209],[-122.23584,47.75252],[-122.23784,47.75222],[-122.24074,47.75282],[-122.24164,47.75412],[-122.24254,47.75448],[-122.24684,47.75382],[-122.24985,47.75435]]]}},{"type":"Feature","properties":{"GEOID":"53033032330","city":"Redmond","pct_hispanic":6.65,"pop_total":5970.0,"median_hh_income":155462.0,"pop_density_sqkm":1283.946,"cameras_flock":0,"cameras_flock_nonretail":0,"cameras_alpr_all":1,"road_miles":6.968,"cameras_per_road_mile":0.0,"cameras_per_10k_residents":0.0,"crime_count":null,"crime_data_available":false,"retailer_count":0},"geometry":{"type":"Polygon","coordinates":[[[-122.15322,47.70428],[-122.13193,47.70399],[-122.13214,47.6951],[-122.13025,47.69302],[-122.13016,47.69125],[-122.12913,47.68843],[-122.12411,47.68334],[-122.12159,47.67978],[-122.1216,47.67848],[-122.13235,47.67859],[-122.13274,47.67494],[-122.12346,47.6728],[-122.12392,47.67227],[-122.12694,47.67109],[-122.12945,47.66934],[-122.13119,47.6702],[-122.13343,47.6721],[-122.13385,47.67361],[-122.13675,47.67491],[-122.13824,47.67811],[-122.14988,47.68983],[-122.15083,47.6919],[-122.15322,47.70428]]]}},{"type":"Feature","properties":{"GEOID":"53033031911","city":"(unincorporated county)","pct_hispanic":3.573,"pop_total":3470.0,"median_hh_income":157851.0,"pop_density_sqkm":1447.575,"cameras_flock":3,"cameras_flock_nonretail":3,"cameras_alpr_all":3,"road_miles":1.755,"cameras_per_road_mile":1.709,"cameras_per_10k_residents":8.646,"crime_count":null,"crime_data_available":false,"retailer_count":0},"geometry":{"type":"Polygon","coordinates":[[[-122.13307,47.4472],[-122.13213,47.44817],[-122.13207,47.44887],[-122.12819,47.44894],[-122.12801,47.4517],[-122.12701,47.45169],[-122.12673,47.45304],[-122.12382,47.45497],[-122.1238,47.45551],[-122.11815,47.45467],[-122.1187,47.45431],[-122.11584,47.45436],[-122.1161,47.45392],[-122.11303,47.45212],[-122.10974,47.45236],[-122.10892,47.45114],[-122.10979,47.44948],[-122.10993,47.44747],[-122.1087,47.44671],[-122.11182,47.44447],[-122.11194,47.43747],[-122.11668,47.43751],[-122.11781,47.43879],[-122.1199,47.43949],[-122.13011,47.43963],[-122.13033,47.44076],[-122.12837,47.44146],[-122.1311,47.44453],[-122.13083,47.44563],[-122.13206,47.44614],[-122.13307,47.4472]]]}},{"type":"Feature","properties":{"GEOID":"53033031207","city":"Auburn","pct_hispanic":2.344,"pop_total":4650.0,"median_hh_income":104500.0,"pop_density_sqkm":1425.688,"cameras_flock":0,"cameras_flock_nonretail":0,"cameras_alpr_all":0,"road_miles":2.643,"cameras_per_road_mile":0.0,"cameras_per_10k_residents":0.0,"crime_count":null,"crime_data_available":false,"retailer_count":0},"geometry":{"type":"Polygon","coordinates":[[[-122.18708,47.32405],[-122.18687,47.32988],[-122.16665,47.32963],[-122.16589,47.32989],[-122.16566,47.33093],[-122.16508,47.33131],[-122.16566,47.333],[-122.1655,47.34344],[-122.14582,47.34351],[-122.14896,47.33675],[-122.15153,47.33443],[-122.15592,47.33237],[-122.15823,47.33041],[-122.15952,47.32847],[-122.16133,47.32379],[-122.16528,47.31943],[-122.16624,47.32116],[-122.16929,47.32239],[-122.17641,47.32248],[-122.1764,47.32333],[-122.17874,47.32336],[-122.17872,47.3243],[-122.18478,47.32437],[-122.18708,47.32405]]]}},{"type":"Feature","properties":{"GEOID":"53033025202","city":"Renton","pct_hispanic":18.138,"pop_total":4609.0,"median_hh_income":120359.0,"pop_density_sqkm":1665.506,"cameras_flock":0,"cameras_flock_nonretail":0,"cameras_alpr_all":0,"road_miles":2.503,"cameras_per_road_mile":0.0,"cameras_per_10k_residents":0.0,"crime_count":null,"crime_data_available":false,"retailer_count":0},"geometry":{"type":"Polygon","coordinates":[[[-122.1979,47.51843],[-122.19622,47.51933],[-122.18643,47.51832],[-122.18408,47.51664],[-122.18148,47.51661],[-122.17557,47.51843],[-122.17223,47.52092],[-122.16943,47.52059],[-122.16911,47.52081],[-122.16463,47.51892],[-122.16469,47.5039],[-122.1684,47.50558],[-122.17329,47.50596],[-122.17509,47.50537],[-122.17747,47.50309],[-122.1856,47.50311],[-122.1858,47.51549],[-122.19465,47.51626],[-122.19645,47.51825],[-122.1979,47.51843]]]}},{"type":"Feature","properties":{"GEOID":"53033031707","city":"Kent","pct_hispanic":1.121,"pop_total":3211.0,"median_hh_income":120179.0,"pop_density_sqkm":867.052,"cameras_flock":0,"cameras_flock_nonretail":0,"cameras_alpr_all":0,"road_miles":3.975,"cameras_per_road_mile":0.0,"cameras_per_10k_residents":0.0,"crime_count":null,"crime_data_available":false,"retailer_count":0},"geometry":{"type":"Polygon","coordinates":[[[-122.16544,47.38692],[-122.14768,47.38691],[-122.14371,47.38558],[-122.14213,47.38353],[-122.1408,47.38319],[-122.1391,47.38371],[-122.13871,47.38617],[-122.13817,47.38669],[-122.13354,47.38691],[-122.13362,47.37242],[-122.16542,47.37242],[-122.16544,47.38692]]]}},{"type":"Feature","properties":{"GEOID":"53033032333","city":"(unincorporated county)","pct_hispanic":3.117,"pop_total":3722.0,"median_hh_income":167917.0,"pop_density_sqkm":763.017,"cameras_flock":0,"cameras_flock_nonretail":0,"cameras_alpr_all":0,"road_miles":2.615,"cameras_per_road_mile":0.0,"cameras_per_10k_residents":0.0,"crime_count":null,"crime_data_available":false,"retailer_count":0},"geometry":{"type":"Polygon","coordinates":[[[-122.0377,47.69682],[-122.01804,47.70228],[-122.01479,47.70216],[-122.01602,47.70085],[-122.01399,47.70058],[-122.01389,47.69887],[-122.01324,47.6979],[-122.01378,47.69687],[-122.01356,47.6889],[-122.00693,47.68869],[-122.00686,47.68687],[-122.0051,47.68687],[-122.00931,47.67471],[-122.02209,47.67495],[-122.02336,47.6762],[-122.02949,47.67787],[-122.0321,47.67929],[-122.03319,47.68064],[-122.03364,47.68229],[-122.03262,47.6873],[-122.03535,47.6913],[-122.0377,47.69682]]]}},{"type":"Feature","properties":{"GEOID":"53033003800","city":"Seattle","pct_hispanic":3.613,"pop_total":2325.0,"median_hh_income":183068.0,"pop_density_sqkm":3722.347,"cameras_flock":0,"cameras_flock_nonretail":0,"cameras_alpr_all":0,"road_miles":0.906,"cameras_per_road_mile":0.0,"cameras_per_10k_residents":0.0,"crime_count":97.0,"crime_data_available":true,"retailer_count":0},"geometry":{"type":"Polygon","coordinates":[[[-122.30076,47.68305],[-122.29048,47.68305],[-122.29027,47.67578],[-122.30065,47.67577],[-122.30076,47.68305]]]}},{"type":"Feature","properties":{"GEOID":"53033021500","city":"Lake Forest Park","pct_hispanic":9.235,"pop_total":4613.0,"median_hh_income":198980.0,"pop_density_sqkm":1334.158,"cameras_flock":0,"cameras_flock_nonretail":0,"cameras_alpr_all":0,"road_miles":6.21,"cameras_per_road_mile":0.0,"cameras_per_10k_residents":0.0,"crime_count":null,"crime_data_available":false,"retailer_count":0},"geometry":{"type":"Polygon","coordinates":[[[-122.29032,47.77594],[-122.29009,47.77735],[-122.27103,47.7771],[-122.27055,47.77664],[-122.26947,47.77395],[-122.26954,47.76964],[-122.26818,47.76866],[-122.26436,47.76773],[-122.26386,47.76209],[-122.26177,47.75951],[-122.26252,47.75834],[-122.26175,47.75782],[-122.26291,47.75785],[-122.26317,47.75571],[-122.26964,47.74972],[-122.27467,47.75265],[-122.27496,47.75322],[-122.27611,47.75333],[-122.27959,47.75581],[-122.28388,47.76006],[-122.28523,47.76216],[-122.28552,47.76364],[-122.28505,47.7659],[-122.28385,47.76719],[-122.28391,47.76783],[-122.28666,47.77202],[-122.28836,47.77283],[-122.28983,47.77441],[-122.29032,47.77594]]]}},{"type":"Feature","properties":{"GEOID":"53033032704","city":"North Bend","pct_hispanic":11.577,"pop_total":7938.0,"median_hh_income":171544.0,"pop_density_sqkm":473.197,"cameras_flock":0,"cameras_flock_nonretail":0,"cameras_alpr_all":0,"road_miles":14.472,"cameras_per_road_mile":0.0,"cameras_per_10k_residents":0.0,"crime_count":null,"crime_data_available":false,"retailer_count":0},"geometry":{"type":"Polygon","coordinates":[[[-121.8122,47.49755],[-121.81173,47.49969],[-121.81066,47.50028],[-121.80753,47.4994],[-121.80508,47.49994],[-121.80383,47.49959],[-121.79572,47.49964],[-121.80824,47.50524],[-121.80966,47.50691],[-121.80947,47.50752],[-121.80896,47.50811],[-121.80834,47.50787],[-121.80574,47.5084],[-121.80516,47.50926],[-121.80563,47.51006],[-121.80686,47.51031],[-121.80849,47.5099],[-121.81024,47.51101],[-121.80705,47.51195],[-121.79411,47.51247],[-121.79262,47.51045],[-121.78926,47.5105],[-121.79011,47.51169],[-121.79006,47.51246],[-121.7893,47.51262],[-121.78829,47.51188],[-121.7878,47.51211],[-121.78819,47.51333],[-121.78914,47.51414],[-121.78794,47.51467],[-121.78863,47.51634],[-121.78769,47.51675],[-121.7863,47.51923],[-121.78606,47.52087],[-121.78732,47.52306],[-121.78607,47.52523],[-121.78413,47.52489],[-121.78287,47.52423],[-121.78176,47.52229],[-121.77813,47.52186],[-121.77695,47.52137],[-121.77642,47.51926],[-121.77473,47.51886],[-121.77346,47.51764],[-121.76741,47.51594],[-121.76495,47.51487],[-121.76582,47.51323],[-121.76408,47.51109],[-121.76193,47.50578],[-121.76396,47.50363],[-121.7622,47.49795],[-121.76429,47.49661],[-121.76529,47.49503],[-121.7639,47.49105],[-121.76145,47.48893],[-121.75815,47.48685],[-121.75687,47.48465],[-121.75253,47.48353],[-121.75021,47.48224],[-121.75042,47.47965],[-121.74796,47.47804],[-121.74681,47.47642],[-121.74528,47.47595],[-121.74288,47.4763],[-121.73581,47.48179],[-121.7322,47.48251],[-121.73024,47.48187],[-121.72856,47.47866],[-121.72597,47.47798],[-121.72251,47.47854],[-121.71862,47.48065],[-121.71861,47.48037],[-121.71762,47.48085],[-121.71625,47.48044],[-121.71544,47.47815],[-121.71369,47.47762],[-121.71008,47.47763],[-121.70588,47.47888],[-121.70356,47.47733],[-121.7028,47.47721],[-121.69417,47.47968],[-121.69236,47.47816],[-121.69241,47.47583],[-121.69517,47.47705],[-121.69756,47.47662],[-121.69918,47.47694],[-121.7095,47.47369],[-121.71278,47.4723],[-121.71566,47.47199],[-121.71864,47.47233],[-121.71604,47.4694],[-121.71614,47.46552],[-121.73298,47.471],[-121.74223,47.47353],[-121.77641,47.47359],[-121.77877,47.47383],[-121.78155,47.47467],[-121.78397,47.47617],[-121.79836,47.49009],[-121.80272,47.49247],[-121.81107,47.49528],[-121.8122,47.49755]]]}},{"type":"Feature","properties":{"GEOID":"53033026200","city":"Tukwila","pct_hispanic":32.271,"pop_total":5618.0,"median_hh_income":76399.0,"pop_density_sqkm":362.906,"cameras_flock":34,"cameras_flock_nonretail":32,"cameras_alpr_all":34,"road_miles":30.697,"cameras_per_road_mile":1.108,"cameras_per_10k_residents":60.52,"crime_count":null,"crime_data_available":false,"retailer_count":2},"geometry":{"type":"Polygon","coordinates":[[[-122.27274,47.48097],[-122.27159,47.48302],[-122.26495,47.48863],[-122.26312,47.4865],[-122.25811,47.4833],[-122.25206,47.47602],[-122.25039,47.47548],[-122.24779,47.47532],[-122.24243,47.47822],[-122.23976,47.47896],[-122.23711,47.47919],[-122.2344,47.47858],[-122.23109,47.47654],[-122.225,47.4752],[-122.22229,47.47496],[-122.21885,47.47543],[-122.21789,47.47433],[-122.21786,47.46221],[-122.21529,47.45115],[-122.21746,47.44117],[-122.24919,47.44126],[-122.25123,47.44185],[-122.25333,47.44131],[-122.26238,47.44144],[-122.2635,47.4424],[-122.26817,47.44384],[-122.26401,47.45627],[-122.26388,47.4607],[-122.26722,47.46579],[-122.26937,47.4731],[-122.27255,47.47924],[-122.27274,47.48097]]]}},{"type":"Feature","properties":{"GEOID":"53033032703","city":"Snoqualmie","pct_hispanic":2.91,"pop_total":1821.0,"median_hh_income":119655.0,"pop_density_sqkm":183.366,"cameras_flock":0,"cameras_flock_nonretail":0,"cameras_alpr_all":0,"road_miles":5.578,"cameras_per_road_mile":0.0,"cameras_per_10k_residents":0.0,"crime_count":null,"crime_data_available":false,"retailer_count":0},"geometry":{"type":"Polygon","coordinates":[[[-121.8593,47.51427],[-121.85889,47.51495],[-121.85606,47.5165],[-121.85258,47.51972],[-121.85009,47.52016],[-121.84797,47.5213],[-121.8454,47.5219],[-121.84456,47.52389],[-121.84244,47.52581],[-121.83843,47.52652],[-121.83702,47.52607],[-121.83714,47.52877],[-121.8308,47.52883],[-121.8306,47.52968],[-121.82785,47.52924],[-121.82784,47.53008],[-121.82654,47.53045],[-121.83205,47.53811],[-121.83244,47.539],[-121.83114,47.53921],[-121.82928,47.53896],[-121.82755,47.53806],[-121.8276,47.53335],[-121.82487,47.53214],[-121.82227,47.52816],[-121.81996,47.5268],[-121.81573,47.52637],[-121.81285,47.52669],[-121.80979,47.5278],[-121.80714,47.52936],[-121.80578,47.52944],[-121.80365,47.52661],[-121.79916,47.52417],[-121.79493,47.52572],[-121.79213,47.52625],[-121.78937,47.52607],[-121.78607,47.52523],[-121.78732,47.52306],[-121.78606,47.52087],[-121.78649,47.51854],[-121.78769,47.51675],[-121.78863,47.51634],[-121.78794,47.51467],[-121.78914,47.51414],[-121.78819,47.51333],[-121.7878,47.51211],[-121.78829,47.51188],[-121.78961,47.51269],[-121.79012,47.51223],[-121.78926,47.5105],[-121.79262,47.51045],[-121.79411,47.51247],[-121.80705,47.51195],[-121.81024,47.51101],[-121.80849,47.5099],[-121.80686,47.51031],[-121.80563,47.51006],[-121.80516,47.50926],[-121.80574,47.5084],[-121.80834,47.50787],[-121.80896,47.50811],[-121.80947,47.50752],[-121.80966,47.50691],[-121.80824,47.50524],[-121.79572,47.49964],[-121.80383,47.49959],[-121.80508,47.49994],[-121.80753,47.4994],[-121.81087,47.50022],[-121.81173,47.49969],[-121.81216,47.49868],[-121.8122,47.49755],[-121.81107,47.49528],[-121.81503,47.49728],[-121.82683,47.50795],[-121.83307,47.51307],[-121.83563,47.51444],[-121.83901,47.51524],[-121.84286,47.51515],[-121.85626,47.51156],[-121.85679,47.51211],[-121.85811,47.51229],[-121.8593,47.51427]]]}},{"type":"Feature","properties":{"GEOID":"53033032319","city":"Woodinville","pct_hispanic":13.65,"pop_total":7011.0,"median_hh_income":120357.0,"pop_density_sqkm":1020.825,"cameras_flock":0,"cameras_flock_nonretail":0,"cameras_alpr_all":0,"road_miles":11.282,"cameras_per_road_mile":0.0,"cameras_per_10k_residents":0.0,"crime_count":null,"crime_data_available":false,"retailer_count":0},"geometry":{"type":"Polygon","coordinates":[[[-122.16906,47.75478],[-122.16731,47.75652],[-122.16515,47.75673],[-122.16393,47.75829],[-122.1609,47.75969],[-122.1584,47.76205],[-122.15444,47.7762],[-122.13183,47.77605],[-122.13159,47.76155],[-122.13416,47.76158],[-122.13412,47.75977],[-122.13041,47.75977],[-122.13035,47.75737],[-122.13242,47.75722],[-122.13313,47.75678],[-122.13195,47.75494],[-122.13238,47.75481],[-122.13305,47.75274],[-122.13386,47.75229],[-122.1356,47.75273],[-122.13986,47.7526],[-122.14248,47.75326],[-122.14373,47.75285],[-122.14402,47.7516],[-122.14464,47.75123],[-122.14723,47.75165],[-122.1527,47.75153],[-122.15233,47.74961],[-122.14896,47.74689],[-122.14587,47.74223],[-122.14231,47.73907],[-122.14215,47.73627],[-122.14967,47.7363],[-122.15007,47.73658],[-122.15313,47.74039],[-122.1537,47.74249],[-122.15651,47.74472],[-122.15842,47.74544],[-122.16112,47.74777],[-122.16451,47.74906],[-122.1648,47.75001],[-122.16609,47.75102],[-122.16709,47.75288],[-122.16906,47.75478]]]}},{"type":"Feature","properties":{"GEOID":"53033032313","city":"Redmond","pct_hispanic":6.334,"pop_total":7404.0,"median_hh_income":145048.0,"pop_density_sqkm":565.511,"cameras_flock":13,"cameras_flock_nonretail":10,"cameras_alpr_all":13,"road_miles":17.821,"cameras_per_road_mile":0.729,"cameras_per_10k_residents":17.558,"crime_count":null,"crime_data_available":false,"retailer_count":1},"geometry":{"type":"Polygon","coordinates":[[[-122.12718,47.66465],[-122.12693,47.66712],[-122.11295,47.66711],[-122.11068,47.66748],[-122.10862,47.66843],[-122.10725,47.66973],[-122.11303,47.67142],[-122.11317,47.67258],[-122.10959,47.67337],[-122.10614,47.67738],[-122.0933,47.68755],[-122.0924,47.68749],[-122.08938,47.68902],[-122.08773,47.68925],[-122.08229,47.68857],[-122.07813,47.68757],[-122.07297,47.68869],[-122.06244,47.68868],[-122.06282,47.66146],[-122.06361,47.66077],[-122.06805,47.65919],[-122.07061,47.65676],[-122.07081,47.65604],[-122.07219,47.6555],[-122.07573,47.65518],[-122.08816,47.65749],[-122.08925,47.65667],[-122.09109,47.65391],[-122.09248,47.65347],[-122.09815,47.64838],[-122.10115,47.65015],[-122.11189,47.65424],[-122.11465,47.65704],[-122.12371,47.66037],[-122.12439,47.66232],[-122.12613,47.66171],[-122.12718,47.66465]]]}},{"type":"Feature","properties":{"GEOID":"53033031603","city":"(unincorporated county)","pct_hispanic":7.102,"pop_total":7941.0,"median_hh_income":144573.0,"pop_density_sqkm":141.575,"cameras_flock":4,"cameras_flock_nonretail":4,"cameras_alpr_all":4,"road_miles":23.011,"cameras_per_road_mile":0.174,"cameras_per_10k_residents":5.037,"crime_count":null,"crime_data_available":false,"retailer_count":0},"geometry":{"type":"Polygon","coordinates":[[[-122.05483,47.28226],[-122.05164,47.28555],[-122.05075,47.28785],[-122.0513,47.29046],[-122.05401,47.29381],[-122.05361,47.29468],[-122.05122,47.29664],[-122.05053,47.29795],[-122.05071,47.29976],[-122.05217,47.30142],[-122.04845,47.30531],[-122.04641,47.30864],[-122.04293,47.31035],[-122.0397,47.31088],[-122.02131,47.31225],[-122.01295,47.31214],[-122.01101,47.31303],[-122.00908,47.31549],[-122.00463,47.31727],[-122.01233,47.33439],[-122.01749,47.33975],[-122.01842,47.3413],[-122.01936,47.35387],[-122.02093,47.36137],[-122.01631,47.3618],[-122.01613,47.36361],[-122.01214,47.3663],[-122.01141,47.36909],[-122.01034,47.37006],[-122.00907,47.37042],[-122.00226,47.37074],[-121.99112,47.3759],[-121.98641,47.37635],[-121.98226,47.37586],[-121.97546,47.37369],[-121.97568,47.37313],[-121.9741,47.37113],[-121.97379,47.36975],[-121.97051,47.36706],[-121.96957,47.36509],[-121.97,47.36435],[-121.97385,47.36219],[-121.97404,47.35783],[-121.95051,47.35635],[-121.94948,47.35586],[-121.94848,47.35472],[-121.94678,47.34736],[-121.94723,47.34353],[-121.94069,47.33923],[-121.93896,47.33863],[-121.941,47.33556],[-121.94336,47.33584],[-121.94026,47.3325],[-121.93957,47.33018],[-121.93962,47.3268],[-121.93717,47.32438],[-121.93407,47.32288],[-121.93424,47.31928],[-121.93542,47.3193],[-121.9364,47.31795],[-121.93745,47.3177],[-121.93994,47.3194],[-121.94233,47.32045],[-121.94702,47.3215],[-121.9489,47.32102],[-121.94938,47.31965],[-121.94879,47.31819],[-121.94465,47.31729],[-121.94459,47.3158],[-121.94219,47.31394],[-121.94325,47.31238],[-121.94244,47.31118],[-121.94193,47.30846],[-121.94256,47.30718],[-121.94622,47.30651],[-121.95057,47.30432],[-121.95134,47.30338],[-121.95008,47.3011],[-121.95037,47.3006],[-121.95321,47.299],[-121.95412,47.29762],[-121.95647,47.29627],[-121.95982,47.29566],[-121.9636,47.29354],[-121.96628,47.29073],[-121.96743,47.28792],[-121.9687,47.28756],[-121.97024,47.28798],[-121.9719,47.29059],[-121.97298,47.29094],[-121.97339,47.29022],[-121.97323,47.28808],[-121.97436,47.2859],[-121.97452,47.28294],[-121.97552,47.28256],[-121.97648,47.28346],[-121.97716,47.28352],[-121.97873,47.28202],[-121.98074,47.28133],[-121.98085,47.28078],[-121.97981,47.27979],[-121.98005,47.27936],[-121.9808,47.27918],[-121.9851,47.27981],[-121.98703,47.27959],[-121.98766,47.27913],[-121.98758,47.27839],[-121.98543,47.27715],[-121.98452,47.27598],[-121.98724,47.27275],[-121.98845,47.27278],[-121.98842,47.27485],[-121.98917,47.27613],[-121.99182,47.27701],[-121.99652,47.2805],[-121.998,47.28078],[-122.00212,47.2776],[-122.00549,47.27743],[-122.00832,47.27888],[-122.00905,47.28054],[-122.0086,47.28198],[-122.00945,47.28298],[-122.01226,47.28372],[-122.01512,47.28376],[-122.01777,47.28182],[-122.01997,47.27437],[-122.02063,47.27398],[-122.02428,47.27369],[-122.02616,47.27415],[-122.02843,47.27398],[-122.0307,47.27497],[-122.03026,47.27738],[-122.03198,47.28024],[-122.03131,47.28289],[-122.03178,47.28336],[-122.03441,47.283],[-122.03711,47.28158],[-122.03842,47.27971],[-122.03952,47.27585],[-122.04084,47.27507],[-122.04213,47.27542],[-122.04445,47.27708],[-122.04458,47.27833],[-122.04311,47.27914],[-122.04384,47.28054],[-122.04551,47.28101],[-122.04832,47.28095],[-122.05313,47.2818],[-122.05483,47.28226]]]}},{"type":"Feature","properties":{"GEOID":"53033032103","city":"Issaquah","pct_hispanic":6.808,"pop_total":5934.0,"median_hh_income":121685.0,"pop_density_sqkm":1488.224,"cameras_flock":2,"cameras_flock_nonretail":2,"cameras_alpr_all":2,"road_miles":12.06,"cameras_per_road_mile":0.166,"cameras_per_10k_residents":3.37,"crime_count":null,"crime_data_available":false,"retailer_count":0},"geometry":{"type":"Polygon","coordinates":[[[-122.07679,47.55363],[-122.07643,47.55421],[-122.0545,47.54589],[-122.04466,47.54438],[-122.03718,47.54091],[-122.03425,47.5388],[-122.02906,47.53303],[-122.02695,47.53205],[-122.02297,47.53159],[-122.02336,47.52986],[-122.02525,47.52797],[-122.02703,47.52694],[-122.02787,47.52544],[-122.03238,47.52545],[-122.03303,47.52745],[-122.03367,47.52746],[-122.03475,47.5301],[-122.04665,47.53004],[-122.05039,47.53258],[-122.05244,47.53246],[-122.05334,47.53346],[-122.05666,47.53366],[-122.05702,47.53716],[-122.05761,47.53807],[-122.05755,47.5412],[-122.06289,47.5412],[-122.06451,47.54168],[-122.06701,47.54462],[-122.06994,47.54651],[-122.07186,47.54857],[-122.07509,47.55042],[-122.07589,47.55283],[-122.07679,47.55363]]]}},{"type":"Feature","properties":{"GEOID":"53033026802","city":"Burien","pct_hispanic":30.992,"pop_total":6279.0,"median_hh_income":85284.0,"pop_density_sqkm":3072.875,"cameras_flock":0,"cameras_flock_nonretail":0,"cameras_alpr_all":0,"road_miles":4.145,"cameras_per_road_mile":0.0,"cameras_per_10k_residents":0.0,"crime_count":null,"crime_data_available":false,"retailer_count":0},"geometry":{"type":"Polygon","coordinates":[[[-122.35519,47.49958],[-122.35514,47.50278],[-122.34709,47.50292],[-122.34732,47.50654],[-122.33915,47.50667],[-122.33907,47.49939],[-122.3337,47.49949],[-122.33381,47.49053],[-122.34998,47.49024],[-122.35013,47.49515],[-122.35257,47.49663],[-122.35519,47.49958]]]}},{"type":"Feature","properties":{"GEOID":"53033023202","city":"Bellevue","pct_hispanic":21.696,"pop_total":5554.0,"median_hh_income":99436.0,"pop_density_sqkm":3724.485,"cameras_flock":0,"cameras_flock_nonretail":0,"cameras_alpr_all":1,"road_miles":2.768,"cameras_per_road_mile":0.0,"cameras_per_10k_residents":0.0,"crime_count":null,"crime_data_available":false,"retailer_count":0},"geometry":{"type":"Polygon","coordinates":[[[-122.13225,47.60982],[-122.13237,47.6278],[-122.12167,47.62445],[-122.12129,47.60976],[-122.12352,47.60917],[-122.12674,47.60978],[-122.13225,47.60982]]]}},{"type":"Feature","properties":{"GEOID":"53033025500","city":"Renton","pct_hispanic":16.147,"pop_total":5487.0,"median_hh_income":78800.0,"pop_density_sqkm":3596.208,"cameras_flock":0,"cameras_flock_nonretail":0,"cameras_alpr_all":0,"road_miles":2.386,"cameras_per_road_mile":0.0,"cameras_per_10k_residents":0.0,"crime_count":null,"crime_data_available":false,"retailer_count":0},"geometry":{"type":"Polygon","coordinates":[[[-122.17747,47.50309],[-122.17482,47.50553],[-122.17279,47.50597],[-122.1684,47.50558],[-122.16469,47.5039],[-122.16417,47.48858],[-122.17488,47.48856],[-122.17531,47.50309],[-122.17747,47.50309]]]}},{"type":"Feature","properties":{"GEOID":"53033002500","city":"Seattle","pct_hispanic":3.308,"pop_total":3295.0,"median_hh_income":178173.0,"pop_density_sqkm":3347.441,"cameras_flock":0,"cameras_flock_nonretail":0,"cameras_alpr_all":0,"road_miles":1.621,"cameras_per_road_mile":0.0,"cameras_per_10k_residents":0.0,"crime_count":224.0,"crime_data_available":true,"retailer_count":0},"geometry":{"type":"Polygon","coordinates":[[[-122.30686,47.6903],[-122.30167,47.69027],[-122.30148,47.68945],[-122.29738,47.68942],[-122.29737,47.69024],[-122.29602,47.69023],[-122.29589,47.68305],[-122.30076,47.68305],[-122.30065,47.67577],[-122.30657,47.67588],[-122.30686,47.6903]]]}},{"type":"Feature","properties":{"GEOID":"53033032321","city":"(unincorporated county)","pct_hispanic":2.007,"pop_total":6925.0,"median_hh_income":250001.0,"pop_density_sqkm":541.813,"cameras_flock":1,"cameras_flock_nonretail":1,"cameras_alpr_all":1,"road_miles":10.283,"cameras_per_road_mile":0.097,"cameras_per_10k_residents":1.444,"crime_count":null,"crime_data_available":false,"retailer_count":0},"geometry":{"type":"Polygon","coordinates":[[[-122.15436,47.71054],[-122.14846,47.7291],[-122.14893,47.7314],[-122.15013,47.73289],[-122.14565,47.7328],[-122.14609,47.73448],[-122.14967,47.7363],[-122.14902,47.73637],[-122.11523,47.73626],[-122.11528,47.73282],[-122.10966,47.73276],[-122.11012,47.73003],[-122.10813,47.72916],[-122.10735,47.72814],[-122.10746,47.72695],[-122.1096,47.72552],[-122.11017,47.72466],[-122.11055,47.71445],[-122.09507,47.71432],[-122.09131,47.71552],[-122.08857,47.7155],[-122.08929,47.70886],[-122.09254,47.70494],[-122.09299,47.70307],[-122.10034,47.70374],[-122.15322,47.70428],[-122.15436,47.71054]]]}},{"type":"Feature","properties":{"GEOID":"53033021000","city":"Shoreline","pct_hispanic":4.524,"pop_total":5946.0,"median_hh_income":116203.0,"pop_density_sqkm":2261.465,"cameras_flock":0,"cameras_flock_nonretail":0,"cameras_alpr_all":1,"road_miles":4.255,"cameras_per_road_mile":0.0,"cameras_per_10k_residents":0.0,"crime_count":null,"crime_data_available":false,"retailer_count":0},"geometry":{"type":"Polygon","coordinates":[[[-122.3456,47.74869],[-122.32392,47.74859],[-122.32359,47.73405],[-122.34521,47.73413],[-122.3456,47.74869]]]}},{"type":"Feature","properties":{"GEOID":"53033032007","city":"(unincorporated county)","pct_hispanic":6.173,"pop_total":4163.0,"median_hh_income":183929.0,"pop_density_sqkm":357.583,"cameras_flock":2,"cameras_flock_nonretail":2,"cameras_alpr_all":2,"road_miles":8.584,"cameras_per_road_mile":0.233,"cameras_per_10k_residents":4.804,"crime_count":null,"crime_data_available":false,"retailer_count":0},"geometry":{"type":"Polygon","coordinates":[[[-122.08492,47.41105],[-122.08444,47.41156],[-122.08122,47.41261],[-122.07985,47.41595],[-122.08343,47.42074],[-122.08318,47.42284],[-122.07941,47.42134],[-122.07351,47.42084],[-122.06468,47.41561],[-122.05546,47.41127],[-122.04899,47.40465],[-122.04604,47.39985],[-122.04587,47.39873],[-122.04457,47.39745],[-122.04604,47.39198],[-122.04535,47.39036],[-122.04801,47.38777],[-122.04812,47.37961],[-122.05365,47.37967],[-122.05371,47.37829],[-122.05552,47.37793],[-122.05629,47.37696],[-122.05451,47.37677],[-122.05453,47.37548],[-122.05812,47.37546],[-122.05865,47.37197],[-122.0618,47.37203],[-122.06173,47.36797],[-122.06131,47.36703],[-122.05998,47.36635],[-122.0591,47.36642],[-122.05897,47.35799],[-122.06985,47.35806],[-122.06985,47.36718],[-122.07524,47.3671],[-122.07524,47.36566],[-122.07725,47.36567],[-122.07903,47.36641],[-122.07905,47.36722],[-122.07756,47.36734],[-122.07606,47.36924],[-122.06922,47.37969],[-122.06524,47.38695],[-122.08043,47.38701],[-122.08024,47.40348],[-122.08171,47.40628],[-122.08465,47.41003],[-122.08492,47.41105]]]}},{"type":"Feature","properties":{"GEOID":"53033031501","city":"(unincorporated county)","pct_hispanic":6.714,"pop_total":4066.0,"median_hh_income":144773.0,"pop_density_sqkm":25.177,"cameras_flock":0,"cameras_flock_nonretail":0,"cameras_alpr_all":0,"road_miles":26.434,"cameras_per_road_mile":0.0,"cameras_per_10k_residents":0.0,"crime_count":null,"crime_data_available":false,"retailer_count":0},"geometry":{"type":"Polygon","coordinates":[[[-121.99349,47.27112],[-121.99164,47.27694],[-121.98882,47.27582],[-121.98831,47.27431],[-121.98845,47.27278],[-121.98724,47.27275],[-121.98452,47.27598],[-121.98543,47.27715],[-121.98758,47.27839],[-121.98735,47.27945],[-121.9851,47.27981],[-121.9808,47.27918],[-121.98005,47.27936],[-121.97981,47.27979],[-121.98085,47.28078],[-121.98074,47.28133],[-121.97873,47.28202],[-121.97716,47.28352],[-121.97648,47.28346],[-121.97552,47.28256],[-121.97452,47.28294],[-121.97436,47.2859],[-121.97323,47.28808],[-121.97339,47.29022],[-121.97298,47.29094],[-121.9719,47.29059],[-121.97024,47.28798],[-121.9687,47.28756],[-121.96743,47.28792],[-121.96628,47.29073],[-121.9636,47.29354],[-121.95982,47.29566],[-121.95647,47.29627],[-121.95412,47.29762],[-121.95321,47.299],[-121.95037,47.3006],[-121.95008,47.3011],[-121.95134,47.30338],[-121.95057,47.30432],[-121.94622,47.30651],[-121.94256,47.30718],[-121.94193,47.30846],[-121.94244,47.31118],[-121.94325,47.31238],[-121.94219,47.31394],[-121.94459,47.3158],[-121.94465,47.31729],[-121.94777,47.31782],[-121.94913,47.3185],[-121.94938,47.31965],[-121.9489,47.32102],[-121.94702,47.3215],[-121.94403,47.32099],[-121.93994,47.3194],[-121.93722,47.31767],[-121.9364,47.31795],[-121.93542,47.3193],[-121.93424,47.31928],[-121.93407,47.32288],[-121.93717,47.32438],[-121.93962,47.3268],[-121.93957,47.33018],[-121.94026,47.3325],[-121.94336,47.33584],[-121.941,47.33556],[-121.93896,47.33863],[-121.94043,47.33909],[-121.94494,47.34182],[-121.94734,47.34375],[-121.94673,47.34709],[-121.94896,47.35549],[-121.95051,47.35635],[-121.97404,47.35783],[-121.97385,47.36219],[-121.97,47.36435],[-121.96957,47.36509],[-121.97051,47.36706],[-121.97379,47.36975],[-121.97403,47.37101],[-121.97565,47.37351],[-121.9729,47.37389],[-121.97159,47.37464],[-121.9699,47.37427],[-121.96862,47.37345],[-121.96294,47.37462],[-121.95756,47.37862],[-121.95769,47.3794],[-121.95927,47.38012],[-121.95849,47.38132],[-121.95768,47.38161],[-121.95539,47.38143],[-121.95386,47.38182],[-121.95417,47.38288],[-121.95792,47.38636],[-121.95757,47.38838],[-121.95921,47.38958],[-121.95963,47.3907],[-121.95856,47.39195],[-121.95608,47.39261],[-121.95431,47.39364],[-121.94642,47.39296],[-121.94344,47.39224],[-121.94131,47.39229],[-121.93606,47.39118],[-121.92953,47.39132],[-121.92619,47.39283],[-121.92327,47.39293],[-121.9203,47.39113],[-121.91987,47.38925],[-121.91822,47.38723],[-121.90999,47.38337],[-121.90809,47.38202],[-121.90517,47.38158],[-121.90239,47.38033],[-121.89971,47.38099],[-121.89828,47.38179],[-121.89794,47.38675],[-121.8973,47.38797],[-121.89402,47.38926],[-121.88521,47.38974],[-121.88379,47.38955],[-121.88152,47.38838],[-121.87897,47.38858],[-121.87798,47.38685],[-121.87429,47.38524],[-121.87117,47.38554],[-121.86386,47.38845],[-121.85709,47.38881],[-121.85334,47.39109],[-121.85228,47.39007],[-121.85036,47.38914],[-121.84844,47.3891],[-121.84816,47.38708],[-121.8463,47.38645],[-121.84519,47.38428],[-121.8418,47.38383],[-121.842,47.38273],[-121.84055,47.38159],[-121.84015,47.38064],[-121.8404,47.37853],[-121.83975,47.37794],[-121.8381,47.37755],[-121.83846,47.37638],[-121.83783,47.37518],[-121.83655,47.3746],[-121.82875,47.37326],[-121.82703,47.37344],[-121.8254,47.37205],[-121.82541,47.36966],[-121.82453,47.36922],[-121.82462,47.36731],[-121.82421,47.36677],[-121.81883,47.36286],[-121.81483,47.36197],[-121.80904,47.35896],[-121.80942,47.35817],[-121.80747,47.35619],[-121.80698,47.35177],[-121.80845,47.34977],[-121.80931,47.34706],[-121.80929,47.34545],[-121.80745,47.33964],[-121.80759,47.33659],[-121.80657,47.33292],[-121.80165,47.33098],[-121.8005,47.33012],[-121.79874,47.32866],[-121.79116,47.31875],[-121.78002,47.31159],[-121.77642,47.30874],[-121.77425,47.30249],[-121.77339,47.30253],[-121.77338,47.30047],[-121.77274,47.29992],[-121.77298,47.29887],[-121.77084,47.29833],[-121.77099,47.29731],[-121.77014,47.2962],[-121.76908,47.29567],[-121.76893,47.29449],[-121.76769,47.29336],[-121.76662,47.29344],[-121.76529,47.29216],[-121.76451,47.29006],[-121.76216,47.28737],[-121.76235,47.28499],[-121.76393,47.28373],[-121.76443,47.27939],[-121.76749,47.27614],[-121.77104,47.27491],[-121.77548,47.27437],[-121.78416,47.27735],[-121.78674,47.2773],[-121.7898,47.28282],[-121.79177,47.28338],[-121.79463,47.2825],[-121.79643,47.28249],[-121.79858,47.28336],[-121.80081,47.28496],[-121.80383,47.2881],[-121.80642,47.28843],[-121.80604,47.2872],[-121.80633,47.28641],[-121.80435,47.28549],[-121.8027,47.28232],[-121.80095,47.28141],[-121.79976,47.27994],[-121.80067,47.27879],[-121.80228,47.27835],[-121.80311,47.27686],[-121.80675,47.27628],[-121.80792,47.27516],[-121.80898,47.2748],[-121.81189,47.27497],[-121.81141,47.27547],[-121.80972,47.27602],[-121.81009,47.27752],[-121.80845,47.27831],[-121.80865,47.28002],[-121.80992,47.28077],[-121.8092,47.27967],[-121.80935,47.27832],[-121.81131,47.27782],[-121.81186,47.2768],[-121.81324,47.27678],[-121.81499,47.27588],[-121.81625,47.27574],[-121.81402,47.27744],[-121.81267,47.27783],[-121.81151,47.27997],[-121.81285,47.2809],[-121.81231,47.28017],[-121.81256,47.27962],[-121.81371,47.27929],[-121.81455,47.2783],[-121.81687,47.27743],[-121.81865,47.27818],[-121.82014,47.27813],[-121.81646,47.279],[-121.81831,47.28085],[-121.81825,47.27956],[-121.81882,47.27893],[-121.82131,47.27945],[-121.82385,47.27828],[-121.82421,47.2776],[-121.82554,47.27684],[-121.82703,47.27655],[-121.82798,47.27584],[-121.82699,47.27502],[-121.82677,47.27373],[-121.82553,47.27311],[-121.82587,47.27178],[-121.82798,47.27047],[-121.8314,47.27119],[-121.83221,47.27082],[-121.83305,47.2671],[-121.83587,47.2635],[-121.83645,47.2617],[-121.83891,47.25962],[-121.83991,47.25971],[-121.84039,47.25892],[-121.84226,47.25849],[-121.84159,47.25883],[-121.84135,47.25985],[-121.83959,47.26008],[-121.8387,47.26121],[-121.83877,47.26298],[-121.84186,47.26379],[-121.84319,47.26302],[-121.84542,47.26262],[-121.84637,47.2621],[-121.84875,47.26222],[-121.85247,47.26181],[-121.85301,47.26112],[-121.85245,47.2601],[-121.85257,47.25833],[-121.85498,47.25701],[-121.85793,47.25743],[-121.85901,47.25638],[-121.85979,47.25621],[-121.86113,47.2575],[-121.86422,47.25743],[-121.86466,47.25821],[-121.8654,47.25831],[-121.86592,47.25939],[-121.86841,47.25993],[-121.86956,47.25976],[-121.87107,47.26053],[-121.87325,47.26096],[-121.87463,47.26059],[-121.87403,47.25869],[-121.87486,47.25763],[-121.87611,47.25737],[-121.87837,47.25851],[-121.88036,47.26118],[-121.88172,47.26226],[-121.88159,47.26353],[-121.87995,47.26446],[-121.88171,47.26626],[-121.88175,47.26756],[-121.88123,47.26835],[-121.88294,47.26925],[-121.88421,47.26903],[-121.88491,47.26837],[-121.88447,47.26638],[-121.88481,47.26616],[-121.88953,47.26943],[-121.89223,47.2732],[-121.89576,47.27311],[-121.89516,47.27428],[-121.89594,47.27512],[-121.89385,47.27732],[-121.89504,47.27841],[-121.89688,47.27918],[-121.89997,47.28244],[-121.90141,47.28299],[-121.90384,47.28516],[-121.90518,47.28732],[-121.90692,47.28849],[-121.9089,47.28877],[-121.90975,47.28978],[-121.91067,47.28984],[-121.91373,47.28898],[-121.91479,47.2881],[-121.9179,47.28674],[-121.9224,47.28565],[-121.92862,47.28002],[-121.9337,47.27067],[-121.93954,47.26413],[-121.94188,47.25946],[-121.9523,47.24972],[-121.97086,47.24964],[-121.97259,47.24884],[-121.97886,47.24381],[-121.98219,47.24283],[-121.98969,47.2428],[-121.98998,47.25286],[-121.98583,47.2595],[-121.98569,47.26309],[-121.98692,47.26536],[-121.99234,47.26826],[-121.99315,47.26944],[-121.99349,47.27112]]]}},{"type":"Feature","properties":{"GEOID":"53033032006","city":"(unincorporated county)","pct_hispanic":10.566,"pop_total":5300.0,"median_hh_income":125694.0,"pop_density_sqkm":696.067,"cameras_flock":3,"cameras_flock_nonretail":3,"cameras_alpr_all":3,"road_miles":5.39,"cameras_per_road_mile":0.557,"cameras_per_10k_residents":5.66,"crime_count":null,"crime_data_available":false,"retailer_count":0},"geometry":{"type":"Polygon","coordinates":[[[-122.11795,47.34968],[-122.10745,47.35811],[-122.04349,47.35797],[-122.04551,47.35545],[-122.04709,47.35439],[-122.0537,47.35435],[-122.0539,47.34059],[-122.05873,47.34178],[-122.06833,47.34223],[-122.071,47.34287],[-122.07858,47.34349],[-122.08514,47.34274],[-122.08992,47.34156],[-122.09869,47.34199],[-122.1001,47.34357],[-122.1029,47.34359],[-122.10735,47.3469],[-122.10992,47.34821],[-122.11157,47.34847],[-122.11438,47.34756],[-122.1152,47.34837],[-122.11795,47.34968]]]}},{"type":"Feature","properties":{"GEOID":"53033032311","city":"(unincorporated county)","pct_hispanic":9.536,"pop_total":5925.0,"median_hh_income":218382.0,"pop_density_sqkm":249.894,"cameras_flock":0,"cameras_flock_nonretail":0,"cameras_alpr_all":0,"road_miles":12.49,"cameras_per_road_mile":0.0,"cameras_per_10k_residents":0.0,"crime_count":null,"crime_data_available":false,"retailer_count":0},"geometry":{"type":"Polygon","coordinates":[[[-122.08197,47.74764],[-122.0806,47.75504],[-122.07729,47.75464],[-122.07244,47.75312],[-122.07053,47.75324],[-122.06724,47.75467],[-122.06592,47.75609],[-122.06356,47.76152],[-122.06395,47.76564],[-122.06277,47.76805],[-122.06413,47.77061],[-122.06515,47.77111],[-122.0746,47.77132],[-122.0755,47.77246],[-122.07465,47.77598],[-122.00035,47.77539],[-122.00153,47.77286],[-122.00087,47.76543],[-122.00486,47.75572],[-122.00432,47.74855],[-122.0122,47.74085],[-122.01494,47.73735],[-122.01417,47.73424],[-122.01235,47.7326],[-122.03442,47.73245],[-122.0571,47.73295],[-122.06893,47.73646],[-122.08048,47.73647],[-122.08002,47.73851],[-122.08197,47.74764]]]}},{"type":"Feature","properties":{"GEOID":"53033000900","city":"Seattle","pct_hispanic":1.709,"pop_total":1990.0,"median_hh_income":132083.0,"pop_density_sqkm":1980.389,"cameras_flock":0,"cameras_flock_nonretail":0,"cameras_alpr_all":0,"road_miles":0.377,"cameras_per_road_mile":0.0,"cameras_per_10k_residents":0.0,"crime_count":101.0,"crime_data_available":true,"retailer_count":0},"geometry":{"type":"Polygon","coordinates":[[[-122.28473,47.71922],[-122.27122,47.71886],[-122.26914,47.71412],[-122.26526,47.70807],[-122.26072,47.70226],[-122.25506,47.69687],[-122.25871,47.69769],[-122.27142,47.69735],[-122.27117,47.69591],[-122.27648,47.69589],[-122.27776,47.69779],[-122.27769,47.70412],[-122.28473,47.71922]]]}},{"type":"Feature","properties":{"GEOID":"53033029403","city":"Kent","pct_hispanic":14.778,"pop_total":5718.0,"median_hh_income":111989.0,"pop_density_sqkm":2375.197,"cameras_flock":2,"cameras_flock_nonretail":2,"cameras_alpr_all":2,"road_miles":2.43,"cameras_per_road_mile":0.823,"cameras_per_10k_residents":3.498,"crime_count":null,"crime_data_available":false,"retailer_count":0},"geometry":{"type":"Polygon","coordinates":[[[-122.2075,47.41584],[-122.18675,47.41583],[-122.18678,47.40218],[-122.19415,47.40226],[-122.19741,47.40285],[-122.19988,47.40118],[-122.20033,47.40144],[-122.20738,47.40148],[-122.2075,47.41584]]]}},{"type":"Feature","properties":{"GEOID":"53033032601","city":"(unincorporated county)","pct_hispanic":4.766,"pop_total":2266.0,"median_hh_income":187917.0,"pop_density_sqkm":37.009,"cameras_flock":0,"cameras_flock_nonretail":0,"cameras_alpr_all":0,"road_miles":11.247,"cameras_per_road_mile":0.0,"cameras_per_10k_residents":0.0,"crime_count":null,"crime_data_available":false,"retailer_count":0},"geometry":{"type":"Polygon","coordinates":[[[-121.94315,47.57289],[-121.93195,47.573],[-121.93194,47.57831],[-121.93947,47.58082],[-121.93615,47.58026],[-121.93302,47.58083],[-121.93128,47.5822],[-121.92973,47.58555],[-121.92989,47.58715],[-121.92616,47.58713],[-121.92536,47.59119],[-121.92681,47.5916],[-121.92608,47.59352],[-121.92671,47.5942],[-121.92533,47.59455],[-121.92484,47.59421],[-121.92486,47.59478],[-121.92415,47.59508],[-121.92493,47.59531],[-121.92462,47.59583],[-121.92801,47.59775],[-121.92848,47.59849],[-121.92786,47.60102],[-121.92602,47.6031],[-121.92737,47.60653],[-121.92679,47.60754],[-121.92497,47.6083],[-121.92436,47.60925],[-121.92485,47.60964],[-121.92639,47.60965],[-121.92874,47.6107],[-121.93184,47.61116],[-121.93317,47.61173],[-121.93348,47.61276],[-121.93254,47.61396],[-121.93056,47.61434],[-121.92798,47.61408],[-121.92684,47.61479],[-121.92826,47.61583],[-121.93254,47.6161],[-121.93376,47.61655],[-121.93416,47.61737],[-121.93292,47.61851],[-121.92834,47.61887],[-121.92776,47.61973],[-121.92801,47.62126],[-121.92719,47.62183],[-121.92646,47.62152],[-121.9253,47.6196],[-121.92423,47.61913],[-121.921,47.62009],[-121.91922,47.62261],[-121.91752,47.62327],[-121.91629,47.62194],[-121.91754,47.62039],[-121.91768,47.61951],[-121.9151,47.61833],[-121.91379,47.61682],[-121.91064,47.61712],[-121.90867,47.61649],[-121.90379,47.61575],[-121.90162,47.61652],[-121.89647,47.61348],[-121.89529,47.61198],[-121.89067,47.60803],[-121.88652,47.60596],[-121.88439,47.60281],[-121.88028,47.60273],[-121.87763,47.602],[-121.87515,47.6025],[-121.87232,47.6018],[-121.86853,47.60506],[-121.86778,47.60622],[-121.86769,47.60742],[-121.86663,47.60879],[-121.86376,47.61117],[-121.85915,47.61407],[-121.85675,47.61468],[-121.85151,47.61526],[-121.84865,47.61492],[-121.84144,47.61663],[-121.84066,47.61764],[-121.84073,47.61874],[-121.84381,47.62015],[-121.84478,47.62131],[-121.84452,47.62189],[-121.84333,47.62302],[-121.8388,47.6243],[-121.83642,47.62438],[-121.83237,47.6265],[-121.8312,47.62668],[-121.83204,47.63018],[-121.83165,47.63257],[-121.83215,47.63322],[-121.83127,47.63669],[-121.83003,47.6384],[-121.82676,47.6393],[-121.8266,47.63884],[-121.8288,47.63782],[-121.82939,47.63613],[-121.82733,47.63281],[-121.82682,47.63046],[-121.82605,47.62972],[-121.82741,47.6267],[-121.82488,47.62377],[-121.82242,47.62272],[-121.81812,47.62179],[-121.81644,47.62026],[-121.81349,47.61886],[-121.80928,47.61905],[-121.80523,47.61719],[-121.8028,47.61376],[-121.80559,47.60895],[-121.80587,47.60762],[-121.80515,47.60629],[-121.80323,47.60445],[-121.79794,47.60336],[-121.79071,47.60326],[-121.78962,47.6029],[-121.78826,47.60119],[-121.79267,47.5894],[-121.79287,47.58775],[-121.79178,47.58352],[-121.79386,47.58047],[-121.79378,47.57773],[-121.79476,47.57588],[-121.79461,47.57333],[-121.79567,47.57125],[-121.79592,47.56781],[-121.79725,47.56345],[-121.79817,47.56246],[-121.79975,47.5617],[-121.80427,47.56067],[-121.80751,47.55938],[-121.81064,47.55937],[-121.81271,47.55749],[-121.81459,47.55689],[-121.81759,47.55673],[-121.81883,47.5561],[-121.82009,47.55656],[-121.82246,47.55641],[-121.82408,47.55709],[-121.82939,47.55629],[-121.8332,47.55441],[-121.8381,47.55387],[-121.84134,47.55438],[-121.84475,47.55548],[-121.84883,47.5581],[-121.86538,47.56249],[-121.87307,47.56748],[-121.88607,47.56926],[-121.8868,47.56917],[-121.8874,47.56821],[-121.8842,47.56832],[-121.88356,47.56648],[-121.88376,47.56562],[-121.88929,47.56433],[-121.89045,47.56291],[-121.89826,47.55627],[-121.89989,47.55409],[-121.90086,47.55566],[-121.90353,47.55799],[-121.90355,47.56172],[-121.91986,47.56279],[-121.9223,47.56354],[-121.9235,47.56494],[-121.92557,47.56475],[-121.92834,47.56534],[-121.93116,47.56527],[-121.93483,47.56794],[-121.93973,47.56952],[-121.94273,47.57127],[-121.94315,47.57289]]]}},{"type":"Feature","properties":{"GEOID":"53033028300","city":"Kent","pct_hispanic":7.438,"pop_total":5902.0,"median_hh_income":115700.0,"pop_density_sqkm":723.862,"cameras_flock":3,"cameras_flock_nonretail":3,"cameras_alpr_all":3,"road_miles":11.711,"cameras_per_road_mile":0.256,"cameras_per_10k_residents":5.083,"crime_count":null,"crime_data_available":false,"retailer_count":0},"geometry":{"type":"Polygon","coordinates":[[[-122.29218,47.40819],[-122.28993,47.41651],[-122.28817,47.4195],[-122.28519,47.4222],[-122.27271,47.43069],[-122.2712,47.43232],[-122.27027,47.43432],[-122.2711,47.43448],[-122.27127,47.43739],[-122.27247,47.44087],[-122.27419,47.44321],[-122.27588,47.44698],[-122.28015,47.4532],[-122.28124,47.45627],[-122.28604,47.45949],[-122.27066,47.45958],[-122.26769,47.45838],[-122.26794,47.45753],[-122.26743,47.45688],[-122.26526,47.45675],[-122.26401,47.45627],[-122.26817,47.44384],[-122.2635,47.4424],[-122.26238,47.44144],[-122.25333,47.44131],[-122.25123,47.44185],[-122.24933,47.44127],[-122.24563,47.44123],[-122.24538,47.43941],[-122.2474,47.43735],[-122.24926,47.4306],[-122.2494,47.4267],[-122.26059,47.42663],[-122.26203,47.42602],[-122.26408,47.42379],[-122.26534,47.42307],[-122.26528,47.42179],[-122.26727,47.4194],[-122.26821,47.41692],[-122.2679,47.4163],[-122.26535,47.41503],[-122.26471,47.41324],[-122.26518,47.4113],[-122.26966,47.40808],[-122.27082,47.40846],[-122.28137,47.40839],[-122.28315,47.40725],[-122.28403,47.40716],[-122.28475,47.40753],[-122.28723,47.41147],[-122.28895,47.40826],[-122.29218,47.40819]]]}},{"type":"Feature","properties":{"GEOID":"53033008600","city":"Seattle","pct_hispanic":13.55,"pop_total":7188.0,"median_hh_income":75313.0,"pop_density_sqkm":10104.73,"cameras_flock":0,"cameras_flock_nonretail":0,"cameras_alpr_all":0,"road_miles":2.881,"cameras_per_road_mile":0.0,"cameras_per_10k_residents":0.0,"crime_count":1589.0,"crime_data_available":true,"retailer_count":0},"geometry":{"type":"Polygon","coordinates":[[[-122.32076,47.61117],[-122.31679,47.61289],[-122.31278,47.61291],[-122.31288,47.60169],[-122.32074,47.6017],[-122.32076,47.61117]]]}},{"type":"Feature","properties":{"GEOID":"53033031202","city":"(unincorporated county)","pct_hispanic":11.708,"pop_total":6064.0,"median_hh_income":110986.0,"pop_density_sqkm":91.086,"cameras_flock":0,"cameras_flock_nonretail":0,"cameras_alpr_all":0,"road_miles":28.449,"cameras_per_road_mile":0.0,"cameras_per_10k_residents":0.0,"crime_count":null,"crime_data_available":false,"retailer_count":0},"geometry":{"type":"Polygon","coordinates":[[[-122.17016,47.27942],[-122.16692,47.28182],[-122.16476,47.2829],[-122.16123,47.28662],[-122.16036,47.28841],[-122.15844,47.28716],[-122.14279,47.28344],[-122.1414,47.28353],[-122.14061,47.28439],[-122.13964,47.28428],[-122.13817,47.28205],[-122.13486,47.2801],[-122.13325,47.27684],[-122.13132,47.27533],[-122.12703,47.27752],[-122.1255,47.27699],[-122.1233,47.27717],[-122.11805,47.27477],[-122.11041,47.2761],[-122.10664,47.27544],[-122.10573,47.27562],[-122.10476,47.27645],[-122.1063,47.27754],[-122.10545,47.27842],[-122.10448,47.27857],[-122.1011,47.27712],[-122.09976,47.27719],[-122.09841,47.27655],[-122.09707,47.27741],[-122.09752,47.27879],[-122.09584,47.27975],[-122.09195,47.2803],[-122.08972,47.27869],[-122.08879,47.27847],[-122.08765,47.27882],[-122.08723,47.27981],[-122.08805,47.28153],[-122.08792,47.28268],[-122.08687,47.28412],[-122.08591,47.28446],[-122.08243,47.28476],[-122.07676,47.28345],[-122.07354,47.28332],[-122.06919,47.28523],[-122.06371,47.28572],[-122.06107,47.28514],[-122.06011,47.28386],[-122.05787,47.28294],[-122.04832,47.28095],[-122.04551,47.28101],[-122.04384,47.28054],[-122.04311,47.27914],[-122.04458,47.27833],[-122.04445,47.27708],[-122.04129,47.2751],[-122.0402,47.27523],[-122.03952,47.27585],[-122.03842,47.27971],[-122.03711,47.28158],[-122.03441,47.283],[-122.03178,47.28336],[-122.03131,47.28289],[-122.03198,47.28024],[-122.03026,47.27738],[-122.0307,47.27497],[-122.02792,47.27392],[-122.02616,47.27415],[-122.02428,47.27369],[-122.02022,47.27417],[-122.01915,47.27611],[-122.01817,47.28107],[-122.01712,47.28251],[-122.01512,47.28376],[-122.01226,47.28372],[-122.00945,47.28298],[-122.0086,47.28198],[-122.00905,47.28054],[-122.00832,47.27888],[-122.00549,47.27743],[-122.00212,47.2776],[-121.99898,47.28025],[-121.99728,47.28077],[-121.99164,47.27694],[-121.99349,47.27139],[-121.99275,47.26877],[-121.9912,47.26745],[-121.98692,47.26536],[-121.98569,47.26309],[-121.98583,47.2595],[-121.98939,47.25431],[-121.99002,47.25251],[-121.98969,47.22828],[-122.10164,47.22825],[-122.10167,47.22444],[-122.10759,47.22458],[-122.11388,47.21865],[-122.11569,47.22069],[-122.11502,47.22187],[-122.11395,47.22245],[-122.11304,47.22363],[-122.11631,47.22488],[-122.11751,47.22586],[-122.11757,47.22659],[-122.11577,47.22775],[-122.11486,47.22897],[-122.11608,47.2302],[-122.11575,47.23134],[-122.11877,47.23077],[-122.12055,47.23083],[-122.12281,47.23202],[-122.12546,47.23232],[-122.12587,47.23403],[-122.12385,47.23514],[-122.12297,47.23621],[-122.12263,47.23863],[-122.12378,47.23991],[-122.1284,47.24128],[-122.13205,47.24354],[-122.13426,47.24399],[-122.13515,47.24498],[-122.1355,47.2466],[-122.13759,47.24682],[-122.13732,47.24894],[-122.13833,47.25064],[-122.13683,47.2545],[-122.13848,47.25541],[-122.14233,47.25653],[-122.1437,47.2566],[-122.14398,47.25753],[-122.14344,47.25752],[-122.14479,47.25965],[-122.14867,47.26337],[-122.15274,47.26278],[-122.15629,47.26431],[-122.15718,47.26557],[-122.15589,47.26756],[-122.15589,47.26874],[-122.15842,47.27197],[-122.15814,47.27277],[-122.16113,47.27421],[-122.16561,47.2774],[-122.17016,47.27942]]]}},{"type":"Feature","properties":{"GEOID":"53033032604","city":"Snoqualmie","pct_hispanic":5.406,"pop_total":5660.0,"median_hh_income":198526.0,"pop_density_sqkm":436.327,"cameras_flock":0,"cameras_flock_nonretail":0,"cameras_alpr_all":0,"road_miles":5.694,"cameras_per_road_mile":0.0,"cameras_per_10k_residents":0.0,"crime_count":null,"crime_data_available":false,"retailer_count":0},"geometry":{"type":"Polygon","coordinates":[[[-121.92724,47.52159],[-121.92637,47.52278],[-121.92443,47.52399],[-121.92385,47.5263],[-121.92151,47.5286],[-121.92194,47.5295],[-121.91982,47.53064],[-121.91802,47.53045],[-121.91584,47.52943],[-121.91438,47.53034],[-121.91175,47.53031],[-121.90619,47.52913],[-121.877,47.52893],[-121.87628,47.52798],[-121.87277,47.52931],[-121.86934,47.53006],[-121.86116,47.53025],[-121.85912,47.53059],[-121.8509,47.53282],[-121.84471,47.53504],[-121.83778,47.53452],[-121.83129,47.53693],[-121.82654,47.53045],[-121.82784,47.53008],[-121.82785,47.52924],[-121.8306,47.52968],[-121.8308,47.52883],[-121.83714,47.52877],[-121.83702,47.52607],[-121.83843,47.52652],[-121.8422,47.52592],[-121.84446,47.52401],[-121.8454,47.5219],[-121.84797,47.5213],[-121.85009,47.52016],[-121.85258,47.51972],[-121.8564,47.51623],[-121.8592,47.51457],[-121.85918,47.51365],[-121.85811,47.51229],[-121.85679,47.51211],[-121.85626,47.51156],[-121.86642,47.51141],[-121.899,47.50716],[-121.902,47.50731],[-121.905,47.50832],[-121.91274,47.51302],[-121.92459,47.51851],[-121.92708,47.52077],[-121.92724,47.52159]]]}},{"type":"Feature","properties":{"GEOID":"53033025007","city":"Bellevue","pct_hispanic":8.036,"pop_total":4791.0,"median_hh_income":140685.0,"pop_density_sqkm":1147.035,"cameras_flock":0,"cameras_flock_nonretail":0,"cameras_alpr_all":0,"road_miles":6.767,"cameras_per_road_mile":0.0,"cameras_per_10k_residents":0.0,"crime_count":null,"crime_data_available":false,"retailer_count":0},"geometry":{"type":"Polygon","coordinates":[[[-122.12926,47.5465],[-122.12855,47.54895],[-122.12344,47.55455],[-122.11436,47.55905],[-122.11285,47.55932],[-122.11144,47.5591],[-122.10903,47.55732],[-122.10735,47.55688],[-122.10092,47.5586],[-122.09992,47.55976],[-122.09897,47.56353],[-122.09909,47.56491],[-122.08727,47.55843],[-122.07643,47.55421],[-122.07702,47.55351],[-122.07826,47.55371],[-122.07984,47.55345],[-122.08132,47.55379],[-122.08257,47.55174],[-122.08447,47.55198],[-122.08465,47.55345],[-122.08536,47.55352],[-122.08659,47.55096],[-122.08731,47.55152],[-122.0881,47.55107],[-122.08811,47.54838],[-122.1154,47.54851],[-122.1157,47.54528],[-122.11925,47.54284],[-122.12555,47.54301],[-122.12714,47.54416],[-122.12783,47.54578],[-122.12926,47.5465]]]}},{"type":"Feature","properties":{"GEOID":"53033032216","city":"Sammamish","pct_hispanic":2.969,"pop_total":5255.0,"median_hh_income":249456.0,"pop_density_sqkm":1215.1,"cameras_flock":0,"cameras_flock_nonretail":0,"cameras_alpr_all":0,"road_miles":4.767,"cameras_per_road_mile":0.0,"cameras_per_10k_residents":0.0,"crime_count":null,"crime_data_available":false,"retailer_count":0},"geometry":{"type":"Polygon","coordinates":[[[-122.06119,47.61034],[-122.0606,47.61084],[-122.06046,47.61269],[-122.05982,47.61286],[-122.05915,47.61515],[-122.05432,47.61377],[-122.05174,47.6138],[-122.05174,47.61557],[-122.0468,47.61433],[-122.04131,47.61426],[-122.03548,47.61654],[-122.03546,47.59174],[-122.05685,47.59197],[-122.05715,47.60538],[-122.05947,47.60764],[-122.06052,47.60811],[-122.06119,47.61034]]]}},{"type":"Feature","properties":{"GEOID":"53033030405","city":"(unincorporated county)","pct_hispanic":8.11,"pop_total":3884.0,"median_hh_income":108750.0,"pop_density_sqkm":787.989,"cameras_flock":0,"cameras_flock_nonretail":0,"cameras_alpr_all":0,"road_miles":6.166,"cameras_per_road_mile":0.0,"cameras_per_10k_residents":0.0,"crime_count":null,"crime_data_available":false,"retailer_count":0},"geometry":{"type":"Polygon","coordinates":[[[-122.2869,47.28969],[-122.28698,47.29689],[-122.27631,47.30261],[-122.27319,47.30381],[-122.27031,47.30414],[-122.26223,47.30383],[-122.25655,47.30283],[-122.26015,47.29824],[-122.26053,47.29717],[-122.25879,47.288],[-122.25929,47.27846],[-122.26047,47.27608],[-122.26135,47.27566],[-122.26136,47.27482],[-122.2633,47.27541],[-122.26365,47.27502],[-122.26494,47.27486],[-122.26492,47.27357],[-122.26581,47.27526],[-122.27765,47.27532],[-122.27589,47.2767],[-122.27511,47.27934],[-122.271,47.28618],[-122.28438,47.28616],[-122.28447,47.28981],[-122.2869,47.28969]]]}},{"type":"Feature","properties":{"GEOID":"53033005306","city":"Seattle","pct_hispanic":9.279,"pop_total":3632.0,"median_hh_income":43837.0,"pop_density_sqkm":18115.707,"cameras_flock":0,"cameras_flock_nonretail":0,"cameras_alpr_all":0,"road_miles":1.754,"cameras_per_road_mile":0.0,"cameras_per_10k_residents":0.0,"crime_count":967.0,"crime_data_available":true,"retailer_count":0},"geometry":{"type":"Polygon","coordinates":[[[-122.31753,47.66145],[-122.3174,47.66494],[-122.3108,47.66488],[-122.31086,47.66126],[-122.31753,47.66145]]]}},{"type":"Feature","properties":{"GEOID":"53033032331","city":"Redmond","pct_hispanic":11.159,"pop_total":6712.0,"median_hh_income":149657.0,"pop_density_sqkm":4660.664,"cameras_flock":1,"cameras_flock_nonretail":1,"cameras_alpr_all":1,"road_miles":6.779,"cameras_per_road_mile":0.148,"cameras_per_10k_residents":1.49,"crime_count":null,"crime_data_available":false,"retailer_count":0},"geometry":{"type":"Polygon","coordinates":[[[-122.13277,47.67502],[-122.13235,47.67859],[-122.11917,47.67847],[-122.11917,47.67485],[-122.11396,47.67486],[-122.11397,47.67295],[-122.11296,47.6723],[-122.11303,47.67142],[-122.10725,47.66973],[-122.10954,47.66792],[-122.1123,47.66716],[-122.12693,47.66712],[-122.12761,47.6683],[-122.12945,47.66934],[-122.12694,47.67109],[-122.12392,47.67227],[-122.12346,47.6728],[-122.13277,47.67502]]]}},{"type":"Feature","properties":{"GEOID":"53033005902","city":"Seattle","pct_hispanic":6.717,"pop_total":4139.0,"median_hh_income":182389.0,"pop_density_sqkm":4046.038,"cameras_flock":0,"cameras_flock_nonretail":0,"cameras_alpr_all":0,"road_miles":2.318,"cameras_per_road_mile":0.0,"cameras_per_10k_residents":0.0,"crime_count":219.0,"crime_data_available":true,"retailer_count":0},"geometry":{"type":"Polygon","coordinates":[[[-122.37462,47.64068],[-122.37489,47.65034],[-122.36746,47.65045],[-122.3676,47.64942],[-122.36706,47.64876],[-122.36811,47.64824],[-122.3681,47.64685],[-122.3609,47.64665],[-122.36093,47.6396],[-122.37157,47.63959],[-122.37158,47.64069],[-122.37462,47.64068]]]}},{"type":"Feature","properties":{"GEOID":"53033007201","city":"Seattle","pct_hispanic":9.1,"pop_total":5055.0,"median_hh_income":101737.0,"pop_density_sqkm":33533.673,"cameras_flock":0,"cameras_flock_nonretail":0,"cameras_alpr_all":3,"road_miles":1.831,"cameras_per_road_mile":0.0,"cameras_per_10k_residents":0.0,"crime_count":743.0,"crime_data_available":true,"retailer_count":0},"geometry":{"type":"Polygon","coordinates":[[[-122.35136,47.61859],[-122.34358,47.61855],[-122.34363,47.61753],[-122.34222,47.6167],[-122.3448,47.6147],[-122.35136,47.61859]]]}},{"type":"Feature","properties":{"GEOID":"53033005202","city":"Seattle","pct_hispanic":3.365,"pop_total":2853.0,"median_hh_income":49598.0,"pop_density_sqkm":10596.73,"cameras_flock":0,"cameras_flock_nonretail":0,"cameras_alpr_all":0,"road_miles":1.871,"cameras_per_road_mile":0.0,"cameras_per_10k_residents":0.0,"crime_count":431.0,"crime_data_available":true,"retailer_count":0},"geometry":{"type":"Polygon","coordinates":[[[-122.32238,47.65293],[-122.32216,47.66133],[-122.31764,47.6613],[-122.31789,47.65603],[-122.32029,47.65285],[-122.32238,47.65293]]]}},{"type":"Feature","properties":{"GEOID":"53033003602","city":"Seattle","pct_hispanic":12.597,"pop_total":4493.0,"median_hh_income":110991.0,"pop_density_sqkm":8601.908,"cameras_flock":0,"cameras_flock_nonretail":0,"cameras_alpr_all":1,"road_miles":3.191,"cameras_per_road_mile":0.0,"cameras_per_10k_residents":0.0,"crime_count":657.0,"crime_data_available":true,"retailer_count":0},"geometry":{"type":"Polygon","coordinates":[[[-122.32959,47.68264],[-122.32935,47.68325],[-122.3229,47.68316],[-122.32293,47.68507],[-122.32062,47.68321],[-122.31749,47.68306],[-122.31736,47.67583],[-122.32233,47.67587],[-122.32499,47.67876],[-122.32627,47.6789],[-122.32571,47.67972],[-122.32613,47.68071],[-122.32959,47.68264]]]}},{"type":"Feature","properties":{"GEOID":"53033022205","city":"Kirkland","pct_hispanic":6.475,"pop_total":4201.0,"median_hh_income":126393.0,"pop_density_sqkm":4156.184,"cameras_flock":0,"cameras_flock_nonretail":0,"cameras_alpr_all":0,"road_miles":1.982,"cameras_per_road_mile":0.0,"cameras_per_10k_residents":0.0,"crime_count":null,"crime_data_available":false,"retailer_count":0},"geometry":{"type":"Polygon","coordinates":[[[-122.22111,47.72039],[-122.21924,47.72032],[-122.21942,47.71952],[-122.21831,47.7185],[-122.20776,47.71848],[-122.20786,47.71028],[-122.21044,47.70796],[-122.21039,47.70403],[-122.21346,47.70528],[-122.218,47.70538],[-122.21784,47.71138],[-122.21577,47.71134],[-122.21571,47.71682],[-122.21525,47.71761],[-122.21714,47.71648],[-122.22007,47.71724],[-122.2206,47.71773],[-122.22111,47.72039]]]}},{"type":"Feature","properties":{"GEOID":"53033032224","city":"Sammamish","pct_hispanic":3.138,"pop_total":2804.0,"median_hh_income":250001.0,"pop_density_sqkm":928.887,"cameras_flock":1,"cameras_flock_nonretail":1,"cameras_alpr_all":1,"road_miles":2.956,"cameras_per_road_mile":0.338,"cameras_per_10k_residents":3.566,"crime_count":null,"crime_data_available":false,"retailer_count":0},"geometry":{"type":"Polygon","coordinates":[[[-122.03551,47.60178],[-122.01631,47.60142],[-122.01491,47.6018],[-122.0138,47.60292],[-122.01284,47.6026],[-122.00872,47.59908],[-122.00872,47.58792],[-122.03546,47.58827],[-122.03551,47.60178]]]}},{"type":"Feature","properties":{"GEOID":"53033020301","city":"Shoreline","pct_hispanic":18.094,"pop_total":3421.0,"median_hh_income":88250.0,"pop_density_sqkm":2710.184,"cameras_flock":4,"cameras_flock_nonretail":4,"cameras_alpr_all":4,"road_miles":2.644,"cameras_per_road_mile":1.513,"cameras_per_10k_residents":11.692,"crime_count":null,"crime_data_available":false,"retailer_count":1},"geometry":{"type":"Polygon","coordinates":[[[-122.35149,47.77778],[-122.32994,47.77762],[-122.32979,47.77045],[-122.35128,47.77049],[-122.35149,47.77778]]]}},{"type":"Feature","properties":{"GEOID":"53033005201","city":"Seattle","pct_hispanic":5.793,"pop_total":3798.0,"median_hh_income":100188.0,"pop_density_sqkm":5428.033,"cameras_flock":0,"cameras_flock_nonretail":0,"cameras_alpr_all":0,"road_miles":3.838,"cameras_per_road_mile":0.0,"cameras_per_10k_residents":0.0,"crime_count":443.0,"crime_data_available":true,"retailer_count":0},"geometry":{"type":"Polygon","coordinates":[[[-122.32832,47.65778],[-122.32827,47.665],[-122.3174,47.66494],[-122.31764,47.6613],[-122.32216,47.66133],[-122.32238,47.65293],[-122.32697,47.6499],[-122.32684,47.65444],[-122.3279,47.65365],[-122.32785,47.6577],[-122.32832,47.65778]]]}},{"type":"Feature","properties":{"GEOID":"53033023901","city":"Bellevue","pct_hispanic":5.729,"pop_total":4678.0,"median_hh_income":173365.0,"pop_density_sqkm":1906.773,"cameras_flock":0,"cameras_flock_nonretail":0,"cameras_alpr_all":0,"road_miles":5.701,"cameras_per_road_mile":0.0,"cameras_per_10k_residents":0.0,"crime_count":null,"crime_data_available":false,"retailer_count":0},"geometry":{"type":"Polygon","coordinates":[[[-122.22043,47.59682],[-122.22023,47.61012],[-122.21773,47.61112],[-122.21043,47.60896],[-122.20775,47.60928],[-122.20638,47.60878],[-122.20537,47.60911],[-122.20538,47.60797],[-122.20143,47.60798],[-122.20132,47.60281],[-122.19813,47.59625],[-122.19648,47.59434],[-122.19655,47.58378],[-122.20453,47.58382],[-122.20951,47.58312],[-122.21063,47.58372],[-122.21473,47.58702],[-122.22043,47.59682]]]}},{"type":"Feature","properties":{"GEOID":"53033008402","city":"Seattle","pct_hispanic":13.302,"pop_total":3150.0,"median_hh_income":85587.0,"pop_density_sqkm":21657.522,"cameras_flock":0,"cameras_flock_nonretail":0,"cameras_alpr_all":0,"road_miles":0.829,"cameras_per_road_mile":0.0,"cameras_per_10k_residents":0.0,"crime_count":864.0,"crime_data_available":true,"retailer_count":0},"geometry":{"type":"Polygon","coordinates":[[[-122.3294,47.61567],[-122.32924,47.61609],[-122.3268,47.61709],[-122.32679,47.61634],[-122.32344,47.61634],[-122.32338,47.61298],[-122.32689,47.61296],[-122.3294,47.61567]]]}},{"type":"Feature","properties":{"GEOID":"53033007302","city":"Seattle","pct_hispanic":9.479,"pop_total":5243.0,"median_hh_income":205021.0,"pop_density_sqkm":16751.816,"cameras_flock":0,"cameras_flock_nonretail":0,"cameras_alpr_all":2,"road_miles":3.524,"cameras_per_road_mile":0.0,"cameras_per_10k_residents":0.0,"crime_count":992.0,"crime_data_available":true,"retailer_count":0},"geometry":{"type":"Polygon","coordinates":[[[-122.33849,47.61853],[-122.32871,47.61847],[-122.32924,47.61609],[-122.33736,47.61268],[-122.33849,47.61853]]]}},{"type":"Feature","properties":{"GEOID":"53033025201","city":"Renton","pct_hispanic":5.07,"pop_total":3807.0,"median_hh_income":126786.0,"pop_density_sqkm":2239.787,"cameras_flock":2,"cameras_flock_nonretail":2,"cameras_alpr_all":2,"road_miles":3.065,"cameras_per_road_mile":0.653,"cameras_per_10k_residents":5.253,"crime_count":null,"crime_data_available":false,"retailer_count":0},"geometry":{"type":"Polygon","coordinates":[[[-122.19747,47.50462],[-122.19839,47.51843],[-122.19691,47.51842],[-122.19465,47.51626],[-122.18574,47.51538],[-122.1856,47.50311],[-122.191,47.50308],[-122.19097,47.49808],[-122.19195,47.495],[-122.1903,47.49163],[-122.19069,47.49099],[-122.19241,47.49046],[-122.19194,47.49299],[-122.19517,47.49855],[-122.19747,47.50462]]]}},{"type":"Feature","properties":{"GEOID":"53033032706","city":"(unincorporated county)","pct_hispanic":5.443,"pop_total":2627.0,"median_hh_income":181563.0,"pop_density_sqkm":5.726,"cameras_flock":0,"cameras_flock_nonretail":0,"cameras_alpr_all":0,"road_miles":5.198,"cameras_per_road_mile":0.0,"cameras_per_10k_residents":0.0,"crime_count":null,"crime_data_available":false,"retailer_count":0},"geometry":{"type":"Polygon","coordinates":[[[-121.79534,47.41433],[-121.78894,47.42116],[-121.78729,47.42226],[-121.78427,47.42332],[-121.78352,47.42343],[-121.78338,47.42305],[-121.78063,47.42355],[-121.77718,47.42487],[-121.77213,47.42786],[-121.77136,47.42894],[-121.7682,47.43141],[-121.76699,47.43335],[-121.76792,47.43598],[-121.75894,47.44396],[-121.75864,47.44698],[-121.75759,47.44834],[-121.75753,47.44941],[-121.7599,47.45251],[-121.75699,47.455],[-121.75679,47.45841],[-121.75775,47.46202],[-121.75897,47.46274],[-121.7583,47.4636],[-121.75898,47.46555],[-121.75837,47.4686],[-121.75837,47.47364],[-121.74375,47.47366],[-121.74111,47.47334],[-121.71614,47.46552],[-121.71604,47.4694],[-121.71864,47.47233],[-121.71566,47.47199],[-121.71278,47.4723],[-121.7095,47.47369],[-121.69918,47.47694],[-121.69756,47.47662],[-121.69517,47.47705],[-121.69241,47.47583],[-121.69236,47.47816],[-121.69417,47.47968],[-121.69265,47.48012],[-121.69085,47.47919],[-121.68661,47.47207],[-121.68567,47.47206],[-121.68418,47.47324],[-121.6832,47.47339],[-121.68068,47.47271],[-121.67883,47.46975],[-121.67691,47.46959],[-121.67406,47.47013],[-121.67198,47.4712],[-121.67126,47.47254],[-121.67054,47.47294],[-121.66136,47.47499],[-121.66102,47.47592],[-121.66277,47.4766],[-121.66375,47.47848],[-121.66296,47.47964],[-121.66169,47.4805],[-121.65124,47.48382],[-121.64672,47.4866],[-121.64668,47.48732],[-121.6479,47.48926],[-121.64611,47.49133],[-121.64643,47.49293],[-121.64603,47.4948],[-121.64474,47.49512],[-121.64321,47.49485],[-121.63511,47.49541],[-121.63249,47.49625],[-121.63125,47.49847],[-121.6296,47.4998],[-121.62525,47.49989],[-121.6251,47.50083],[-121.62639,47.5031],[-121.62528,47.50429],[-121.62211,47.50458],[-121.61948,47.50388],[-121.61792,47.50431],[-121.61743,47.50547],[-121.6179,47.50621],[-121.6216,47.50697],[-121.62225,47.50738],[-121.6221,47.50808],[-121.62071,47.50857],[-121.61861,47.5084],[-121.61346,47.50893],[-121.60912,47.51159],[-121.60632,47.51269],[-121.60594,47.51362],[-121.60727,47.51559],[-121.60682,47.51718],[-121.60608,47.51765],[-121.60273,47.51735],[-121.59994,47.51803],[-121.59868,47.52063],[-121.5993,47.52352],[-121.59861,47.52481],[-121.59648,47.5259],[-121.59288,47.52677],[-121.58741,47.52607],[-121.58689,47.52696],[-121.58756,47.5289],[-121.58633,47.52981],[-121.58569,47.52997],[-121.58294,47.52899],[-121.58023,47.52946],[-121.5792,47.53112],[-121.57934,47.53406],[-121.57855,47.53564],[-121.57728,47.53671],[-121.57514,47.53696],[-121.57162,47.53597],[-121.56958,47.53595],[-121.56491,47.53698],[-121.56436,47.53765],[-121.5643,47.53916],[-121.56281,47.53992],[-121.56115,47.53985],[-121.55859,47.53836],[-121.55787,47.53832],[-121.55701,47.53843],[-121.55343,47.54031],[-121.54905,47.54058],[-121.54826,47.54133],[-121.54808,47.54321],[-121.54675,47.54372],[-121.54348,47.54415],[-121.5426,47.5451],[-121.54271,47.54606],[-121.5414,47.54702],[-121.5394,47.54721],[-121.53565,47.54661],[-121.5349,47.54693],[-121.53269,47.54619],[-121.52797,47.54685],[-121.5264,47.5462],[-121.52552,47.5436],[-121.52144,47.54287],[-121.51978,47.54063],[-121.51868,47.54061],[-121.51724,47.5414],[-121.51574,47.54135],[-121.51278,47.5371],[-121.51048,47.53573],[-121.50662,47.53526],[-121.50543,47.53556],[-121.50488,47.53664],[-121.50402,47.53669],[-121.5009,47.53408],[-121.49852,47.53379],[-121.49681,47.53239],[-121.49598,47.53333],[-121.4947,47.53313],[-121.49542,47.53179],[-121.49522,47.5313],[-121.49217,47.53011],[-121.48839,47.53078],[-121.48668,47.53156],[-121.4851,47.53159],[-121.48475,47.53101],[-121.48544,47.52819],[-121.48508,47.5266],[-121.48245,47.52511],[-121.47787,47.52405],[-121.47547,47.52271],[-121.47331,47.52319],[-121.47198,47.52287],[-121.46897,47.51905],[-121.46702,47.51883],[-121.4649,47.51967],[-121.46366,47.51971],[-121.46107,47.51858],[-121.45712,47.51801],[-121.45605,47.51739],[-121.45577,47.51613],[-121.45397,47.51534],[-121.45536,47.51403],[-121.45514,47.51332],[-121.45597,47.51211],[-121.45563,47.51112],[-121.45712,47.50994],[-121.45711,47.50855],[-121.45608,47.50774],[-121.45561,47.5067],[-121.45372,47.50525],[-121.45255,47.50328],[-121.44626,47.49898],[-121.44614,47.4981],[-121.44684,47.49698],[-121.44661,47.49627],[-121.44573,47.49547],[-121.44423,47.49502],[-121.44261,47.49357],[-121.43826,47.49228],[-121.43519,47.49211],[-121.4328,47.49079],[-121.43073,47.49054],[-121.42674,47.48884],[-121.41716,47.48724],[-121.41405,47.48753],[-121.40945,47.4864],[-121.4081,47.48549],[-121.4055,47.48477],[-121.40367,47.48509],[-121.40413,47.48542],[-121.3978,47.48668],[-121.3965,47.48726],[-121.39079,47.4875],[-121.38891,47.4881],[-121.38727,47.48905],[-121.38386,47.49263],[-121.38326,47.4943],[-121.38068,47.49594],[-121.37973,47.49701],[-121.37774,47.49788],[-121.37632,47.49924],[-121.37398,47.50055],[-121.37175,47.50115],[-121.37117,47.50194],[-121.36964,47.50175],[-121.36644,47.50448],[-121.3643,47.50512],[-121.36338,47.50659],[-121.36033,47.50739],[-121.35931,47.50829],[-121.35567,47.50845],[-121.34992,47.5078],[-121.34845,47.508],[-121.34561,47.50965],[-121.34506,47.51079],[-121.34258,47.51231],[-121.34128,47.51395],[-121.33515,47.51528],[-121.33271,47.51662],[-121.33184,47.51661],[-121.33067,47.51595],[-121.327,47.51629],[-121.32625,47.51778],[-121.32498,47.5181],[-121.32239,47.52198],[-121.32323,47.5225],[-121.32267,47.52383],[-121.31963,47.52557],[-121.31946,47.52612],[-121.3201,47.52666],[-121.31982,47.52735],[-121.31656,47.52845],[-121.31448,47.5315],[-121.31256,47.53189],[-121.30941,47.53365],[-121.29692,47.53654],[-121.29606,47.53727],[-121.29383,47.53804],[-121.2931,47.53917],[-121.29069,47.54047],[-121.28751,47.54323],[-121.28649,47.54271],[-121.2846,47.54298],[-121.28349,47.54426],[-121.28199,47.54498],[-121.2808,47.54471],[-121.27807,47.54528],[-121.27629,47.54512],[-121.27477,47.54431],[-121.27165,47.54384],[-121.26538,47.54418],[-121.26295,47.54368],[-121.2621,47.54412],[-121.26111,47.54362],[-121.25931,47.54363],[-121.25772,47.54455],[-121.2555,47.54278],[-121.25503,47.54319],[-121.25383,47.54298],[-121.2521,47.54365],[-121.25013,47.54316],[-121.24917,47.54134],[-121.2466,47.53868],[-121.24579,47.53839],[-121.24505,47.53869],[-121.24391,47.54011],[-121.24304,47.54039],[-121.2415,47.539],[-121.24188,47.53841],[-121.24305,47.53831],[-121.24268,47.53746],[-121.24324,47.53689],[-121.24269,47.53594],[-121.24607,47.53553],[-121.24751,47.5342],[-121.24953,47.53353],[-121.25139,47.5321],[-121.25235,47.53224],[-121.25279,47.53302],[-121.25439,47.53393],[-121.25576,47.53338],[-121.25719,47.53154],[-121.25696,47.5292],[-121.25802,47.52868],[-121.2583,47.52791],[-121.25953,47.527],[-121.26062,47.52669],[-121.26068,47.5248],[-121.26202,47.52371],[-121.26346,47.52342],[-121.26937,47.52362],[-121.27231,47.52292],[-121.27521,47.52274],[-121.27891,47.52298],[-121.28091,47.52027],[-121.2832,47.51933],[-121.28553,47.51703],[-121.2852,47.51597],[-121.28423,47.51594],[-121.28339,47.51487],[-121.28651,47.5132],[-121.29195,47.51355],[-121.29131,47.51173],[-121.28865,47.51069],[-121.28847,47.50933],[-121.28875,47.50848],[-121.29,47.5076],[-121.29053,47.50504],[-121.2918,47.50409],[-121.29222,47.50209],[-121.29657,47.49985],[-121.29869,47.49759],[-121.29897,47.49672],[-121.30035,47.49584],[-121.30157,47.4927],[-121.30113,47.4916],[-121.3026,47.48822],[-121.3027,47.48631],[-121.30666,47.485],[-121.30849,47.48333],[-121.31117,47.48293],[-121.31154,47.4796],[-121.3135,47.4782],[-121.31496,47.47796],[-121.31622,47.47984],[-121.31684,47.47948],[-121.31849,47.47943],[-121.31937,47.47881],[-121.32065,47.47973],[-121.32155,47.47923],[-121.32374,47.47914],[-121.32455,47.47942],[-121.32555,47.47781],[-121.3288,47.47618],[-121.33079,47.4742],[-121.33199,47.47369],[-121.33434,47.47427],[-121.33552,47.47544],[-121.33709,47.47529],[-121.3374,47.47586],[-121.33776,47.47566],[-121.33867,47.47639],[-121.33902,47.47576],[-121.3416,47.47461],[-121.34332,47.47056],[-121.34668,47.4675],[-121.34812,47.46524],[-121.34973,47.46524],[-121.35152,47.46451],[-121.35244,47.46501],[-121.35399,47.46476],[-121.35888,47.46543],[-121.36392,47.46483],[-121.3647,47.46352],[-121.37061,47.46047],[-121.37136,47.4592],[-121.37489,47.45641],[-121.37926,47.45431],[-121.37854,47.45212],[-121.37911,47.45046],[-121.38057,47.44899],[-121.38071,47.44812],[-121.38407,47.44633],[-121.38527,47.44498],[-121.3847,47.44279],[-121.38146,47.43845],[-121.38525,47.43439],[-121.38748,47.43362],[-121.38963,47.43417],[-121.39232,47.43386],[-121.397,47.43187],[-121.39951,47.4323],[-121.40107,47.43202],[-121.40406,47.43077],[-121.40848,47.42794],[-121.41052,47.42535],[-121.4111,47.42338],[-121.42341,47.42222],[-121.42737,47.42074],[-121.42838,47.41623],[-121.42754,47.4159],[-121.42574,47.41605],[-121.4242,47.41576],[-121.4223,47.41297],[-121.42283,47.41074],[-121.42206,47.40891],[-121.42269,47.40791],[-121.42282,47.40599],[-121.42748,47.40257],[-121.42982,47.40335],[-121.43036,47.40317],[-121.43253,47.40105],[-121.43267,47.39957],[-121.43382,47.39911],[-121.43134,47.39837],[-121.42736,47.39574],[-121.42732,47.39296],[-121.4261,47.39197],[-121.4261,47.38985],[-121.43001,47.38698],[-121.43542,47.38671],[-121.44051,47.38577],[-121.44125,47.38427],[-121.44148,47.38059],[-121.44025,47.37788],[-121.44012,47.3749],[-121.43777,47.37185],[-121.44112,47.37194],[-121.44239,47.37336],[-121.44394,47.37382],[-121.44884,47.37316],[-121.453,47.3718],[-121.45898,47.37312],[-121.46077,47.37264],[-121.46121,47.37151],[-121.46215,47.3708],[-121.4642,47.37052],[-121.46595,47.36798],[-121.46579,47.36633],[-121.46346,47.36292],[-121.46126,47.36134],[-121.46138,47.3593],[-121.46312,47.35699],[-121.46335,47.35556],[-121.46423,47.35442],[-121.46406,47.35382],[-121.4629,47.35306],[-121.4603,47.35273],[-121.45607,47.34962],[-121.45195,47.34801],[-121.44975,47.34792],[-121.44827,47.34596],[-121.44383,47.34339],[-121.44112,47.3439],[-121.43842,47.34373],[-121.4379,47.34221],[-121.43679,47.34096],[-121.44311,47.33871],[-121.44332,47.33743],[-121.44258,47.33703],[-121.44293,47.33639],[-121.44166,47.33574],[-121.43945,47.33581],[-121.43668,47.33518],[-121.43644,47.33371],[-121.44057,47.33246],[-121.44443,47.3306],[-121.44943,47.32744],[-121.45149,47.32558],[-121.44974,47.32453],[-121.44968,47.32358],[-121.45117,47.32251],[-121.45284,47.32201],[-121.45813,47.32325],[-121.45884,47.32389],[-121.46078,47.32461],[-121.46521,47.32499],[-121.46613,47.32463],[-121.46788,47.32467],[-121.47056,47.3243],[-121.47154,47.32384],[-121.47339,47.32382],[-121.47732,47.32215],[-121.48175,47.32132],[-121.48352,47.32034],[-121.48789,47.31965],[-121.49106,47.31867],[-121.49726,47.31761],[-121.50546,47.31684],[-121.50674,47.31633],[-121.50843,47.3167],[-121.51064,47.31643],[-121.51773,47.31364],[-121.52113,47.31328],[-121.52768,47.3163],[-121.53027,47.31858],[-121.53103,47.32122],[-121.5343,47.32325],[-121.53527,47.3253],[-121.53857,47.3269],[-121.53931,47.32839],[-121.54109,47.33013],[-121.54183,47.3323],[-121.54418,47.33591],[-121.54831,47.33838],[-121.54789,47.34125],[-121.55056,47.34297],[-121.54969,47.34464],[-121.55046,47.34526],[-121.55157,47.34567],[-121.55355,47.34519],[-121.55473,47.34537],[-121.55692,47.34754],[-121.5588,47.3477],[-121.56179,47.34919],[-121.56515,47.34836],[-121.56936,47.34898],[-121.57127,47.34864],[-121.57585,47.34905],[-121.57891,47.34841],[-121.58405,47.34898],[-121.58761,47.35055],[-121.59125,47.35099],[-121.59303,47.35192],[-121.5933,47.35218],[-121.59239,47.35387],[-121.59414,47.35494],[-121.59532,47.35693],[-121.59952,47.35793],[-121.6046,47.35695],[-121.60581,47.35836],[-121.60676,47.3588],[-121.60938,47.35779],[-121.61106,47.35839],[-121.61247,47.35804],[-121.61436,47.3585],[-121.61553,47.3582],[-121.61782,47.35836],[-121.61964,47.35984],[-121.62068,47.35946],[-121.62159,47.35966],[-121.62398,47.36178],[-121.62405,47.36279],[-121.62368,47.36478],[-121.6218,47.36549],[-121.62186,47.3659],[-121.62353,47.36736],[-121.62506,47.36778],[-121.6249,47.36953],[-121.62581,47.36999],[-121.63421,47.37182],[-121.63452,47.37244],[-121.63542,47.37264],[-121.63691,47.37246],[-121.63872,47.37116],[-121.64246,47.37082],[-121.64343,47.37107],[-121.6441,47.37189],[-121.64609,47.37175],[-121.64784,47.3723],[-121.65093,47.37246],[-121.65181,47.37278],[-121.65236,47.37373],[-121.6606,47.37713],[-121.67452,47.38126],[-121.70069,47.38669],[-121.71563,47.39553],[-121.72059,47.40607],[-121.72248,47.40875],[-121.72316,47.40919],[-121.72797,47.40976],[-121.72908,47.41188],[-121.73356,47.4107],[-121.73668,47.41045],[-121.73835,47.41147],[-121.74111,47.41114],[-121.7482,47.41108],[-121.75112,47.41193],[-121.75236,47.41166],[-121.75422,47.41239],[-121.75455,47.4131],[-121.75602,47.41281],[-121.75764,47.41331],[-121.75835,47.41299],[-121.76476,47.41652],[-121.76746,47.41934],[-121.77189,47.41818],[-121.77372,47.41633],[-121.77543,47.41551],[-121.77628,47.41585],[-121.77671,47.41706],[-121.77778,47.41715],[-121.78005,47.41856],[-121.78121,47.4187],[-121.7844,47.42012],[-121.78618,47.42011],[-121.78682,47.41986],[-121.79036,47.41554],[-121.79293,47.41443],[-121.79534,47.41433]]]}},{"type":"Feature","properties":{"GEOID":"53033011801","city":"Seattle","pct_hispanic":11.213,"pop_total":3478.0,"median_hh_income":98342.0,"pop_density_sqkm":2996.207,"cameras_flock":0,"cameras_flock_nonretail":0,"cameras_alpr_all":0,"road_miles":2.369,"cameras_per_road_mile":0.0,"cameras_per_10k_residents":0.0,"crime_count":586.0,"crime_data_available":true,"retailer_count":0},"geometry":{"type":"Polygon","coordinates":[[[-122.27831,47.53154],[-122.26435,47.53164],[-122.2547,47.53218],[-122.25262,47.52764],[-122.25119,47.52596],[-122.24909,47.52441],[-122.2593,47.5233],[-122.26999,47.52331],[-122.26999,47.52232],[-122.27431,47.52235],[-122.27433,47.5215],[-122.27641,47.52331],[-122.27808,47.5289],[-122.27831,47.53154]]]}},{"type":"Feature","properties":{"GEOID":"53033032218","city":"Issaquah","pct_hispanic":5.752,"pop_total":6050.0,"median_hh_income":170956.0,"pop_density_sqkm":1380.761,"cameras_flock":0,"cameras_flock_nonretail":0,"cameras_alpr_all":0,"road_miles":3.844,"cameras_per_road_mile":0.0,"cameras_per_10k_residents":0.0,"crime_count":null,"crime_data_available":false,"retailer_count":0},"geometry":{"type":"Polygon","coordinates":[[[-122.06426,47.57081],[-122.06094,47.57197],[-122.05983,47.57279],[-122.05813,47.57311],[-122.06009,47.57475],[-122.06017,47.57527],[-122.05997,47.5757],[-122.05814,47.57622],[-122.05714,47.57698],[-122.05703,47.57832],[-122.05371,47.57765],[-122.05349,47.5788],[-122.05092,47.57883],[-122.05051,47.5766],[-122.04914,47.57673],[-122.04816,47.57626],[-122.04733,47.57703],[-122.04734,47.57828],[-122.04439,47.57853],[-122.04435,47.58005],[-122.04636,47.58018],[-122.04632,47.58102],[-122.03555,47.58097],[-122.03556,47.58263],[-122.03512,47.58258],[-122.02708,47.57834],[-122.02204,47.57452],[-122.022,47.57281],[-122.02531,47.56652],[-122.02471,47.56378],[-122.02513,47.56091],[-122.02411,47.55901],[-122.04267,47.55923],[-122.04269,47.56144],[-122.04201,47.56283],[-122.03594,47.56274],[-122.03582,47.56904],[-122.03734,47.56743],[-122.03993,47.5671],[-122.04548,47.56799],[-122.04966,47.57068],[-122.05127,47.57086],[-122.05259,47.57035],[-122.05503,47.56779],[-122.06318,47.56964],[-122.06422,47.57],[-122.06426,47.57081]]]}},{"type":"Feature","properties":{"GEOID":"53033032225","city":"Sammamish","pct_hispanic":1.647,"pop_total":3824.0,"median_hh_income":184625.0,"pop_density_sqkm":1003.769,"cameras_flock":0,"cameras_flock_nonretail":0,"cameras_alpr_all":0,"road_miles":3.61,"cameras_per_road_mile":0.0,"cameras_per_10k_residents":0.0,"crime_count":null,"crime_data_available":false,"retailer_count":0},"geometry":{"type":"Polygon","coordinates":[[[-122.03551,47.60178],[-122.03548,47.61654],[-122.01387,47.61673],[-122.00264,47.61638],[-122.00869,47.59809],[-122.00921,47.59985],[-122.01145,47.60108],[-122.01284,47.6026],[-122.0138,47.60292],[-122.01491,47.6018],[-122.0167,47.60141],[-122.03551,47.60178]]]}},{"type":"Feature","properties":{"GEOID":"53033007203","city":"Seattle","pct_hispanic":3.035,"pop_total":3591.0,"median_hh_income":137007.0,"pop_density_sqkm":6195.321,"cameras_flock":0,"cameras_flock_nonretail":0,"cameras_alpr_all":3,"road_miles":5.427,"cameras_per_road_mile":0.0,"cameras_per_10k_residents":0.0,"crime_count":1283.0,"crime_data_available":true,"retailer_count":0},"geometry":{"type":"Polygon","coordinates":[[[-122.35148,47.62544],[-122.33974,47.62539],[-122.33859,47.62573],[-122.33849,47.61853],[-122.35036,47.61858],[-122.3476,47.62071],[-122.34756,47.62455],[-122.35149,47.62457],[-122.35148,47.62544]]]}},{"type":"Feature","properties":{"GEOID":"53033022501","city":"Kirkland","pct_hispanic":6.369,"pop_total":4475.0,"median_hh_income":217011.0,"pop_density_sqkm":1809.863,"cameras_flock":0,"cameras_flock_nonretail":0,"cameras_alpr_all":1,"road_miles":3.06,"cameras_per_road_mile":0.0,"cameras_per_10k_residents":0.0,"crime_count":null,"crime_data_available":false,"retailer_count":0},"geometry":{"type":"Polygon","coordinates":[[[-122.19632,47.67312],[-122.19131,47.6761],[-122.19014,47.67785],[-122.19064,47.68065],[-122.19413,47.68741],[-122.19426,47.6917],[-122.1936,47.6938],[-122.19058,47.69577],[-122.18635,47.69651],[-122.18408,47.6974],[-122.18244,47.69947],[-122.182,47.70398],[-122.17979,47.70399],[-122.17971,47.70154],[-122.18102,47.69318],[-122.18442,47.68128],[-122.18491,47.67597],[-122.18687,47.67183],[-122.18721,47.6696],[-122.18831,47.66918],[-122.19121,47.66653],[-122.19334,47.66626],[-122.19624,47.66674],[-122.19632,47.67312]]]}},{"type":"Feature","properties":{"GEOID":"53033029507","city":"Kent","pct_hispanic":6.52,"pop_total":3052.0,"median_hh_income":134871.0,"pop_density_sqkm":1744.774,"cameras_flock":1,"cameras_flock_nonretail":1,"cameras_alpr_all":1,"road_miles":3.141,"cameras_per_road_mile":0.318,"cameras_per_10k_residents":3.277,"crime_count":null,"crime_data_available":false,"retailer_count":0},"geometry":{"type":"Polygon","coordinates":[[[-122.18678,47.37244],[-122.16542,47.37242],[-122.16548,47.35802],[-122.16933,47.359],[-122.17457,47.36258],[-122.18676,47.36698],[-122.18678,47.37244]]]}},{"type":"Feature","properties":{"GEOID":"53033032603","city":"(unincorporated county)","pct_hispanic":0.695,"pop_total":4171.0,"median_hh_income":250001.0,"pop_density_sqkm":336.755,"cameras_flock":0,"cameras_flock_nonretail":0,"cameras_alpr_all":0,"road_miles":5.225,"cameras_per_road_mile":0.0,"cameras_per_10k_residents":0.0,"crime_count":null,"crime_data_available":false,"retailer_count":0},"geometry":{"type":"Polygon","coordinates":[[[-121.90554,47.54406],[-121.90447,47.54569],[-121.90145,47.54753],[-121.90029,47.54953],[-121.90123,47.55097],[-121.90075,47.55443],[-121.90032,47.55464],[-121.89989,47.55409],[-121.89826,47.55627],[-121.89045,47.56291],[-121.88929,47.56433],[-121.88376,47.56562],[-121.88356,47.56648],[-121.8842,47.56832],[-121.8874,47.56821],[-121.8868,47.56917],[-121.88499,47.56918],[-121.87307,47.56748],[-121.86471,47.56223],[-121.84883,47.5581],[-121.84475,47.55548],[-121.84185,47.55451],[-121.8384,47.55387],[-121.83538,47.55415],[-121.83574,47.55372],[-121.84083,47.55289],[-121.84345,47.55159],[-121.84418,47.55059],[-121.84495,47.55034],[-121.84408,47.55006],[-121.84143,47.54287],[-121.83883,47.54222],[-121.83236,47.53882],[-121.83129,47.53693],[-121.83778,47.53452],[-121.84471,47.53504],[-121.8509,47.53282],[-121.86042,47.53033],[-121.86842,47.53018],[-121.86851,47.53116],[-121.86759,47.53349],[-121.86938,47.5362],[-121.87003,47.53901],[-121.87177,47.53902],[-121.87484,47.5397],[-121.87672,47.53955],[-121.87836,47.54185],[-121.88005,47.54118],[-121.88718,47.54121],[-121.88802,47.5408],[-121.88819,47.54001],[-121.88903,47.54004],[-121.89127,47.54176],[-121.89215,47.54182],[-121.89433,47.54444],[-121.89487,47.54255],[-121.8989,47.54589],[-121.90475,47.54333],[-121.90554,47.54406]]]}},{"type":"Feature","properties":{"GEOID":"53033011901","city":"Seattle","pct_hispanic":8.772,"pop_total":4925.0,"median_hh_income":119933.0,"pop_density_sqkm":2927.413,"cameras_flock":0,"cameras_flock_nonretail":0,"cameras_alpr_all":0,"road_miles":2.463,"cameras_per_road_mile":0.0,"cameras_per_10k_residents":0.0,"crime_count":231.0,"crime_data_available":true,"retailer_count":0},"geometry":{"type":"Polygon","coordinates":[[[-122.2703,47.49554],[-122.27007,47.50954],[-122.27002,47.51715],[-122.26425,47.51332],[-122.25934,47.51337],[-122.2594,47.51012],[-122.25875,47.5097],[-122.25943,47.50969],[-122.25964,47.4956],[-122.2703,47.49554]]]}},{"type":"Feature","properties":{"GEOID":"53033029309","city":"Renton","pct_hispanic":7.371,"pop_total":5413.0,"median_hh_income":112588.0,"pop_density_sqkm":2393.361,"cameras_flock":2,"cameras_flock_nonretail":2,"cameras_alpr_all":2,"road_miles":2.767,"cameras_per_road_mile":0.723,"cameras_per_10k_residents":3.695,"crime_count":null,"crime_data_available":false,"retailer_count":0},"geometry":{"type":"Polygon","coordinates":[[[-122.22025,47.4303],[-122.21746,47.44117],[-122.21188,47.44112],[-122.20874,47.44231],[-122.20457,47.44244],[-122.20077,47.44465],[-122.19692,47.44527],[-122.19709,47.43023],[-122.20565,47.43022],[-122.2072,47.43069],[-122.20796,47.43012],[-122.20872,47.43046],[-122.20934,47.42979],[-122.20996,47.43021],[-122.22025,47.4303]]]}},{"type":"Feature","properties":{"GEOID":"53033025304","city":"Renton","pct_hispanic":1.758,"pop_total":4153.0,"median_hh_income":130521.0,"pop_density_sqkm":2238.962,"cameras_flock":0,"cameras_flock_nonretail":0,"cameras_alpr_all":0,"road_miles":3.322,"cameras_per_road_mile":0.0,"cameras_per_10k_residents":0.0,"crime_count":null,"crime_data_available":false,"retailer_count":0},"geometry":{"type":"Polygon","coordinates":[[[-122.21913,47.52372],[-122.20973,47.53042],[-122.20823,47.53192],[-122.20624,47.53052],[-122.20679,47.53004],[-122.20558,47.52816],[-122.20576,47.52762],[-122.20433,47.52815],[-122.20345,47.52921],[-122.20154,47.52989],[-122.19783,47.52781],[-122.19853,47.51665],[-122.19807,47.50803],[-122.19688,47.50267],[-122.19939,47.50193],[-122.19977,47.50303],[-122.2034,47.50294],[-122.20765,47.5061],[-122.22539,47.52137],[-122.21913,47.52372]]]}},{"type":"Feature","properties":{"GEOID":"53033001201","city":"Seattle","pct_hispanic":11.078,"pop_total":4351.0,"median_hh_income":49342.0,"pop_density_sqkm":4315.441,"cameras_flock":0,"cameras_flock_nonretail":0,"cameras_alpr_all":1,"road_miles":3.779,"cameras_per_road_mile":0.0,"cameras_per_10k_residents":0.0,"crime_count":1290.0,"crime_data_available":true,"retailer_count":0},"geometry":{"type":"Polygon","coordinates":[[[-122.33406,47.71229],[-122.31791,47.7122],[-122.31785,47.70856],[-122.32328,47.70859],[-122.32315,47.70314],[-122.32853,47.70318],[-122.32868,47.70136],[-122.33054,47.70145],[-122.33055,47.70319],[-122.3339,47.70322],[-122.33406,47.71229]]]}},{"type":"Feature","properties":{"GEOID":"53033024301","city":"Mercer Island","pct_hispanic":2.771,"pop_total":5088.0,"median_hh_income":113824.0,"pop_density_sqkm":3680.321,"cameras_flock":0,"cameras_flock_nonretail":0,"cameras_alpr_all":0,"road_miles":4.971,"cameras_per_road_mile":0.0,"cameras_per_10k_residents":0.0,"crime_count":null,"crime_data_available":false,"retailer_count":0},"geometry":{"type":"Polygon","coordinates":[[[-122.24045,47.58436],[-122.23907,47.58435],[-122.23902,47.58576],[-122.23907,47.58676],[-122.24041,47.58698],[-122.24041,47.59161],[-122.23785,47.59039],[-122.23102,47.58813],[-122.22925,47.5871],[-122.2305,47.58549],[-122.22959,47.58512],[-122.22775,47.58507],[-122.22693,47.5845],[-122.22697,47.57458],[-122.23774,47.57458],[-122.2377,47.58181],[-122.24044,47.58182],[-122.24045,47.58436]]]}},{"type":"Feature","properties":{"GEOID":"53033024002","city":"Bellevue","pct_hispanic":1.864,"pop_total":4184.0,"median_hh_income":166410.0,"pop_density_sqkm":2575.316,"cameras_flock":1,"cameras_flock_nonretail":1,"cameras_alpr_all":1,"road_miles":4.307,"cameras_per_road_mile":0.232,"cameras_per_10k_residents":2.39,"crime_count":null,"crime_data_available":false,"retailer_count":0},"geometry":{"type":"Polygon","coordinates":[[[-122.22468,47.62104],[-122.21005,47.62108],[-122.20976,47.62924],[-122.20505,47.62924],[-122.20491,47.62881],[-122.20165,47.62876],[-122.20169,47.62107],[-122.20704,47.6211],[-122.20681,47.60983],[-122.20775,47.60928],[-122.21043,47.60896],[-122.21773,47.61112],[-122.22023,47.61012],[-122.22044,47.61447],[-122.22002,47.61651],[-122.22115,47.61716],[-122.22272,47.61716],[-122.22249,47.61838],[-122.2214,47.61854],[-122.22179,47.61922],[-122.22468,47.62104]]]}},{"type":"Feature","properties":{"GEOID":"53033022804","city":"Bellevue","pct_hispanic":9.54,"pop_total":4654.0,"median_hh_income":107038.0,"pop_density_sqkm":4555.171,"cameras_flock":0,"cameras_flock_nonretail":0,"cameras_alpr_all":0,"road_miles":2.211,"cameras_per_road_mile":0.0,"cameras_per_10k_residents":0.0,"crime_count":null,"crime_data_available":false,"retailer_count":0},"geometry":{"type":"Polygon","coordinates":[[[-122.15373,47.63158],[-122.15365,47.63743],[-122.15113,47.63743],[-122.15016,47.63794],[-122.14971,47.646],[-122.14305,47.64595],[-122.14304,47.63149],[-122.15373,47.63158]]]}},{"type":"Feature","properties":{"GEOID":"53033022502","city":"Kirkland","pct_hispanic":12.396,"pop_total":4429.0,"median_hh_income":155417.0,"pop_density_sqkm":3502.398,"cameras_flock":0,"cameras_flock_nonretail":0,"cameras_alpr_all":0,"road_miles":4.598,"cameras_per_road_mile":0.0,"cameras_per_10k_residents":0.0,"crime_count":null,"crime_data_available":false,"retailer_count":0},"geometry":{"type":"Polygon","coordinates":[[[-122.21267,47.67456],[-122.20986,47.67631],[-122.20305,47.6775],[-122.19701,47.67929],[-122.19704,47.67977],[-122.19515,47.67992],[-122.19407,47.68061],[-122.19064,47.68065],[-122.19007,47.6788],[-122.19057,47.67694],[-122.19218,47.67545],[-122.19632,47.67312],[-122.19624,47.66674],[-122.20191,47.66679],[-122.2019,47.66759],[-122.20711,47.66766],[-122.20841,47.66753],[-122.20827,47.66681],[-122.20957,47.66675],[-122.20951,47.67224],[-122.21267,47.67456]]]}},{"type":"Feature","properties":{"GEOID":"53033023805","city":"Bellevue","pct_hispanic":10.266,"pop_total":3877.0,"median_hh_income":170134.0,"pop_density_sqkm":11777.93,"cameras_flock":3,"cameras_flock_nonretail":3,"cameras_alpr_all":3,"road_miles":2.851,"cameras_per_road_mile":1.052,"cameras_per_10k_residents":7.738,"crime_count":null,"crime_data_available":false,"retailer_count":0},"geometry":{"type":"Polygon","coordinates":[[[-122.20709,47.61744],[-122.20704,47.6211],[-122.19632,47.62116],[-122.19634,47.61741],[-122.20709,47.61744]]]}},{"type":"Feature","properties":{"GEOID":"53033010602","city":"Seattle","pct_hispanic":4.511,"pop_total":4035.0,"median_hh_income":108568.0,"pop_density_sqkm":2680.954,"cameras_flock":0,"cameras_flock_nonretail":0,"cameras_alpr_all":0,"road_miles":3.999,"cameras_per_road_mile":0.0,"cameras_per_10k_residents":0.0,"crime_count":168.0,"crime_data_available":true,"retailer_count":0},"geometry":{"type":"Polygon","coordinates":[[[-122.40976,47.56027],[-122.40266,47.56107],[-122.4007,47.56027],[-122.39894,47.5576],[-122.39776,47.5575],[-122.3978,47.55569],[-122.39498,47.55566],[-122.39505,47.5522],[-122.38704,47.55211],[-122.38727,47.53989],[-122.39308,47.53964],[-122.3931,47.53845],[-122.39381,47.53926],[-122.39646,47.5407],[-122.39636,47.53992],[-122.40173,47.54009],[-122.40372,47.54486],[-122.40285,47.54932],[-122.40597,47.55547],[-122.40976,47.56027]]]}},{"type":"Feature","properties":{"GEOID":"53033010601","city":"Seattle","pct_hispanic":8.232,"pop_total":4288.0,"median_hh_income":144944.0,"pop_density_sqkm":3936.715,"cameras_flock":0,"cameras_flock_nonretail":0,"cameras_alpr_all":0,"road_miles":1.734,"cameras_per_road_mile":0.0,"cameras_per_10k_residents":0.0,"crime_count":279.0,"crime_data_available":true,"retailer_count":0},"geometry":{"type":"Polygon","coordinates":[[[-122.38726,47.54073],[-122.38704,47.55211],[-122.37631,47.55196],[-122.37658,47.53922],[-122.37836,47.53924],[-122.37851,47.53966],[-122.38192,47.53971],[-122.38191,47.54017],[-122.38278,47.53999],[-122.38726,47.54073]]]}},{"type":"Feature","properties":{"GEOID":"53033011902","city":"Seattle","pct_hispanic":4.14,"pop_total":3140.0,"median_hh_income":142689.0,"pop_density_sqkm":1986.481,"cameras_flock":0,"cameras_flock_nonretail":0,"cameras_alpr_all":0,"road_miles":3.623,"cameras_per_road_mile":0.0,"cameras_per_10k_residents":0.0,"crime_count":249.0,"crime_data_available":true,"retailer_count":0},"geometry":{"type":"Polygon","coordinates":[[[-122.2595,47.50265],[-122.25943,47.50969],[-122.25875,47.5097],[-122.2594,47.51012],[-122.25934,47.51337],[-122.25468,47.51334],[-122.25467,47.5139],[-122.25234,47.51209],[-122.24032,47.51987],[-122.21982,47.5098],[-122.23529,47.50951],[-122.24715,47.50973],[-122.24697,47.50821],[-122.24608,47.50724],[-122.24628,47.50523],[-122.24549,47.50389],[-122.24564,47.50295],[-122.24082,47.50288],[-122.24087,47.49925],[-122.24964,47.49934],[-122.25081,47.50283],[-122.2595,47.50265]]]}},{"type":"Feature","properties":{"GEOID":"53033031101","city":"Auburn","pct_hispanic":21.522,"pop_total":4112.0,"median_hh_income":81142.0,"pop_density_sqkm":824.124,"cameras_flock":2,"cameras_flock_nonretail":2,"cameras_alpr_all":2,"road_miles":4.168,"cameras_per_road_mile":0.48,"cameras_per_10k_residents":4.864,"crime_count":null,"crime_data_available":false,"retailer_count":0},"geometry":{"type":"Polygon","coordinates":[[[-122.2134,47.29423],[-122.21338,47.30347],[-122.20962,47.30348],[-122.20515,47.30299],[-122.18812,47.29866],[-122.18571,47.29841],[-122.18324,47.29877],[-122.18145,47.29951],[-122.17706,47.30298],[-122.17593,47.30253],[-122.17245,47.29953],[-122.17113,47.29632],[-122.16967,47.29476],[-122.16783,47.29373],[-122.16431,47.29355],[-122.16355,47.29156],[-122.16036,47.28841],[-122.16123,47.28662],[-122.16476,47.2829],[-122.16742,47.28148],[-122.17806,47.28816],[-122.19352,47.28849],[-122.21016,47.29247],[-122.2134,47.29423]]]}},{"type":"Feature","properties":{"GEOID":"53033000201","city":"Seattle","pct_hispanic":18.252,"pop_total":4953.0,"median_hh_income":88833.0,"pop_density_sqkm":2741.388,"cameras_flock":0,"cameras_flock_nonretail":0,"cameras_alpr_all":0,"road_miles":2.771,"cameras_per_road_mile":0.0,"cameras_per_10k_residents":0.0,"crime_count":265.0,"crime_data_available":true,"retailer_count":0},"geometry":{"type":"Polygon","coordinates":[[[-122.32359,47.71948],[-122.32359,47.73405],[-122.31005,47.73392],[-122.30997,47.72659],[-122.30728,47.72659],[-122.30727,47.71936],[-122.32359,47.71948]]]}},{"type":"Feature","properties":{"GEOID":"53033006701","city":"Seattle","pct_hispanic":5.497,"pop_total":3820.0,"median_hh_income":129438.0,"pop_density_sqkm":10045.864,"cameras_flock":0,"cameras_flock_nonretail":0,"cameras_alpr_all":1,"road_miles":1.555,"cameras_per_road_mile":0.0,"cameras_per_10k_residents":0.0,"crime_count":495.0,"crime_data_available":true,"retailer_count":0},"geometry":{"type":"Polygon","coordinates":[[[-122.34402,47.63746],[-122.34193,47.638],[-122.33844,47.63802],[-122.33804,47.62792],[-122.33859,47.62573],[-122.33962,47.62717],[-122.34349,47.62714],[-122.34339,47.63566],[-122.34402,47.63746]]]}},{"type":"Feature","properties":{"GEOID":"53033000102","city":"Seattle","pct_hispanic":7.035,"pop_total":4321.0,"median_hh_income":89840.0,"pop_density_sqkm":2890.264,"cameras_flock":0,"cameras_flock_nonretail":0,"cameras_alpr_all":0,"road_miles":1.902,"cameras_per_road_mile":0.0,"cameras_per_10k_residents":0.0,"crime_count":717.0,"crime_data_available":true,"retailer_count":0},"geometry":{"type":"Polygon","coordinates":[[[-122.29641,47.72651],[-122.28956,47.72645],[-122.28975,47.73373],[-122.2744,47.73373],[-122.27359,47.72693],[-122.27122,47.71886],[-122.29632,47.71928],[-122.29641,47.72651]]]}},{"type":"Feature","properties":{"GEOID":"53033010301","city":"Seattle","pct_hispanic":5.013,"pop_total":4389.0,"median_hh_income":150625.0,"pop_density_sqkm":4377.365,"cameras_flock":0,"cameras_flock_nonretail":0,"cameras_alpr_all":0,"road_miles":1.944,"cameras_per_road_mile":0.0,"cameras_per_10k_residents":0.0,"crime_count":374.0,"crime_data_available":true,"retailer_count":0},"geometry":{"type":"Polygon","coordinates":[[[-122.28903,47.55345],[-122.28076,47.55341],[-122.28073,47.56054],[-122.27573,47.56056],[-122.27539,47.54971],[-122.27714,47.5497],[-122.27666,47.54696],[-122.27599,47.54603],[-122.28543,47.54605],[-122.28903,47.55345]]]}},{"type":"Feature","properties":{"GEOID":"53033003301","city":"Seattle","pct_hispanic":4.426,"pop_total":4157.0,"median_hh_income":131353.0,"pop_density_sqkm":6211.83,"cameras_flock":0,"cameras_flock_nonretail":0,"cameras_alpr_all":0,"road_miles":1.19,"cameras_per_road_mile":0.0,"cameras_per_10k_residents":0.0,"crime_count":279.0,"crime_data_available":true,"retailer_count":0},"geometry":{"type":"Polygon","coordinates":[[[-122.38759,47.67237],[-122.38754,47.6795],[-122.38323,47.67951],[-122.38323,47.67995],[-122.38215,47.67995],[-122.38106,47.67996],[-122.38106,47.67952],[-122.37677,47.67953],[-122.37684,47.676],[-122.37612,47.67599],[-122.37621,47.67236],[-122.38759,47.67237]]]}},{"type":"Feature","properties":{"GEOID":"53033005402","city":"Seattle","pct_hispanic":5.07,"pop_total":2998.0,"median_hh_income":115815.0,"pop_density_sqkm":6462.6,"cameras_flock":0,"cameras_flock_nonretail":0,"cameras_alpr_all":1,"road_miles":1.383,"cameras_per_road_mile":0.0,"cameras_per_10k_residents":0.0,"crime_count":294.0,"crime_data_available":true,"retailer_count":0},"geometry":{"type":"Polygon","coordinates":[[[-122.34725,47.65661],[-122.33624,47.65682],[-122.33633,47.6505],[-122.34137,47.65052],[-122.34135,47.6527],[-122.34725,47.65262],[-122.34725,47.65661]]]}},{"type":"Feature","properties":{"GEOID":"53033003201","city":"Seattle","pct_hispanic":8.264,"pop_total":4683.0,"median_hh_income":131544.0,"pop_density_sqkm":3214.525,"cameras_flock":0,"cameras_flock_nonretail":0,"cameras_alpr_all":0,"road_miles":3.046,"cameras_per_road_mile":0.0,"cameras_per_10k_residents":0.0,"crime_count":442.0,"crime_data_available":true,"retailer_count":0},"geometry":{"type":"Polygon","coordinates":[[[-122.41955,47.6789],[-122.41163,47.68672],[-122.40268,47.68673],[-122.40305,47.68302],[-122.40508,47.67944],[-122.40108,47.67943],[-122.40111,47.6713],[-122.39833,47.67129],[-122.39833,47.67093],[-122.38759,47.67092],[-122.38744,47.66322],[-122.39398,47.66421],[-122.40362,47.66671],[-122.40533,47.66803],[-122.40667,47.67074],[-122.40804,47.67192],[-122.41955,47.6789]]]}},{"type":"Feature","properties":{"GEOID":"53033004201","city":"Seattle","pct_hispanic":4.924,"pop_total":3838.0,"median_hh_income":195208.0,"pop_density_sqkm":3084.926,"cameras_flock":0,"cameras_flock_nonretail":0,"cameras_alpr_all":0,"road_miles":3.8,"cameras_per_road_mile":0.0,"cameras_per_10k_residents":0.0,"crime_count":333.0,"crime_data_available":true,"retailer_count":0},"geometry":{"type":"Polygon","coordinates":[[[-122.28625,47.66491],[-122.28565,47.6667],[-122.28583,47.67578],[-122.27583,47.67577],[-122.27548,47.67497],[-122.27482,47.67486],[-122.27413,47.6754],[-122.27226,47.67576],[-122.26355,47.67577],[-122.26396,47.67498],[-122.27304,47.66861],[-122.2746,47.66821],[-122.27796,47.66831],[-122.27965,47.6678],[-122.28477,47.66303],[-122.28479,47.66489],[-122.28625,47.66491]]]}},{"type":"Feature","properties":{"GEOID":"53033030204","city":"Federal Way","pct_hispanic":21.249,"pop_total":4132.0,"median_hh_income":95576.0,"pop_density_sqkm":2308.693,"cameras_flock":0,"cameras_flock_nonretail":0,"cameras_alpr_all":3,"road_miles":2.984,"cameras_per_road_mile":0.0,"cameras_per_10k_residents":0.0,"crime_count":null,"crime_data_available":false,"retailer_count":0},"geometry":{"type":"Polygon","coordinates":[[[-122.33465,47.326],[-122.3346,47.33081],[-122.3332,47.3317],[-122.32635,47.33161],[-122.32396,47.33008],[-122.32332,47.33004],[-122.32272,47.33048],[-122.32156,47.33342],[-122.32047,47.33432],[-122.31469,47.33658],[-122.31213,47.33583],[-122.31204,47.33073],[-122.31329,47.32543],[-122.31329,47.32238],[-122.32669,47.3224],[-122.33006,47.32571],[-122.32932,47.32601],[-122.33465,47.326]]]}},{"type":"Feature","properties":{"GEOID":"53033030007","city":"Federal Way","pct_hispanic":18.451,"pop_total":3680.0,"median_hh_income":51010.0,"pop_density_sqkm":5718.477,"cameras_flock":0,"cameras_flock_nonretail":0,"cameras_alpr_all":0,"road_miles":1.957,"cameras_per_road_mile":0.0,"cameras_per_10k_residents":0.0,"crime_count":null,"crime_data_available":false,"retailer_count":0},"geometry":{"type":"Polygon","coordinates":[[[-122.31254,47.34758],[-122.31181,47.35343],[-122.30952,47.35794],[-122.30471,47.35794],[-122.30453,47.35692],[-122.30203,47.35606],[-122.30076,47.35517],[-122.30219,47.35427],[-122.30221,47.35237],[-122.30423,47.35149],[-122.3048,47.35027],[-122.30701,47.35011],[-122.30736,47.34817],[-122.30933,47.34835],[-122.31071,47.34798],[-122.3106,47.34758],[-122.31254,47.34758]]]}},{"type":"Feature","properties":{"GEOID":"53033000101","city":"Seattle","pct_hispanic":10.36,"pop_total":3417.0,"median_hh_income":69577.0,"pop_density_sqkm":8236.752,"cameras_flock":0,"cameras_flock_nonretail":0,"cameras_alpr_all":0,"road_miles":0.973,"cameras_per_road_mile":0.0,"cameras_per_10k_residents":0.0,"crime_count":368.0,"crime_data_available":true,"retailer_count":0},"geometry":{"type":"Polygon","coordinates":[[[-122.29641,47.72651],[-122.29652,47.73378],[-122.28975,47.73373],[-122.28956,47.72645],[-122.29641,47.72651]]]}},{"type":"Feature","properties":{"GEOID":"53033005307","city":"Seattle","pct_hispanic":17.08,"pop_total":3068.0,"median_hh_income":42692.0,"pop_density_sqkm":23594.555,"cameras_flock":0,"cameras_flock_nonretail":0,"cameras_alpr_all":0,"road_miles":0.069,"cameras_per_road_mile":0.0,"cameras_per_10k_residents":0.0,"crime_count":256.0,"crime_data_available":true,"retailer_count":0},"geometry":{"type":"Polygon","coordinates":[[[-122.31086,47.66126],[-122.3108,47.66488],[-122.30651,47.66485],[-122.30653,47.66125],[-122.31086,47.66126]]]}},{"type":"Feature","properties":{"GEOID":"53033006702","city":"Seattle","pct_hispanic":4.581,"pop_total":2903.0,"median_hh_income":131918.0,"pop_density_sqkm":9525.903,"cameras_flock":0,"cameras_flock_nonretail":0,"cameras_alpr_all":0,"road_miles":0.954,"cameras_per_road_mile":0.0,"cameras_per_10k_residents":0.0,"crime_count":348.0,"crime_data_available":true,"retailer_count":0},"geometry":{"type":"Polygon","coordinates":[[[-122.35018,47.62543],[-122.35014,47.62975],[-122.3436,47.62973],[-122.34349,47.62714],[-122.33962,47.62717],[-122.33859,47.62573],[-122.33974,47.62539],[-122.35018,47.62543]]]}},{"type":"Feature","properties":{"GEOID":"53033007501","city":"Seattle","pct_hispanic":15.364,"pop_total":4413.0,"median_hh_income":84977.0,"pop_density_sqkm":14794.675,"cameras_flock":0,"cameras_flock_nonretail":0,"cameras_alpr_all":0,"road_miles":1.072,"cameras_per_road_mile":0.0,"cameras_per_10k_residents":0.0,"crime_count":1387.0,"crime_data_available":true,"retailer_count":0},"geometry":{"type":"Polygon","coordinates":[[[-122.32094,47.62427],[-122.31261,47.62425],[-122.31272,47.61997],[-122.32088,47.61991],[-122.32094,47.62427]]]}},{"type":"Feature","properties":{"GEOID":"53033007502","city":"Seattle","pct_hispanic":7.918,"pop_total":3688.0,"median_hh_income":109471.0,"pop_density_sqkm":11673.435,"cameras_flock":0,"cameras_flock_nonretail":0,"cameras_alpr_all":0,"road_miles":1.163,"cameras_per_road_mile":0.0,"cameras_per_10k_residents":0.0,"crime_count":1473.0,"crime_data_available":true,"retailer_count":0},"geometry":{"type":"Polygon","coordinates":[[[-122.32088,47.61991],[-122.31272,47.61997],[-122.31277,47.61529],[-122.3208,47.61523],[-122.32088,47.61991]]]}},{"type":"Feature","properties":{"GEOID":"53033008004","city":"Seattle","pct_hispanic":0.473,"pop_total":3173.0,"median_hh_income":178185.0,"pop_density_sqkm":11138.414,"cameras_flock":0,"cameras_flock_nonretail":0,"cameras_alpr_all":2,"road_miles":1.959,"cameras_per_road_mile":0.0,"cameras_per_10k_residents":0.0,"crime_count":470.0,"crime_data_available":true,"retailer_count":0},"geometry":{"type":"Polygon","coordinates":[[[-122.36958,47.61859],[-122.35736,47.61861],[-122.35469,47.61703],[-122.35383,47.6177],[-122.34875,47.61469],[-122.35117,47.6128],[-122.34483,47.60913],[-122.35125,47.60901],[-122.36958,47.61859]]]}},{"type":"Feature","properties":{"GEOID":"53033007202","city":"Seattle","pct_hispanic":4.591,"pop_total":3899.0,"median_hh_income":174706.0,"pop_density_sqkm":13895.967,"cameras_flock":0,"cameras_flock_nonretail":0,"cameras_alpr_all":3,"road_miles":3.681,"cameras_per_road_mile":0.0,"cameras_per_10k_residents":0.0,"crime_count":1252.0,"crime_data_available":true,"retailer_count":0},"geometry":{"type":"Polygon","coordinates":[[[-122.3448,47.6147],[-122.34222,47.6167],[-122.34363,47.61753],[-122.34358,47.61855],[-122.33849,47.61853],[-122.33736,47.61268],[-122.33959,47.61163],[-122.3448,47.6147]]]}},{"type":"Feature","properties":{"GEOID":"53033007303","city":"Seattle","pct_hispanic":5.302,"pop_total":3961.0,"median_hh_income":164819.0,"pop_density_sqkm":12633.681,"cameras_flock":0,"cameras_flock_nonretail":0,"cameras_alpr_all":2,"road_miles":1.387,"cameras_per_road_mile":0.0,"cameras_per_10k_residents":0.0,"crime_count":775.0,"crime_data_available":true,"retailer_count":0},"geometry":{"type":"Polygon","coordinates":[[[-122.33859,47.62573],[-122.33454,47.62586],[-122.33434,47.62439],[-122.33301,47.62427],[-122.33298,47.61851],[-122.33849,47.61853],[-122.33859,47.62573]]]}},{"type":"Feature","properties":{"GEOID":"53033001202","city":"Seattle","pct_hispanic":9.054,"pop_total":3932.0,"median_hh_income":96125.0,"pop_density_sqkm":4786.798,"cameras_flock":0,"cameras_flock_nonretail":0,"cameras_alpr_all":0,"road_miles":2.07,"cameras_per_road_mile":0.0,"cameras_per_10k_residents":0.0,"crime_count":620.0,"crime_data_available":true,"retailer_count":0},"geometry":{"type":"Polygon","coordinates":[[[-122.32328,47.70859],[-122.31785,47.70856],[-122.31791,47.7122],[-122.31243,47.71216],[-122.31225,47.70125],[-122.32313,47.70132],[-122.32328,47.70859]]]}},{"type":"Feature","properties":{"GEOID":"53033004401","city":"Seattle","pct_hispanic":9.318,"pop_total":3842.0,"median_hh_income":120521.0,"pop_density_sqkm":5528.702,"cameras_flock":0,"cameras_flock_nonretail":0,"cameras_alpr_all":0,"road_miles":2.479,"cameras_per_road_mile":0.0,"cameras_per_10k_residents":0.0,"crime_count":753.0,"crime_data_available":true,"retailer_count":0},"geometry":{"type":"Polygon","coordinates":[[[-122.31736,47.67201],[-122.31736,47.67583],[-122.30652,47.67578],[-122.30651,47.66485],[-122.31194,47.66489],[-122.3119,47.67074],[-122.31736,47.67201]]]}},{"type":"Feature","properties":{"GEOID":"53033004402","city":"Seattle","pct_hispanic":11.165,"pop_total":3511.0,"median_hh_income":53852.0,"pop_density_sqkm":11902.179,"cameras_flock":0,"cameras_flock_nonretail":0,"cameras_alpr_all":0,"road_miles":2.193,"cameras_per_road_mile":0.0,"cameras_per_10k_residents":0.0,"crime_count":577.0,"crime_data_available":true,"retailer_count":0},"geometry":{"type":"Polygon","coordinates":[[[-122.3174,47.66494],[-122.31736,47.67201],[-122.3119,47.67074],[-122.31194,47.66489],[-122.3174,47.66494]]]}},{"type":"Feature","properties":{"GEOID":"53033029701","city":"Kent","pct_hispanic":37.794,"pop_total":4932.0,"median_hh_income":73182.0,"pop_density_sqkm":1441.176,"cameras_flock":5,"cameras_flock_nonretail":5,"cameras_alpr_all":9,"road_miles":5.675,"cameras_per_road_mile":0.881,"cameras_per_10k_residents":10.138,"crime_count":null,"crime_data_available":false,"retailer_count":0},"geometry":{"type":"Polygon","coordinates":[[[-122.24784,47.37109],[-122.24531,47.37425],[-122.2473,47.37594],[-122.24746,47.38136],[-122.23296,47.38161],[-122.23293,47.37977],[-122.23051,47.3798],[-122.22903,47.38014],[-122.22678,47.38148],[-122.22575,47.38262],[-122.22566,47.38337],[-122.22309,47.38303],[-122.21988,47.38171],[-122.21824,47.38024],[-122.2163,47.37927],[-122.21457,47.3774],[-122.21063,47.37434],[-122.21062,47.37339],[-122.20765,47.36946],[-122.20687,47.36898],[-122.20698,47.36849],[-122.20472,47.36558],[-122.20224,47.36528],[-122.20219,47.36259],[-122.20815,47.36259],[-122.20926,47.36297],[-122.20959,47.36847],[-122.21298,47.37158],[-122.22073,47.37159],[-122.22075,47.3725],[-122.2234,47.37246],[-122.22335,47.37027],[-122.22194,47.37025],[-122.22189,47.36934],[-122.22512,47.37015],[-122.24001,47.36996],[-122.23989,47.36904],[-122.24123,47.36861],[-122.24435,47.36993],[-122.24688,47.37011],[-122.24784,47.37109]]]}},{"type":"Feature","properties":{"GEOID":"53033029803","city":"Kent","pct_hispanic":20.725,"pop_total":4550.0,"median_hh_income":91691.0,"pop_density_sqkm":842.655,"cameras_flock":1,"cameras_flock_nonretail":1,"cameras_alpr_all":1,"road_miles":3.862,"cameras_per_road_mile":0.259,"cameras_per_10k_residents":2.198,"crime_count":null,"crime_data_available":false,"retailer_count":0},"geometry":{"type":"Polygon","coordinates":[[[-122.28143,47.36988],[-122.28048,47.37059],[-122.28045,47.3721],[-122.27945,47.37366],[-122.27849,47.37386],[-122.2754,47.37337],[-122.27448,47.37377],[-122.274,47.37508],[-122.27457,47.37864],[-122.27213,47.37743],[-122.26062,47.38109],[-122.24746,47.38136],[-122.24732,47.37298],[-122.24883,47.37065],[-122.24927,47.36772],[-122.25004,47.36757],[-122.25086,47.36543],[-122.25291,47.36612],[-122.25344,47.36583],[-122.25299,47.36538],[-122.25626,47.36278],[-122.25542,47.36111],[-122.24922,47.36107],[-122.24948,47.35365],[-122.26468,47.35371],[-122.26698,47.3543],[-122.26814,47.35519],[-122.26942,47.35718],[-122.27166,47.35779],[-122.27241,47.36509],[-122.2764,47.36502],[-122.2764,47.36542],[-122.28002,47.36543],[-122.28009,47.36675],[-122.28122,47.36675],[-122.28143,47.36988]]]}},{"type":"Feature","properties":{"GEOID":"53033026101","city":"(unincorporated county)","pct_hispanic":9.769,"pop_total":3726.0,"median_hh_income":91823.0,"pop_density_sqkm":1376.793,"cameras_flock":0,"cameras_flock_nonretail":0,"cameras_alpr_all":0,"road_miles":8.335,"cameras_per_road_mile":0.0,"cameras_per_10k_residents":0.0,"crime_count":null,"crime_data_available":false,"retailer_count":0},"geometry":{"type":"Polygon","coordinates":[[[-122.27106,47.49565],[-122.25901,47.49563],[-122.25679,47.49405],[-122.25408,47.49111],[-122.25131,47.48992],[-122.25037,47.48846],[-122.23503,47.48829],[-122.2304,47.48641],[-122.22763,47.48456],[-122.22757,47.48217],[-122.23223,47.48279],[-122.23381,47.48032],[-122.23672,47.48113],[-122.24243,47.4812],[-122.24897,47.48301],[-122.25172,47.47967],[-122.25,47.47655],[-122.24863,47.4752],[-122.25039,47.47548],[-122.25206,47.47602],[-122.2536,47.47754],[-122.25811,47.4833],[-122.26359,47.48693],[-122.26802,47.49305],[-122.27106,47.49565]]]}},{"type":"Feature","properties":{"GEOID":"53033029506","city":"Kent","pct_hispanic":14.145,"pop_total":4461.0,"median_hh_income":64664.0,"pop_density_sqkm":4677.292,"cameras_flock":6,"cameras_flock_nonretail":0,"cameras_alpr_all":6,"road_miles":2.483,"cameras_per_road_mile":2.416,"cameras_per_10k_residents":13.45,"crime_count":null,"crime_data_available":false,"retailer_count":1},"geometry":{"type":"Polygon","coordinates":[[[-122.21087,47.374],[-122.21063,47.37434],[-122.20873,47.37306],[-122.20641,47.37255],[-122.18678,47.37244],[-122.18676,47.36698],[-122.19726,47.37068],[-122.19717,47.36526],[-122.20428,47.36533],[-122.21087,47.374]]]}},{"type":"Feature","properties":{"GEOID":"53033029604","city":"Kent","pct_hispanic":16.79,"pop_total":3657.0,"median_hh_income":85000.0,"pop_density_sqkm":1518.974,"cameras_flock":1,"cameras_flock_nonretail":1,"cameras_alpr_all":3,"road_miles":2.307,"cameras_per_road_mile":0.433,"cameras_per_10k_residents":2.734,"crime_count":null,"crime_data_available":false,"retailer_count":0},"geometry":{"type":"Polygon","coordinates":[[[-122.19715,47.34998],[-122.19693,47.35595],[-122.18894,47.35657],[-122.18722,47.35775],[-122.18678,47.35979],[-122.17611,47.35977],[-122.17612,47.36315],[-122.17326,47.36194],[-122.16933,47.359],[-122.16548,47.35802],[-122.16552,47.35187],[-122.1668,47.35199],[-122.16846,47.35352],[-122.16976,47.35395],[-122.17235,47.35393],[-122.17435,47.35294],[-122.17613,47.35288],[-122.17615,47.34709],[-122.18637,47.34713],[-122.18803,47.34656],[-122.19188,47.34658],[-122.19204,47.34947],[-122.19715,47.34998]]]}},{"type":"Feature","properties":{"GEOID":"53033031102","city":"Auburn","pct_hispanic":27.232,"pop_total":3092.0,"median_hh_income":83368.0,"pop_density_sqkm":1334.508,"cameras_flock":2,"cameras_flock_nonretail":2,"cameras_alpr_all":2,"road_miles":3.568,"cameras_per_road_mile":0.56,"cameras_per_10k_residents":6.468,"crime_count":null,"crime_data_available":false,"retailer_count":0},"geometry":{"type":"Polygon","coordinates":[[[-122.20808,47.27501],[-122.20804,47.29189],[-122.19686,47.28909],[-122.1927,47.28838],[-122.17806,47.28816],[-122.16742,47.28148],[-122.17028,47.27933],[-122.17181,47.28009],[-122.17454,47.28024],[-122.17741,47.2811],[-122.1786,47.28195],[-122.17862,47.28294],[-122.18308,47.28492],[-122.18486,47.28497],[-122.19192,47.28387],[-122.19785,47.28113],[-122.2008,47.27687],[-122.20502,47.27519],[-122.20808,47.27501]]]}},{"type":"Feature","properties":{"GEOID":"53033003202","city":"Seattle","pct_hispanic":4.513,"pop_total":4831.0,"median_hh_income":175303.0,"pop_density_sqkm":5053.263,"cameras_flock":0,"cameras_flock_nonretail":0,"cameras_alpr_all":0,"road_miles":1.561,"cameras_per_road_mile":0.0,"cameras_per_10k_residents":0.0,"crime_count":259.0,"crime_data_available":true,"retailer_count":0},"geometry":{"type":"Polygon","coordinates":[[[-122.40111,47.6713],[-122.40108,47.67943],[-122.38754,47.6795],[-122.38759,47.67092],[-122.39833,47.67093],[-122.39833,47.67129],[-122.40111,47.6713]]]}},{"type":"Feature","properties":{"GEOID":"53033029806","city":"(unincorporated county)","pct_hispanic":11.978,"pop_total":5677.0,"median_hh_income":98657.0,"pop_density_sqkm":1538.331,"cameras_flock":0,"cameras_flock_nonretail":0,"cameras_alpr_all":0,"road_miles":3.973,"cameras_per_road_mile":0.0,"cameras_per_10k_residents":0.0,"crime_count":null,"crime_data_available":false,"retailer_count":0},"geometry":{"type":"Polygon","coordinates":[[[-122.29637,47.35318],[-122.29673,47.35784],[-122.28121,47.35783],[-122.28126,47.35423],[-122.27344,47.35416],[-122.27114,47.35304],[-122.2678,47.35274],[-122.26666,47.35151],[-122.26493,47.3512],[-122.26413,47.3524],[-122.26446,47.3537],[-122.24948,47.35365],[-122.24968,47.34713],[-122.26549,47.34705],[-122.26552,47.34523],[-122.26609,47.34523],[-122.26627,47.34431],[-122.26594,47.34342],[-122.29297,47.34332],[-122.29332,47.34642],[-122.29637,47.35318]]]}},{"type":"Feature","properties":{"GEOID":"53033031208","city":"Auburn","pct_hispanic":13.769,"pop_total":4365.0,"median_hh_income":109732.0,"pop_density_sqkm":1666.882,"cameras_flock":2,"cameras_flock_nonretail":2,"cameras_alpr_all":2,"road_miles":4.895,"cameras_per_road_mile":0.409,"cameras_per_10k_residents":4.582,"crime_count":null,"crime_data_available":false,"retailer_count":0},"geometry":{"type":"Polygon","coordinates":[[[-122.21006,47.32759],[-122.20911,47.32854],[-122.20208,47.32666],[-122.20193,47.32829],[-122.20047,47.32993],[-122.19872,47.33088],[-122.19694,47.32989],[-122.18687,47.32988],[-122.18708,47.32405],[-122.18478,47.32437],[-122.17872,47.3243],[-122.17874,47.32336],[-122.1764,47.32333],[-122.17642,47.31889],[-122.18706,47.31895],[-122.18708,47.31532],[-122.19832,47.31541],[-122.19915,47.31297],[-122.20079,47.3158],[-122.20068,47.31635],[-122.20204,47.31794],[-122.20237,47.31594],[-122.20402,47.31546],[-122.20573,47.31546],[-122.20895,47.31811],[-122.20901,47.32012],[-122.2081,47.32083],[-122.20444,47.32071],[-122.20344,47.32106],[-122.20279,47.32201],[-122.20275,47.32443],[-122.20323,47.32561],[-122.20457,47.32686],[-122.21006,47.32759]]]}},{"type":"Feature","properties":{"GEOID":"53033032217","city":"Sammamish","pct_hispanic":7.416,"pop_total":4032.0,"median_hh_income":248125.0,"pop_density_sqkm":701.843,"cameras_flock":0,"cameras_flock_nonretail":0,"cameras_alpr_all":0,"road_miles":6.442,"cameras_per_road_mile":0.0,"cameras_per_10k_residents":0.0,"crime_count":null,"crime_data_available":false,"retailer_count":0},"geometry":{"type":"Polygon","coordinates":[[[-122.09847,47.59193],[-122.09653,47.60231],[-122.09486,47.60623],[-122.09243,47.60919],[-122.08647,47.61352],[-122.08197,47.61748],[-122.06786,47.61522],[-122.0676,47.61795],[-122.06945,47.62237],[-122.06645,47.62129],[-122.06342,47.6209],[-122.05967,47.61949],[-122.05659,47.61719],[-122.05174,47.61557],[-122.05174,47.6138],[-122.05487,47.61384],[-122.05837,47.61513],[-122.05939,47.61508],[-122.05982,47.61286],[-122.06042,47.61277],[-122.0606,47.61084],[-122.06119,47.61034],[-122.06052,47.60811],[-122.05934,47.60753],[-122.05713,47.60527],[-122.05684,47.5884],[-122.07455,47.58882],[-122.07521,47.58835],[-122.07771,47.58807],[-122.07859,47.58513],[-122.07924,47.58426],[-122.08102,47.58334],[-122.08096,47.58221],[-122.07704,47.58112],[-122.07538,47.58006],[-122.07686,47.57941],[-122.07655,47.57781],[-122.08021,47.57561],[-122.08227,47.57522],[-122.09594,47.57947],[-122.09718,47.58061],[-122.09846,47.5847],[-122.09847,47.59193]]]}},{"type":"Feature","properties":{"GEOID":"53033023902","city":"Bellevue","pct_hispanic":0.628,"pop_total":2709.0,"median_hh_income":250001.0,"pop_density_sqkm":1089.092,"cameras_flock":2,"cameras_flock_nonretail":2,"cameras_alpr_all":2,"road_miles":2.654,"cameras_per_road_mile":0.754,"cameras_per_10k_residents":7.383,"crime_count":null,"crime_data_available":false,"retailer_count":0},"geometry":{"type":"Polygon","coordinates":[[[-122.20951,47.58312],[-122.20453,47.58382],[-122.19655,47.58378],[-122.19648,47.59434],[-122.19505,47.59356],[-122.19229,47.5897],[-122.1911,47.58616],[-122.18783,47.58266],[-122.18782,47.58057],[-122.18919,47.57908],[-122.1782,47.58],[-122.18029,47.57763],[-122.18088,47.57624],[-122.18112,47.57318],[-122.17986,47.56794],[-122.18142,47.56692],[-122.18507,47.56562],[-122.18647,47.56441],[-122.18789,47.56034],[-122.19491,47.55062],[-122.19562,47.54609],[-122.202,47.54609],[-122.20113,47.55772],[-122.19933,47.56622],[-122.19901,47.57592],[-122.20034,47.57822],[-122.20951,47.58312]]]}},{"type":"Feature","properties":{"GEOID":"53033029308","city":"Renton","pct_hispanic":15.503,"pop_total":3522.0,"median_hh_income":116316.0,"pop_density_sqkm":2613.054,"cameras_flock":0,"cameras_flock_nonretail":0,"cameras_alpr_all":0,"road_miles":2.293,"cameras_per_road_mile":0.0,"cameras_per_10k_residents":0.0,"crime_count":null,"crime_data_available":false,"retailer_count":0},"geometry":{"type":"Polygon","coordinates":[[[-122.19709,47.43023],[-122.19692,47.44527],[-122.18619,47.44517],[-122.18646,47.43022],[-122.19709,47.43023]]]}},{"type":"Feature","properties":{"GEOID":"53033024302","city":"Mercer Island","pct_hispanic":1.709,"pop_total":3744.0,"median_hh_income":250001.0,"pop_density_sqkm":1347.971,"cameras_flock":1,"cameras_flock_nonretail":1,"cameras_alpr_all":1,"road_miles":3.361,"cameras_per_road_mile":0.298,"cameras_per_10k_residents":2.671,"crime_count":null,"crime_data_available":false,"retailer_count":0},"geometry":{"type":"Polygon","coordinates":[[[-122.26683,47.58737],[-122.26365,47.61312],[-122.24673,47.60902],[-122.23313,47.60652],[-122.22833,47.60452],[-122.22043,47.59682],[-122.2158,47.58904],[-122.22397,47.58905],[-122.22396,47.58803],[-122.22476,47.58713],[-122.22408,47.58643],[-122.22552,47.58541],[-122.22672,47.58612],[-122.22686,47.58724],[-122.22925,47.5871],[-122.23102,47.58813],[-122.23785,47.59039],[-122.24041,47.59161],[-122.24041,47.58698],[-122.23907,47.58676],[-122.23902,47.58576],[-122.23907,47.58435],[-122.24045,47.58436],[-122.24044,47.58182],[-122.2377,47.58181],[-122.23774,47.57458],[-122.23942,47.57444],[-122.23571,47.57166],[-122.24087,47.56827],[-122.24415,47.56741],[-122.24765,47.57054],[-122.25116,47.57268],[-122.2586,47.57492],[-122.26328,47.57764],[-122.26492,47.57948],[-122.26624,47.58274],[-122.26683,47.58737]]]}},{"type":"Feature","properties":{"GEOID":"53033025401","city":"Renton","pct_hispanic":34.591,"pop_total":3764.0,"median_hh_income":74067.0,"pop_density_sqkm":3138.895,"cameras_flock":1,"cameras_flock_nonretail":1,"cameras_alpr_all":1,"road_miles":3.203,"cameras_per_road_mile":0.312,"cameras_per_10k_residents":2.657,"crime_count":null,"crime_data_available":false,"retailer_count":0},"geometry":{"type":"Polygon","coordinates":[[[-122.19117,47.49764],[-122.191,47.50308],[-122.17531,47.50309],[-122.17488,47.48856],[-122.17864,47.48834],[-122.17834,47.49004],[-122.17974,47.49101],[-122.18155,47.49153],[-122.18164,47.49679],[-122.18457,47.49722],[-122.19029,47.49722],[-122.19117,47.49764]]]}},{"type":"Feature","properties":{"GEOID":"53033003302","city":"Seattle","pct_hispanic":9.592,"pop_total":3826.0,"median_hh_income":153523.0,"pop_density_sqkm":6101.382,"cameras_flock":0,"cameras_flock_nonretail":0,"cameras_alpr_all":0,"road_miles":1.913,"cameras_per_road_mile":0.0,"cameras_per_10k_residents":0.0,"crime_count":324.0,"crime_data_available":true,"retailer_count":0},"geometry":{"type":"Polygon","coordinates":[[[-122.37684,47.67621],[-122.37677,47.67953],[-122.36604,47.67955],[-122.36617,47.67235],[-122.37621,47.67236],[-122.37612,47.67599],[-122.37684,47.67621]]]}},{"type":"Feature","properties":{"GEOID":"53033010502","city":"Seattle","pct_hispanic":9.011,"pop_total":5815.0,"median_hh_income":124430.0,"pop_density_sqkm":5958.529,"cameras_flock":0,"cameras_flock_nonretail":0,"cameras_alpr_all":0,"road_miles":2.489,"cameras_per_road_mile":0.0,"cameras_per_10k_residents":0.0,"crime_count":596.0,"crime_data_available":true,"retailer_count":0},"geometry":{"type":"Polygon","coordinates":[[[-122.39776,47.55744],[-122.39495,47.55756],[-122.39487,47.56117],[-122.39216,47.56115],[-122.39214,47.56296],[-122.38414,47.56287],[-122.38428,47.55207],[-122.39505,47.5522],[-122.39498,47.55566],[-122.3978,47.55569],[-122.39776,47.55744]]]}},{"type":"Feature","properties":{"GEOID":"53033010501","city":"Seattle","pct_hispanic":12.926,"pop_total":4309.0,"median_hh_income":113056.0,"pop_density_sqkm":5807.152,"cameras_flock":1,"cameras_flock_nonretail":1,"cameras_alpr_all":1,"road_miles":1.6,"cameras_per_road_mile":0.625,"cameras_per_10k_residents":2.321,"crime_count":598.0,"crime_data_available":true,"retailer_count":0},"geometry":{"type":"Polygon","coordinates":[[[-122.38428,47.55207],[-122.38414,47.56287],[-122.37929,47.56287],[-122.37771,47.56408],[-122.37619,47.56408],[-122.37631,47.55196],[-122.38428,47.55207]]]}},{"type":"Feature","properties":{"GEOID":"53033000202","city":"Seattle","pct_hispanic":20.527,"pop_total":4404.0,"median_hh_income":138472.0,"pop_density_sqkm":2975.505,"cameras_flock":0,"cameras_flock_nonretail":0,"cameras_alpr_all":0,"road_miles":1.137,"cameras_per_road_mile":0.0,"cameras_per_10k_residents":0.0,"crime_count":301.0,"crime_data_available":true,"retailer_count":0},"geometry":{"type":"Polygon","coordinates":[[[-122.31005,47.73392],[-122.29652,47.73378],[-122.29632,47.71928],[-122.30727,47.71936],[-122.30728,47.72659],[-122.30997,47.72659],[-122.31005,47.73392]]]}},{"type":"Feature","properties":{"GEOID":"53033029702","city":"(unincorporated county)","pct_hispanic":14.737,"pop_total":3420.0,"median_hh_income":87285.0,"pop_density_sqkm":440.882,"cameras_flock":4,"cameras_flock_nonretail":4,"cameras_alpr_all":4,"road_miles":9.536,"cameras_per_road_mile":0.419,"cameras_per_10k_residents":11.696,"crime_count":null,"crime_data_available":false,"retailer_count":0},"geometry":{"type":"Polygon","coordinates":[[[-122.25624,47.36292],[-122.25299,47.36538],[-122.25344,47.36583],[-122.25291,47.36612],[-122.25113,47.36538],[-122.25041,47.366],[-122.25004,47.36757],[-122.24927,47.36772],[-122.24873,47.37091],[-122.24735,47.37276],[-122.2473,47.37594],[-122.24531,47.37425],[-122.24765,47.37169],[-122.24766,47.37067],[-122.24688,47.37011],[-122.24435,47.36993],[-122.24123,47.36861],[-122.23989,47.36904],[-122.24001,47.36996],[-122.22512,47.37015],[-122.22189,47.36934],[-122.22194,47.37025],[-122.22335,47.37027],[-122.2234,47.37246],[-122.22075,47.3725],[-122.22073,47.37159],[-122.21286,47.37155],[-122.20959,47.36847],[-122.20955,47.36349],[-122.20879,47.36271],[-122.20219,47.36259],[-122.20224,47.36528],[-122.19717,47.36526],[-122.19715,47.34998],[-122.19187,47.34932],[-122.19228,47.34424],[-122.1952,47.34551],[-122.19954,47.34566],[-122.20306,47.34451],[-122.20425,47.34353],[-122.20565,47.34352],[-122.20978,47.34898],[-122.20951,47.35065],[-122.20855,47.35161],[-122.20866,47.35343],[-122.20953,47.35409],[-122.21483,47.35379],[-122.24948,47.35365],[-122.24922,47.36107],[-122.25542,47.36111],[-122.25624,47.36292]]]}},{"type":"Feature","properties":{"GEOID":"53033020302","city":"Shoreline","pct_hispanic":8.721,"pop_total":4151.0,"median_hh_income":99776.0,"pop_density_sqkm":3205.923,"cameras_flock":0,"cameras_flock_nonretail":0,"cameras_alpr_all":0,"road_miles":3.04,"cameras_per_road_mile":0.0,"cameras_per_10k_residents":0.0,"crime_count":null,"crime_data_available":false,"retailer_count":0},"geometry":{"type":"Polygon","coordinates":[[[-122.35128,47.77049],[-122.32979,47.77045],[-122.32963,47.76325],[-122.35123,47.76322],[-122.35128,47.77049]]]}},{"type":"Feature","properties":{"GEOID":"53033031912","city":"(unincorporated county)","pct_hispanic":10.844,"pop_total":4113.0,"median_hh_income":104523.0,"pop_density_sqkm":536.042,"cameras_flock":0,"cameras_flock_nonretail":0,"cameras_alpr_all":0,"road_miles":6.863,"cameras_per_road_mile":0.0,"cameras_per_10k_residents":0.0,"crime_count":null,"crime_data_available":false,"retailer_count":0},"geometry":{"type":"Polygon","coordinates":[[[-122.13236,47.48328],[-122.13242,47.4883],[-122.1222,47.48808],[-122.12208,47.50248],[-122.12077,47.50248],[-122.11671,47.50124],[-122.11256,47.50046],[-122.10647,47.50118],[-122.10195,47.50015],[-122.09908,47.49891],[-122.0892,47.49766],[-122.07895,47.49009],[-122.07451,47.48746],[-122.07784,47.48344],[-122.079,47.48308],[-122.08198,47.48377],[-122.08935,47.4876],[-122.09551,47.48758],[-122.0953,47.4864],[-122.09321,47.48489],[-122.09195,47.48265],[-122.09327,47.48259],[-122.09338,47.48158],[-122.09561,47.48152],[-122.09564,47.4804],[-122.09832,47.48034],[-122.09743,47.47897],[-122.09748,47.47328],[-122.09789,47.47257],[-122.09653,47.47051],[-122.09875,47.47054],[-122.1008,47.46978],[-122.10153,47.47014],[-122.10122,47.47061],[-122.10178,47.47124],[-122.10425,47.47061],[-122.10538,47.471],[-122.1047,47.47214],[-122.10282,47.47331],[-122.10258,47.47391],[-122.10455,47.47436],[-122.10485,47.47364],[-122.10578,47.47329],[-122.1152,47.47357],[-122.11531,47.48073],[-122.11902,47.48084],[-122.11923,47.48174],[-122.12707,47.48189],[-122.12712,47.48342],[-122.13236,47.48328]]]}},{"type":"Feature","properties":{"GEOID":"53033022001","city":"Bothell","pct_hispanic":6.385,"pop_total":5137.0,"median_hh_income":116154.0,"pop_density_sqkm":1147.282,"cameras_flock":0,"cameras_flock_nonretail":0,"cameras_alpr_all":1,"road_miles":4.287,"cameras_per_road_mile":0.0,"cameras_per_10k_residents":0.0,"crime_count":null,"crime_data_available":false,"retailer_count":0},"geometry":{"type":"Polygon","coordinates":[[[-122.21347,47.74759],[-122.21341,47.74825],[-122.21047,47.74792],[-122.20984,47.74866],[-122.20972,47.7498],[-122.21031,47.75113],[-122.20969,47.75215],[-122.21036,47.75395],[-122.2095,47.75713],[-122.20695,47.75777],[-122.20489,47.75892],[-122.20377,47.7591],[-122.20285,47.75831],[-122.19919,47.75773],[-122.19745,47.75674],[-122.19594,47.75482],[-122.19376,47.75456],[-122.19272,47.75368],[-122.19036,47.75338],[-122.18895,47.75606],[-122.18718,47.75614],[-122.18475,47.75685],[-122.18683,47.75086],[-122.18692,47.74285],[-122.18835,47.73305],[-122.20785,47.73301],[-122.20768,47.73931],[-122.21108,47.74207],[-122.21178,47.74498],[-122.21347,47.74759]]]}},{"type":"Feature","properties":{"GEOID":"53033022003","city":"Kirkland","pct_hispanic":10.094,"pop_total":5310.0,"median_hh_income":142155.0,"pop_density_sqkm":2355.096,"cameras_flock":0,"cameras_flock_nonretail":0,"cameras_alpr_all":1,"road_miles":2.499,"cameras_per_road_mile":0.0,"cameras_per_10k_residents":0.0,"crime_count":null,"crime_data_available":false,"retailer_count":0},"geometry":{"type":"Polygon","coordinates":[[[-122.20776,47.71848],[-122.20785,47.73301],[-122.18835,47.73305],[-122.19014,47.72433],[-122.18949,47.72171],[-122.18763,47.71841],[-122.20776,47.71848]]]}},{"type":"Feature","properties":{"GEOID":"53033022203","city":"Kirkland","pct_hispanic":3.831,"pop_total":5665.0,"median_hh_income":142895.0,"pop_density_sqkm":1807.579,"cameras_flock":0,"cameras_flock_nonretail":0,"cameras_alpr_all":0,"road_miles":3.006,"cameras_per_road_mile":0.0,"cameras_per_10k_residents":0.0,"crime_count":null,"crime_data_available":false,"retailer_count":0},"geometry":{"type":"Polygon","coordinates":[[[-122.23821,47.71128],[-122.23626,47.71552],[-122.23711,47.71767],[-122.23708,47.7189],[-122.22546,47.71868],[-122.22542,47.72052],[-122.22111,47.72042],[-122.22027,47.71733],[-122.21748,47.71646],[-122.21666,47.7166],[-122.21525,47.71761],[-122.21571,47.71682],[-122.21577,47.71134],[-122.21784,47.71138],[-122.218,47.70538],[-122.21332,47.70524],[-122.21039,47.70403],[-122.21038,47.70316],[-122.21194,47.70136],[-122.21455,47.69985],[-122.21673,47.69952],[-122.22569,47.69394],[-122.23047,47.69775],[-122.23,47.69783],[-122.23061,47.69812],[-122.23008,47.69843],[-122.23171,47.69873],[-122.23619,47.70201],[-122.23718,47.70482],[-122.23692,47.70746],[-122.23805,47.70948],[-122.23821,47.71128]]]}},{"type":"Feature","properties":{"GEOID":"53033022005","city":"Kirkland","pct_hispanic":12.004,"pop_total":4557.0,"median_hh_income":134183.0,"pop_density_sqkm":1881.776,"cameras_flock":0,"cameras_flock_nonretail":0,"cameras_alpr_all":0,"road_miles":4.509,"cameras_per_road_mile":0.0,"cameras_per_10k_residents":0.0,"crime_count":null,"crime_data_available":false,"retailer_count":0},"geometry":{"type":"Polygon","coordinates":[[[-122.20782,47.71123],[-122.20776,47.71848],[-122.18763,47.71841],[-122.18092,47.70687],[-122.17979,47.70399],[-122.19737,47.70398],[-122.19729,47.70802],[-122.19935,47.70845],[-122.1994,47.70906],[-122.20152,47.70905],[-122.20219,47.71007],[-122.20313,47.70979],[-122.20372,47.7112],[-122.20782,47.71123]]]}},{"type":"Feature","properties":{"GEOID":"53033009600","city":"Seattle","pct_hispanic":5.257,"pop_total":6068.0,"median_hh_income":148125.0,"pop_density_sqkm":3185.436,"cameras_flock":0,"cameras_flock_nonretail":0,"cameras_alpr_all":0,"road_miles":4.078,"cameras_per_road_mile":0.0,"cameras_per_10k_residents":0.0,"crime_count":438.0,"crime_data_available":true,"retailer_count":0},"geometry":{"type":"Polygon","coordinates":[[[-122.40461,47.58717],[-122.39678,47.59323],[-122.39378,47.59676],[-122.38778,47.60064],[-122.37979,47.59752],[-122.37567,47.59137],[-122.37242,47.58869],[-122.37694,47.58543],[-122.37635,47.58502],[-122.37754,47.58472],[-122.37764,47.58096],[-122.39724,47.58126],[-122.39722,47.58306],[-122.39764,47.58306],[-122.3977,47.58387],[-122.39836,47.58339],[-122.39882,47.58394],[-122.40038,47.58307],[-122.40184,47.58392],[-122.40461,47.58717]]]}},{"type":"Feature","properties":{"GEOID":"53033009701","city":"Seattle","pct_hispanic":6.044,"pop_total":6387.0,"median_hh_income":119384.0,"pop_density_sqkm":3431.366,"cameras_flock":0,"cameras_flock_nonretail":0,"cameras_alpr_all":0,"road_miles":4.108,"cameras_per_road_mile":0.0,"cameras_per_10k_residents":0.0,"crime_count":385.0,"crime_data_available":true,"retailer_count":0},"geometry":{"type":"Polygon","coordinates":[[[-122.42494,47.57829],[-122.42257,47.5804],[-122.41083,47.5841],[-122.40461,47.58717],[-122.40184,47.58392],[-122.40097,47.58359],[-122.4026,47.58243],[-122.40265,47.58038],[-122.40402,47.57944],[-122.404,47.57888],[-122.40019,47.57908],[-122.40341,47.57726],[-122.40341,47.57592],[-122.40284,47.57592],[-122.40281,47.57221],[-122.40383,47.57222],[-122.40387,47.57081],[-122.40315,47.57038],[-122.40149,47.57037],[-122.40153,47.5649],[-122.39886,47.56482],[-122.39889,47.56301],[-122.39823,47.56301],[-122.3983,47.55942],[-122.39761,47.55938],[-122.39765,47.5575],[-122.39888,47.55755],[-122.4007,47.56027],[-122.40252,47.56105],[-122.40976,47.56027],[-122.41345,47.5644],[-122.4137,47.56709],[-122.41595,47.56886],[-122.42419,47.57265],[-122.42544,47.57576],[-122.42494,47.57829]]]}},{"type":"Feature","properties":{"GEOID":"53033009702","city":"Seattle","pct_hispanic":5.765,"pop_total":5915.0,"median_hh_income":162174.0,"pop_density_sqkm":2663.884,"cameras_flock":0,"cameras_flock_nonretail":0,"cameras_alpr_all":0,"road_miles":3.03,"cameras_per_road_mile":0.0,"cameras_per_10k_residents":0.0,"crime_count":212.0,"crime_data_available":true,"retailer_count":0},"geometry":{"type":"Polygon","coordinates":[[[-122.40369,47.57873],[-122.40402,47.57944],[-122.40265,47.58038],[-122.4026,47.58243],[-122.40097,47.58359],[-122.40011,47.58309],[-122.39882,47.58394],[-122.39836,47.58339],[-122.3977,47.58387],[-122.39764,47.58306],[-122.39722,47.58306],[-122.39724,47.58126],[-122.38924,47.58122],[-122.38948,47.56295],[-122.39214,47.56296],[-122.39216,47.56115],[-122.39487,47.56117],[-122.39495,47.55756],[-122.39765,47.5575],[-122.39761,47.55938],[-122.3983,47.55942],[-122.39823,47.56301],[-122.39889,47.56301],[-122.39886,47.56482],[-122.40153,47.5649],[-122.40149,47.57037],[-122.40315,47.57038],[-122.40387,47.57081],[-122.40383,47.57222],[-122.40281,47.57221],[-122.40284,47.57592],[-122.40341,47.57592],[-122.40341,47.57726],[-122.40019,47.57908],[-122.40283,47.57909],[-122.40369,47.57873]]]}},{"type":"Feature","properties":{"GEOID":"53033009900","city":"Seattle","pct_hispanic":12.319,"pop_total":6421.0,"median_hh_income":127557.0,"pop_density_sqkm":982.31,"cameras_flock":0,"cameras_flock_nonretail":0,"cameras_alpr_all":0,"road_miles":13.359,"cameras_per_road_mile":0.0,"cameras_per_10k_residents":0.0,"crime_count":1046.0,"crime_data_available":true,"retailer_count":0},"geometry":{"type":"Polygon","coordinates":[[[-122.37764,47.58105],[-122.37754,47.58472],[-122.37635,47.58502],[-122.37694,47.58543],[-122.37242,47.58869],[-122.34984,47.59391],[-122.34651,47.59567],[-122.34484,47.59922],[-122.34398,47.57465],[-122.34682,47.56696],[-122.34627,47.56327],[-122.34724,47.56302],[-122.34922,47.55912],[-122.35175,47.55941],[-122.35412,47.559],[-122.35475,47.55954],[-122.35477,47.55913],[-122.35695,47.55973],[-122.36019,47.55902],[-122.36147,47.56098],[-122.36158,47.55927],[-122.36551,47.55932],[-122.36554,47.55748],[-122.36619,47.5575],[-122.36634,47.55377],[-122.37628,47.55378],[-122.37609,47.57117],[-122.3771,47.57118],[-122.37668,47.58027],[-122.37764,47.58105]]]}},{"type":"Feature","properties":{"GEOID":"53033010200","city":"Seattle","pct_hispanic":9.287,"pop_total":5610.0,"median_hh_income":197313.0,"pop_density_sqkm":2006.773,"cameras_flock":0,"cameras_flock_nonretail":0,"cameras_alpr_all":0,"road_miles":4.144,"cameras_per_road_mile":0.0,"cameras_per_10k_residents":0.0,"crime_count":408.0,"crime_data_available":true,"retailer_count":0},"geometry":{"type":"Polygon","coordinates":[[[-122.27714,47.5497],[-122.27539,47.54971],[-122.27573,47.56056],[-122.26253,47.56052],[-122.25267,47.56372],[-122.24578,47.56903],[-122.24222,47.56472],[-122.24039,47.56003],[-122.24058,47.55404],[-122.24214,47.54992],[-122.24339,47.54797],[-122.25742,47.54492],[-122.2618,47.54494],[-122.26179,47.54654],[-122.26408,47.54454],[-122.26373,47.54605],[-122.27599,47.54603],[-122.27666,47.54696],[-122.27714,47.5497]]]}},{"type":"Feature","properties":{"GEOID":"53033010800","city":"Seattle","pct_hispanic":11.479,"pop_total":5105.0,"median_hh_income":155865.0,"pop_density_sqkm":1232.935,"cameras_flock":0,"cameras_flock_nonretail":0,"cameras_alpr_all":0,"road_miles":5.967,"cameras_per_road_mile":0.0,"cameras_per_10k_residents":0.0,"crime_count":448.0,"crime_data_available":true,"retailer_count":0},"geometry":{"type":"Polygon","coordinates":[[[-122.36634,47.55377],[-122.36619,47.5575],[-122.36554,47.55748],[-122.36551,47.55932],[-122.36158,47.55927],[-122.36147,47.56098],[-122.36019,47.55902],[-122.35695,47.55973],[-122.35477,47.55913],[-122.35475,47.55954],[-122.35412,47.559],[-122.35175,47.55941],[-122.34922,47.55912],[-122.34724,47.56302],[-122.34627,47.56327],[-122.34506,47.55918],[-122.33668,47.54383],[-122.33468,47.54241],[-122.33505,47.53885],[-122.33709,47.53977],[-122.34044,47.54036],[-122.34374,47.54018],[-122.34582,47.53948],[-122.3464,47.53877],[-122.34709,47.53639],[-122.34707,47.53408],[-122.35224,47.53428],[-122.35392,47.53368],[-122.35504,47.53368],[-122.35503,47.53456],[-122.35715,47.53478],[-122.35824,47.53753],[-122.36109,47.53795],[-122.36076,47.54054],[-122.3612,47.54416],[-122.36305,47.54742],[-122.36301,47.55011],[-122.36171,47.5501],[-122.36175,47.55371],[-122.36634,47.55377]]]}},{"type":"Feature","properties":{"GEOID":"53033010900","city":"Seattle","pct_hispanic":10.734,"pop_total":1295.0,"median_hh_income":79750.0,"pop_density_sqkm":240.27,"cameras_flock":0,"cameras_flock_nonretail":0,"cameras_alpr_all":0,"road_miles":9.765,"cameras_per_road_mile":0.0,"cameras_per_10k_residents":0.0,"crime_count":966.0,"crime_data_available":true,"retailer_count":0},"geometry":{"type":"Polygon","coordinates":[[[-122.34274,47.55622],[-122.34166,47.55588],[-122.33813,47.55574],[-122.32719,47.55564],[-122.32362,47.55336],[-122.32108,47.55338],[-122.31653,47.54888],[-122.31466,47.54805],[-122.29859,47.53422],[-122.29723,47.5322],[-122.29383,47.52432],[-122.30835,47.52428],[-122.30898,47.52602],[-122.31071,47.52763],[-122.31278,47.52835],[-122.32007,47.53269],[-122.33668,47.54383],[-122.34329,47.55603],[-122.34274,47.55622]]]}},{"type":"Feature","properties":{"GEOID":"53033022902","city":"Redmond","pct_hispanic":1.479,"pop_total":6762.0,"median_hh_income":211797.0,"pop_density_sqkm":1911.484,"cameras_flock":0,"cameras_flock_nonretail":0,"cameras_alpr_all":0,"road_miles":4.443,"cameras_per_road_mile":0.0,"cameras_per_10k_residents":0.0,"crime_count":null,"crime_data_available":false,"retailer_count":0},"geometry":{"type":"Polygon","coordinates":[[[-122.12613,47.66171],[-122.12439,47.66232],[-122.12371,47.66037],[-122.11465,47.65704],[-122.11189,47.65424],[-122.10115,47.65015],[-122.09815,47.64838],[-122.09352,47.64449],[-122.08647,47.6397],[-122.08285,47.63663],[-122.07999,47.63214],[-122.0793,47.62754],[-122.09182,47.62751],[-122.09222,47.62718],[-122.09255,47.62753],[-122.11094,47.62763],[-122.1109,47.64609],[-122.11428,47.64608],[-122.11794,47.65463],[-122.12613,47.66171]]]}},{"type":"Feature","properties":{"GEOID":"53033023000","city":"Bellevue","pct_hispanic":9.624,"pop_total":7398.0,"median_hh_income":184332.0,"pop_density_sqkm":2222.536,"cameras_flock":0,"cameras_flock_nonretail":0,"cameras_alpr_all":0,"road_miles":4.69,"cameras_per_road_mile":0.0,"cameras_per_10k_residents":0.0,"crime_count":null,"crime_data_available":false,"retailer_count":0},"geometry":{"type":"Polygon","coordinates":[[[-122.13728,47.62787],[-122.13501,47.62909],[-122.13404,47.63158],[-122.13235,47.6316],[-122.11086,47.63124],[-122.11094,47.62763],[-122.09255,47.62753],[-122.09222,47.62718],[-122.09182,47.62751],[-122.0793,47.62754],[-122.07973,47.62106],[-122.08091,47.61852],[-122.08369,47.61577],[-122.09088,47.61052],[-122.09376,47.60775],[-122.10903,47.60892],[-122.11057,47.60978],[-122.10955,47.61224],[-122.10762,47.61493],[-122.10718,47.61661],[-122.11147,47.62095],[-122.13173,47.62768],[-122.13728,47.62787]]]}},{"type":"Feature","properties":{"GEOID":"53033022300","city":"Kirkland","pct_hispanic":0.741,"pop_total":2699.0,"median_hh_income":204844.0,"pop_density_sqkm":530.647,"cameras_flock":0,"cameras_flock_nonretail":0,"cameras_alpr_all":0,"road_miles":1.721,"cameras_per_road_mile":0.0,"cameras_per_10k_residents":0.0,"crime_count":null,"crime_data_available":false,"retailer_count":0},"geometry":{"type":"Polygon","coordinates":[[[-122.27437,47.73349],[-122.26981,47.73348],[-122.26994,47.73412],[-122.26084,47.73402],[-122.26084,47.73572],[-122.24982,47.73563],[-122.2502,47.73794],[-122.2453,47.73196],[-122.24335,47.72556],[-122.24087,47.72455],[-122.23987,47.72209],[-122.23707,47.71945],[-122.23711,47.71767],[-122.23626,47.71552],[-122.23821,47.71128],[-122.23805,47.70948],[-122.23692,47.70746],[-122.23719,47.705],[-122.23654,47.70255],[-122.23451,47.70048],[-122.23143,47.69858],[-122.23008,47.69843],[-122.23061,47.69812],[-122.23,47.69783],[-122.23047,47.69775],[-122.22569,47.69394],[-122.23526,47.68855],[-122.24342,47.68952],[-122.24696,47.6912],[-122.25105,47.69362],[-122.26072,47.70226],[-122.26526,47.70807],[-122.26914,47.71412],[-122.27192,47.72043],[-122.27359,47.72693],[-122.27437,47.73349]]]}},{"type":"Feature","properties":{"GEOID":"53033022603","city":"Kirkland","pct_hispanic":2.938,"pop_total":5991.0,"median_hh_income":155000.0,"pop_density_sqkm":2074.056,"cameras_flock":0,"cameras_flock_nonretail":0,"cameras_alpr_all":1,"road_miles":4.493,"cameras_per_road_mile":0.0,"cameras_per_10k_residents":0.0,"crime_count":null,"crime_data_available":false,"retailer_count":0},"geometry":{"type":"Polygon","coordinates":[[[-122.1841,47.68239],[-122.18128,47.69185],[-122.17971,47.70154],[-122.17979,47.70399],[-122.17481,47.70399],[-122.1747,47.70494],[-122.17271,47.70661],[-122.17214,47.7078],[-122.16577,47.70743],[-122.16442,47.70618],[-122.16498,47.68982],[-122.16447,47.68604],[-122.17592,47.68622],[-122.17611,47.68255],[-122.1841,47.68239]]]}},{"type":"Feature","properties":{"GEOID":"53033022604","city":"Kirkland","pct_hispanic":5.97,"pop_total":5142.0,"median_hh_income":226058.0,"pop_density_sqkm":1741.876,"cameras_flock":0,"cameras_flock_nonretail":0,"cameras_alpr_all":0,"road_miles":7.08,"cameras_per_road_mile":0.0,"cameras_per_10k_residents":0.0,"crime_count":null,"crime_data_available":false,"retailer_count":0},"geometry":{"type":"Polygon","coordinates":[[[-122.18721,47.6696],[-122.18476,47.67653],[-122.1841,47.68239],[-122.17611,47.68255],[-122.17592,47.68622],[-122.16447,47.68604],[-122.16391,47.68234],[-122.16399,47.66665],[-122.17034,47.66809],[-122.18289,47.66827],[-122.18589,47.66954],[-122.18721,47.6696]]]}},{"type":"Feature","properties":{"GEOID":"53033022605","city":"Redmond","pct_hispanic":17.613,"pop_total":7324.0,"median_hh_income":121371.0,"pop_density_sqkm":1549.597,"cameras_flock":1,"cameras_flock_nonretail":1,"cameras_alpr_all":1,"road_miles":4.351,"cameras_per_road_mile":0.23,"cameras_per_10k_residents":1.365,"crime_count":null,"crime_data_available":false,"retailer_count":0},"geometry":{"type":"Polygon","coordinates":[[[-122.17214,47.7078],[-122.17117,47.70928],[-122.1683,47.7102],[-122.16688,47.71138],[-122.1576,47.71167],[-122.15426,47.71138],[-122.1543,47.70935],[-122.15038,47.69069],[-122.14868,47.68845],[-122.13824,47.67811],[-122.13675,47.67491],[-122.14523,47.67516],[-122.14938,47.67467],[-122.15317,47.67642],[-122.1621,47.67931],[-122.16392,47.6795],[-122.16498,47.68946],[-122.16442,47.70618],[-122.16588,47.70746],[-122.17214,47.7078]]]}},{"type":"Feature","properties":{"GEOID":"53033022606","city":"Redmond","pct_hispanic":7.639,"pop_total":6087.0,"median_hh_income":165707.0,"pop_density_sqkm":2206.936,"cameras_flock":0,"cameras_flock_nonretail":0,"cameras_alpr_all":0,"road_miles":4.42,"cameras_per_road_mile":0.0,"cameras_per_10k_residents":0.0,"crime_count":null,"crime_data_available":false,"retailer_count":0},"geometry":{"type":"Polygon","coordinates":[[[-122.16407,47.66078],[-122.16392,47.6795],[-122.1621,47.67931],[-122.15317,47.67642],[-122.14964,47.67473],[-122.1432,47.67515],[-122.14335,47.66064],[-122.16407,47.66078]]]}},{"type":"Feature","properties":{"GEOID":"53033022701","city":"Kirkland","pct_hispanic":3.411,"pop_total":3049.0,"median_hh_income":184125.0,"pop_density_sqkm":1897.12,"cameras_flock":0,"cameras_flock_nonretail":0,"cameras_alpr_all":0,"road_miles":4.691,"cameras_per_road_mile":0.0,"cameras_per_10k_residents":0.0,"crime_count":null,"crime_data_available":false,"retailer_count":0},"geometry":{"type":"Polygon","coordinates":[[[-122.21382,47.64456],[-122.21312,47.64458],[-122.21312,47.64521],[-122.21247,47.64521],[-122.21247,47.64634],[-122.21188,47.64633],[-122.20978,47.64991],[-122.21214,47.65732],[-122.20924,47.66681],[-122.20827,47.66681],[-122.20841,47.66753],[-122.20738,47.66764],[-122.2019,47.66759],[-122.20191,47.66679],[-122.19962,47.66677],[-122.20294,47.65922],[-122.20235,47.65422],[-122.2001,47.64858],[-122.19927,47.64753],[-122.19629,47.64543],[-122.1963,47.63977],[-122.19913,47.64167],[-122.20275,47.64268],[-122.20842,47.64313],[-122.21303,47.64199],[-122.21375,47.64272],[-122.21382,47.64456]]]}},{"type":"Feature","properties":{"GEOID":"53033011101","city":"Seattle","pct_hispanic":13.608,"pop_total":4762.0,"median_hh_income":89170.0,"pop_density_sqkm":4188.767,"cameras_flock":0,"cameras_flock_nonretail":0,"cameras_alpr_all":0,"road_miles":1.408,"cameras_per_road_mile":0.0,"cameras_per_10k_residents":0.0,"crime_count":457.0,"crime_data_available":true,"retailer_count":0},"geometry":{"type":"Polygon","coordinates":[[[-122.28543,47.54605],[-122.27599,47.54603],[-122.27451,47.5449],[-122.27094,47.5398],[-122.27028,47.53696],[-122.27264,47.53695],[-122.27272,47.53156],[-122.27831,47.53154],[-122.27882,47.53326],[-122.28064,47.5354],[-122.28094,47.53705],[-122.28543,47.54605]]]}},{"type":"Feature","properties":{"GEOID":"53033023100","city":"Bellevue","pct_hispanic":5.645,"pop_total":4039.0,"median_hh_income":206705.0,"pop_density_sqkm":1596.722,"cameras_flock":0,"cameras_flock_nonretail":0,"cameras_alpr_all":0,"road_miles":3.298,"cameras_per_road_mile":0.0,"cameras_per_10k_residents":0.0,"crime_count":null,"crime_data_available":false,"retailer_count":0},"geometry":{"type":"Polygon","coordinates":[[[-122.12129,47.60976],[-122.12167,47.62445],[-122.11231,47.62143],[-122.11131,47.62082],[-122.10718,47.61661],[-122.10762,47.61493],[-122.10955,47.61224],[-122.11057,47.60978],[-122.10903,47.60892],[-122.09376,47.60775],[-122.09634,47.60299],[-122.09847,47.59193],[-122.11208,47.59222],[-122.11143,47.58621],[-122.11386,47.58673],[-122.11685,47.58918],[-122.11575,47.59046],[-122.11571,47.59718],[-122.11633,47.59842],[-122.11741,47.59894],[-122.11743,47.6003],[-122.11621,47.60105],[-122.11611,47.60183],[-122.11701,47.60557],[-122.11778,47.60657],[-122.11902,47.60686],[-122.11945,47.60913],[-122.12048,47.60988],[-122.12129,47.60976]]]}},{"type":"Feature","properties":{"GEOID":"53033023201","city":"Bellevue","pct_hispanic":5.723,"pop_total":6256.0,"median_hh_income":116683.0,"pop_density_sqkm":3986.633,"cameras_flock":0,"cameras_flock_nonretail":0,"cameras_alpr_all":0,"road_miles":2.627,"cameras_per_road_mile":0.0,"cameras_per_10k_residents":0.0,"crime_count":null,"crime_data_available":false,"retailer_count":0},"geometry":{"type":"Polygon","coordinates":[[[-122.14288,47.60985],[-122.1431,47.62651],[-122.13728,47.62787],[-122.13237,47.6278],[-122.13225,47.60982],[-122.14288,47.60985]]]}},{"type":"Feature","properties":{"GEOID":"53033023300","city":"Bellevue","pct_hispanic":5.441,"pop_total":7388.0,"median_hh_income":180928.0,"pop_density_sqkm":2058.125,"cameras_flock":0,"cameras_flock_nonretail":0,"cameras_alpr_all":0,"road_miles":6.112,"cameras_per_road_mile":0.0,"cameras_per_10k_residents":0.0,"crime_count":null,"crime_data_available":false,"retailer_count":0},"geometry":{"type":"Polygon","coordinates":[[[-122.14288,47.60985],[-122.12674,47.60978],[-122.12352,47.60917],[-122.12048,47.60988],[-122.11945,47.60913],[-122.11902,47.60686],[-122.11778,47.60657],[-122.11701,47.60557],[-122.11611,47.60183],[-122.11621,47.60105],[-122.11743,47.6003],[-122.11741,47.59894],[-122.11633,47.59842],[-122.11571,47.59718],[-122.11575,47.59046],[-122.11646,47.58939],[-122.11833,47.58896],[-122.13248,47.58903],[-122.1319,47.591],[-122.13178,47.59628],[-122.1426,47.59634],[-122.14288,47.60985]]]}},{"type":"Feature","properties":{"GEOID":"53033012000","city":"Seattle","pct_hispanic":8.144,"pop_total":3340.0,"median_hh_income":120398.0,"pop_density_sqkm":2324.207,"cameras_flock":0,"cameras_flock_nonretail":0,"cameras_alpr_all":0,"road_miles":2.144,"cameras_per_road_mile":0.0,"cameras_per_10k_residents":0.0,"crime_count":160.0,"crime_data_available":true,"retailer_count":0},"geometry":{"type":"Polygon","coordinates":[[[-122.39147,47.51606],[-122.39117,47.51755],[-122.38502,47.51746],[-122.38479,47.51656],[-122.37945,47.51655],[-122.37953,47.51748],[-122.3714,47.51742],[-122.37088,47.5082],[-122.38779,47.50829],[-122.38817,47.51008],[-122.39076,47.51253],[-122.39147,47.51606]]]}},{"type":"Feature","properties":{"GEOID":"53033023401","city":"Bellevue","pct_hispanic":14.65,"pop_total":4546.0,"median_hh_income":171144.0,"pop_density_sqkm":1226.144,"cameras_flock":0,"cameras_flock_nonretail":0,"cameras_alpr_all":0,"road_miles":8.381,"cameras_per_road_mile":0.0,"cameras_per_10k_residents":0.0,"crime_count":null,"crime_data_available":false,"retailer_count":0},"geometry":{"type":"Polygon","coordinates":[[[-122.16889,47.58008],[-122.16433,47.58734],[-122.15671,47.58731],[-122.15519,47.58779],[-122.15279,47.59013],[-122.15095,47.59522],[-122.14995,47.59611],[-122.1482,47.59635],[-122.13178,47.59628],[-122.13265,47.58377],[-122.13502,47.58143],[-122.13837,47.5794],[-122.14029,47.57932],[-122.14025,47.57876],[-122.16889,47.58008]]]}},{"type":"Feature","properties":{"GEOID":"53033011200","city":"Seattle","pct_hispanic":22.579,"pop_total":4141.0,"median_hh_income":109805.0,"pop_density_sqkm":1667.218,"cameras_flock":1,"cameras_flock_nonretail":1,"cameras_alpr_all":1,"road_miles":4.078,"cameras_per_road_mile":0.245,"cameras_per_10k_residents":2.415,"crime_count":429.0,"crime_data_available":true,"retailer_count":0},"geometry":{"type":"Polygon","coordinates":[[[-122.33516,47.54037],[-122.33468,47.54241],[-122.32901,47.53838],[-122.31534,47.52998],[-122.3176,47.52977],[-122.31755,47.52821],[-122.31172,47.52649],[-122.3097,47.5243],[-122.30967,47.52215],[-122.31766,47.52222],[-122.31753,47.51872],[-122.32588,47.51869],[-122.32588,47.52092],[-122.3315,47.52095],[-122.3329,47.52349],[-122.33439,47.52968],[-122.33516,47.54037]]]}},{"type":"Feature","properties":{"GEOID":"53033011300","city":"Seattle","pct_hispanic":19.302,"pop_total":6279.0,"median_hh_income":112455.0,"pop_density_sqkm":1836.336,"cameras_flock":0,"cameras_flock_nonretail":0,"cameras_alpr_all":0,"road_miles":5.682,"cameras_per_road_mile":0.0,"cameras_per_10k_residents":0.0,"crime_count":782.0,"crime_data_available":true,"retailer_count":0},"geometry":{"type":"Polygon","coordinates":[[[-122.35517,47.51738],[-122.35504,47.53368],[-122.35392,47.53368],[-122.35224,47.53428],[-122.34707,47.53408],[-122.34709,47.53639],[-122.3464,47.53877],[-122.34582,47.53948],[-122.34374,47.54018],[-122.3408,47.5404],[-122.33592,47.53941],[-122.33477,47.53855],[-122.33439,47.52968],[-122.3329,47.52349],[-122.3315,47.52095],[-122.33436,47.52082],[-122.33387,47.51982],[-122.33476,47.51968],[-122.33619,47.52025],[-122.3358,47.52085],[-122.3363,47.52124],[-122.33895,47.51928],[-122.34045,47.51724],[-122.35517,47.51738]]]}},{"type":"Feature","properties":{"GEOID":"53033012100","city":"Seattle","pct_hispanic":6.645,"pop_total":2784.0,"median_hh_income":179250.0,"pop_density_sqkm":1600.044,"cameras_flock":0,"cameras_flock_nonretail":0,"cameras_alpr_all":0,"road_miles":2.456,"cameras_per_road_mile":0.0,"cameras_per_10k_residents":0.0,"crime_count":75.0,"crime_data_available":true,"retailer_count":0},"geometry":{"type":"Polygon","coordinates":[[[-122.40361,47.51622],[-122.40242,47.52201],[-122.39287,47.51944],[-122.3929,47.51757],[-122.39117,47.51755],[-122.39149,47.51562],[-122.39097,47.51297],[-122.39014,47.51167],[-122.38817,47.51008],[-122.38779,47.50829],[-122.37088,47.5082],[-122.37039,47.50582],[-122.37069,47.50351],[-122.37392,47.5007],[-122.37565,47.49643],[-122.38013,47.4932],[-122.38927,47.49896],[-122.3955,47.50637],[-122.39974,47.51235],[-122.40361,47.51622]]]}},{"type":"Feature","properties":{"GEOID":"53033020100","city":"Shoreline","pct_hispanic":2.482,"pop_total":3545.0,"median_hh_income":166836.0,"pop_density_sqkm":2007.326,"cameras_flock":0,"cameras_flock_nonretail":0,"cameras_alpr_all":0,"road_miles":2.969,"cameras_per_road_mile":0.0,"cameras_per_10k_residents":0.0,"crime_count":null,"crime_data_available":false,"retailer_count":0},"geometry":{"type":"Polygon","coordinates":[[[-122.39883,47.77794],[-122.37733,47.77785],[-122.37724,47.76502],[-122.37805,47.76324],[-122.38039,47.76145],[-122.3826,47.76293],[-122.38423,47.76346],[-122.39352,47.76338],[-122.39818,47.77023],[-122.39883,47.77794]]]}},{"type":"Feature","properties":{"GEOID":"53033032010","city":"Maple Valley","pct_hispanic":7.486,"pop_total":6626.0,"median_hh_income":157902.0,"pop_density_sqkm":1254.343,"cameras_flock":1,"cameras_flock_nonretail":1,"cameras_alpr_all":1,"road_miles":5.478,"cameras_per_road_mile":0.183,"cameras_per_10k_residents":1.509,"crime_count":null,"crime_data_available":false,"retailer_count":0},"geometry":{"type":"Polygon","coordinates":[[[-122.0481,47.38237],[-122.04801,47.38777],[-122.04535,47.39036],[-122.04604,47.39198],[-122.04457,47.39745],[-122.03938,47.39375],[-122.03831,47.39397],[-122.03814,47.39443],[-122.04134,47.39653],[-122.03607,47.39401],[-122.03206,47.3935],[-122.03202,47.38936],[-122.02728,47.38679],[-122.02257,47.38355],[-122.02114,47.38037],[-122.0138,47.37715],[-122.01087,47.37692],[-122.00438,47.37914],[-122.00354,47.3788],[-121.99985,47.3789],[-121.99491,47.37599],[-121.99094,47.37594],[-122.00226,47.37074],[-122.00907,47.37042],[-122.01034,47.37006],[-122.01141,47.36909],[-122.01214,47.3663],[-122.01613,47.36361],[-122.01631,47.3618],[-122.02093,47.36137],[-122.02331,47.37228],[-122.02475,47.37477],[-122.02661,47.37405],[-122.03232,47.37392],[-122.03246,47.37557],[-122.03309,47.37651],[-122.0371,47.37997],[-122.03991,47.3808],[-122.04603,47.38119],[-122.0481,47.38237]]]}},{"type":"Feature","properties":{"GEOID":"53033022703","city":"Kirkland","pct_hispanic":2.781,"pop_total":2985.0,"median_hh_income":245036.0,"pop_density_sqkm":712.372,"cameras_flock":0,"cameras_flock_nonretail":0,"cameras_alpr_all":1,"road_miles":4.919,"cameras_per_road_mile":0.0,"cameras_per_10k_residents":0.0,"crime_count":null,"crime_data_available":false,"retailer_count":0},"geometry":{"type":"Polygon","coordinates":[[[-122.18716,47.64643],[-122.18702,47.66963],[-122.18589,47.66954],[-122.18289,47.66827],[-122.17034,47.66809],[-122.16399,47.66665],[-122.16449,47.64618],[-122.18716,47.64643]]]}},{"type":"Feature","properties":{"GEOID":"53033020200","city":"Shoreline","pct_hispanic":5.019,"pop_total":5878.0,"median_hh_income":119444.0,"pop_density_sqkm":2268.18,"cameras_flock":0,"cameras_flock_nonretail":0,"cameras_alpr_all":0,"road_miles":4.924,"cameras_per_road_mile":0.0,"cameras_per_10k_residents":0.0,"crime_count":null,"crime_data_available":false,"retailer_count":0},"geometry":{"type":"Polygon","coordinates":[[[-122.37748,47.77763],[-122.35149,47.77778],[-122.35123,47.76322],[-122.35372,47.7645],[-122.35608,47.76427],[-122.35882,47.76505],[-122.36661,47.76512],[-122.37007,47.76587],[-122.37313,47.7686],[-122.37541,47.7689],[-122.37723,47.77025],[-122.37748,47.77763]]]}},{"type":"Feature","properties":{"GEOID":"53033020401","city":"Shoreline","pct_hispanic":11.937,"pop_total":4616.0,"median_hh_income":102237.0,"pop_density_sqkm":1995.657,"cameras_flock":0,"cameras_flock_nonretail":0,"cameras_alpr_all":0,"road_miles":5.593,"cameras_per_road_mile":0.0,"cameras_per_10k_residents":0.0,"crime_count":null,"crime_data_available":false,"retailer_count":0},"geometry":{"type":"Polygon","coordinates":[[[-122.32994,47.77762],[-122.30836,47.77753],[-122.30979,47.77163],[-122.31301,47.77034],[-122.31079,47.77008],[-122.30894,47.76922],[-122.30815,47.76769],[-122.30573,47.76611],[-122.30524,47.76427],[-122.30801,47.76455],[-122.30964,47.76426],[-122.31197,47.76495],[-122.31587,47.76653],[-122.3177,47.76805],[-122.31887,47.76671],[-122.31883,47.76317],[-122.32963,47.76325],[-122.32994,47.77762]]]}},{"type":"Feature","properties":{"GEOID":"53033022802","city":"Redmond","pct_hispanic":6.581,"pop_total":6701.0,"median_hh_income":168280.0,"pop_density_sqkm":2518.447,"cameras_flock":0,"cameras_flock_nonretail":0,"cameras_alpr_all":0,"road_miles":4.756,"cameras_per_road_mile":0.0,"cameras_per_10k_residents":0.0,"crime_count":null,"crime_data_available":false,"retailer_count":0},"geometry":{"type":"Polygon","coordinates":[[[-122.14334,47.65506],[-122.1432,47.67515],[-122.13723,47.67502],[-122.13385,47.67361],[-122.1336,47.67229],[-122.13177,47.67064],[-122.12761,47.6683],[-122.12693,47.66712],[-122.12716,47.66439],[-122.12627,47.66193],[-122.12129,47.65781],[-122.12713,47.65481],[-122.13459,47.65405],[-122.14334,47.65506]]]}},{"type":"Feature","properties":{"GEOID":"53033022803","city":"Redmond","pct_hispanic":4.417,"pop_total":8604.0,"median_hh_income":175278.0,"pop_density_sqkm":1802.76,"cameras_flock":1,"cameras_flock_nonretail":1,"cameras_alpr_all":1,"road_miles":11.959,"cameras_per_road_mile":0.084,"cameras_per_10k_residents":1.162,"crime_count":null,"crime_data_available":false,"retailer_count":0},"geometry":{"type":"Polygon","coordinates":[[[-122.1431,47.62651],[-122.14334,47.65506],[-122.13459,47.65405],[-122.12723,47.65478],[-122.12129,47.65781],[-122.11755,47.65406],[-122.11653,47.65061],[-122.11423,47.64584],[-122.11587,47.64381],[-122.12314,47.63807],[-122.13374,47.63187],[-122.13476,47.62944],[-122.13561,47.62857],[-122.13778,47.62772],[-122.1431,47.62651]]]}},{"type":"Feature","properties":{"GEOID":"53033022901","city":"Bellevue","pct_hispanic":3.115,"pop_total":3178.0,"median_hh_income":188672.0,"pop_density_sqkm":2139.877,"cameras_flock":0,"cameras_flock_nonretail":0,"cameras_alpr_all":0,"road_miles":2.387,"cameras_per_road_mile":0.0,"cameras_per_10k_residents":0.0,"crime_count":null,"crime_data_available":false,"retailer_count":0},"geometry":{"type":"Polygon","coordinates":[[[-122.13404,47.63158],[-122.12314,47.63807],[-122.11563,47.64402],[-122.11438,47.64528],[-122.11428,47.64608],[-122.1109,47.64609],[-122.11086,47.63124],[-122.13404,47.63158]]]}},{"type":"Feature","properties":{"GEOID":"53033020402","city":"Lake Forest Park","pct_hispanic":4.677,"pop_total":5602.0,"median_hh_income":121212.0,"pop_density_sqkm":2008.181,"cameras_flock":0,"cameras_flock_nonretail":0,"cameras_alpr_all":0,"road_miles":6.294,"cameras_per_road_mile":0.0,"cameras_per_10k_residents":0.0,"crime_count":null,"crime_data_available":false,"retailer_count":0},"geometry":{"type":"Polygon","coordinates":[[[-122.31301,47.77034],[-122.30979,47.77163],[-122.30836,47.77753],[-122.29009,47.77735],[-122.29033,47.77585],[-122.28983,47.77441],[-122.28836,47.77283],[-122.28666,47.77202],[-122.28379,47.76751],[-122.28505,47.7659],[-122.28552,47.76401],[-122.28523,47.76216],[-122.28388,47.76006],[-122.28659,47.76065],[-122.28949,47.76269],[-122.29187,47.76289],[-122.29175,47.75992],[-122.29318,47.76075],[-122.29811,47.76131],[-122.29878,47.76109],[-122.30108,47.76287],[-122.30524,47.76427],[-122.30573,47.76611],[-122.30815,47.76769],[-122.30894,47.76922],[-122.31079,47.77008],[-122.31301,47.77034]]]}},{"type":"Feature","properties":{"GEOID":"53033020500","city":"Shoreline","pct_hispanic":11.578,"pop_total":7825.0,"median_hh_income":134688.0,"pop_density_sqkm":2874.681,"cameras_flock":0,"cameras_flock_nonretail":0,"cameras_alpr_all":0,"road_miles":6.204,"cameras_per_road_mile":0.0,"cameras_per_10k_residents":0.0,"crime_count":null,"crime_data_available":false,"retailer_count":0},"geometry":{"type":"Polygon","coordinates":[[[-122.32417,47.7614],[-122.32273,47.76321],[-122.31883,47.76317],[-122.31887,47.76671],[-122.31793,47.76801],[-122.31706,47.76784],[-122.31561,47.76641],[-122.31047,47.76467],[-122.31033,47.76408],[-122.30809,47.76301],[-122.30734,47.76147],[-122.30372,47.75949],[-122.30355,47.75867],[-122.30419,47.75829],[-122.3024,47.75718],[-122.30205,47.75414],[-122.30239,47.7531],[-122.30332,47.75265],[-122.30262,47.75198],[-122.303,47.75016],[-122.30218,47.74985],[-122.30213,47.74833],[-122.30746,47.74839],[-122.30909,47.74808],[-122.30995,47.74845],[-122.32392,47.74859],[-122.32417,47.7614]]]}},{"type":"Feature","properties":{"GEOID":"53033020600","city":"Shoreline","pct_hispanic":12.76,"pop_total":4036.0,"median_hh_income":166611.0,"pop_density_sqkm":2037.532,"cameras_flock":0,"cameras_flock_nonretail":0,"cameras_alpr_all":0,"road_miles":3.046,"cameras_per_road_mile":0.0,"cameras_per_10k_residents":0.0,"crime_count":null,"crime_data_available":false,"retailer_count":0},"geometry":{"type":"Polygon","coordinates":[[[-122.34042,47.76325],[-122.32273,47.76321],[-122.32417,47.7614],[-122.32392,47.74859],[-122.34008,47.74871],[-122.34042,47.76325]]]}},{"type":"Feature","properties":{"GEOID":"53033020700","city":"Shoreline","pct_hispanic":15.851,"pop_total":4334.0,"median_hh_income":88686.0,"pop_density_sqkm":2532.74,"cameras_flock":0,"cameras_flock_nonretail":0,"cameras_alpr_all":0,"road_miles":3.507,"cameras_per_road_mile":0.0,"cameras_per_10k_residents":0.0,"crime_count":null,"crime_data_available":false,"retailer_count":0},"geometry":{"type":"Polygon","coordinates":[[[-122.35608,47.76427],[-122.35372,47.7645],[-122.35123,47.76322],[-122.34042,47.76325],[-122.34008,47.74871],[-122.35324,47.74867],[-122.35442,47.74925],[-122.35451,47.75137],[-122.35276,47.75624],[-122.35452,47.75901],[-122.3548,47.76139],[-122.35608,47.76427]]]}},{"type":"Feature","properties":{"GEOID":"53033020800","city":"Shoreline","pct_hispanic":2.973,"pop_total":4878.0,"median_hh_income":173015.0,"pop_density_sqkm":1478.6,"cameras_flock":0,"cameras_flock_nonretail":0,"cameras_alpr_all":0,"road_miles":7.698,"cameras_per_road_mile":0.0,"cameras_per_10k_residents":0.0,"crime_count":null,"crime_data_available":false,"retailer_count":0},"geometry":{"type":"Polygon","coordinates":[[[-122.39346,47.76338],[-122.38423,47.76346],[-122.3826,47.76293],[-122.38039,47.76145],[-122.37836,47.76291],[-122.37737,47.76438],[-122.37723,47.77025],[-122.37541,47.7689],[-122.37313,47.7686],[-122.36982,47.76578],[-122.36661,47.76512],[-122.35882,47.76505],[-122.35608,47.76427],[-122.3548,47.76139],[-122.35452,47.75901],[-122.35276,47.75624],[-122.35451,47.75137],[-122.3546,47.74943],[-122.35784,47.75119],[-122.35834,47.75102],[-122.36504,47.75422],[-122.36956,47.75281],[-122.37123,47.75044],[-122.37197,47.7502],[-122.37266,47.74926],[-122.37584,47.74856],[-122.38234,47.74875],[-122.38264,47.74912],[-122.38713,47.74874],[-122.38478,47.75676],[-122.39346,47.76338]]]}},{"type":"Feature","properties":{"GEOID":"53033020900","city":"Shoreline","pct_hispanic":9.581,"pop_total":4300.0,"median_hh_income":101373.0,"pop_density_sqkm":946.952,"cameras_flock":0,"cameras_flock_nonretail":0,"cameras_alpr_all":0,"road_miles":5.634,"cameras_per_road_mile":0.0,"cameras_per_10k_residents":0.0,"crime_count":null,"crime_data_available":false,"retailer_count":0},"geometry":{"type":"Polygon","coordinates":[[[-122.38711,47.74874],[-122.38264,47.74912],[-122.38234,47.74875],[-122.37584,47.74856],[-122.37266,47.74926],[-122.37197,47.7502],[-122.37123,47.75044],[-122.36956,47.75281],[-122.36504,47.75422],[-122.35834,47.75102],[-122.35784,47.75119],[-122.3555,47.75011],[-122.35324,47.74867],[-122.3456,47.74869],[-122.34521,47.73413],[-122.38127,47.7343],[-122.38195,47.73916],[-122.38679,47.74686],[-122.38711,47.74874]]]}},{"type":"Feature","properties":{"GEOID":"53033011500","city":"Seattle","pct_hispanic":14.16,"pop_total":4449.0,"median_hh_income":128073.0,"pop_density_sqkm":2892.016,"cameras_flock":0,"cameras_flock_nonretail":0,"cameras_alpr_all":0,"road_miles":2.896,"cameras_per_road_mile":0.0,"cameras_per_10k_residents":0.0,"crime_count":312.0,"crime_data_available":true,"retailer_count":0},"geometry":{"type":"Polygon","coordinates":[[[-122.3819,47.52617],[-122.38196,47.5357],[-122.37838,47.53561],[-122.37836,47.53924],[-122.3712,47.53919],[-122.3712,47.53378],[-122.36849,47.53371],[-122.36849,47.53195],[-122.36855,47.52828],[-122.37125,47.52828],[-122.37133,47.52104],[-122.37944,47.52109],[-122.37934,47.52613],[-122.3819,47.52617]]]}},{"type":"Feature","properties":{"GEOID":"53033021300","city":"Lake Forest Park","pct_hispanic":6.381,"pop_total":4310.0,"median_hh_income":132292.0,"pop_density_sqkm":2415.906,"cameras_flock":2,"cameras_flock_nonretail":2,"cameras_alpr_all":2,"road_miles":2.36,"cameras_per_road_mile":0.847,"cameras_per_10k_residents":4.64,"crime_count":null,"crime_data_available":false,"retailer_count":0},"geometry":{"type":"Polygon","coordinates":[[[-122.30209,47.7447],[-122.29129,47.74458],[-122.29135,47.74825],[-122.29045,47.747],[-122.28693,47.74579],[-122.2864,47.74454],[-122.28483,47.74826],[-122.28306,47.74777],[-122.28258,47.74851],[-122.27902,47.74996],[-122.2778,47.74932],[-122.27414,47.74502],[-122.27614,47.73972],[-122.26994,47.73412],[-122.26981,47.73348],[-122.30196,47.73383],[-122.30209,47.7447]]]}},{"type":"Feature","properties":{"GEOID":"53033021400","city":"Lake Forest Park","pct_hispanic":7.361,"pop_total":3763.0,"median_hh_income":159056.0,"pop_density_sqkm":1199.805,"cameras_flock":0,"cameras_flock_nonretail":0,"cameras_alpr_all":0,"road_miles":5.289,"cameras_per_road_mile":0.0,"cameras_per_10k_residents":0.0,"crime_count":null,"crime_data_available":false,"retailer_count":0},"geometry":{"type":"Polygon","coordinates":[[[-122.31033,47.76458],[-122.30944,47.76425],[-122.30801,47.76455],[-122.3046,47.76423],[-122.30094,47.7628],[-122.29878,47.76109],[-122.29811,47.76131],[-122.29318,47.76075],[-122.29175,47.75992],[-122.29187,47.76289],[-122.28966,47.76272],[-122.28659,47.76065],[-122.28377,47.76002],[-122.27959,47.75581],[-122.27611,47.75333],[-122.27496,47.75322],[-122.27467,47.75265],[-122.26964,47.74972],[-122.27414,47.74502],[-122.2778,47.74932],[-122.27902,47.74996],[-122.28258,47.74851],[-122.28306,47.74777],[-122.28483,47.74826],[-122.2864,47.74454],[-122.28693,47.74579],[-122.29045,47.747],[-122.29135,47.74825],[-122.29129,47.74458],[-122.30209,47.7447],[-122.30218,47.74985],[-122.303,47.75016],[-122.30262,47.75198],[-122.30332,47.75265],[-122.30239,47.7531],[-122.30205,47.75414],[-122.30232,47.757],[-122.30419,47.75829],[-122.30355,47.75867],[-122.30372,47.75949],[-122.30734,47.76147],[-122.30809,47.76301],[-122.31033,47.76408],[-122.31033,47.76458]]]}},{"type":"Feature","properties":{"GEOID":"53033011700","city":"Seattle","pct_hispanic":12.445,"pop_total":5914.0,"median_hh_income":93090.0,"pop_density_sqkm":1682.116,"cameras_flock":0,"cameras_flock_nonretail":0,"cameras_alpr_all":0,"road_miles":8.118,"cameras_per_road_mile":0.0,"cameras_per_10k_residents":0.0,"crime_count":447.0,"crime_data_available":true,"retailer_count":0},"geometry":{"type":"Polygon","coordinates":[[[-122.29611,47.52997],[-122.29337,47.53081],[-122.2946,47.53311],[-122.28918,47.53306],[-122.28847,47.53168],[-122.27831,47.53154],[-122.27808,47.5289],[-122.27625,47.52304],[-122.27234,47.51996],[-122.27002,47.51715],[-122.27007,47.50966],[-122.27541,47.50978],[-122.27543,47.50714],[-122.27823,47.50799],[-122.27823,47.50985],[-122.29134,47.51015],[-122.2913,47.52446],[-122.29365,47.52446],[-122.29611,47.52997]]]}},{"type":"Feature","properties":{"GEOID":"53033023500","city":"Bellevue","pct_hispanic":4.718,"pop_total":4027.0,"median_hh_income":157102.0,"pop_density_sqkm":1647.877,"cameras_flock":0,"cameras_flock_nonretail":0,"cameras_alpr_all":0,"road_miles":3.188,"cameras_per_road_mile":0.0,"cameras_per_10k_residents":0.0,"crime_count":null,"crime_data_available":false,"retailer_count":0},"geometry":{"type":"Polygon","coordinates":[[[-122.18411,47.60305],[-122.18032,47.60331],[-122.18007,47.60211],[-122.17896,47.60232],[-122.17628,47.60205],[-122.17247,47.60106],[-122.16992,47.59986],[-122.1684,47.59873],[-122.16673,47.59534],[-122.16488,47.59364],[-122.16428,47.59198],[-122.16441,47.58698],[-122.16769,47.58206],[-122.16865,47.58125],[-122.16889,47.58008],[-122.1746,47.58025],[-122.17561,47.5824],[-122.17906,47.58638],[-122.18121,47.59133],[-122.18192,47.59985],[-122.18411,47.60305]]]}},{"type":"Feature","properties":{"GEOID":"53033023601","city":"Bellevue","pct_hispanic":6.943,"pop_total":4782.0,"median_hh_income":163646.0,"pop_density_sqkm":1033.486,"cameras_flock":3,"cameras_flock_nonretail":0,"cameras_alpr_all":7,"road_miles":10.562,"cameras_per_road_mile":0.284,"cameras_per_10k_residents":6.274,"crime_count":null,"crime_data_available":false,"retailer_count":1},"geometry":{"type":"Polygon","coordinates":[[[-122.18834,47.60891],[-122.18884,47.61735],[-122.1812,47.61731],[-122.17736,47.61914],[-122.17499,47.6191],[-122.175,47.61993],[-122.15906,47.62324],[-122.15901,47.60137],[-122.15947,47.59937],[-122.16041,47.59823],[-122.16256,47.59729],[-122.16535,47.59734],[-122.17282,47.60117],[-122.17681,47.60215],[-122.18007,47.60211],[-122.18032,47.60331],[-122.18292,47.60339],[-122.18411,47.60305],[-122.1873,47.6068],[-122.18834,47.60891]]]}},{"type":"Feature","properties":{"GEOID":"53033023603","city":"Bellevue","pct_hispanic":18.734,"pop_total":6176.0,"median_hh_income":134733.0,"pop_density_sqkm":3060.768,"cameras_flock":0,"cameras_flock_nonretail":0,"cameras_alpr_all":1,"road_miles":4.846,"cameras_per_road_mile":0.0,"cameras_per_10k_residents":0.0,"crime_count":null,"crime_data_available":false,"retailer_count":0},"geometry":{"type":"Polygon","coordinates":[[[-122.1593,47.61718],[-122.15897,47.61718],[-122.15906,47.62324],[-122.1431,47.62651],[-122.14288,47.60985],[-122.15918,47.61014],[-122.1593,47.61718]]]}},{"type":"Feature","properties":{"GEOID":"53033023604","city":"Bellevue","pct_hispanic":13.436,"pop_total":6594.0,"median_hh_income":125000.0,"pop_density_sqkm":2270.341,"cameras_flock":0,"cameras_flock_nonretail":0,"cameras_alpr_all":0,"road_miles":5.967,"cameras_per_road_mile":0.0,"cameras_per_10k_residents":0.0,"crime_count":null,"crime_data_available":false,"retailer_count":0},"geometry":{"type":"Polygon","coordinates":[[[-122.16922,47.59943],[-122.16648,47.59772],[-122.16475,47.59724],[-122.16256,47.59729],[-122.16012,47.59848],[-122.15901,47.60137],[-122.15918,47.61014],[-122.14288,47.60985],[-122.1426,47.59634],[-122.14899,47.59634],[-122.15039,47.59587],[-122.15279,47.59013],[-122.15573,47.5875],[-122.16433,47.58734],[-122.16428,47.59198],[-122.16469,47.59332],[-122.16673,47.59534],[-122.16815,47.5984],[-122.16922,47.59943]]]}},{"type":"Feature","properties":{"GEOID":"53033021600","city":"Kenmore","pct_hispanic":3.862,"pop_total":5774.0,"median_hh_income":142040.0,"pop_density_sqkm":2016.538,"cameras_flock":0,"cameras_flock_nonretail":0,"cameras_alpr_all":0,"road_miles":5.906,"cameras_per_road_mile":0.0,"cameras_per_10k_residents":0.0,"crime_count":null,"crime_data_available":false,"retailer_count":0},"geometry":{"type":"Polygon","coordinates":[[[-122.27103,47.7771],[-122.25317,47.77706],[-122.25273,47.77545],[-122.25378,47.77461],[-122.25077,47.77457],[-122.24943,47.77375],[-122.24838,47.76996],[-122.24944,47.76749],[-122.24985,47.75435],[-122.25584,47.75452],[-122.25935,47.75422],[-122.26409,47.75483],[-122.26278,47.75649],[-122.26291,47.75785],[-122.26175,47.75782],[-122.26252,47.75834],[-122.2618,47.75975],[-122.26386,47.76209],[-122.26436,47.76773],[-122.26818,47.76866],[-122.26954,47.76964],[-122.26947,47.77395],[-122.27103,47.7771]]]}},{"type":"Feature","properties":{"GEOID":"53033021802","city":"Bothell","pct_hispanic":4.496,"pop_total":6117.0,"median_hh_income":159612.0,"pop_density_sqkm":1250.551,"cameras_flock":2,"cameras_flock_nonretail":0,"cameras_alpr_all":2,"road_miles":8.749,"cameras_per_road_mile":0.229,"cameras_per_10k_residents":3.27,"crime_count":null,"crime_data_available":false,"retailer_count":1},"geometry":{"type":"Polygon","coordinates":[[[-122.19149,47.77642],[-122.15444,47.7762],[-122.15766,47.76353],[-122.15936,47.76092],[-122.16139,47.7594],[-122.16393,47.75829],[-122.16515,47.75673],[-122.16743,47.75645],[-122.16906,47.75478],[-122.17213,47.75606],[-122.17337,47.75705],[-122.17569,47.75738],[-122.17736,47.75708],[-122.17877,47.75798],[-122.18042,47.75723],[-122.18475,47.75685],[-122.18388,47.75918],[-122.18413,47.76081],[-122.18962,47.76862],[-122.19149,47.77642]]]}},{"type":"Feature","properties":{"GEOID":"53033021803","city":"Bothell","pct_hispanic":4.171,"pop_total":7097.0,"median_hh_income":131090.0,"pop_density_sqkm":2168.264,"cameras_flock":0,"cameras_flock_nonretail":0,"cameras_alpr_all":0,"road_miles":5.867,"cameras_per_road_mile":0.0,"cameras_per_10k_residents":0.0,"crime_count":null,"crime_data_available":false,"retailer_count":0},"geometry":{"type":"Polygon","coordinates":[[[-122.22339,47.75852],[-122.2232,47.77669],[-122.20703,47.77649],[-122.20695,47.76569],[-122.20629,47.76569],[-122.20583,47.76261],[-122.20333,47.76253],[-122.20333,47.76194],[-122.20404,47.76189],[-122.20377,47.7591],[-122.2095,47.75713],[-122.21036,47.75395],[-122.20969,47.75215],[-122.21031,47.75113],[-122.2097,47.74959],[-122.21022,47.74805],[-122.21341,47.74825],[-122.21326,47.74962],[-122.21251,47.75009],[-122.21451,47.7502],[-122.2188,47.75207],[-122.22069,47.75247],[-122.2201,47.75495],[-122.2183,47.75636],[-122.21803,47.75847],[-122.22339,47.75852]]]}},{"type":"Feature","properties":{"GEOID":"53033021804","city":"Bothell","pct_hispanic":12.9,"pop_total":5589.0,"median_hh_income":132533.0,"pop_density_sqkm":1802.668,"cameras_flock":0,"cameras_flock_nonretail":0,"cameras_alpr_all":0,"road_miles":5.24,"cameras_per_road_mile":0.0,"cameras_per_10k_residents":0.0,"crime_count":null,"crime_data_available":false,"retailer_count":0},"geometry":{"type":"Polygon","coordinates":[[[-122.20703,47.77649],[-122.19149,47.77642],[-122.18962,47.76862],[-122.18463,47.76178],[-122.18387,47.75958],[-122.18475,47.75685],[-122.18718,47.75614],[-122.18895,47.75606],[-122.19036,47.75338],[-122.19272,47.75368],[-122.19376,47.75456],[-122.19594,47.75482],[-122.19745,47.75674],[-122.19919,47.75773],[-122.20285,47.75831],[-122.20361,47.75882],[-122.20404,47.76189],[-122.20333,47.76194],[-122.20333,47.76253],[-122.20583,47.76261],[-122.20629,47.76569],[-122.20695,47.76569],[-122.20703,47.77649]]]}},{"type":"Feature","properties":{"GEOID":"53033022006","city":"Kirkland","pct_hispanic":6.1,"pop_total":4541.0,"median_hh_income":139125.0,"pop_density_sqkm":3220.704,"cameras_flock":0,"cameras_flock_nonretail":0,"cameras_alpr_all":0,"road_miles":2.32,"cameras_per_road_mile":0.0,"cameras_per_10k_residents":0.0,"crime_count":null,"crime_data_available":false,"retailer_count":0},"geometry":{"type":"Polygon","coordinates":[[[-122.21053,47.70747],[-122.21003,47.7085],[-122.20809,47.70976],[-122.20782,47.71123],[-122.20372,47.7112],[-122.20313,47.70979],[-122.20219,47.71007],[-122.20152,47.70905],[-122.1994,47.70906],[-122.19935,47.70845],[-122.19729,47.70802],[-122.19737,47.70398],[-122.182,47.70398],[-122.18233,47.70038],[-122.20796,47.70042],[-122.20809,47.70253],[-122.20933,47.70402],[-122.21039,47.70403],[-122.21053,47.70747]]]}},{"type":"Feature","properties":{"GEOID":"53033021903","city":"Kirkland","pct_hispanic":8.607,"pop_total":6948.0,"median_hh_income":97411.0,"pop_density_sqkm":2188.216,"cameras_flock":1,"cameras_flock_nonretail":1,"cameras_alpr_all":5,"road_miles":6.566,"cameras_per_road_mile":0.152,"cameras_per_10k_residents":1.439,"crime_count":null,"crime_data_available":false,"retailer_count":0},"geometry":{"type":"Polygon","coordinates":[[[-122.1894,47.72151],[-122.19005,47.72578],[-122.18504,47.72578],[-122.185,47.72659],[-122.18606,47.72669],[-122.18598,47.72905],[-122.1848,47.73054],[-122.18469,47.73144],[-122.1848,47.73173],[-122.18587,47.73162],[-122.18581,47.73205],[-122.1826,47.73367],[-122.18151,47.73376],[-122.18158,47.73125],[-122.17562,47.73125],[-122.17553,47.71854],[-122.16429,47.71864],[-122.16426,47.71501],[-122.1664,47.71184],[-122.1683,47.7102],[-122.17143,47.70909],[-122.17257,47.70677],[-122.1747,47.70494],[-122.17481,47.70399],[-122.17979,47.70399],[-122.18092,47.70687],[-122.1894,47.72151]]]}},{"type":"Feature","properties":{"GEOID":"53033021904","city":"Kirkland","pct_hispanic":11.023,"pop_total":5670.0,"median_hh_income":180035.0,"pop_density_sqkm":1658.232,"cameras_flock":0,"cameras_flock_nonretail":0,"cameras_alpr_all":0,"road_miles":4.7,"cameras_per_road_mile":0.0,"cameras_per_10k_residents":0.0,"crime_count":null,"crime_data_available":false,"retailer_count":0},"geometry":{"type":"Polygon","coordinates":[[[-122.17562,47.73125],[-122.17094,47.73125],[-122.16786,47.73039],[-122.16389,47.73036],[-122.1622,47.7297],[-122.15865,47.72971],[-122.15696,47.73041],[-122.15607,47.73223],[-122.15534,47.73275],[-122.15013,47.73289],[-122.14893,47.7314],[-122.14846,47.7291],[-122.15398,47.71137],[-122.1576,47.71167],[-122.16688,47.71138],[-122.16426,47.71501],[-122.16429,47.71864],[-122.17553,47.71854],[-122.17562,47.73125]]]}},{"type":"Feature","properties":{"GEOID":"53033021905","city":"Bothell","pct_hispanic":2.884,"pop_total":5756.0,"median_hh_income":136786.0,"pop_density_sqkm":2145.024,"cameras_flock":0,"cameras_flock_nonretail":0,"cameras_alpr_all":1,"road_miles":3.508,"cameras_per_road_mile":0.0,"cameras_per_10k_residents":0.0,"crime_count":null,"crime_data_available":false,"retailer_count":0},"geometry":{"type":"Polygon","coordinates":[[[-122.19004,47.72585],[-122.18868,47.73097],[-122.18737,47.73928],[-122.18633,47.75314],[-122.18475,47.75685],[-122.18042,47.75723],[-122.1803,47.75662],[-122.17792,47.75633],[-122.17162,47.75381],[-122.17199,47.75346],[-122.17437,47.75443],[-122.17491,47.75338],[-122.17418,47.75151],[-122.17562,47.73125],[-122.18158,47.73125],[-122.18151,47.73376],[-122.18253,47.7337],[-122.18583,47.73199],[-122.18587,47.73162],[-122.1848,47.73173],[-122.18469,47.73144],[-122.1848,47.73054],[-122.18598,47.72905],[-122.18606,47.72669],[-122.185,47.72659],[-122.18504,47.72578],[-122.19004,47.72585]]]}},{"type":"Feature","properties":{"GEOID":"53033021906","city":"Woodinville","pct_hispanic":2.037,"pop_total":4566.0,"median_hh_income":157273.0,"pop_density_sqkm":1206.726,"cameras_flock":0,"cameras_flock_nonretail":0,"cameras_alpr_all":0,"road_miles":5.103,"cameras_per_road_mile":0.0,"cameras_per_10k_residents":0.0,"crime_count":null,"crime_data_available":false,"retailer_count":0},"geometry":{"type":"Polygon","coordinates":[[[-122.18042,47.75723],[-122.17877,47.75798],[-122.17736,47.75708],[-122.17569,47.75738],[-122.17368,47.75714],[-122.16988,47.75493],[-122.16867,47.75469],[-122.16609,47.75102],[-122.1648,47.75001],[-122.16451,47.74906],[-122.16112,47.74777],[-122.15842,47.74544],[-122.15651,47.74472],[-122.1537,47.74249],[-122.15313,47.74039],[-122.15007,47.73658],[-122.14647,47.73486],[-122.14565,47.7328],[-122.15514,47.73281],[-122.15607,47.73223],[-122.15711,47.73027],[-122.15865,47.72971],[-122.1622,47.7297],[-122.16389,47.73036],[-122.16786,47.73039],[-122.17094,47.73125],[-122.17562,47.73125],[-122.17418,47.75151],[-122.17491,47.75338],[-122.17437,47.75443],[-122.17199,47.75346],[-122.17162,47.75381],[-122.17792,47.75633],[-122.1803,47.75662],[-122.18042,47.75723]]]}},{"type":"Feature","properties":{"GEOID":"53033022101","city":"Kenmore","pct_hispanic":6.252,"pop_total":5070.0,"median_hh_income":174891.0,"pop_density_sqkm":1410.764,"cameras_flock":0,"cameras_flock_nonretail":0,"cameras_alpr_all":0,"road_miles":1.557,"cameras_per_road_mile":0.0,"cameras_per_10k_residents":0.0,"crime_count":null,"crime_data_available":false,"retailer_count":0},"geometry":{"type":"Polygon","coordinates":[[[-122.27614,47.73972],[-122.27414,47.74502],[-122.26409,47.75483],[-122.25935,47.75422],[-122.25584,47.75452],[-122.24985,47.75435],[-122.25001,47.75165],[-122.24088,47.75154],[-122.24081,47.75059],[-122.23936,47.75048],[-122.23918,47.74648],[-122.24197,47.74613],[-122.24218,47.74069],[-122.23828,47.74063],[-122.23716,47.73993],[-122.2373,47.73354],[-122.23802,47.73271],[-122.23814,47.72978],[-122.24049,47.72976],[-122.24088,47.73132],[-122.24039,47.73341],[-122.24191,47.73307],[-122.2428,47.73205],[-122.24521,47.73177],[-122.2502,47.73794],[-122.24982,47.73563],[-122.26084,47.73572],[-122.26084,47.73402],[-122.26994,47.73412],[-122.27614,47.73972]]]}},{"type":"Feature","properties":{"GEOID":"53033022102","city":"Kenmore","pct_hispanic":12.588,"pop_total":6641.0,"median_hh_income":186641.0,"pop_density_sqkm":1419.02,"cameras_flock":0,"cameras_flock_nonretail":0,"cameras_alpr_all":0,"road_miles":5.139,"cameras_per_road_mile":0.0,"cameras_per_10k_residents":0.0,"crime_count":null,"crime_data_available":false,"retailer_count":0},"geometry":{"type":"Polygon","coordinates":[[[-122.25001,47.75169],[-122.24985,47.75435],[-122.24684,47.75382],[-122.24254,47.75448],[-122.24164,47.75412],[-122.24074,47.75282],[-122.23784,47.75222],[-122.23584,47.75252],[-122.23135,47.75209],[-122.2271,47.75251],[-122.2249,47.75183],[-122.22124,47.75182],[-122.21555,47.74804],[-122.21341,47.74825],[-122.2133,47.74704],[-122.21174,47.74489],[-122.21108,47.74207],[-122.20768,47.73931],[-122.20784,47.73082],[-122.2107,47.73101],[-122.21358,47.73252],[-122.21845,47.73403],[-122.2188,47.73316],[-122.23733,47.73338],[-122.23716,47.73993],[-122.23828,47.74063],[-122.24218,47.74069],[-122.24193,47.74621],[-122.23918,47.74648],[-122.23938,47.75051],[-122.24081,47.75059],[-122.24088,47.75154],[-122.25001,47.75169]]]}},{"type":"Feature","properties":{"GEOID":"53033022201","city":"Kirkland","pct_hispanic":6.2,"pop_total":4371.0,"median_hh_income":132500.0,"pop_density_sqkm":1908.421,"cameras_flock":0,"cameras_flock_nonretail":0,"cameras_alpr_all":0,"road_miles":3.131,"cameras_per_road_mile":0.0,"cameras_per_10k_residents":0.0,"crime_count":null,"crime_data_available":false,"retailer_count":0},"geometry":{"type":"Polygon","coordinates":[[[-122.24521,47.73177],[-122.2428,47.73205],[-122.24191,47.73307],[-122.24039,47.73341],[-122.24088,47.73132],[-122.24049,47.72976],[-122.23814,47.72978],[-122.23802,47.73271],[-122.23733,47.73338],[-122.22399,47.73321],[-122.22344,47.73036],[-122.2213,47.72833],[-122.22111,47.72042],[-122.22542,47.72052],[-122.22546,47.71868],[-122.23708,47.7189],[-122.23726,47.71979],[-122.24001,47.7223],[-122.24087,47.72455],[-122.24341,47.72566],[-122.24521,47.73177]]]}},{"type":"Feature","properties":{"GEOID":"53033022402","city":"Kirkland","pct_hispanic":5.298,"pop_total":5964.0,"median_hh_income":143125.0,"pop_density_sqkm":2687.103,"cameras_flock":0,"cameras_flock_nonretail":0,"cameras_alpr_all":0,"road_miles":6.923,"cameras_per_road_mile":0.0,"cameras_per_10k_residents":0.0,"crime_count":null,"crime_data_available":false,"retailer_count":0},"geometry":{"type":"Polygon","coordinates":[[[-122.24342,47.68952],[-122.23526,47.68855],[-122.23009,47.69121],[-122.21673,47.69952],[-122.21455,47.69985],[-122.21194,47.70136],[-122.21038,47.70316],[-122.20889,47.70113],[-122.2083,47.69843],[-122.21011,47.69572],[-122.20972,47.68547],[-122.20373,47.68548],[-122.20131,47.68487],[-122.20044,47.68565],[-122.19724,47.6857],[-122.19721,47.68482],[-122.19376,47.68488],[-122.19342,47.68577],[-122.19064,47.68065],[-122.19407,47.68061],[-122.19515,47.67992],[-122.19704,47.67977],[-122.19701,47.67929],[-122.20305,47.6775],[-122.20986,47.67631],[-122.21267,47.67456],[-122.20951,47.67224],[-122.20957,47.66675],[-122.22968,47.66868],[-122.23027,47.67956],[-122.23144,47.68257],[-122.23366,47.68476],[-122.24342,47.68952]]]}},{"type":"Feature","properties":{"GEOID":"53033031910","city":"(unincorporated county)","pct_hispanic":7.019,"pop_total":3875.0,"median_hh_income":124250.0,"pop_density_sqkm":1166.458,"cameras_flock":0,"cameras_flock_nonretail":0,"cameras_alpr_all":0,"road_miles":2.927,"cameras_per_road_mile":0.0,"cameras_per_10k_residents":0.0,"crime_count":null,"crime_data_available":false,"retailer_count":0},"geometry":{"type":"Polygon","coordinates":[[[-122.15564,47.46607],[-122.15637,47.46841],[-122.12875,47.46384],[-122.1235,47.46336],[-122.12342,47.46219],[-122.12168,47.46186],[-122.12196,47.45536],[-122.1238,47.45551],[-122.12382,47.45497],[-122.12673,47.45304],[-122.12701,47.45169],[-122.12801,47.4517],[-122.12825,47.44888],[-122.13207,47.44887],[-122.13205,47.44928],[-122.13393,47.44927],[-122.13534,47.44793],[-122.13618,47.44783],[-122.13717,47.44933],[-122.13833,47.44994],[-122.1399,47.45168],[-122.14524,47.45196],[-122.14694,47.45276],[-122.14891,47.45456],[-122.15029,47.45526],[-122.1538,47.45575],[-122.15354,47.45685],[-122.15255,47.45786],[-122.14858,47.45899],[-122.14736,47.45968],[-122.14671,47.46145],[-122.14806,47.46293],[-122.15116,47.46378],[-122.15564,47.46607]]]}},{"type":"Feature","properties":{"GEOID":"53033022401","city":"Kirkland","pct_hispanic":10.812,"pop_total":3570.0,"median_hh_income":147344.0,"pop_density_sqkm":1485.954,"cameras_flock":0,"cameras_flock_nonretail":0,"cameras_alpr_all":0,"road_miles":5.306,"cameras_per_road_mile":0.0,"cameras_per_10k_residents":0.0,"crime_count":null,"crime_data_available":false,"retailer_count":0},"geometry":{"type":"Polygon","coordinates":[[[-122.21039,47.70403],[-122.20933,47.70402],[-122.20809,47.70253],[-122.20796,47.70042],[-122.18233,47.70038],[-122.18262,47.69899],[-122.18408,47.6974],[-122.18635,47.69651],[-122.19058,47.69577],[-122.1936,47.6938],[-122.19418,47.69245],[-122.19429,47.6896],[-122.19361,47.68492],[-122.19721,47.68482],[-122.19724,47.6857],[-122.20044,47.68565],[-122.20131,47.68487],[-122.20373,47.68548],[-122.20972,47.68547],[-122.21011,47.69572],[-122.2083,47.69843],[-122.20883,47.70098],[-122.21025,47.70263],[-122.21039,47.70403]]]}},{"type":"Feature","properties":{"GEOID":"53033026004","city":"(unincorporated county)","pct_hispanic":14.21,"pop_total":4321.0,"median_hh_income":108125.0,"pop_density_sqkm":2643.548,"cameras_flock":2,"cameras_flock_nonretail":2,"cameras_alpr_all":2,"road_miles":4.165,"cameras_per_road_mile":0.48,"cameras_per_10k_residents":4.629,"crime_count":null,"crime_data_available":false,"retailer_count":0},"geometry":{"type":"Polygon","coordinates":[[[-122.22758,47.48185],[-122.22763,47.48456],[-122.22715,47.48463],[-122.22756,47.48515],[-122.22741,47.50437],[-122.22202,47.50121],[-122.22059,47.49917],[-122.21786,47.4906],[-122.2171,47.47975],[-122.22005,47.47982],[-122.22504,47.48086],[-122.22758,47.48185]]]}},{"type":"Feature","properties":{"GEOID":"53033006703","city":"Seattle","pct_hispanic":8.218,"pop_total":3103.0,"median_hh_income":129741.0,"pop_density_sqkm":5196.497,"cameras_flock":0,"cameras_flock_nonretail":0,"cameras_alpr_all":0,"road_miles":0.896,"cameras_per_road_mile":0.0,"cameras_per_10k_residents":0.0,"crime_count":333.0,"crime_data_available":true,"retailer_count":0},"geometry":{"type":"Polygon","coordinates":[[[-122.35134,47.62975],[-122.35132,47.63231],[-122.35079,47.63231],[-122.3507,47.63994],[-122.34595,47.64001],[-122.34346,47.63602],[-122.34344,47.62972],[-122.35134,47.62975]]]}},{"type":"Feature","properties":{"GEOID":"53033029804","city":"Kent","pct_hispanic":12.182,"pop_total":4556.0,"median_hh_income":135018.0,"pop_density_sqkm":1817.47,"cameras_flock":0,"cameras_flock_nonretail":0,"cameras_alpr_all":0,"road_miles":3.85,"cameras_per_road_mile":0.0,"cameras_per_10k_residents":0.0,"crime_count":null,"crime_data_available":false,"retailer_count":0},"geometry":{"type":"Polygon","coordinates":[[[-122.29673,47.35784],[-122.29376,47.36973],[-122.29009,47.36941],[-122.28499,47.37028],[-122.28143,47.36988],[-122.28122,47.36675],[-122.28009,47.36675],[-122.28002,47.36543],[-122.2764,47.36542],[-122.2764,47.36502],[-122.27241,47.36509],[-122.27166,47.35779],[-122.26942,47.35718],[-122.26727,47.35446],[-122.26446,47.3537],[-122.26412,47.35247],[-122.26448,47.35148],[-122.26486,47.3512],[-122.26658,47.35147],[-122.2678,47.35274],[-122.27114,47.35304],[-122.27344,47.35416],[-122.28126,47.35423],[-122.28121,47.35783],[-122.29673,47.35784]]]}},{"type":"Feature","properties":{"GEOID":"53033027901","city":"Burien","pct_hispanic":9.185,"pop_total":4257.0,"median_hh_income":140000.0,"pop_density_sqkm":2280.601,"cameras_flock":0,"cameras_flock_nonretail":0,"cameras_alpr_all":0,"road_miles":4.213,"cameras_per_road_mile":0.0,"cameras_per_10k_residents":0.0,"crime_count":null,"crime_data_available":false,"retailer_count":0},"geometry":{"type":"Polygon","coordinates":[[[-122.3606,47.46237],[-122.36065,47.47135],[-122.35838,47.47144],[-122.35259,47.47331],[-122.35266,47.46671],[-122.34503,47.46678],[-122.34452,47.46586],[-122.34453,47.45976],[-122.33925,47.45956],[-122.34204,47.45611],[-122.34591,47.45282],[-122.34734,47.45205],[-122.34727,47.45604],[-122.36054,47.45596],[-122.36022,47.46176],[-122.3606,47.46237]]]}},{"type":"Feature","properties":{"GEOID":"53033009801","city":"Seattle","pct_hispanic":6.406,"pop_total":3637.0,"median_hh_income":100162.0,"pop_density_sqkm":3619.957,"cameras_flock":0,"cameras_flock_nonretail":0,"cameras_alpr_all":0,"road_miles":1.435,"cameras_per_road_mile":0.0,"cameras_per_10k_residents":0.0,"crime_count":386.0,"crime_data_available":true,"retailer_count":0},"geometry":{"type":"Polygon","coordinates":[[[-122.38944,47.57204],[-122.38924,47.58122],[-122.37829,47.58108],[-122.37699,47.58058],[-122.3771,47.57118],[-122.38677,47.57126],[-122.38677,47.57204],[-122.38944,47.57204]]]}},{"type":"Feature","properties":{"GEOID":"53033030406","city":"(unincorporated county)","pct_hispanic":16.704,"pop_total":3095.0,"median_hh_income":125595.0,"pop_density_sqkm":1154.715,"cameras_flock":0,"cameras_flock_nonretail":0,"cameras_alpr_all":0,"road_miles":3.503,"cameras_per_road_mile":0.0,"cameras_per_10k_residents":0.0,"crime_count":null,"crime_data_available":false,"retailer_count":0},"geometry":{"type":"Polygon","coordinates":[[[-122.31053,47.27902],[-122.30894,47.28203],[-122.30634,47.28955],[-122.30236,47.28959],[-122.2999,47.29008],[-122.29934,47.28975],[-122.29626,47.28968],[-122.29621,47.28845],[-122.29229,47.28856],[-122.29229,47.28611],[-122.29126,47.28612],[-122.28974,47.28761],[-122.28866,47.28973],[-122.2878,47.28973],[-122.28779,47.29],[-122.28699,47.29001],[-122.2869,47.28969],[-122.28447,47.28981],[-122.28438,47.28616],[-122.271,47.28618],[-122.27533,47.27892],[-122.30812,47.27892],[-122.30989,47.27788],[-122.31053,47.27902]]]}},{"type":"Feature","properties":{"GEOID":"53033004101","city":"Seattle","pct_hispanic":5.726,"pop_total":3999.0,"median_hh_income":250001.0,"pop_density_sqkm":2496.297,"cameras_flock":0,"cameras_flock_nonretail":0,"cameras_alpr_all":0,"road_miles":1.591,"cameras_per_road_mile":0.0,"cameras_per_10k_residents":0.0,"crime_count":165.0,"crime_data_available":true,"retailer_count":0},"geometry":{"type":"Polygon","coordinates":[[[-122.29285,47.66122],[-122.28761,47.66128],[-122.28614,47.66183],[-122.28477,47.66303],[-122.28476,47.66126],[-122.27467,47.66128],[-122.27472,47.66489],[-122.26603,47.6649],[-122.26404,47.6636],[-122.23944,47.65876],[-122.24593,47.65613],[-122.25103,47.65335],[-122.25335,47.65141],[-122.25691,47.64723],[-122.28674,47.64752],[-122.28671,47.65847],[-122.29053,47.65853],[-122.29285,47.66122]]]}},{"type":"Feature","properties":{"GEOID":"53033004702","city":"Seattle","pct_hispanic":7.898,"pop_total":3697.0,"median_hh_income":118622.0,"pop_density_sqkm":13876.898,"cameras_flock":0,"cameras_flock_nonretail":0,"cameras_alpr_all":0,"road_miles":0.999,"cameras_per_road_mile":0.0,"cameras_per_10k_residents":0.0,"crime_count":614.0,"crime_data_available":true,"retailer_count":0},"geometry":{"type":"Polygon","coordinates":[[[-122.38213,47.66867],[-122.38212,47.67237],[-122.37349,47.67236],[-122.37349,47.66865],[-122.38213,47.66867]]]}},{"type":"Feature","properties":{"GEOID":"53033032219","city":"Issaquah","pct_hispanic":4.575,"pop_total":4240.0,"median_hh_income":186101.0,"pop_density_sqkm":649.983,"cameras_flock":9,"cameras_flock_nonretail":0,"cameras_alpr_all":9,"road_miles":9.437,"cameras_per_road_mile":0.954,"cameras_per_10k_residents":21.226,"crime_count":null,"crime_data_available":false,"retailer_count":2},"geometry":{"type":"Polygon","coordinates":[[[-122.07553,47.55982],[-122.07443,47.56252],[-122.07515,47.56561],[-122.07473,47.56589],[-122.07262,47.5664],[-122.0719,47.56561],[-122.05734,47.56553],[-122.05734,47.56846],[-122.05503,47.56779],[-122.05248,47.57043],[-122.05062,47.57088],[-122.04916,47.57042],[-122.04548,47.56799],[-122.03993,47.5671],[-122.03734,47.56743],[-122.03582,47.56904],[-122.03594,47.56274],[-122.04201,47.56283],[-122.04269,47.56144],[-122.04267,47.55923],[-122.02411,47.55901],[-122.02128,47.55477],[-122.02393,47.55286],[-122.02603,47.54878],[-122.03353,47.54626],[-122.03711,47.54434],[-122.03581,47.54286],[-122.03607,47.54023],[-122.04424,47.54424],[-122.04681,47.54489],[-122.0545,47.54589],[-122.07036,47.55191],[-122.06814,47.55168],[-122.06823,47.55356],[-122.07505,47.55654],[-122.07553,47.55982]]]}},{"type":"Feature","properties":{"GEOID":"53033004202","city":"Seattle","pct_hispanic":4.973,"pop_total":4705.0,"median_hh_income":190450.0,"pop_density_sqkm":3853.478,"cameras_flock":0,"cameras_flock_nonretail":0,"cameras_alpr_all":0,"road_miles":2.334,"cameras_per_road_mile":0.0,"cameras_per_10k_residents":0.0,"crime_count":329.0,"crime_data_available":true,"retailer_count":0},"geometry":{"type":"Polygon","coordinates":[[[-122.29643,47.67578],[-122.28583,47.67578],[-122.28565,47.6667],[-122.28625,47.66491],[-122.28479,47.66489],[-122.28477,47.66303],[-122.28718,47.66137],[-122.29285,47.66122],[-122.29555,47.66374],[-122.29643,47.67578]]]}},{"type":"Feature","properties":{"GEOID":"53033007503","city":"Seattle","pct_hispanic":5.054,"pop_total":2236.0,"median_hh_income":93182.0,"pop_density_sqkm":11922.726,"cameras_flock":0,"cameras_flock_nonretail":0,"cameras_alpr_all":0,"road_miles":1.585,"cameras_per_road_mile":0.0,"cameras_per_10k_residents":0.0,"crime_count":1780.0,"crime_data_available":true,"retailer_count":0},"geometry":{"type":"Polygon","coordinates":[[[-122.3208,47.61523],[-122.31277,47.61529],[-122.31278,47.61291],[-122.31679,47.61289],[-122.32076,47.61117],[-122.3208,47.61523]]]}},{"type":"Feature","properties":{"GEOID":"53033026102","city":"(unincorporated county)","pct_hispanic":8.765,"pop_total":4016.0,"median_hh_income":57092.0,"pop_density_sqkm":2547.165,"cameras_flock":0,"cameras_flock_nonretail":0,"cameras_alpr_all":0,"road_miles":1.849,"cameras_per_road_mile":0.0,"cameras_per_10k_residents":0.0,"crime_count":null,"crime_data_available":false,"retailer_count":0},"geometry":{"type":"Polygon","coordinates":[[[-122.25964,47.4956],[-122.25951,47.50254],[-122.25081,47.50283],[-122.24873,47.49778],[-122.24778,47.49725],[-122.24383,47.49679],[-122.24209,47.49607],[-122.24079,47.49471],[-122.23976,47.49106],[-122.23777,47.4896],[-122.23503,47.48829],[-122.25037,47.48846],[-122.25131,47.48992],[-122.25408,47.49111],[-122.25679,47.49405],[-122.25901,47.49563],[-122.25964,47.4956]]]}},{"type":"Feature","properties":{"GEOID":"53033025104","city":"(unincorporated county)","pct_hispanic":7.274,"pop_total":4358.0,"median_hh_income":190640.0,"pop_density_sqkm":940.644,"cameras_flock":0,"cameras_flock_nonretail":0,"cameras_alpr_all":0,"road_miles":4.7,"cameras_per_road_mile":0.0,"cameras_per_10k_residents":0.0,"crime_count":null,"crime_data_available":false,"retailer_count":0},"geometry":{"type":"Polygon","coordinates":[[[-122.14812,47.50104],[-122.14863,47.50428],[-122.14677,47.50401],[-122.14333,47.50559],[-122.14319,47.51645],[-122.14132,47.51569],[-122.13779,47.51507],[-122.13557,47.51326],[-122.13433,47.51097],[-122.13025,47.50794],[-122.12367,47.50554],[-122.12223,47.50429],[-122.1222,47.48808],[-122.14836,47.48843],[-122.1485,47.49565],[-122.148,47.49659],[-122.14794,47.49925],[-122.14858,47.49931],[-122.14862,47.50109],[-122.14812,47.50104]]]}},{"type":"Feature","properties":{"GEOID":"53033031709","city":"Covington","pct_hispanic":14.636,"pop_total":3587.0,"median_hh_income":142684.0,"pop_density_sqkm":1671.78,"cameras_flock":1,"cameras_flock_nonretail":1,"cameras_alpr_all":1,"road_miles":2.559,"cameras_per_road_mile":0.391,"cameras_per_10k_residents":2.788,"crime_count":null,"crime_data_available":false,"retailer_count":0},"geometry":{"type":"Polygon","coordinates":[[[-122.13362,47.37242],[-122.10795,47.37264],[-122.10798,47.37135],[-122.10843,47.37066],[-122.11035,47.36965],[-122.11155,47.36602],[-122.11055,47.3648],[-122.11657,47.36175],[-122.12299,47.36167],[-122.12302,47.35808],[-122.12812,47.35802],[-122.13024,47.3623],[-122.13352,47.36524],[-122.13362,47.37242]]]}},{"type":"Feature","properties":{"GEOID":"53033023801","city":"Bellevue","pct_hispanic":5.292,"pop_total":3307.0,"median_hh_income":140375.0,"pop_density_sqkm":913.077,"cameras_flock":6,"cameras_flock_nonretail":6,"cameras_alpr_all":6,"road_miles":7.554,"cameras_per_road_mile":0.794,"cameras_per_10k_residents":18.143,"crime_count":null,"crime_data_available":false,"retailer_count":0},"geometry":{"type":"Polygon","coordinates":[[[-122.2015,47.61015],[-122.18861,47.61003],[-122.1873,47.6068],[-122.18213,47.60037],[-122.18095,47.59045],[-122.17928,47.58672],[-122.17561,47.5824],[-122.1746,47.58025],[-122.18919,47.57908],[-122.18782,47.58057],[-122.18783,47.58266],[-122.1911,47.58616],[-122.19229,47.5897],[-122.19505,47.59356],[-122.19677,47.59455],[-122.19825,47.59649],[-122.20132,47.60281],[-122.2015,47.61015]]]}},{"type":"Feature","properties":{"GEOID":"53033026700","city":"Burien","pct_hispanic":12.402,"pop_total":6265.0,"median_hh_income":101836.0,"pop_density_sqkm":2030.901,"cameras_flock":0,"cameras_flock_nonretail":0,"cameras_alpr_all":0,"road_miles":7.064,"cameras_per_road_mile":0.0,"cameras_per_10k_residents":0.0,"crime_count":null,"crime_data_available":false,"retailer_count":0},"geometry":{"type":"Polygon","coordinates":[[[-122.38013,47.4932],[-122.37565,47.49643],[-122.37392,47.5007],[-122.37069,47.50351],[-122.37039,47.50582],[-122.37088,47.5082],[-122.36582,47.50821],[-122.36582,47.50858],[-122.3551,47.50856],[-122.35518,47.49948],[-122.35257,47.49663],[-122.35069,47.49574],[-122.35004,47.49497],[-122.34999,47.48843],[-122.35263,47.48839],[-122.35262,47.48743],[-122.35586,47.48732],[-122.35824,47.49022],[-122.35879,47.49022],[-122.36217,47.48972],[-122.36524,47.48842],[-122.37141,47.48784],[-122.37565,47.49124],[-122.38013,47.4932]]]}},{"type":"Feature","properties":{"GEOID":"53033026801","city":"(unincorporated county)","pct_hispanic":25.546,"pop_total":5997.0,"median_hh_income":82434.0,"pop_density_sqkm":3890.697,"cameras_flock":0,"cameras_flock_nonretail":0,"cameras_alpr_all":0,"road_miles":4.309,"cameras_per_road_mile":0.0,"cameras_per_10k_residents":0.0,"crime_count":null,"crime_data_available":false,"retailer_count":0},"geometry":{"type":"Polygon","coordinates":[[[-122.35514,47.50278],[-122.35511,47.51187],[-122.33395,47.51216],[-122.3337,47.49949],[-122.33907,47.49939],[-122.33915,47.50667],[-122.34732,47.50654],[-122.34709,47.50292],[-122.35514,47.50278]]]}},{"type":"Feature","properties":{"GEOID":"53033027000","city":"Burien","pct_hispanic":20.437,"pop_total":3293.0,"median_hh_income":113611.0,"pop_density_sqkm":1664.06,"cameras_flock":0,"cameras_flock_nonretail":0,"cameras_alpr_all":0,"road_miles":3.034,"cameras_per_road_mile":0.0,"cameras_per_10k_residents":0.0,"crime_count":null,"crime_data_available":false,"retailer_count":0},"geometry":{"type":"Polygon","coordinates":[[[-122.33379,47.49215],[-122.33365,47.50315],[-122.32804,47.5031],[-122.32649,47.50192],[-122.3258,47.50267],[-122.32315,47.50305],[-122.31708,47.503],[-122.31527,47.50258],[-122.31409,47.50173],[-122.31044,47.49582],[-122.30991,47.49218],[-122.32587,47.49219],[-122.32876,47.49118],[-122.33103,47.49208],[-122.33379,47.49215]]]}},{"type":"Feature","properties":{"GEOID":"53033027100","city":"Burien","pct_hispanic":32.833,"pop_total":4334.0,"median_hh_income":72386.0,"pop_density_sqkm":2766.485,"cameras_flock":3,"cameras_flock_nonretail":3,"cameras_alpr_all":3,"road_miles":3.582,"cameras_per_road_mile":0.837,"cameras_per_10k_residents":6.922,"crime_count":null,"crime_data_available":false,"retailer_count":0},"geometry":{"type":"Polygon","coordinates":[[[-122.31158,47.48857],[-122.30993,47.49181],[-122.31044,47.49582],[-122.30231,47.49564],[-122.30408,47.49721],[-122.30464,47.49929],[-122.30245,47.49931],[-122.30107,47.50018],[-122.2997,47.50006],[-122.29765,47.49903],[-122.29659,47.49774],[-122.29527,47.49764],[-122.29116,47.4888],[-122.28762,47.48561],[-122.29108,47.48431],[-122.29566,47.4842],[-122.29723,47.48873],[-122.31158,47.48857]]]}},{"type":"Feature","properties":{"GEOID":"53033026500","city":"(unincorporated county)","pct_hispanic":19.78,"pop_total":4282.0,"median_hh_income":85952.0,"pop_density_sqkm":2093.812,"cameras_flock":0,"cameras_flock_nonretail":0,"cameras_alpr_all":0,"road_miles":5.702,"cameras_per_road_mile":0.0,"cameras_per_10k_residents":0.0,"crime_count":null,"crime_data_available":false,"retailer_count":0},"geometry":{"type":"Polygon","coordinates":[[[-122.35517,47.51738],[-122.34013,47.51728],[-122.33905,47.51919],[-122.3363,47.52124],[-122.3358,47.52085],[-122.33619,47.52025],[-122.33476,47.51968],[-122.33387,47.51982],[-122.33436,47.52082],[-122.3315,47.52095],[-122.32492,47.50763],[-122.32476,47.50271],[-122.32605,47.50256],[-122.32649,47.50192],[-122.32804,47.5031],[-122.33365,47.50315],[-122.33395,47.51216],[-122.35511,47.51187],[-122.35517,47.51738]]]}},{"type":"Feature","properties":{"GEOID":"53033027200","city":"Tukwila","pct_hispanic":32.307,"pop_total":3086.0,"median_hh_income":79871.0,"pop_density_sqkm":950.786,"cameras_flock":5,"cameras_flock_nonretail":5,"cameras_alpr_all":5,"road_miles":7.627,"cameras_per_road_mile":0.656,"cameras_per_10k_residents":16.202,"crime_count":null,"crime_data_available":false,"retailer_count":0},"geometry":{"type":"Polygon","coordinates":[[[-122.29528,47.49797],[-122.29456,47.50021],[-122.28832,47.50072],[-122.28199,47.50026],[-122.28105,47.49932],[-122.28136,47.49677],[-122.28019,47.49022],[-122.27934,47.49001],[-122.27644,47.49095],[-122.27335,47.49144],[-122.27141,47.49073],[-122.27074,47.48898],[-122.27008,47.48869],[-122.26784,47.48924],[-122.26566,47.4885],[-122.26543,47.48797],[-122.27137,47.48323],[-122.27268,47.48124],[-122.27255,47.47924],[-122.26974,47.47405],[-122.28439,47.47423],[-122.28364,47.47602],[-122.28369,47.47731],[-122.28621,47.48355],[-122.28762,47.48561],[-122.29141,47.48919],[-122.29528,47.49797]]]}},{"type":"Feature","properties":{"GEOID":"53033027300","city":"SeaTac","pct_hispanic":22.519,"pop_total":7194.0,"median_hh_income":110147.0,"pop_density_sqkm":2026.683,"cameras_flock":5,"cameras_flock_nonretail":5,"cameras_alpr_all":5,"road_miles":5.336,"cameras_per_road_mile":0.937,"cameras_per_10k_residents":6.95,"crime_count":null,"crime_data_available":false,"retailer_count":0},"geometry":{"type":"Polygon","coordinates":[[[-122.3154,47.47416],[-122.31347,47.48465],[-122.31158,47.48857],[-122.29723,47.48873],[-122.29566,47.4842],[-122.29108,47.48431],[-122.28762,47.48561],[-122.28621,47.48355],[-122.28363,47.47697],[-122.28381,47.47547],[-122.28529,47.47243],[-122.31272,47.47233],[-122.3129,47.47413],[-122.3154,47.47416]]]}},{"type":"Feature","properties":{"GEOID":"53033027400","city":"Burien","pct_hispanic":22.563,"pop_total":5314.0,"median_hh_income":94617.0,"pop_density_sqkm":1597.977,"cameras_flock":0,"cameras_flock_nonretail":0,"cameras_alpr_all":0,"road_miles":6.599,"cameras_per_road_mile":0.0,"cameras_per_10k_residents":0.0,"crime_count":null,"crime_data_available":false,"retailer_count":0},"geometry":{"type":"Polygon","coordinates":[[[-122.33385,47.47229],[-122.33379,47.49215],[-122.33129,47.49215],[-122.32876,47.49118],[-122.32587,47.49219],[-122.30991,47.49218],[-122.31338,47.48495],[-122.3154,47.47416],[-122.31661,47.47414],[-122.31701,47.47328],[-122.31909,47.47237],[-122.33385,47.47229]]]}},{"type":"Feature","properties":{"GEOID":"53033027500","city":"Burien","pct_hispanic":30.834,"pop_total":5001.0,"median_hh_income":78926.0,"pop_density_sqkm":2243.078,"cameras_flock":0,"cameras_flock_nonretail":0,"cameras_alpr_all":0,"road_miles":5.155,"cameras_per_road_mile":0.0,"cameras_per_10k_residents":0.0,"crime_count":null,"crime_data_available":false,"retailer_count":0},"geometry":{"type":"Polygon","coordinates":[[[-122.34999,47.48843],[-122.34998,47.49024],[-122.33381,47.49053],[-122.33385,47.47229],[-122.34718,47.47218],[-122.3486,47.48387],[-122.34999,47.48843]]]}},{"type":"Feature","properties":{"GEOID":"53033027600","city":"Burien","pct_hispanic":26.585,"pop_total":4243.0,"median_hh_income":93649.0,"pop_density_sqkm":1486.617,"cameras_flock":0,"cameras_flock_nonretail":0,"cameras_alpr_all":0,"road_miles":3.808,"cameras_per_road_mile":0.0,"cameras_per_10k_residents":0.0,"crime_count":null,"crime_data_available":false,"retailer_count":0},"geometry":{"type":"Polygon","coordinates":[[[-122.37882,47.45732],[-122.37279,47.46024],[-122.37341,47.46328],[-122.37316,47.4658],[-122.37416,47.46841],[-122.37304,47.47195],[-122.36631,47.48163],[-122.36892,47.48585],[-122.37141,47.48784],[-122.36524,47.48842],[-122.36217,47.48972],[-122.35879,47.49022],[-122.35824,47.49022],[-122.35586,47.48732],[-122.35262,47.48743],[-122.35263,47.48839],[-122.34999,47.48843],[-122.3486,47.48387],[-122.34718,47.47218],[-122.3526,47.47225],[-122.35259,47.47331],[-122.35838,47.47144],[-122.36065,47.47135],[-122.36079,47.46674],[-122.36266,47.4667],[-122.36339,47.46594],[-122.36379,47.46509],[-122.3633,47.46311],[-122.36618,47.46366],[-122.36716,47.46339],[-122.36664,47.45993],[-122.36749,47.45759],[-122.36887,47.457],[-122.37096,47.45751],[-122.37882,47.45732]]]}},{"type":"Feature","properties":{"GEOID":"53033027702","city":"(unincorporated county)","pct_hispanic":5.511,"pop_total":4754.0,"median_hh_income":130625.0,"pop_density_sqkm":92.201,"cameras_flock":0,"cameras_flock_nonretail":0,"cameras_alpr_all":0,"road_miles":27.021,"cameras_per_road_mile":0.0,"cameras_per_10k_residents":0.0,"crime_count":null,"crime_data_available":false,"retailer_count":0},"geometry":{"type":"Polygon","coordinates":[[[-122.5318,47.35272],[-122.52932,47.36278],[-122.52745,47.36666],[-122.52492,47.37003],[-122.52125,47.37087],[-122.51966,47.37482],[-122.52025,47.37872],[-122.52472,47.3824],[-122.52845,47.3872],[-122.53106,47.39167],[-122.53156,47.39681],[-122.53044,47.40144],[-122.52757,47.40337],[-122.52658,47.40513],[-122.51762,47.40568],[-122.5176,47.40745],[-122.4766,47.40738],[-122.47652,47.42153],[-122.47611,47.42189],[-122.45098,47.42197],[-122.44936,47.42109],[-122.44764,47.42082],[-122.4468,47.41949],[-122.4467,47.41808],[-122.44598,47.41756],[-122.43244,47.41768],[-122.4343,47.41591],[-122.43318,47.41245],[-122.43343,47.40925],[-122.42911,47.40708],[-122.42335,47.40572],[-122.41775,47.40496],[-122.40589,47.40447],[-122.3941,47.40344],[-122.38403,47.39873],[-122.37029,47.39117],[-122.36997,47.38722],[-122.37204,47.38362],[-122.37943,47.38081],[-122.38653,47.38051],[-122.39081,47.37851],[-122.3988,47.37821],[-122.4022,47.37521],[-122.41536,47.3715],[-122.41802,47.36869],[-122.42231,47.36689],[-122.42837,47.36589],[-122.43133,47.36349],[-122.43532,47.36218],[-122.44049,47.35818],[-122.44108,47.35497],[-122.44478,47.35277],[-122.44582,47.34967],[-122.44862,47.34516],[-122.45043,47.34014],[-122.45809,47.33845],[-122.47051,47.34045],[-122.47481,47.34238],[-122.48353,47.33855],[-122.484,47.33191],[-122.48866,47.32807],[-122.49432,47.3259],[-122.50284,47.32627],[-122.50893,47.32789],[-122.51613,47.32855],[-122.52098,47.32956],[-122.52645,47.33512],[-122.53155,47.34362],[-122.5318,47.35272]]]}},{"type":"Feature","properties":{"GEOID":"53033027800","city":"Burien","pct_hispanic":8.629,"pop_total":3384.0,"median_hh_income":163182.0,"pop_density_sqkm":1310.275,"cameras_flock":0,"cameras_flock_nonretail":0,"cameras_alpr_all":0,"road_miles":4.157,"cameras_per_road_mile":0.0,"cameras_per_10k_residents":0.0,"crime_count":null,"crime_data_available":false,"retailer_count":0},"geometry":{"type":"Polygon","coordinates":[[[-122.38738,47.45174],[-122.38415,47.4546],[-122.37882,47.45732],[-122.37096,47.45751],[-122.36887,47.457],[-122.36775,47.45741],[-122.36704,47.4582],[-122.36664,47.45993],[-122.36716,47.46339],[-122.36618,47.46366],[-122.3633,47.46311],[-122.36376,47.4653],[-122.3625,47.46673],[-122.36061,47.46674],[-122.3606,47.46237],[-122.36022,47.46176],[-122.36054,47.45596],[-122.34727,47.45604],[-122.34734,47.45205],[-122.34921,47.45111],[-122.3511,47.44915],[-122.35614,47.44763],[-122.35931,47.4456],[-122.35935,47.44516],[-122.37708,47.44526],[-122.38315,47.44635],[-122.38651,47.44786],[-122.38738,47.45174]]]}},{"type":"Feature","properties":{"GEOID":"53033028000","city":"Burien","pct_hispanic":31.43,"pop_total":3538.0,"median_hh_income":85482.0,"pop_density_sqkm":1813.426,"cameras_flock":1,"cameras_flock_nonretail":1,"cameras_alpr_all":1,"road_miles":4.582,"cameras_per_road_mile":0.218,"cameras_per_10k_residents":2.826,"crime_count":null,"crime_data_available":false,"retailer_count":0},"geometry":{"type":"Polygon","coordinates":[[[-122.33394,47.45968],[-122.33385,47.47229],[-122.31909,47.47237],[-122.31701,47.47328],[-122.31661,47.47414],[-122.3129,47.47413],[-122.31297,47.47086],[-122.31238,47.47009],[-122.31314,47.46972],[-122.31295,47.46683],[-122.31781,47.46702],[-122.3194,47.46672],[-122.31824,47.45963],[-122.33394,47.45968]]]}},{"type":"Feature","properties":{"GEOID":"53033028100","city":"SeaTac","pct_hispanic":27.637,"pop_total":3043.0,"median_hh_income":68284.0,"pop_density_sqkm":1913.329,"cameras_flock":3,"cameras_flock_nonretail":3,"cameras_alpr_all":3,"road_miles":2.676,"cameras_per_road_mile":1.121,"cameras_per_10k_residents":9.859,"crime_count":null,"crime_data_available":false,"retailer_count":0},"geometry":{"type":"Polygon","coordinates":[[[-122.31314,47.46972],[-122.31238,47.47009],[-122.31294,47.47073],[-122.31292,47.47234],[-122.28529,47.47243],[-122.28973,47.46344],[-122.29528,47.46363],[-122.29958,47.46513],[-122.30456,47.46527],[-122.3072,47.46677],[-122.31295,47.46683],[-122.31314,47.46972]]]}},{"type":"Feature","properties":{"GEOID":"53033028200","city":"Tukwila","pct_hispanic":18.301,"pop_total":5049.0,"median_hh_income":68702.0,"pop_density_sqkm":1899.096,"cameras_flock":3,"cameras_flock_nonretail":3,"cameras_alpr_all":3,"road_miles":5.667,"cameras_per_road_mile":0.529,"cameras_per_10k_residents":5.942,"crime_count":null,"crime_data_available":false,"retailer_count":0},"geometry":{"type":"Polygon","coordinates":[[[-122.29158,47.45965],[-122.28439,47.47423],[-122.26974,47.47405],[-122.26722,47.46579],[-122.26397,47.4611],[-122.26401,47.45627],[-122.26526,47.45675],[-122.26743,47.45688],[-122.26794,47.45753],[-122.26769,47.45838],[-122.27073,47.45959],[-122.29158,47.45965]]]}},{"type":"Feature","properties":{"GEOID":"53033028402","city":"SeaTac","pct_hispanic":22.166,"pop_total":6158.0,"median_hh_income":82256.0,"pop_density_sqkm":722.922,"cameras_flock":8,"cameras_flock_nonretail":8,"cameras_alpr_all":8,"road_miles":11.159,"cameras_per_road_mile":0.717,"cameras_per_10k_residents":12.991,"crime_count":null,"crime_data_available":false,"retailer_count":0},"geometry":{"type":"Polygon","coordinates":[[[-122.32896,47.44356],[-122.32805,47.44518],[-122.31841,47.44536],[-122.31823,47.46143],[-122.3194,47.46672],[-122.31781,47.46702],[-122.3072,47.46677],[-122.30456,47.46527],[-122.29958,47.46513],[-122.29528,47.46363],[-122.28973,47.46344],[-122.29158,47.45965],[-122.28604,47.45949],[-122.28124,47.45627],[-122.28015,47.4532],[-122.27504,47.44519],[-122.29614,47.44529],[-122.29537,47.43453],[-122.31451,47.43478],[-122.32809,47.44207],[-122.32896,47.44356]]]}},{"type":"Feature","properties":{"GEOID":"53033029304","city":"Renton","pct_hispanic":14.28,"pop_total":5238.0,"median_hh_income":136111.0,"pop_density_sqkm":1258.488,"cameras_flock":0,"cameras_flock_nonretail":0,"cameras_alpr_all":0,"road_miles":2.351,"cameras_per_road_mile":0.0,"cameras_per_10k_residents":0.0,"crime_count":null,"crime_data_available":false,"retailer_count":0},"geometry":{"type":"Polygon","coordinates":[[[-122.18646,47.43022],[-122.18619,47.44517],[-122.17532,47.44548],[-122.17165,47.44624],[-122.16688,47.44567],[-122.16092,47.44686],[-122.15417,47.44553],[-122.1546,47.43035],[-122.18646,47.43022]]]}},{"type":"Feature","properties":{"GEOID":"53033029305","city":"Renton","pct_hispanic":5.487,"pop_total":4884.0,"median_hh_income":119444.0,"pop_density_sqkm":1685.748,"cameras_flock":1,"cameras_flock_nonretail":1,"cameras_alpr_all":1,"road_miles":4.131,"cameras_per_road_mile":0.242,"cameras_per_10k_residents":2.048,"crime_count":null,"crime_data_available":false,"retailer_count":0},"geometry":{"type":"Polygon","coordinates":[[[-122.22131,47.42516],[-122.22027,47.4302],[-122.20996,47.43021],[-122.20934,47.42979],[-122.20872,47.43046],[-122.20796,47.43012],[-122.2072,47.43069],[-122.20565,47.43022],[-122.19709,47.43023],[-122.19704,47.41584],[-122.21067,47.41584],[-122.21252,47.41557],[-122.2131,47.41582],[-122.21446,47.41551],[-122.21666,47.41584],[-122.21799,47.41525],[-122.21922,47.41572],[-122.22073,47.41553],[-122.22131,47.42516]]]}},{"type":"Feature","properties":{"GEOID":"53033029405","city":"Kent","pct_hispanic":7.387,"pop_total":5564.0,"median_hh_income":145721.0,"pop_density_sqkm":2232.621,"cameras_flock":0,"cameras_flock_nonretail":0,"cameras_alpr_all":0,"road_miles":1.831,"cameras_per_road_mile":0.0,"cameras_per_10k_residents":0.0,"crime_count":null,"crime_data_available":false,"retailer_count":0},"geometry":{"type":"Polygon","coordinates":[[[-122.18678,47.40272],[-122.18675,47.41583],[-122.16524,47.41586],[-122.16536,47.4014],[-122.17112,47.40139],[-122.17306,47.40249],[-122.17554,47.40281],[-122.17756,47.40277],[-122.17934,47.40191],[-122.18115,47.40167],[-122.18501,47.40212],[-122.18678,47.40272]]]}},{"type":"Feature","properties":{"GEOID":"53033028403","city":"SeaTac","pct_hispanic":10.109,"pop_total":6222.0,"median_hh_income":61188.0,"pop_density_sqkm":2997.352,"cameras_flock":5,"cameras_flock_nonretail":5,"cameras_alpr_all":5,"road_miles":1.693,"cameras_per_road_mile":2.954,"cameras_per_10k_residents":8.036,"crime_count":null,"crime_data_available":false,"retailer_count":0},"geometry":{"type":"Polygon","coordinates":[[[-122.29614,47.44529],[-122.27504,47.44519],[-122.2722,47.44015],[-122.27127,47.43739],[-122.2711,47.43448],[-122.29537,47.43453],[-122.29614,47.44529]]]}},{"type":"Feature","properties":{"GEOID":"53033029407","city":"Kent","pct_hispanic":19.457,"pop_total":5047.0,"median_hh_income":67313.0,"pop_density_sqkm":3781.368,"cameras_flock":1,"cameras_flock_nonretail":1,"cameras_alpr_all":1,"road_miles":1.734,"cameras_per_road_mile":0.577,"cameras_per_10k_residents":1.981,"crime_count":null,"crime_data_available":false,"retailer_count":0},"geometry":{"type":"Polygon","coordinates":[[[-122.20742,47.38695],[-122.20738,47.40148],[-122.20033,47.40144],[-122.19988,47.40118],[-122.19875,47.40171],[-122.19769,47.40139],[-122.19768,47.39828],[-122.19711,47.39744],[-122.19512,47.39726],[-122.1951,47.39591],[-122.19698,47.39592],[-122.19732,47.39553],[-122.19516,47.39522],[-122.19506,47.3942],[-122.19368,47.39415],[-122.19455,47.39285],[-122.19641,47.39186],[-122.19572,47.39106],[-122.19712,47.39092],[-122.1971,47.38695],[-122.20742,47.38695]]]}},{"type":"Feature","properties":{"GEOID":"53033029408","city":"Kent","pct_hispanic":26.937,"pop_total":4633.0,"median_hh_income":75703.0,"pop_density_sqkm":3665.363,"cameras_flock":1,"cameras_flock_nonretail":1,"cameras_alpr_all":1,"road_miles":0.428,"cameras_per_road_mile":2.336,"cameras_per_10k_residents":2.158,"crime_count":null,"crime_data_available":false,"retailer_count":0},"geometry":{"type":"Polygon","coordinates":[[[-122.19875,47.40171],[-122.19741,47.40285],[-122.19415,47.40226],[-122.18678,47.40218],[-122.18679,47.38692],[-122.1971,47.38695],[-122.19712,47.39092],[-122.19572,47.39106],[-122.19641,47.39186],[-122.19455,47.39285],[-122.19368,47.39415],[-122.19506,47.3942],[-122.19516,47.39522],[-122.19732,47.39553],[-122.19698,47.39592],[-122.1951,47.39591],[-122.19512,47.39726],[-122.19711,47.39744],[-122.19772,47.39841],[-122.19765,47.40132],[-122.19875,47.40171]]]}},{"type":"Feature","properties":{"GEOID":"53033029504","city":"Kent","pct_hispanic":11.144,"pop_total":6676.0,"median_hh_income":93786.0,"pop_density_sqkm":3544.621,"cameras_flock":0,"cameras_flock_nonretail":0,"cameras_alpr_all":0,"road_miles":3.786,"cameras_per_road_mile":0.0,"cameras_per_10k_residents":0.0,"crime_count":null,"crime_data_available":false,"retailer_count":0},"geometry":{"type":"Polygon","coordinates":[[[-122.20243,47.37256],[-122.20223,47.38696],[-122.18679,47.38692],[-122.18678,47.37244],[-122.20243,47.37256]]]}},{"type":"Feature","properties":{"GEOID":"53033029406","city":"Kent","pct_hispanic":7.265,"pop_total":4680.0,"median_hh_income":128259.0,"pop_density_sqkm":1785.761,"cameras_flock":1,"cameras_flock_nonretail":1,"cameras_alpr_all":1,"road_miles":3.501,"cameras_per_road_mile":0.286,"cameras_per_10k_residents":2.137,"crime_count":null,"crime_data_available":false,"retailer_count":0},"geometry":{"type":"Polygon","coordinates":[[[-122.18679,47.38692],[-122.18678,47.40272],[-122.18501,47.40212],[-122.18115,47.40167],[-122.17934,47.40191],[-122.17756,47.40277],[-122.17554,47.40281],[-122.17306,47.40249],[-122.17112,47.40139],[-122.16536,47.4014],[-122.16544,47.38692],[-122.18679,47.38692]]]}},{"type":"Feature","properties":{"GEOID":"53033029901","city":"(unincorporated county)","pct_hispanic":11.522,"pop_total":5520.0,"median_hh_income":108239.0,"pop_density_sqkm":1394.358,"cameras_flock":0,"cameras_flock_nonretail":0,"cameras_alpr_all":0,"road_miles":2.589,"cameras_per_road_mile":0.0,"cameras_per_10k_residents":0.0,"crime_count":null,"crime_data_available":false,"retailer_count":0},"geometry":{"type":"Polygon","coordinates":[[[-122.29775,47.31512],[-122.295,47.32265],[-122.29364,47.33488],[-122.27081,47.3349],[-122.2712,47.31483],[-122.27213,47.31454],[-122.27799,47.31457],[-122.28078,47.31413],[-122.28382,47.31509],[-122.29775,47.31512]]]}},{"type":"Feature","properties":{"GEOID":"53033029902","city":"Auburn","pct_hispanic":12.342,"pop_total":5469.0,"median_hh_income":143000.0,"pop_density_sqkm":875.837,"cameras_flock":0,"cameras_flock_nonretail":0,"cameras_alpr_all":0,"road_miles":4.94,"cameras_per_road_mile":0.0,"cameras_per_10k_residents":0.0,"crime_count":null,"crime_data_available":false,"retailer_count":0},"geometry":{"type":"Polygon","coordinates":[[[-122.28078,47.31413],[-122.27191,47.31455],[-122.27093,47.3152],[-122.2708,47.3367],[-122.25555,47.33685],[-122.2551,47.33545],[-122.25465,47.33549],[-122.25372,47.33607],[-122.25345,47.33985],[-122.25261,47.34028],[-122.24974,47.34053],[-122.24713,47.33704],[-122.24879,47.33476],[-122.24975,47.33188],[-122.24981,47.31646],[-122.25272,47.31167],[-122.25414,47.30715],[-122.25655,47.30283],[-122.26223,47.30383],[-122.27031,47.30414],[-122.27319,47.30381],[-122.2744,47.30594],[-122.27606,47.30714],[-122.27901,47.313],[-122.28078,47.31413]]]}},{"type":"Feature","properties":{"GEOID":"53033030404","city":"(unincorporated county)","pct_hispanic":15.854,"pop_total":4781.0,"median_hh_income":122188.0,"pop_density_sqkm":797.094,"cameras_flock":0,"cameras_flock_nonretail":0,"cameras_alpr_all":0,"road_miles":8.106,"cameras_per_road_mile":0.0,"cameras_per_10k_residents":0.0,"crime_count":null,"crime_data_available":false,"retailer_count":0},"geometry":{"type":"Polygon","coordinates":[[[-122.30366,47.2698],[-122.3028,47.27008],[-122.29778,47.26997],[-122.29766,47.27891],[-122.27533,47.27892],[-122.27589,47.2767],[-122.27765,47.27532],[-122.26581,47.27526],[-122.26492,47.27357],[-122.26494,47.27486],[-122.26365,47.27502],[-122.2633,47.27541],[-122.26171,47.27476],[-122.26124,47.27492],[-122.26135,47.27566],[-122.26047,47.27608],[-122.25929,47.27846],[-122.26327,47.26299],[-122.26306,47.25903],[-122.26215,47.25737],[-122.2946,47.25725],[-122.30366,47.2698]]]}},{"type":"Feature","properties":{"GEOID":"53033030501","city":"Auburn","pct_hispanic":21.24,"pop_total":2999.0,"median_hh_income":33423.0,"pop_density_sqkm":263.781,"cameras_flock":15,"cameras_flock_nonretail":10,"cameras_alpr_all":26,"road_miles":18.793,"cameras_per_road_mile":0.798,"cameras_per_10k_residents":50.017,"crime_count":null,"crime_data_available":false,"retailer_count":1},"geometry":{"type":"Polygon","coordinates":[[[-122.25651,47.3029],[-122.25414,47.30715],[-122.25272,47.31167],[-122.24981,47.31646],[-122.24975,47.33188],[-122.24879,47.33476],[-122.24713,47.33704],[-122.24981,47.34088],[-122.24948,47.35365],[-122.22917,47.35377],[-122.22815,47.35226],[-122.22249,47.34665],[-122.22229,47.3346],[-122.22159,47.33137],[-122.22157,47.31783],[-122.22614,47.31212],[-122.22858,47.30738],[-122.22868,47.30303],[-122.23275,47.30352],[-122.25155,47.30219],[-122.25651,47.3029]]]}},{"type":"Feature","properties":{"GEOID":"53033030503","city":"Auburn","pct_hispanic":14.596,"pop_total":6776.0,"median_hh_income":95278.0,"pop_density_sqkm":2170.465,"cameras_flock":3,"cameras_flock_nonretail":3,"cameras_alpr_all":3,"road_miles":5.543,"cameras_per_road_mile":0.541,"cameras_per_10k_residents":4.427,"crime_count":null,"crime_data_available":false,"retailer_count":0},"geometry":{"type":"Polygon","coordinates":[[[-122.22917,47.35377],[-122.20953,47.35409],[-122.20866,47.35343],[-122.20855,47.35161],[-122.20951,47.35065],[-122.20978,47.34898],[-122.20861,47.34707],[-122.20641,47.34489],[-122.20565,47.34352],[-122.20566,47.34214],[-122.20884,47.33896],[-122.20873,47.33631],[-122.21186,47.33435],[-122.21259,47.33334],[-122.21182,47.33],[-122.21071,47.32769],[-122.21018,47.32746],[-122.21052,47.32643],[-122.22155,47.32645],[-122.2216,47.33233],[-122.22229,47.3346],[-122.2224,47.34635],[-122.22293,47.34737],[-122.22815,47.35226],[-122.22917,47.35377]]]}},{"type":"Feature","properties":{"GEOID":"53033030504","city":"Auburn","pct_hispanic":21.256,"pop_total":5636.0,"median_hh_income":82227.0,"pop_density_sqkm":3697.619,"cameras_flock":5,"cameras_flock_nonretail":5,"cameras_alpr_all":5,"road_miles":4.793,"cameras_per_road_mile":1.043,"cameras_per_10k_residents":8.872,"crime_count":null,"crime_data_available":false,"retailer_count":0},"geometry":{"type":"Polygon","coordinates":[[[-122.22334,47.31567],[-122.2215,47.31809],[-122.22155,47.32645],[-122.21052,47.32643],[-122.21018,47.32746],[-122.20701,47.32736],[-122.20457,47.32686],[-122.20323,47.32561],[-122.20275,47.32443],[-122.20304,47.32155],[-122.20444,47.32071],[-122.2081,47.32083],[-122.20901,47.32012],[-122.20919,47.3187],[-122.20841,47.31746],[-122.20573,47.31546],[-122.22229,47.31496],[-122.22334,47.31567]]]}},{"type":"Feature","properties":{"GEOID":"53033030600","city":"Auburn","pct_hispanic":11.735,"pop_total":4900.0,"median_hh_income":90972.0,"pop_density_sqkm":1449.951,"cameras_flock":3,"cameras_flock_nonretail":3,"cameras_alpr_all":3,"road_miles":7.399,"cameras_per_road_mile":0.405,"cameras_per_10k_residents":6.122,"crime_count":null,"crime_data_available":false,"retailer_count":0},"geometry":{"type":"Polygon","coordinates":[[[-122.22868,47.30311],[-122.22858,47.30738],[-122.22614,47.31212],[-122.22334,47.31567],[-122.22196,47.31495],[-122.20573,47.31546],[-122.20367,47.31244],[-122.20121,47.31033],[-122.20091,47.30801],[-122.19959,47.30639],[-122.19968,47.30476],[-122.19803,47.30397],[-122.19762,47.30431],[-122.19771,47.30553],[-122.1938,47.30586],[-122.1926,47.30493],[-122.19326,47.30375],[-122.19311,47.30299],[-122.19115,47.3022],[-122.18849,47.30186],[-122.188,47.30252],[-122.1882,47.30327],[-122.1899,47.30436],[-122.19049,47.30526],[-122.19032,47.30564],[-122.18816,47.30636],[-122.18583,47.30482],[-122.17934,47.30379],[-122.17706,47.30298],[-122.18145,47.29951],[-122.18324,47.29877],[-122.18571,47.29841],[-122.18812,47.29866],[-122.20355,47.30267],[-122.20742,47.30331],[-122.21155,47.30351],[-122.22201,47.30332],[-122.22692,47.30289],[-122.22868,47.30311]]]}},{"type":"Feature","properties":{"GEOID":"53033030801","city":"Auburn","pct_hispanic":58.728,"pop_total":7310.0,"median_hh_income":72993.0,"pop_density_sqkm":1050.75,"cameras_flock":2,"cameras_flock_nonretail":2,"cameras_alpr_all":4,"road_miles":12.577,"cameras_per_road_mile":0.159,"cameras_per_10k_residents":2.736,"crime_count":null,"crime_data_available":false,"retailer_count":0},"geometry":{"type":"Polygon","coordinates":[[[-122.26053,47.29717],[-122.26015,47.29824],[-122.25655,47.30283],[-122.25155,47.30219],[-122.23275,47.30352],[-122.22868,47.30303],[-122.22889,47.29001],[-122.22139,47.29005],[-122.22134,47.2828],[-122.21336,47.28283],[-122.21341,47.27684],[-122.20945,47.27586],[-122.20887,47.27594],[-122.20887,47.27677],[-122.20803,47.27682],[-122.20808,47.27492],[-122.21685,47.2742],[-122.22081,47.27106],[-122.22342,47.27025],[-122.22572,47.26816],[-122.22578,47.26708],[-122.22998,47.26589],[-122.23036,47.27193],[-122.23683,47.2719],[-122.23679,47.27548],[-122.23944,47.27548],[-122.23942,47.27913],[-122.24645,47.27909],[-122.24643,47.28351],[-122.24595,47.28516],[-122.24039,47.29364],[-122.25975,47.29349],[-122.26053,47.29717]]]}},{"type":"Feature","properties":{"GEOID":"53033030802","city":"Auburn","pct_hispanic":29.322,"pop_total":4454.0,"median_hh_income":81688.0,"pop_density_sqkm":3214.559,"cameras_flock":2,"cameras_flock_nonretail":2,"cameras_alpr_all":2,"road_miles":3.52,"cameras_per_road_mile":0.568,"cameras_per_10k_residents":4.49,"crime_count":null,"crime_data_available":false,"retailer_count":0},"geometry":{"type":"Polygon","coordinates":[[[-122.22139,47.29005],[-122.21872,47.29006],[-122.2187,47.29368],[-122.21271,47.29372],[-122.21016,47.29247],[-122.20804,47.29189],[-122.20803,47.27682],[-122.20887,47.27677],[-122.20887,47.27594],[-122.21341,47.27684],[-122.21336,47.28283],[-122.22134,47.2828],[-122.22139,47.29005]]]}},{"type":"Feature","properties":{"GEOID":"53033030901","city":"Algona","pct_hispanic":23.992,"pop_total":4143.0,"median_hh_income":85000.0,"pop_density_sqkm":1327.161,"cameras_flock":0,"cameras_flock_nonretail":0,"cameras_alpr_all":4,"road_miles":5.598,"cameras_per_road_mile":0.0,"cameras_per_10k_residents":0.0,"crime_count":null,"crime_data_available":false,"retailer_count":0},"geometry":{"type":"Polygon","coordinates":[[[-122.2629,47.26547],[-122.25917,47.27916],[-122.2593,47.28414],[-122.25879,47.288],[-122.25975,47.29349],[-122.24039,47.29364],[-122.24621,47.28449],[-122.24645,47.27909],[-122.24719,47.27909],[-122.24723,47.27293],[-122.25002,47.2729],[-122.25018,47.2664],[-122.25754,47.26653],[-122.25872,47.26479],[-122.2629,47.26547]]]}},{"type":"Feature","properties":{"GEOID":"53033030902","city":"Algona","pct_hispanic":25.6,"pop_total":5918.0,"median_hh_income":115688.0,"pop_density_sqkm":1515.342,"cameras_flock":0,"cameras_flock_nonretail":0,"cameras_alpr_all":0,"road_miles":5.442,"cameras_per_road_mile":0.0,"cameras_per_10k_residents":0.0,"crime_count":null,"crime_data_available":false,"retailer_count":0},"geometry":{"type":"Polygon","coordinates":[[[-122.26306,47.25903],[-122.26293,47.26534],[-122.25872,47.26479],[-122.25754,47.26653],[-122.25018,47.2664],[-122.25002,47.2729],[-122.24723,47.27293],[-122.24719,47.27909],[-122.23942,47.27913],[-122.23944,47.27548],[-122.23679,47.27548],[-122.23683,47.2719],[-122.23036,47.27193],[-122.22949,47.25756],[-122.26215,47.25737],[-122.26306,47.25903]]]}},{"type":"Feature","properties":{"GEOID":"53033030201","city":"Federal Way","pct_hispanic":31.466,"pop_total":5838.0,"median_hh_income":90814.0,"pop_density_sqkm":2079.419,"cameras_flock":1,"cameras_flock_nonretail":1,"cameras_alpr_all":1,"road_miles":3.489,"cameras_per_road_mile":0.287,"cameras_per_10k_residents":1.713,"crime_count":null,"crime_data_available":false,"retailer_count":0},"geometry":{"type":"Polygon","coordinates":[[[-122.36095,47.31517],[-122.3606,47.32066],[-122.3562,47.32238],[-122.3477,47.3303],[-122.33856,47.33261],[-122.33706,47.33248],[-122.33596,47.33194],[-122.3346,47.33081],[-122.33465,47.31517],[-122.34164,47.31491],[-122.34516,47.31519],[-122.36095,47.31517]]]}},{"type":"Feature","properties":{"GEOID":"53033030304","city":"Federal Way","pct_hispanic":19.613,"pop_total":4390.0,"median_hh_income":92031.0,"pop_density_sqkm":582.613,"cameras_flock":7,"cameras_flock_nonretail":1,"cameras_alpr_all":12,"road_miles":10.319,"cameras_per_road_mile":0.678,"cameras_per_10k_residents":15.945,"crime_count":null,"crime_data_available":false,"retailer_count":2},"geometry":{"type":"Polygon","coordinates":[[[-122.36317,47.28276],[-122.34725,47.28261],[-122.34418,47.28176],[-122.33861,47.28259],[-122.33467,47.28263],[-122.33462,47.28988],[-122.3063,47.28966],[-122.3095,47.28079],[-122.31413,47.2733],[-122.31755,47.26925],[-122.32717,47.26038],[-122.32979,47.25736],[-122.33491,47.25737],[-122.33483,47.26311],[-122.36317,47.28276]]]}},{"type":"Feature","properties":{"GEOID":"53033030305","city":"Federal Way","pct_hispanic":6.49,"pop_total":5316.0,"median_hh_income":126017.0,"pop_density_sqkm":1391.846,"cameras_flock":1,"cameras_flock_nonretail":1,"cameras_alpr_all":1,"road_miles":4.412,"cameras_per_road_mile":0.227,"cameras_per_10k_residents":1.881,"crime_count":null,"crime_data_available":false,"retailer_count":0},"geometry":{"type":"Polygon","coordinates":[[[-122.40883,47.32578],[-122.40391,47.32668],[-122.39745,47.33089],[-122.38763,47.33173],[-122.38083,47.33054],[-122.37671,47.3289],[-122.37633,47.32872],[-122.3764,47.32692],[-122.37082,47.32875],[-122.36998,47.32643],[-122.36841,47.32506],[-122.36667,47.32223],[-122.36572,47.32018],[-122.36584,47.31947],[-122.36471,47.31996],[-122.36287,47.31999],[-122.36153,47.32077],[-122.3606,47.32066],[-122.36095,47.31517],[-122.37231,47.31516],[-122.37346,47.31479],[-122.37511,47.31338],[-122.37637,47.31307],[-122.38267,47.31514],[-122.39796,47.31493],[-122.40171,47.31527],[-122.40188,47.3178],[-122.40332,47.31771],[-122.40323,47.32232],[-122.40883,47.32578]]]}},{"type":"Feature","properties":{"GEOID":"53033030306","city":"Federal Way","pct_hispanic":13.918,"pop_total":5324.0,"median_hh_income":127500.0,"pop_density_sqkm":1446.49,"cameras_flock":0,"cameras_flock_nonretail":0,"cameras_alpr_all":5,"road_miles":2.998,"cameras_per_road_mile":0.0,"cameras_per_10k_residents":0.0,"crime_count":null,"crime_data_available":false,"retailer_count":0},"geometry":{"type":"Polygon","coordinates":[[[-122.42321,47.32402],[-122.40883,47.32578],[-122.40323,47.32232],[-122.40332,47.31771],[-122.40188,47.3178],[-122.40186,47.31532],[-122.39796,47.31493],[-122.38267,47.31514],[-122.37737,47.31318],[-122.37611,47.31309],[-122.37534,47.31243],[-122.37296,47.31209],[-122.37355,47.31097],[-122.37668,47.31122],[-122.37691,47.31094],[-122.37648,47.30208],[-122.37685,47.2953],[-122.38178,47.2955],[-122.42321,47.32402]]]}},{"type":"Feature","properties":{"GEOID":"53033030003","city":"Des Moines","pct_hispanic":24.876,"pop_total":7445.0,"median_hh_income":108516.0,"pop_density_sqkm":1616.839,"cameras_flock":2,"cameras_flock_nonretail":2,"cameras_alpr_all":4,"road_miles":7.752,"cameras_per_road_mile":0.258,"cameras_per_10k_residents":2.686,"crime_count":null,"crime_data_available":false,"retailer_count":0},"geometry":{"type":"Polygon","coordinates":[[[-122.33104,47.37207],[-122.31445,47.37223],[-122.31319,47.37359],[-122.31321,47.36881],[-122.29902,47.36866],[-122.29586,47.36977],[-122.29376,47.36973],[-122.29673,47.35784],[-122.30952,47.35794],[-122.31172,47.35366],[-122.31248,47.35089],[-122.31213,47.33583],[-122.31334,47.33612],[-122.31342,47.33735],[-122.31424,47.33845],[-122.31811,47.341],[-122.31943,47.34558],[-122.3216,47.34749],[-122.32971,47.35022],[-122.32891,47.35258],[-122.32953,47.35889],[-122.32916,47.36158],[-122.33003,47.36462],[-122.32953,47.36731],[-122.33104,47.37207]]]}},{"type":"Feature","properties":{"GEOID":"53033030309","city":"Federal Way","pct_hispanic":8.232,"pop_total":5867.0,"median_hh_income":81733.0,"pop_density_sqkm":2673.585,"cameras_flock":0,"cameras_flock_nonretail":0,"cameras_alpr_all":0,"road_miles":3.04,"cameras_per_road_mile":0.0,"cameras_per_10k_residents":0.0,"crime_count":null,"crime_data_available":false,"retailer_count":0},"geometry":{"type":"Polygon","coordinates":[[[-122.35084,47.29868],[-122.34811,47.29982],[-122.34758,47.30348],[-122.3459,47.30553],[-122.34445,47.30616],[-122.3423,47.3062],[-122.34157,47.30967],[-122.34053,47.31136],[-122.34062,47.31222],[-122.3416,47.31298],[-122.34164,47.31491],[-122.33465,47.31517],[-122.33436,47.30559],[-122.33312,47.30378],[-122.32927,47.30047],[-122.32874,47.29891],[-122.3292,47.29757],[-122.33107,47.29569],[-122.33454,47.2937],[-122.33462,47.28988],[-122.33646,47.29025],[-122.33723,47.29236],[-122.33818,47.29314],[-122.34203,47.2937],[-122.34338,47.29426],[-122.34561,47.29728],[-122.34926,47.29773],[-122.35084,47.29868]]]}},{"type":"Feature","properties":{"GEOID":"53033030310","city":"Federal Way","pct_hispanic":14.547,"pop_total":6723.0,"median_hh_income":107500.0,"pop_density_sqkm":2097.336,"cameras_flock":0,"cameras_flock_nonretail":0,"cameras_alpr_all":2,"road_miles":3.183,"cameras_per_road_mile":0.0,"cameras_per_10k_residents":0.0,"crime_count":null,"crime_data_available":false,"retailer_count":0},"geometry":{"type":"Polygon","coordinates":[[[-122.36115,47.2827],[-122.3609,47.30069],[-122.35361,47.30064],[-122.35204,47.30004],[-122.34968,47.29787],[-122.34635,47.29752],[-122.34531,47.29709],[-122.34395,47.29479],[-122.34283,47.29394],[-122.33865,47.29331],[-122.33747,47.29265],[-122.33646,47.29025],[-122.33462,47.28988],[-122.33467,47.28263],[-122.33861,47.28259],[-122.34418,47.28176],[-122.34725,47.28261],[-122.36115,47.2827]]]}},{"type":"Feature","properties":{"GEOID":"53033030311","city":"Federal Way","pct_hispanic":34.56,"pop_total":5544.0,"median_hh_income":109909.0,"pop_density_sqkm":2917.193,"cameras_flock":1,"cameras_flock_nonretail":1,"cameras_alpr_all":4,"road_miles":1.476,"cameras_per_road_mile":0.678,"cameras_per_10k_residents":1.804,"crime_count":null,"crime_data_available":false,"retailer_count":0},"geometry":{"type":"Polygon","coordinates":[[[-122.37697,47.30796],[-122.37679,47.31112],[-122.37355,47.31097],[-122.37296,47.31209],[-122.37534,47.31243],[-122.37611,47.31309],[-122.37499,47.31345],[-122.37329,47.31489],[-122.37207,47.31518],[-122.36095,47.31517],[-122.3609,47.30069],[-122.36616,47.30058],[-122.36859,47.29903],[-122.37266,47.30145],[-122.37431,47.29929],[-122.37682,47.29919],[-122.37654,47.30654],[-122.37697,47.30796]]]}},{"type":"Feature","properties":{"GEOID":"53033030312","city":"Federal Way","pct_hispanic":13.613,"pop_total":5164.0,"median_hh_income":87972.0,"pop_density_sqkm":2804.612,"cameras_flock":1,"cameras_flock_nonretail":1,"cameras_alpr_all":4,"road_miles":2.446,"cameras_per_road_mile":0.409,"cameras_per_10k_residents":1.936,"crime_count":null,"crime_data_available":false,"retailer_count":0},"geometry":{"type":"Polygon","coordinates":[[[-122.38178,47.2955],[-122.37685,47.2953],[-122.37682,47.29919],[-122.37431,47.29929],[-122.37266,47.30145],[-122.36859,47.29903],[-122.36616,47.30058],[-122.3609,47.30069],[-122.36115,47.2827],[-122.36326,47.28276],[-122.38178,47.2955]]]}},{"type":"Feature","properties":{"GEOID":"53033031000","city":"Auburn","pct_hispanic":12.11,"pop_total":4872.0,"median_hh_income":137157.0,"pop_density_sqkm":392.12,"cameras_flock":0,"cameras_flock_nonretail":0,"cameras_alpr_all":0,"road_miles":8.071,"cameras_per_road_mile":0.0,"cameras_per_10k_residents":0.0,"crime_count":null,"crime_data_available":false,"retailer_count":0},"geometry":{"type":"Polygon","coordinates":[[[-122.22998,47.26589],[-122.22578,47.26708],[-122.22572,47.26816],[-122.22342,47.27025],[-122.22081,47.27106],[-122.21685,47.2742],[-122.20502,47.27519],[-122.20054,47.27704],[-122.19785,47.28113],[-122.19506,47.2822],[-122.19447,47.28288],[-122.19192,47.28387],[-122.18356,47.285],[-122.18182,47.28456],[-122.18099,47.28387],[-122.17889,47.28312],[-122.17835,47.28162],[-122.17661,47.28075],[-122.17128,47.27994],[-122.16561,47.2774],[-122.16113,47.27421],[-122.15814,47.27277],[-122.15842,47.27197],[-122.15645,47.26978],[-122.15575,47.26797],[-122.15709,47.26605],[-122.15684,47.26481],[-122.1534,47.26289],[-122.14867,47.26337],[-122.14479,47.25965],[-122.14344,47.25752],[-122.22949,47.25754],[-122.22998,47.26589]]]}},{"type":"Feature","properties":{"GEOID":"53033031206","city":"Auburn","pct_hispanic":38.556,"pop_total":5514.0,"median_hh_income":101555.0,"pop_density_sqkm":1517.526,"cameras_flock":1,"cameras_flock_nonretail":1,"cameras_alpr_all":1,"road_miles":1.332,"cameras_per_road_mile":0.751,"cameras_per_10k_residents":1.814,"crime_count":null,"crime_data_available":false,"retailer_count":0},"geometry":{"type":"Polygon","coordinates":[[[-122.20573,47.31546],[-122.20402,47.31546],[-122.20237,47.31594],[-122.20213,47.31796],[-122.20068,47.31635],[-122.20079,47.3158],[-122.19915,47.31297],[-122.19832,47.31541],[-122.18708,47.31532],[-122.18706,47.31895],[-122.17642,47.31889],[-122.17641,47.32248],[-122.16929,47.32239],[-122.16624,47.32116],[-122.16528,47.31943],[-122.1681,47.31593],[-122.17161,47.30958],[-122.17452,47.30558],[-122.17706,47.30298],[-122.17934,47.30379],[-122.18583,47.30482],[-122.18816,47.30636],[-122.19046,47.30546],[-122.1899,47.30436],[-122.1882,47.30327],[-122.18808,47.30231],[-122.18891,47.30181],[-122.19311,47.30299],[-122.19326,47.30375],[-122.1926,47.30493],[-122.1938,47.30586],[-122.19771,47.30553],[-122.19774,47.30389],[-122.19968,47.30476],[-122.19959,47.30639],[-122.20091,47.30801],[-122.20121,47.31033],[-122.20367,47.31244],[-122.20573,47.31546]]]}},{"type":"Feature","properties":{"GEOID":"53033031302","city":"(unincorporated county)","pct_hispanic":8.722,"pop_total":4529.0,"median_hh_income":123699.0,"pop_density_sqkm":417.887,"cameras_flock":2,"cameras_flock_nonretail":2,"cameras_alpr_all":2,"road_miles":9.556,"cameras_per_road_mile":0.209,"cameras_per_10k_residents":4.416,"crime_count":null,"crime_data_available":false,"retailer_count":0},"geometry":{"type":"Polygon","coordinates":[[[-122.04818,47.192],[-122.04275,47.19216],[-122.03829,47.19368],[-122.03749,47.1955],[-122.03232,47.19552],[-122.026,47.19368],[-122.0164,47.19155],[-122.01627,47.19931],[-121.99246,47.19918],[-121.98426,47.19945],[-121.98418,47.17765],[-121.99452,47.1775],[-121.99464,47.17269],[-121.99745,47.17219],[-122.0006,47.1702],[-122.00173,47.17003],[-122.00453,47.17019],[-122.00677,47.17096],[-122.00659,47.17256],[-122.00707,47.17328],[-122.00976,47.1754],[-122.01236,47.17605],[-122.01426,47.17579],[-122.0171,47.1747],[-122.0194,47.17462],[-122.02231,47.17397],[-122.02578,47.17413],[-122.02963,47.17506],[-122.03193,47.17501],[-122.03439,47.17423],[-122.03592,47.17294],[-122.03744,47.17269],[-122.0375,47.18472],[-122.04811,47.18484],[-122.04818,47.192]]]}},{"type":"Feature","properties":{"GEOID":"53033024100","city":"Yarrow Point","pct_hispanic":3.191,"pop_total":4606.0,"median_hh_income":250001.0,"pop_density_sqkm":1030.627,"cameras_flock":8,"cameras_flock_nonretail":8,"cameras_alpr_all":8,"road_miles":5.004,"cameras_per_road_mile":1.599,"cameras_per_10k_residents":17.369,"crime_count":null,"crime_data_available":false,"retailer_count":0},"geometry":{"type":"Polygon","coordinates":[[[-122.23513,47.65016],[-122.23158,47.65329],[-122.22617,47.65573],[-122.21843,47.65746],[-122.21209,47.65746],[-122.20978,47.64991],[-122.21188,47.64633],[-122.21247,47.64634],[-122.21247,47.64521],[-122.21312,47.64521],[-122.21312,47.64458],[-122.21382,47.64456],[-122.21375,47.64272],[-122.21303,47.64199],[-122.20975,47.64294],[-122.21005,47.62108],[-122.228,47.62103],[-122.22787,47.63553],[-122.23328,47.63559],[-122.2327,47.64138],[-122.23513,47.65016]]]}},{"type":"Feature","properties":{"GEOID":"53033024400","city":"Mercer Island","pct_hispanic":4.274,"pop_total":3252.0,"median_hh_income":132625.0,"pop_density_sqkm":1946.287,"cameras_flock":0,"cameras_flock_nonretail":0,"cameras_alpr_all":0,"road_miles":2.484,"cameras_per_road_mile":0.0,"cameras_per_10k_residents":0.0,"crime_count":null,"crime_data_available":false,"retailer_count":0},"geometry":{"type":"Polygon","coordinates":[[[-122.2305,47.58549],[-122.22925,47.5871],[-122.22686,47.58724],[-122.22672,47.58612],[-122.22552,47.58541],[-122.22408,47.58643],[-122.22476,47.58713],[-122.22396,47.58803],[-122.22397,47.58905],[-122.2158,47.58904],[-122.21473,47.58702],[-122.21063,47.58372],[-122.20138,47.57878],[-122.20454,47.57818],[-122.20734,47.57827],[-122.2073,47.57727],[-122.20584,47.57629],[-122.20581,47.57451],[-122.22697,47.57458],[-122.22693,47.5845],[-122.22795,47.58512],[-122.22959,47.58512],[-122.2305,47.58549]]]}},{"type":"Feature","properties":{"GEOID":"53033024500","city":"Mercer Island","pct_hispanic":2.195,"pop_total":4966.0,"median_hh_income":250001.0,"pop_density_sqkm":1293.717,"cameras_flock":0,"cameras_flock_nonretail":0,"cameras_alpr_all":0,"road_miles":5.748,"cameras_per_road_mile":0.0,"cameras_per_10k_residents":0.0,"crime_count":null,"crime_data_available":false,"retailer_count":0},"geometry":{"type":"Polygon","coordinates":[[[-122.24415,47.56741],[-122.24087,47.56827],[-122.23571,47.57166],[-122.23916,47.57452],[-122.20581,47.57451],[-122.20584,47.57629],[-122.2073,47.57727],[-122.20734,47.57827],[-122.20454,47.57818],[-122.20138,47.57878],[-122.20034,47.57822],[-122.19901,47.57592],[-122.19933,47.56622],[-122.20113,47.55772],[-122.21004,47.55766],[-122.21081,47.55554],[-122.21124,47.55539],[-122.21299,47.55632],[-122.2166,47.55617],[-122.21997,47.55463],[-122.22157,47.55454],[-122.22051,47.55733],[-122.22056,47.55978],[-122.22151,47.56118],[-122.22612,47.55868],[-122.22611,47.55961],[-122.22696,47.5601],[-122.22703,47.55934],[-122.22964,47.55828],[-122.22988,47.55852],[-122.22928,47.55922],[-122.23004,47.5603],[-122.24039,47.56003],[-122.2417,47.56385],[-122.24415,47.56741]]]}},{"type":"Feature","properties":{"GEOID":"53033024601","city":"Mercer Island","pct_hispanic":2.892,"pop_total":4772.0,"median_hh_income":250001.0,"pop_density_sqkm":1202.54,"cameras_flock":0,"cameras_flock_nonretail":0,"cameras_alpr_all":0,"road_miles":4.941,"cameras_per_road_mile":0.0,"cameras_per_10k_residents":0.0,"crime_count":null,"crime_data_available":false,"retailer_count":0},"geometry":{"type":"Polygon","coordinates":[[[-122.25302,47.53952],[-122.24493,47.54612],[-122.24214,47.54992],[-122.24058,47.55404],[-122.24039,47.56003],[-122.23004,47.5603],[-122.22928,47.55922],[-122.22988,47.55852],[-122.22964,47.55828],[-122.22703,47.55934],[-122.22696,47.5601],[-122.22611,47.55961],[-122.22612,47.55868],[-122.22151,47.56118],[-122.22056,47.55978],[-122.22051,47.55733],[-122.22157,47.55454],[-122.21997,47.55463],[-122.2166,47.55617],[-122.21299,47.55632],[-122.21173,47.55543],[-122.21096,47.55545],[-122.21004,47.55766],[-122.20113,47.55772],[-122.20203,47.54582],[-122.20343,47.54092],[-122.20481,47.53833],[-122.21026,47.53831],[-122.211,47.53881],[-122.21254,47.5377],[-122.21285,47.54057],[-122.21397,47.54042],[-122.21434,47.53936],[-122.21512,47.53914],[-122.21515,47.54207],[-122.22706,47.54204],[-122.22715,47.53896],[-122.22797,47.53845],[-122.23795,47.53851],[-122.23883,47.53816],[-122.2396,47.5385],[-122.25372,47.53853],[-122.25302,47.53952]]]}},{"type":"Feature","properties":{"GEOID":"53033024602","city":"Mercer Island","pct_hispanic":0.689,"pop_total":3485.0,"median_hh_income":250001.0,"pop_density_sqkm":1204.522,"cameras_flock":0,"cameras_flock_nonretail":0,"cameras_alpr_all":0,"road_miles":3.477,"cameras_per_road_mile":0.0,"cameras_per_10k_residents":0.0,"crime_count":null,"crime_data_available":false,"retailer_count":0},"geometry":{"type":"Polygon","coordinates":[[[-122.25494,47.53415],[-122.25468,47.53637],[-122.25372,47.53853],[-122.2396,47.5385],[-122.23883,47.53816],[-122.23795,47.53851],[-122.22797,47.53845],[-122.22715,47.53896],[-122.22706,47.54204],[-122.21515,47.54207],[-122.21512,47.53914],[-122.21434,47.53936],[-122.21397,47.54042],[-122.21285,47.54057],[-122.21254,47.5377],[-122.211,47.53881],[-122.21026,47.53831],[-122.20481,47.53833],[-122.20823,47.53192],[-122.20973,47.53042],[-122.21913,47.52372],[-122.2357,47.51777],[-122.2461,47.52257],[-122.25119,47.52596],[-122.25424,47.53062],[-122.25494,47.53415]]]}},{"type":"Feature","properties":{"GEOID":"53033024701","city":"Bellevue","pct_hispanic":5.778,"pop_total":3721.0,"median_hh_income":152528.0,"pop_density_sqkm":1411.059,"cameras_flock":0,"cameras_flock_nonretail":0,"cameras_alpr_all":0,"road_miles":2.864,"cameras_per_road_mile":0.0,"cameras_per_10k_residents":0.0,"crime_count":null,"crime_data_available":false,"retailer_count":0},"geometry":{"type":"Polygon","coordinates":[[[-122.19064,47.55462],[-122.18917,47.55623],[-122.1902,47.55697],[-122.18773,47.56064],[-122.18647,47.56441],[-122.18507,47.56562],[-122.18142,47.56692],[-122.17986,47.56794],[-122.18116,47.57383],[-122.18029,47.57763],[-122.1782,47.58],[-122.17452,47.58025],[-122.17492,47.54977],[-122.1793,47.54981],[-122.18023,47.54935],[-122.1905,47.54945],[-122.1893,47.55167],[-122.19064,47.55462]]]}},{"type":"Feature","properties":{"GEOID":"53033025001","city":"Bellevue","pct_hispanic":4.394,"pop_total":5599.0,"median_hh_income":167917.0,"pop_density_sqkm":1529.28,"cameras_flock":2,"cameras_flock_nonretail":2,"cameras_alpr_all":2,"road_miles":4.894,"cameras_per_road_mile":0.409,"cameras_per_10k_residents":3.572,"crime_count":null,"crime_data_available":false,"retailer_count":0},"geometry":{"type":"Polygon","coordinates":[[[-122.17621,47.52567],[-122.17524,47.5274],[-122.17513,47.53035],[-122.17473,47.56623],[-122.1725,47.56564],[-122.1713,47.56474],[-122.16936,47.56227],[-122.16889,47.55941],[-122.1663,47.55785],[-122.16581,47.55712],[-122.16706,47.55168],[-122.16628,47.5495],[-122.16643,47.54689],[-122.16454,47.54444],[-122.16434,47.54325],[-122.16604,47.53843],[-122.16443,47.53591],[-122.16242,47.53007],[-122.16266,47.52907],[-122.16396,47.52797],[-122.16425,47.527],[-122.16231,47.524],[-122.15953,47.52165],[-122.15906,47.52036],[-122.1592,47.51786],[-122.1648,47.51885],[-122.16911,47.52081],[-122.16943,47.52059],[-122.17223,47.52092],[-122.17343,47.51972],[-122.17489,47.52507],[-122.17621,47.52567]]]}},{"type":"Feature","properties":{"GEOID":"53033025101","city":"Renton","pct_hispanic":19.797,"pop_total":6208.0,"median_hh_income":128447.0,"pop_density_sqkm":2114.789,"cameras_flock":1,"cameras_flock_nonretail":1,"cameras_alpr_all":1,"road_miles":4.448,"cameras_per_road_mile":0.225,"cameras_per_10k_residents":1.611,"crime_count":null,"crime_data_available":false,"retailer_count":0},"geometry":{"type":"Polygon","coordinates":[[[-122.16456,47.49937],[-122.16463,47.51892],[-122.1592,47.51786],[-122.15913,47.51873],[-122.1509,47.51747],[-122.14473,47.51696],[-122.14319,47.51645],[-122.14333,47.50559],[-122.14668,47.50404],[-122.14767,47.50394],[-122.15138,47.50618],[-122.15127,47.49929],[-122.16456,47.49937]]]}},{"type":"Feature","properties":{"GEOID":"53033030403","city":"Federal Way","pct_hispanic":12.84,"pop_total":5039.0,"median_hh_income":101620.0,"pop_density_sqkm":1340.775,"cameras_flock":0,"cameras_flock_nonretail":0,"cameras_alpr_all":0,"road_miles":4.24,"cameras_per_road_mile":0.0,"cameras_per_10k_residents":0.0,"crime_count":null,"crime_data_available":false,"retailer_count":0},"geometry":{"type":"Polygon","coordinates":[[[-122.32979,47.25736],[-122.32717,47.26038],[-122.31607,47.27083],[-122.31061,47.2789],[-122.30989,47.27788],[-122.3083,47.27891],[-122.29766,47.27891],[-122.29778,47.26997],[-122.3028,47.27008],[-122.30382,47.26974],[-122.2946,47.25725],[-122.32979,47.25736]]]}},{"type":"Feature","properties":{"GEOID":"53033028500","city":"Burien","pct_hispanic":22.975,"pop_total":4309.0,"median_hh_income":98478.0,"pop_density_sqkm":1227.708,"cameras_flock":2,"cameras_flock_nonretail":2,"cameras_alpr_all":2,"road_miles":7.617,"cameras_per_road_mile":0.263,"cameras_per_10k_residents":4.641,"crime_count":null,"crime_data_available":false,"retailer_count":0},"geometry":{"type":"Polygon","coordinates":[[[-122.3358,47.43127],[-122.33396,47.44524],[-122.33394,47.45968],[-122.31824,47.45963],[-122.31841,47.44536],[-122.32805,47.44518],[-122.32896,47.44356],[-122.32809,47.44207],[-122.31513,47.43502],[-122.31382,47.43466],[-122.31421,47.43129],[-122.3358,47.43127]]]}},{"type":"Feature","properties":{"GEOID":"53033028600","city":"Normandy Park","pct_hispanic":3.815,"pop_total":6631.0,"median_hh_income":158482.0,"pop_density_sqkm":1039.566,"cameras_flock":4,"cameras_flock_nonretail":4,"cameras_alpr_all":4,"road_miles":8.593,"cameras_per_road_mile":0.465,"cameras_per_10k_residents":6.032,"crime_count":null,"crime_data_available":false,"retailer_count":0},"geometry":{"type":"Polygon","coordinates":[[[-122.37708,47.44526],[-122.35935,47.44516],[-122.35931,47.4456],[-122.35614,47.44763],[-122.3511,47.44915],[-122.34912,47.45118],[-122.34591,47.45282],[-122.34168,47.45646],[-122.33923,47.45972],[-122.33394,47.45968],[-122.33396,47.44524],[-122.3358,47.43127],[-122.33525,47.41604],[-122.33447,47.41158],[-122.33325,47.41026],[-122.33278,47.40858],[-122.33143,47.40799],[-122.32911,47.40847],[-122.32908,47.40709],[-122.34083,47.40693],[-122.35129,47.41321],[-122.35341,47.41759],[-122.35814,47.43772],[-122.3607,47.44008],[-122.36821,47.44374],[-122.37708,47.44526]]]}},{"type":"Feature","properties":{"GEOID":"53033028700","city":"Des Moines","pct_hispanic":12.425,"pop_total":4974.0,"median_hh_income":132207.0,"pop_density_sqkm":1859.218,"cameras_flock":1,"cameras_flock_nonretail":1,"cameras_alpr_all":1,"road_miles":4.24,"cameras_per_road_mile":0.236,"cameras_per_10k_residents":2.01,"crime_count":null,"crime_data_available":false,"retailer_count":0},"geometry":{"type":"Polygon","coordinates":[[[-122.3358,47.43127],[-122.31821,47.43104],[-122.31839,47.42734],[-122.32027,47.42197],[-122.32036,47.41575],[-122.3215,47.41442],[-122.32616,47.41158],[-122.32692,47.40854],[-122.33124,47.40799],[-122.33224,47.40816],[-122.33287,47.40873],[-122.33331,47.41034],[-122.33441,47.41142],[-122.33525,47.41604],[-122.3358,47.43127]]]}},{"type":"Feature","properties":{"GEOID":"53033028801","city":"SeaTac","pct_hispanic":21.599,"pop_total":3477.0,"median_hh_income":71682.0,"pop_density_sqkm":665.873,"cameras_flock":5,"cameras_flock_nonretail":5,"cameras_alpr_all":8,"road_miles":10.653,"cameras_per_road_mile":0.469,"cameras_per_10k_residents":14.38,"crime_count":null,"crime_data_available":false,"retailer_count":0},"geometry":{"type":"Polygon","coordinates":[[[-122.32692,47.40854],[-122.32616,47.41158],[-122.3215,47.41442],[-122.32036,47.41575],[-122.32027,47.42197],[-122.31839,47.42734],[-122.31829,47.43118],[-122.31428,47.43122],[-122.31382,47.43466],[-122.29537,47.43453],[-122.29539,47.42927],[-122.29832,47.40823],[-122.32428,47.40847],[-122.32513,47.4075],[-122.32692,47.40854]]]}},{"type":"Feature","properties":{"GEOID":"53033028802","city":"SeaTac","pct_hispanic":34.917,"pop_total":7389.0,"median_hh_income":59208.0,"pop_density_sqkm":3081.963,"cameras_flock":8,"cameras_flock_nonretail":8,"cameras_alpr_all":8,"road_miles":4.287,"cameras_per_road_mile":1.866,"cameras_per_10k_residents":10.827,"crime_count":null,"crime_data_available":false,"retailer_count":0},"geometry":{"type":"Polygon","coordinates":[[[-122.29831,47.40839],[-122.29539,47.42927],[-122.29537,47.43453],[-122.27027,47.43432],[-122.2712,47.43232],[-122.27271,47.43069],[-122.28519,47.4222],[-122.28817,47.4195],[-122.28993,47.41651],[-122.29218,47.40819],[-122.29831,47.40839]]]}},{"type":"Feature","properties":{"GEOID":"53033028901","city":"Des Moines","pct_hispanic":25.197,"pop_total":3687.0,"median_hh_income":86140.0,"pop_density_sqkm":1610.072,"cameras_flock":1,"cameras_flock_nonretail":1,"cameras_alpr_all":1,"road_miles":5.252,"cameras_per_road_mile":0.19,"cameras_per_10k_residents":2.712,"crime_count":null,"crime_data_available":false,"retailer_count":0},"geometry":{"type":"Polygon","coordinates":[[[-122.34083,47.40693],[-122.32921,47.40703],[-122.32911,47.40847],[-122.3276,47.40857],[-122.32648,47.40843],[-122.32513,47.4075],[-122.32428,47.40847],[-122.30251,47.40826],[-122.3025,47.40203],[-122.31308,47.40216],[-122.3132,47.39346],[-122.31511,47.39465],[-122.31903,47.39465],[-122.32221,47.39664],[-122.32383,47.39704],[-122.32436,47.39792],[-122.33214,47.39785],[-122.33589,47.40322],[-122.34083,47.40693]]]}},{"type":"Feature","properties":{"GEOID":"53033025702","city":"Renton","pct_hispanic":9.194,"pop_total":3448.0,"median_hh_income":139609.0,"pop_density_sqkm":1239.048,"cameras_flock":0,"cameras_flock_nonretail":0,"cameras_alpr_all":0,"road_miles":1.045,"cameras_per_road_mile":0.0,"cameras_per_10k_residents":0.0,"crime_count":null,"crime_data_available":false,"retailer_count":0},"geometry":{"type":"Polygon","coordinates":[[[-122.18587,47.46643],[-122.18363,47.46862],[-122.18191,47.46692],[-122.1811,47.46742],[-122.18211,47.46833],[-122.18136,47.46884],[-122.17922,47.46743],[-122.17675,47.4669],[-122.17603,47.46619],[-122.17327,47.46688],[-122.16888,47.47302],[-122.15637,47.46841],[-122.15643,47.46719],[-122.15564,47.46607],[-122.15116,47.46378],[-122.14771,47.46272],[-122.14682,47.46178],[-122.14675,47.46058],[-122.14822,47.45913],[-122.15155,47.45831],[-122.15292,47.45758],[-122.15374,47.45634],[-122.15384,47.4544],[-122.16357,47.45629],[-122.16379,47.45676],[-122.16633,47.45778],[-122.16845,47.46021],[-122.17058,47.46121],[-122.18057,47.46263],[-122.18587,47.46643]]]}},{"type":"Feature","properties":{"GEOID":"53033025804","city":"Renton","pct_hispanic":19.489,"pop_total":3761.0,"median_hh_income":98281.0,"pop_density_sqkm":1590.481,"cameras_flock":0,"cameras_flock_nonretail":0,"cameras_alpr_all":0,"road_miles":1.497,"cameras_per_road_mile":0.0,"cameras_per_10k_residents":0.0,"crime_count":null,"crime_data_available":false,"retailer_count":0},"geometry":{"type":"Polygon","coordinates":[[[-122.18597,47.45633],[-122.18588,47.46634],[-122.18057,47.46263],[-122.17058,47.46121],[-122.16845,47.46021],[-122.16633,47.45778],[-122.16379,47.45676],[-122.16357,47.45629],[-122.15384,47.4544],[-122.15417,47.44553],[-122.16072,47.44686],[-122.16657,47.44569],[-122.16877,47.44586],[-122.16861,47.45015],[-122.16995,47.45017],[-122.16987,47.45232],[-122.17422,47.45236],[-122.17378,47.45622],[-122.1854,47.45612],[-122.18597,47.45633]]]}},{"type":"Feature","properties":{"GEOID":"53033026001","city":"(unincorporated county)","pct_hispanic":11.319,"pop_total":5946.0,"median_hh_income":120813.0,"pop_density_sqkm":2235.168,"cameras_flock":0,"cameras_flock_nonretail":0,"cameras_alpr_all":0,"road_miles":4.587,"cameras_per_road_mile":0.0,"cameras_per_10k_residents":0.0,"crime_count":null,"crime_data_available":false,"retailer_count":0},"geometry":{"type":"Polygon","coordinates":[[[-122.24964,47.49934],[-122.24087,47.49925],[-122.24082,47.50288],[-122.24564,47.50295],[-122.24549,47.50389],[-122.24628,47.50523],[-122.24608,47.50724],[-122.24697,47.50821],[-122.24715,47.50973],[-122.23705,47.50952],[-122.22741,47.50437],[-122.22756,47.48515],[-122.22715,47.48463],[-122.22763,47.48456],[-122.2304,47.48641],[-122.23831,47.48993],[-122.24002,47.49139],[-122.24079,47.49471],[-122.24209,47.49607],[-122.24383,47.49679],[-122.248,47.49733],[-122.24892,47.498],[-122.24964,47.49934]]]}},{"type":"Feature","properties":{"GEOID":"53033028902","city":"Des Moines","pct_hispanic":28.231,"pop_total":7428.0,"median_hh_income":57651.0,"pop_density_sqkm":3596.798,"cameras_flock":4,"cameras_flock_nonretail":4,"cameras_alpr_all":4,"road_miles":4.545,"cameras_per_road_mile":0.88,"cameras_per_10k_residents":5.385,"crime_count":null,"crime_data_available":false,"retailer_count":0},"geometry":{"type":"Polygon","coordinates":[[[-122.3132,47.39358],[-122.31308,47.40216],[-122.3025,47.40203],[-122.30251,47.40826],[-122.29218,47.40819],[-122.2926,47.40226],[-122.29105,47.39166],[-122.29333,47.39246],[-122.29683,47.39509],[-122.30145,47.39592],[-122.30314,47.39544],[-122.30711,47.39103],[-122.31084,47.39104],[-122.3132,47.39358]]]}},{"type":"Feature","properties":{"GEOID":"53033029001","city":"Des Moines","pct_hispanic":12.94,"pop_total":3833.0,"median_hh_income":105087.0,"pop_density_sqkm":1487.543,"cameras_flock":1,"cameras_flock_nonretail":1,"cameras_alpr_all":1,"road_miles":4.478,"cameras_per_road_mile":0.223,"cameras_per_10k_residents":2.609,"crime_count":null,"crime_data_available":false,"retailer_count":0},"geometry":{"type":"Polygon","coordinates":[[[-122.33214,47.39785],[-122.32436,47.39792],[-122.32383,47.39704],[-122.32221,47.39664],[-122.31903,47.39465],[-122.31454,47.39446],[-122.31138,47.39147],[-122.31315,47.38712],[-122.31319,47.37359],[-122.31445,47.37223],[-122.33104,47.37207],[-122.33065,47.37498],[-122.32955,47.37815],[-122.33152,47.3882],[-122.33028,47.39174],[-122.33214,47.39785]]]}},{"type":"Feature","properties":{"GEOID":"53033029003","city":"Des Moines","pct_hispanic":21.325,"pop_total":6190.0,"median_hh_income":96970.0,"pop_density_sqkm":2410.032,"cameras_flock":1,"cameras_flock_nonretail":1,"cameras_alpr_all":1,"road_miles":2.084,"cameras_per_road_mile":0.48,"cameras_per_10k_residents":1.616,"crime_count":null,"crime_data_available":false,"retailer_count":0},"geometry":{"type":"Polygon","coordinates":[[[-122.31321,47.36881],[-122.31317,47.38699],[-122.31169,47.39139],[-122.31038,47.39093],[-122.30702,47.39105],[-122.30282,47.39565],[-122.30155,47.39592],[-122.29885,47.39553],[-122.29879,47.39374],[-122.29719,47.39372],[-122.29719,47.39246],[-122.29511,47.39244],[-122.29545,47.39097],[-122.2972,47.39096],[-122.2972,47.39043],[-122.29558,47.3904],[-122.29592,47.38901],[-122.29722,47.38903],[-122.29724,47.38738],[-122.29633,47.38737],[-122.29654,47.38652],[-122.2986,47.38652],[-122.29866,47.38468],[-122.29762,47.38467],[-122.29762,47.38426],[-122.29711,47.38423],[-122.29751,47.38259],[-122.29867,47.38259],[-122.29871,47.38115],[-122.3006,47.38115],[-122.30062,47.37945],[-122.3079,47.37956],[-122.30782,47.37598],[-122.30256,47.3759],[-122.30256,47.37481],[-122.30067,47.37479],[-122.30385,47.3687],[-122.31321,47.36881]]]}},{"type":"Feature","properties":{"GEOID":"53033029004","city":"Kent","pct_hispanic":44.567,"pop_total":4620.0,"median_hh_income":47988.0,"pop_density_sqkm":2527.681,"cameras_flock":4,"cameras_flock_nonretail":1,"cameras_alpr_all":8,"road_miles":4.202,"cameras_per_road_mile":0.952,"cameras_per_10k_residents":8.658,"crime_count":null,"crime_data_available":false,"retailer_count":1},"geometry":{"type":"Polygon","coordinates":[[[-122.3079,47.37956],[-122.30062,47.37945],[-122.3006,47.38115],[-122.29871,47.38115],[-122.29867,47.38259],[-122.29751,47.38259],[-122.29711,47.38423],[-122.29762,47.38426],[-122.29762,47.38467],[-122.29866,47.38468],[-122.2986,47.38652],[-122.29654,47.38652],[-122.29633,47.38737],[-122.29724,47.38738],[-122.29722,47.38903],[-122.29592,47.38901],[-122.29558,47.3904],[-122.2972,47.39043],[-122.2972,47.39096],[-122.29545,47.39097],[-122.29511,47.39244],[-122.29719,47.39246],[-122.29719,47.39372],[-122.29879,47.39374],[-122.29885,47.39553],[-122.29716,47.39521],[-122.29333,47.39246],[-122.29105,47.39166],[-122.29059,47.38873],[-122.29082,47.38121],[-122.29376,47.36973],[-122.29586,47.36977],[-122.29902,47.36866],[-122.30385,47.3687],[-122.30067,47.37479],[-122.30256,47.37481],[-122.30256,47.3759],[-122.30782,47.37598],[-122.3079,47.37956]]]}},{"type":"Feature","properties":{"GEOID":"53033029203","city":"Kent","pct_hispanic":21.602,"pop_total":4407.0,"median_hh_income":76597.0,"pop_density_sqkm":2193.596,"cameras_flock":1,"cameras_flock_nonretail":1,"cameras_alpr_all":1,"road_miles":5.226,"cameras_per_road_mile":0.191,"cameras_per_10k_residents":2.269,"crime_count":null,"crime_data_available":false,"retailer_count":0},"geometry":{"type":"Polygon","coordinates":[[[-122.24444,47.38472],[-122.24368,47.38696],[-122.24184,47.38909],[-122.22804,47.39841],[-122.22822,47.39419],[-122.23103,47.39098],[-122.23111,47.38665],[-122.21536,47.38681],[-122.21542,47.37863],[-122.22138,47.38252],[-122.22549,47.38336],[-122.22695,47.38135],[-122.22903,47.38014],[-122.23051,47.3798],[-122.23293,47.37977],[-122.23296,47.38161],[-122.24444,47.38141],[-122.24444,47.38472]]]}},{"type":"Feature","properties":{"GEOID":"53033032003","city":"(unincorporated county)","pct_hispanic":13.857,"pop_total":5326.0,"median_hh_income":159125.0,"pop_density_sqkm":43.773,"cameras_flock":1,"cameras_flock_nonretail":1,"cameras_alpr_all":2,"road_miles":15.133,"cameras_per_road_mile":0.066,"cameras_per_10k_residents":1.878,"crime_count":null,"crime_data_available":false,"retailer_count":0},"geometry":{"type":"Polygon","coordinates":[[[-122.04509,47.398],[-122.04405,47.40259],[-122.04152,47.4064],[-122.03924,47.40801],[-122.0279,47.41074],[-121.9979,47.42221],[-121.99252,47.42524],[-121.98459,47.43169],[-121.97744,47.43503],[-121.9747,47.43566],[-121.96991,47.4357],[-121.96626,47.43685],[-121.96306,47.44006],[-121.95998,47.44774],[-121.95202,47.45337],[-121.95114,47.45444],[-121.95054,47.45659],[-121.94756,47.46013],[-121.94389,47.46229],[-121.93479,47.46588],[-121.93169,47.46608],[-121.92544,47.46561],[-121.92318,47.46596],[-121.92072,47.46703],[-121.916,47.47007],[-121.91008,47.47238],[-121.90842,47.47281],[-121.89896,47.47372],[-121.89497,47.47536],[-121.89175,47.47799],[-121.88938,47.48246],[-121.88451,47.50458],[-121.87919,47.50386],[-121.87875,47.50354],[-121.87624,47.49868],[-121.8731,47.49583],[-121.86992,47.4884],[-121.86314,47.48284],[-121.86173,47.47789],[-121.85973,47.47756],[-121.85631,47.47809],[-121.85438,47.47779],[-121.85402,47.47719],[-121.85563,47.47713],[-121.85573,47.47679],[-121.85399,47.47669],[-121.84929,47.47542],[-121.84758,47.47444],[-121.84632,47.47266],[-121.84631,47.46992],[-121.84709,47.4662],[-121.84618,47.46273],[-121.84407,47.45965],[-121.84361,47.45449],[-121.84208,47.45296],[-121.84069,47.45233],[-121.8386,47.44996],[-121.83453,47.44806],[-121.83242,47.44752],[-121.83104,47.44821],[-121.82672,47.44848],[-121.8228,47.44754],[-121.82276,47.44713],[-121.82368,47.44667],[-121.82461,47.44673],[-121.82781,47.4456],[-121.82845,47.44506],[-121.8282,47.44467],[-121.82529,47.44438],[-121.8215,47.44334],[-121.81733,47.44394],[-121.81645,47.44354],[-121.81431,47.44362],[-121.81284,47.44309],[-121.81089,47.44336],[-121.81005,47.4442],[-121.80917,47.44436],[-121.80927,47.44316],[-121.8081,47.44261],[-121.80999,47.44145],[-121.80993,47.44093],[-121.81075,47.44043],[-121.81092,47.43981],[-121.80769,47.43882],[-121.80748,47.43852],[-121.80813,47.4379],[-121.80651,47.43702],[-121.80656,47.43629],[-121.80589,47.43573],[-121.80702,47.43575],[-121.80784,47.43664],[-121.81015,47.43666],[-121.81065,47.43745],[-121.81107,47.43737],[-121.81503,47.43366],[-121.8177,47.43266],[-121.82135,47.43211],[-121.822,47.42995],[-121.82342,47.42913],[-121.82402,47.42813],[-121.82367,47.42712],[-121.82431,47.42673],[-121.82524,47.4246],[-121.82346,47.423],[-121.82555,47.42139],[-121.82524,47.41921],[-121.82253,47.41618],[-121.8199,47.4149],[-121.82047,47.4134],[-121.81955,47.41159],[-121.81963,47.41062],[-121.82354,47.40898],[-121.82532,47.40756],[-121.82874,47.40659],[-121.83429,47.40352],[-121.836,47.40208],[-121.8387,47.40144],[-121.8409,47.40003],[-121.84183,47.39817],[-121.84424,47.39543],[-121.84688,47.39388],[-121.85036,47.39287],[-121.85615,47.38913],[-121.85823,47.3887],[-121.86386,47.38845],[-121.87117,47.38554],[-121.87345,47.38525],[-121.8752,47.38549],[-121.87798,47.38685],[-121.87897,47.38858],[-121.88152,47.38838],[-121.88379,47.38955],[-121.88665,47.3898],[-121.89402,47.38926],[-121.8973,47.38797],[-121.89794,47.38675],[-121.89828,47.38179],[-121.89971,47.38099],[-121.90239,47.38033],[-121.90517,47.38158],[-121.90809,47.38202],[-121.90999,47.38337],[-121.91822,47.38723],[-121.91987,47.38925],[-121.9203,47.39113],[-121.92327,47.39293],[-121.92619,47.39283],[-121.92953,47.39132],[-121.93606,47.39118],[-121.94131,47.39229],[-121.94344,47.39224],[-121.94642,47.39296],[-121.95431,47.39364],[-121.95608,47.39261],[-121.95856,47.39195],[-121.95963,47.3907],[-121.95921,47.38958],[-121.95757,47.38838],[-121.95792,47.38636],[-121.95417,47.38288],[-121.95386,47.38182],[-121.95539,47.38143],[-121.95768,47.38161],[-121.95849,47.38132],[-121.95927,47.38012],[-121.95769,47.3794],[-121.95756,47.37862],[-121.96294,47.37462],[-121.96792,47.37344],[-121.97159,47.37464],[-121.9729,47.37389],[-121.97546,47.37369],[-121.98204,47.37582],[-121.98641,47.37635],[-121.99484,47.37597],[-121.99985,47.3789],[-122.00354,47.3788],[-122.00438,47.37914],[-122.01087,47.37692],[-122.01346,47.37703],[-122.02096,47.38025],[-122.02257,47.38355],[-122.02728,47.38679],[-122.03202,47.38936],[-122.03206,47.3935],[-122.03607,47.39401],[-122.04134,47.39653],[-122.03814,47.39443],[-122.03831,47.39397],[-122.03938,47.39375],[-122.04509,47.398]]]}},{"type":"Feature","properties":{"GEOID":"53033032800","city":"(unincorporated county)","pct_hispanic":4.524,"pop_total":2365.0,"median_hh_income":123750.0,"pop_density_sqkm":1.701,"cameras_flock":0,"cameras_flock_nonretail":0,"cameras_alpr_all":0,"road_miles":22.775,"cameras_per_road_mile":0.0,"cameras_per_10k_residents":0.0,"crime_count":null,"crime_data_available":false,"retailer_count":0},"geometry":{"type":"Polygon","coordinates":[[[-121.84495,47.5504],[-121.84436,47.55045],[-121.84345,47.55159],[-121.84083,47.55289],[-121.83574,47.55372],[-121.83519,47.55426],[-121.8332,47.55441],[-121.82939,47.55629],[-121.82388,47.55709],[-121.82246,47.55641],[-121.82009,47.55656],[-121.81883,47.5561],[-121.81759,47.55673],[-121.81459,47.55689],[-121.81233,47.55765],[-121.81064,47.55937],[-121.80751,47.55938],[-121.79817,47.56246],[-121.79712,47.56369],[-121.79592,47.56781],[-121.79567,47.57125],[-121.79461,47.57333],[-121.79464,47.57661],[-121.79378,47.57773],[-121.79386,47.58047],[-121.79178,47.58352],[-121.79287,47.58775],[-121.79267,47.5894],[-121.78826,47.60036],[-121.78884,47.6022],[-121.78962,47.6029],[-121.79156,47.6034],[-121.79794,47.60336],[-121.80323,47.60445],[-121.80515,47.60629],[-121.80587,47.60762],[-121.80559,47.60895],[-121.8028,47.61376],[-121.80523,47.61719],[-121.80928,47.61905],[-121.81281,47.61873],[-121.81436,47.61919],[-121.81644,47.62026],[-121.81812,47.62179],[-121.82107,47.62234],[-121.82469,47.62363],[-121.82741,47.6267],[-121.82605,47.62972],[-121.82682,47.63046],[-121.82733,47.63281],[-121.82939,47.63613],[-121.82848,47.63815],[-121.82658,47.63899],[-121.82703,47.6395],[-121.82932,47.63909],[-121.82999,47.64104],[-121.83076,47.64674],[-121.83001,47.64941],[-121.83037,47.65154],[-121.82736,47.65486],[-121.82279,47.65642],[-121.82121,47.65828],[-121.81875,47.65789],[-121.81512,47.65993],[-121.81304,47.66214],[-121.81311,47.66683],[-121.81383,47.66794],[-121.81393,47.66955],[-121.81268,47.67115],[-121.81299,47.67219],[-121.81216,47.67251],[-121.81127,47.67163],[-121.80756,47.67411],[-121.80806,47.67493],[-121.81285,47.67776],[-121.81089,47.67825],[-121.8095,47.6797],[-121.80846,47.67996],[-121.80779,47.68062],[-121.80493,47.68147],[-121.80507,47.68294],[-121.8024,47.68315],[-121.80211,47.68432],[-121.80098,47.68473],[-121.80079,47.68622],[-121.79777,47.68594],[-121.79674,47.68789],[-121.79581,47.6881],[-121.79432,47.68953],[-121.79249,47.6898],[-121.79124,47.69442],[-121.7888,47.69523],[-121.78869,47.69591],[-121.78554,47.69801],[-121.78327,47.69806],[-121.78074,47.69911],[-121.77933,47.69844],[-121.77817,47.69854],[-121.77709,47.69792],[-121.77582,47.69783],[-121.77348,47.70004],[-121.77135,47.7003],[-121.77084,47.7007],[-121.76872,47.70025],[-121.76643,47.70034],[-121.7633,47.6987],[-121.76074,47.69884],[-121.75825,47.69959],[-121.7562,47.69848],[-121.75529,47.69934],[-121.75422,47.69933],[-121.75359,47.69879],[-121.7535,47.69736],[-121.75277,47.69667],[-121.75038,47.69659],[-121.7492,47.6962],[-121.74818,47.69659],[-121.74725,47.69644],[-121.74765,47.69468],[-121.74648,47.69268],[-121.74278,47.69256],[-121.7416,47.692],[-121.73944,47.69243],[-121.73813,47.69181],[-121.73312,47.69176],[-121.7309,47.6924],[-121.72683,47.69274],[-121.72449,47.69143],[-121.72233,47.69125],[-121.72175,47.68973],[-121.72203,47.68868],[-121.7195,47.68842],[-121.71757,47.6889],[-121.71566,47.68872],[-121.71538,47.68893],[-121.71602,47.68986],[-121.71331,47.69226],[-121.71278,47.69566],[-121.71072,47.70022],[-121.71036,47.70229],[-121.70869,47.70539],[-121.7115,47.70936],[-121.71227,47.71253],[-121.71141,47.71493],[-121.71157,47.71894],[-121.71211,47.72062],[-121.71305,47.72152],[-121.7174,47.72328],[-121.71983,47.72577],[-121.71839,47.73012],[-121.71817,47.73262],[-121.71384,47.73819],[-121.71102,47.7394],[-121.70893,47.73979],[-121.70305,47.74351],[-121.69769,47.74535],[-121.69542,47.74656],[-121.69045,47.74805],[-121.68342,47.74787],[-121.67708,47.74915],[-121.67114,47.7494],[-121.66608,47.76665],[-121.66706,47.7754],[-121.66681,47.77721],[-121.58522,47.77702],[-121.57269,47.77756],[-121.49702,47.77783],[-121.4629,47.77831],[-121.45555,47.77843],[-121.45554,47.78058],[-121.30068,47.77955],[-121.19567,47.77914],[-121.19563,47.7801],[-121.11918,47.77993],[-121.1187,47.77801],[-121.1195,47.77699],[-121.11948,47.77584],[-121.11428,47.77169],[-121.11391,47.77025],[-121.10921,47.76676],[-121.1077,47.76668],[-121.11051,47.7616],[-121.11086,47.75842],[-121.11051,47.75783],[-121.10941,47.7572],[-121.10646,47.75681],[-121.10128,47.75714],[-121.0988,47.7591],[-121.0957,47.75823],[-121.0946,47.75843],[-121.09402,47.75818],[-121.09291,47.75581],[-121.09217,47.75163],[-121.08991,47.74632],[-121.08706,47.74453],[-121.08213,47.74303],[-121.08036,47.7404],[-121.07899,47.73919],[-121.08077,47.73703],[-121.08152,47.73447],[-121.08495,47.7323],[-121.08478,47.72991],[-121.08735,47.72863],[-121.08522,47.72599],[-121.08395,47.72307],[-121.07826,47.72001],[-121.07312,47.71916],[-121.06996,47.71783],[-121.06601,47.7136],[-121.06594,47.70928],[-121.06712,47.70627],[-121.06871,47.70632],[-121.07499,47.70378],[-121.07734,47.70357],[-121.07853,47.70221],[-121.07937,47.70196],[-121.08354,47.70241],[-121.08442,47.70223],[-121.0883,47.70314],[-121.09029,47.70283],[-121.09143,47.70132],[-121.09089,47.69907],[-121.09461,47.69503],[-121.09728,47.69391],[-121.09831,47.69265],[-121.09926,47.69265],[-121.10551,47.68881],[-121.10828,47.68908],[-121.11262,47.68663],[-121.11412,47.68699],[-121.11895,47.68531],[-121.12158,47.68521],[-121.12274,47.68391],[-121.12311,47.68109],[-121.12368,47.68021],[-121.1265,47.67831],[-121.12657,47.67737],[-121.12882,47.67618],[-121.12929,47.67326],[-121.12891,47.67216],[-121.1274,47.67121],[-121.12608,47.66886],[-121.12554,47.66673],[-121.12352,47.66459],[-121.12318,47.66333],[-121.12382,47.6617],[-121.12481,47.66134],[-121.12468,47.6592],[-121.12564,47.65716],[-121.12857,47.6557],[-121.13052,47.6559],[-121.13188,47.65566],[-121.131,47.65424],[-121.13101,47.65312],[-121.13159,47.65097],[-121.13273,47.6498],[-121.13252,47.64823],[-121.1337,47.6456],[-121.13132,47.64447],[-121.12869,47.63983],[-121.12659,47.63844],[-121.12597,47.6374],[-121.12656,47.63663],[-121.1268,47.63406],[-121.12787,47.6321],[-121.12677,47.63143],[-121.12527,47.62813],[-121.12461,47.62733],[-121.12257,47.62703],[-121.12014,47.62738],[-121.11876,47.62697],[-121.11754,47.62487],[-121.11595,47.62408],[-121.1139,47.62194],[-121.1131,47.61899],[-121.1145,47.61755],[-121.11832,47.61658],[-121.12007,47.61568],[-121.11967,47.6149],[-121.12028,47.61282],[-121.12008,47.61152],[-121.11791,47.60809],[-121.11791,47.60721],[-121.11564,47.6042],[-121.1132,47.60348],[-121.11189,47.60251],[-121.11111,47.59972],[-121.11357,47.59729],[-121.11511,47.59723],[-121.11596,47.59794],[-121.11792,47.59676],[-121.11955,47.59144],[-121.12178,47.59149],[-121.12334,47.59215],[-121.12889,47.59306],[-121.13421,47.59539],[-121.13751,47.59574],[-121.13872,47.59562],[-121.14018,47.59425],[-121.14102,47.59401],[-121.14138,47.59234],[-121.14269,47.59199],[-121.14423,47.59233],[-121.14546,47.59324],[-121.14851,47.59372],[-121.15101,47.59539],[-121.15215,47.59558],[-121.15461,47.59517],[-121.15515,47.59414],[-121.15613,47.59367],[-121.16058,47.59275],[-121.16441,47.59252],[-121.16706,47.59168],[-121.16734,47.59095],[-121.16804,47.59065],[-121.17219,47.59023],[-121.17216,47.58888],[-121.171,47.58729],[-121.17075,47.58601],[-121.17178,47.58409],[-121.17298,47.58338],[-121.17216,47.58071],[-121.17015,47.57948],[-121.16983,47.57856],[-121.17178,47.57432],[-121.1751,47.57237],[-121.17694,47.56974],[-121.17658,47.56693],[-121.17804,47.56574],[-121.18014,47.56492],[-121.1824,47.56523],[-121.18407,47.56666],[-121.18594,47.56713],[-121.18704,47.56835],[-121.18831,47.56873],[-121.1947,47.56613],[-121.19816,47.56645],[-121.20854,47.56596],[-121.2101,47.56732],[-121.21205,47.568],[-121.21295,47.56882],[-121.21484,47.56887],[-121.21685,47.56977],[-121.22147,47.56777],[-121.22462,47.56723],[-121.22904,47.5655],[-121.23024,47.56297],[-121.232,47.5624],[-121.23278,47.56118],[-121.23303,47.56014],[-121.23206,47.55782],[-121.23394,47.55635],[-121.23408,47.55567],[-121.23419,47.552],[-121.23336,47.55057],[-121.23473,47.54879],[-121.2357,47.54847],[-121.23433,47.54679],[-121.23462,47.54558],[-121.23557,47.5446],[-121.24029,47.54404],[-121.24164,47.54324],[-121.24343,47.54301],[-121.24304,47.54039],[-121.24391,47.54011],[-121.24505,47.53869],[-121.24579,47.53839],[-121.2466,47.53868],[-121.25048,47.54334],[-121.2521,47.54365],[-121.25383,47.54298],[-121.25503,47.54319],[-121.2555,47.54278],[-121.25772,47.54455],[-121.25931,47.54363],[-121.26111,47.54362],[-121.2621,47.54412],[-121.26295,47.54368],[-121.26538,47.54418],[-121.27165,47.54384],[-121.27477,47.54431],[-121.27629,47.54512],[-121.27807,47.54528],[-121.2808,47.54471],[-121.28199,47.54498],[-121.28349,47.54426],[-121.2846,47.54298],[-121.28649,47.54271],[-121.28751,47.54323],[-121.29069,47.54047],[-121.2931,47.53917],[-121.29383,47.53804],[-121.29606,47.53727],[-121.29692,47.53654],[-121.30941,47.53365],[-121.31256,47.53189],[-121.31448,47.5315],[-121.31656,47.52845],[-121.31982,47.52735],[-121.3201,47.52666],[-121.31946,47.52612],[-121.31963,47.52557],[-121.32267,47.52383],[-121.32323,47.5225],[-121.32239,47.52198],[-121.32498,47.5181],[-121.32625,47.51778],[-121.327,47.51629],[-121.33067,47.51595],[-121.33184,47.51661],[-121.33271,47.51662],[-121.33515,47.51528],[-121.34128,47.51395],[-121.34258,47.51231],[-121.34506,47.51079],[-121.34561,47.50965],[-121.34845,47.508],[-121.34954,47.50778],[-121.35404,47.5084],[-121.35904,47.50835],[-121.36033,47.50739],[-121.36319,47.5067],[-121.3643,47.50512],[-121.36644,47.50448],[-121.36964,47.50175],[-121.37117,47.50194],[-121.37175,47.50115],[-121.37398,47.50055],[-121.37632,47.49924],[-121.37774,47.49788],[-121.37973,47.49701],[-121.38068,47.49594],[-121.38326,47.4943],[-121.38386,47.49263],[-121.38727,47.48905],[-121.38979,47.48766],[-121.3965,47.48726],[-121.3978,47.48668],[-121.40413,47.48542],[-121.40367,47.48509],[-121.4055,47.48477],[-121.4081,47.48549],[-121.40945,47.4864],[-121.41405,47.48753],[-121.41716,47.48724],[-121.42674,47.48884],[-121.43073,47.49054],[-121.4328,47.49079],[-121.43519,47.49211],[-121.43826,47.49228],[-121.44261,47.49357],[-121.44423,47.49502],[-121.44573,47.49547],[-121.44661,47.49627],[-121.44684,47.49698],[-121.44614,47.4981],[-121.44626,47.49898],[-121.45255,47.50328],[-121.45372,47.50525],[-121.45561,47.5067],[-121.45608,47.50774],[-121.45711,47.50855],[-121.45712,47.50994],[-121.45563,47.51112],[-121.45597,47.51211],[-121.45514,47.51332],[-121.45536,47.51403],[-121.45397,47.51534],[-121.45577,47.51613],[-121.45605,47.51739],[-121.4566,47.51781],[-121.46107,47.51858],[-121.46429,47.51978],[-121.46702,47.51883],[-121.46897,47.51905],[-121.47198,47.52287],[-121.47331,47.52319],[-121.47547,47.52271],[-121.47787,47.52405],[-121.48245,47.52511],[-121.48508,47.5266],[-121.48544,47.52819],[-121.48475,47.53101],[-121.48543,47.53172],[-121.49217,47.53011],[-121.49522,47.5313],[-121.49542,47.53179],[-121.4947,47.53313],[-121.49598,47.53333],[-121.49681,47.53239],[-121.49852,47.53379],[-121.5009,47.53408],[-121.50402,47.53669],[-121.50488,47.53664],[-121.50543,47.53556],[-121.50662,47.53526],[-121.51081,47.53586],[-121.51326,47.53761],[-121.51574,47.54135],[-121.51724,47.5414],[-121.51868,47.54061],[-121.51978,47.54063],[-121.52144,47.54287],[-121.52552,47.5436],[-121.52683,47.54647],[-121.52797,47.54685],[-121.52976,47.54682],[-121.53269,47.54619],[-121.5349,47.54693],[-121.53565,47.54661],[-121.54033,47.54722],[-121.54245,47.54637],[-121.54268,47.5449],[-121.54348,47.54415],[-121.54675,47.54372],[-121.54808,47.54321],[-121.54826,47.54133],[-121.54905,47.54058],[-121.55343,47.54031],[-121.55701,47.53843],[-121.55787,47.53832],[-121.55859,47.53836],[-121.56115,47.53985],[-121.56281,47.53992],[-121.5643,47.53916],[-121.56436,47.53765],[-121.56491,47.53698],[-121.56958,47.53595],[-121.57162,47.53597],[-121.57514,47.53696],[-121.57728,47.53671],[-121.57855,47.53564],[-121.57934,47.53406],[-121.5792,47.53112],[-121.58023,47.52946],[-121.58294,47.52899],[-121.58569,47.52997],[-121.58633,47.52981],[-121.58756,47.5289],[-121.58689,47.52696],[-121.58741,47.52607],[-121.59288,47.52677],[-121.59648,47.5259],[-121.59861,47.52481],[-121.5993,47.52352],[-121.59868,47.52063],[-121.59994,47.51803],[-121.60273,47.51735],[-121.60608,47.51765],[-121.60682,47.51718],[-121.60727,47.51559],[-121.60594,47.51362],[-121.60632,47.51269],[-121.60912,47.51159],[-121.61346,47.50893],[-121.61861,47.5084],[-121.62071,47.50857],[-121.6221,47.50808],[-121.62225,47.50738],[-121.6216,47.50697],[-121.6179,47.50621],[-121.61743,47.50547],[-121.61792,47.50431],[-121.61948,47.50388],[-121.62211,47.50458],[-121.62528,47.50429],[-121.62639,47.5031],[-121.6251,47.50083],[-121.62525,47.49989],[-121.6296,47.4998],[-121.63125,47.49847],[-121.63249,47.49625],[-121.63511,47.49541],[-121.64321,47.49485],[-121.64474,47.49512],[-121.64603,47.4948],[-121.64643,47.49293],[-121.64611,47.49133],[-121.6479,47.48926],[-121.64668,47.48732],[-121.64672,47.4866],[-121.65124,47.48382],[-121.66169,47.4805],[-121.66296,47.47964],[-121.66375,47.47848],[-121.66277,47.4766],[-121.66102,47.47592],[-121.66136,47.47499],[-121.67054,47.47294],[-121.67126,47.47254],[-121.67198,47.4712],[-121.67406,47.47013],[-121.67691,47.46959],[-121.67883,47.46975],[-121.68068,47.47271],[-121.6832,47.47339],[-121.68418,47.47324],[-121.68567,47.47206],[-121.68661,47.47207],[-121.69085,47.47919],[-121.69236,47.4801],[-121.70324,47.4772],[-121.70588,47.47888],[-121.71008,47.47763],[-121.71494,47.47787],[-121.71596,47.47903],[-121.71625,47.48044],[-121.71762,47.48085],[-121.71861,47.48037],[-121.71862,47.48065],[-121.72251,47.47854],[-121.72597,47.47798],[-121.72856,47.47866],[-121.73024,47.48187],[-121.7322,47.48251],[-121.73581,47.48179],[-121.73965,47.47902],[-121.7421,47.47668],[-121.74426,47.47593],[-121.74528,47.47595],[-121.74681,47.47642],[-121.74796,47.47804],[-121.75042,47.47965],[-121.75021,47.48224],[-121.75253,47.48353],[-121.75687,47.48465],[-121.75815,47.48685],[-121.76145,47.48893],[-121.7639,47.49105],[-121.76529,47.49503],[-121.76429,47.49661],[-121.7622,47.49795],[-121.76396,47.50363],[-121.76193,47.50578],[-121.76408,47.51109],[-121.76582,47.51323],[-121.76584,47.51383],[-121.76496,47.51475],[-121.76516,47.51513],[-121.77346,47.51764],[-121.77473,47.51886],[-121.77642,47.51926],[-121.77695,47.52137],[-121.77759,47.52174],[-121.78123,47.52206],[-121.78287,47.52423],[-121.78374,47.52474],[-121.78937,47.52607],[-121.79213,47.52625],[-121.79414,47.52594],[-121.79916,47.52417],[-121.80321,47.52628],[-121.80578,47.52944],[-121.80655,47.52947],[-121.81285,47.52669],[-121.81573,47.52637],[-121.82079,47.52709],[-121.82289,47.52887],[-121.82418,47.53152],[-121.8276,47.53335],[-121.82755,47.53806],[-121.83001,47.53913],[-121.83114,47.53921],[-121.83236,47.53882],[-121.83883,47.54222],[-121.84143,47.54287],[-121.84408,47.55006],[-121.84495,47.5504]]]}},{"type":"Feature","properties":{"GEOID":"53033026300","city":"Tukwila","pct_hispanic":15.084,"pop_total":1717.0,"median_hh_income":89483.0,"pop_density_sqkm":406.392,"cameras_flock":0,"cameras_flock_nonretail":0,"cameras_alpr_all":1,"road_miles":8.159,"cameras_per_road_mile":0.0,"cameras_per_10k_residents":0.0,"crime_count":null,"crime_data_available":false,"retailer_count":0},"geometry":{"type":"Polygon","coordinates":[[[-122.30835,47.52428],[-122.2913,47.52446],[-122.29134,47.51015],[-122.27823,47.50985],[-122.27823,47.50799],[-122.27543,47.50714],[-122.27541,47.50978],[-122.27007,47.50966],[-122.2703,47.49554],[-122.27106,47.49565],[-122.26765,47.4926],[-122.26495,47.48863],[-122.26532,47.48809],[-122.26608,47.48883],[-122.26784,47.48924],[-122.27008,47.48869],[-122.27074,47.48898],[-122.27141,47.49073],[-122.27335,47.49144],[-122.27644,47.49095],[-122.27934,47.49001],[-122.28019,47.49022],[-122.28136,47.49677],[-122.28105,47.49932],[-122.28199,47.50026],[-122.28832,47.50072],[-122.2942,47.50016],[-122.29665,47.50072],[-122.29752,47.50216],[-122.2972,47.5031],[-122.29633,47.50432],[-122.29265,47.50695],[-122.29236,47.50837],[-122.29273,47.50927],[-122.29351,47.5101],[-122.29941,47.51215],[-122.30269,47.51219],[-122.30375,47.51258],[-122.30497,47.5137],[-122.30622,47.51876],[-122.30835,47.52428]]]}},{"type":"Feature","properties":{"GEOID":"53033026400","city":"(unincorporated county)","pct_hispanic":37.32,"pop_total":5844.0,"median_hh_income":79378.0,"pop_density_sqkm":1237.003,"cameras_flock":2,"cameras_flock_nonretail":2,"cameras_alpr_all":2,"road_miles":7.484,"cameras_per_road_mile":0.267,"cameras_per_10k_residents":3.422,"crime_count":null,"crime_data_available":false,"retailer_count":0},"geometry":{"type":"Polygon","coordinates":[[[-122.3315,47.52095],[-122.32588,47.52092],[-122.32588,47.51869],[-122.31753,47.51872],[-122.31766,47.52222],[-122.30967,47.52215],[-122.30952,47.5234],[-122.30997,47.52475],[-122.31184,47.52656],[-122.31755,47.52821],[-122.3176,47.52977],[-122.31534,47.52998],[-122.31278,47.52835],[-122.31071,47.52763],[-122.30898,47.52602],[-122.30622,47.51876],[-122.30497,47.5137],[-122.30375,47.51258],[-122.30269,47.51219],[-122.29941,47.51215],[-122.29351,47.5101],[-122.29273,47.50927],[-122.29236,47.50837],[-122.29265,47.50695],[-122.29633,47.50432],[-122.29752,47.50216],[-122.29665,47.50072],[-122.29456,47.50021],[-122.29527,47.49764],[-122.29659,47.49774],[-122.29752,47.49893],[-122.29933,47.5],[-122.30107,47.50018],[-122.30245,47.49931],[-122.30464,47.49929],[-122.30408,47.49721],[-122.30231,47.49564],[-122.31032,47.49579],[-122.31409,47.50173],[-122.31527,47.50258],[-122.31708,47.503],[-122.32315,47.50305],[-122.32476,47.50271],[-122.32492,47.50763],[-122.3315,47.52095]]]}},{"type":"Feature","properties":{"GEOID":"53033032211","city":"Sammamish","pct_hispanic":12.34,"pop_total":5227.0,"median_hh_income":191667.0,"pop_density_sqkm":1756.792,"cameras_flock":0,"cameras_flock_nonretail":0,"cameras_alpr_all":0,"road_miles":4.304,"cameras_per_road_mile":0.0,"cameras_per_10k_residents":0.0,"crime_count":null,"crime_data_available":false,"retailer_count":0},"geometry":{"type":"Polygon","coordinates":[[[-122.03556,47.58263],[-122.03546,47.58827],[-122.01407,47.58802],[-122.01416,47.58071],[-122.00364,47.58037],[-121.99831,47.5785],[-121.99804,47.5761],[-121.99904,47.57518],[-122.00043,47.57588],[-122.00269,47.57634],[-122.00997,47.57574],[-122.0155,47.57181],[-122.01624,47.56924],[-122.01749,47.56835],[-122.02089,47.56751],[-122.02481,47.56763],[-122.022,47.57281],[-122.02204,47.57452],[-122.02708,47.57834],[-122.03556,47.58263]]]}},{"type":"Feature","properties":{"GEOID":"53033032307","city":"(unincorporated county)","pct_hispanic":5.519,"pop_total":6396.0,"median_hh_income":159181.0,"pop_density_sqkm":551.873,"cameras_flock":0,"cameras_flock_nonretail":0,"cameras_alpr_all":0,"road_miles":7.075,"cameras_per_road_mile":0.0,"cameras_per_10k_residents":0.0,"crime_count":null,"crime_data_available":false,"retailer_count":0},"geometry":{"type":"Polygon","coordinates":[[[-122.11533,47.74361],[-122.11162,47.74467],[-122.1117,47.74541],[-122.11118,47.74581],[-122.11165,47.7464],[-122.11127,47.748],[-122.11171,47.74902],[-122.11059,47.7505],[-122.1097,47.75094],[-122.10786,47.74916],[-122.10733,47.74992],[-122.10773,47.75444],[-122.11038,47.75712],[-122.11147,47.75942],[-122.11168,47.76147],[-122.10492,47.76144],[-122.10485,47.7687],[-122.10271,47.7688],[-122.10223,47.77589],[-122.07465,47.77598],[-122.0755,47.77246],[-122.0746,47.77132],[-122.06537,47.77112],[-122.06433,47.77081],[-122.06277,47.76805],[-122.06395,47.76564],[-122.06355,47.76158],[-122.06565,47.75654],[-122.067,47.75488],[-122.07053,47.75324],[-122.07182,47.75306],[-122.07773,47.75475],[-122.0806,47.75504],[-122.08197,47.74764],[-122.08002,47.73851],[-122.08048,47.73647],[-122.09921,47.736],[-122.11523,47.73626],[-122.11533,47.74361]]]}},{"type":"Feature","properties":{"GEOID":"53033032317","city":"Sammamish","pct_hispanic":4.68,"pop_total":6859.0,"median_hh_income":236031.0,"pop_density_sqkm":1561.112,"cameras_flock":0,"cameras_flock_nonretail":0,"cameras_alpr_all":0,"road_miles":3.669,"cameras_per_road_mile":0.0,"cameras_per_10k_residents":0.0,"crime_count":null,"crime_data_available":false,"retailer_count":0},"geometry":{"type":"Polygon","coordinates":[[[-122.06288,47.63613],[-122.06195,47.63725],[-122.06161,47.64109],[-122.05746,47.64174],[-122.057,47.64226],[-122.05536,47.64229],[-122.05451,47.64066],[-122.05362,47.64007],[-122.04124,47.63566],[-122.0381,47.6352],[-122.03637,47.63433],[-122.03547,47.63282],[-122.03548,47.61654],[-122.04074,47.61434],[-122.04534,47.61423],[-122.04916,47.61478],[-122.05692,47.6174],[-122.05705,47.62376],[-122.05175,47.62376],[-122.05179,47.62764],[-122.05297,47.62888],[-122.05449,47.62866],[-122.05571,47.62796],[-122.05875,47.62792],[-122.06116,47.62941],[-122.06185,47.6302],[-122.06196,47.63487],[-122.06288,47.63613]]]}},{"type":"Feature","properties":{"GEOID":"53033032318","city":"Sammamish","pct_hispanic":7.67,"pop_total":6767.0,"median_hh_income":250001.0,"pop_density_sqkm":923.619,"cameras_flock":0,"cameras_flock_nonretail":0,"cameras_alpr_all":0,"road_miles":4.812,"cameras_per_road_mile":0.0,"cameras_per_10k_residents":0.0,"crime_count":null,"crime_data_available":false,"retailer_count":0},"geometry":{"type":"Polygon","coordinates":[[[-122.06264,47.65649],[-122.04944,47.65243],[-122.03893,47.64635],[-122.02313,47.64394],[-122.01479,47.64171],[-122.01034,47.63983],[-122.01132,47.63882],[-122.01357,47.63835],[-122.01429,47.63751],[-122.01375,47.63587],[-122.01387,47.61673],[-122.03548,47.61654],[-122.03547,47.63282],[-122.03589,47.63384],[-122.0381,47.6352],[-122.04124,47.63566],[-122.05408,47.64026],[-122.05658,47.64423],[-122.05596,47.64962],[-122.06193,47.65323],[-122.06258,47.65431],[-122.06264,47.65649]]]}},{"type":"Feature","properties":{"GEOID":"53033032322","city":"(unincorporated county)","pct_hispanic":3.523,"pop_total":2980.0,"median_hh_income":240000.0,"pop_density_sqkm":643.826,"cameras_flock":0,"cameras_flock_nonretail":0,"cameras_alpr_all":0,"road_miles":2.348,"cameras_per_road_mile":0.0,"cameras_per_10k_residents":0.0,"crime_count":null,"crime_data_available":false,"retailer_count":0},"geometry":{"type":"Polygon","coordinates":[[[-122.11528,47.73282],[-122.11523,47.73626],[-122.09921,47.736],[-122.08048,47.73647],[-122.08857,47.7155],[-122.09131,47.71552],[-122.09507,47.71432],[-122.11055,47.71445],[-122.11017,47.72466],[-122.1096,47.72552],[-122.10746,47.72695],[-122.10735,47.72814],[-122.10813,47.72916],[-122.11012,47.73003],[-122.10966,47.73276],[-122.11528,47.73282]]]}},{"type":"Feature","properties":{"GEOID":"53033032323","city":"Redmond","pct_hispanic":9.57,"pop_total":6959.0,"median_hh_income":210804.0,"pop_density_sqkm":2114.018,"cameras_flock":0,"cameras_flock_nonretail":0,"cameras_alpr_all":0,"road_miles":4.554,"cameras_per_road_mile":0.0,"cameras_per_10k_residents":0.0,"crime_count":null,"crime_data_available":false,"retailer_count":0},"geometry":{"type":"Polygon","coordinates":[[[-122.13215,47.69795],[-122.13193,47.70399],[-122.10034,47.70374],[-122.09299,47.70307],[-122.09291,47.69282],[-122.09604,47.69384],[-122.09997,47.69287],[-122.12437,47.69297],[-122.12556,47.69325],[-122.12606,47.69375],[-122.12687,47.69697],[-122.13215,47.69795]]]}},{"type":"Feature","properties":{"GEOID":"53033032325","city":"Redmond","pct_hispanic":8.546,"pop_total":6459.0,"median_hh_income":121544.0,"pop_density_sqkm":2918.744,"cameras_flock":1,"cameras_flock_nonretail":1,"cameras_alpr_all":1,"road_miles":2.453,"cameras_per_road_mile":0.408,"cameras_per_10k_residents":1.548,"crime_count":null,"crime_data_available":false,"retailer_count":0},"geometry":{"type":"Polygon","coordinates":[[[-122.11843,47.69291],[-122.09997,47.69287],[-122.09707,47.69375],[-122.09551,47.69381],[-122.09291,47.69282],[-122.09197,47.69072],[-122.09194,47.68973],[-122.09292,47.68788],[-122.10614,47.67738],[-122.10862,47.6743],[-122.11042,47.673],[-122.11317,47.67258],[-122.11397,47.67295],[-122.11396,47.67486],[-122.1098,47.67492],[-122.10946,47.67556],[-122.11025,47.67642],[-122.10895,47.6772],[-122.11003,47.67968],[-122.11096,47.68068],[-122.11219,47.68073],[-122.11218,47.6893],[-122.11792,47.68931],[-122.11843,47.69291]]]}},{"type":"Feature","properties":{"GEOID":"53033008002","city":"Seattle","pct_hispanic":7.135,"pop_total":4415.0,"median_hh_income":124464.0,"pop_density_sqkm":18842.237,"cameras_flock":0,"cameras_flock_nonretail":0,"cameras_alpr_all":5,"road_miles":2.571,"cameras_per_road_mile":0.0,"cameras_per_10k_residents":0.0,"crime_count":1471.0,"crime_data_available":true,"retailer_count":0},"geometry":{"type":"Polygon","coordinates":[[[-122.35106,47.61291],[-122.34875,47.61469],[-122.34522,47.61261],[-122.3435,47.61393],[-122.33959,47.61163],[-122.34217,47.60963],[-122.34477,47.61117],[-122.3463,47.60999],[-122.35106,47.61291]]]}},{"type":"Feature","properties":{"GEOID":"53033032324","city":"Redmond","pct_hispanic":6.475,"pop_total":6425.0,"median_hh_income":194260.0,"pop_density_sqkm":3136.305,"cameras_flock":2,"cameras_flock_nonretail":2,"cameras_alpr_all":2,"road_miles":1.783,"cameras_per_road_mile":1.122,"cameras_per_10k_residents":3.113,"crime_count":null,"crime_data_available":false,"retailer_count":0},"geometry":{"type":"Polygon","coordinates":[[[-122.13202,47.69488],[-122.13215,47.69795],[-122.12737,47.69721],[-122.12651,47.69658],[-122.12655,47.69467],[-122.12556,47.69325],[-122.12388,47.69294],[-122.11843,47.69291],[-122.11792,47.68931],[-122.11218,47.6893],[-122.11219,47.68073],[-122.11096,47.68068],[-122.10925,47.67846],[-122.10902,47.67699],[-122.11025,47.67642],[-122.10946,47.67556],[-122.1098,47.67492],[-122.11917,47.67485],[-122.11917,47.67847],[-122.1216,47.67848],[-122.12188,47.68064],[-122.12913,47.68843],[-122.13016,47.69125],[-122.13025,47.69302],[-122.13202,47.69488]]]}},{"type":"Feature","properties":{"GEOID":"53033031400","city":"Enumclaw","pct_hispanic":6.294,"pop_total":5990.0,"median_hh_income":122436.0,"pop_density_sqkm":941.441,"cameras_flock":2,"cameras_flock_nonretail":2,"cameras_alpr_all":2,"road_miles":9.363,"cameras_per_road_mile":0.214,"cameras_per_10k_residents":3.339,"crime_count":null,"crime_data_available":false,"retailer_count":0},"geometry":{"type":"Polygon","coordinates":[[[-122.01627,47.19931],[-122.01626,47.21204],[-122.01486,47.21177],[-122.01226,47.21279],[-122.0109,47.21381],[-122.01073,47.21294],[-122.00854,47.21313],[-122.00648,47.21282],[-122.00402,47.2138],[-121.96306,47.21382],[-121.96372,47.19914],[-121.98474,47.19945],[-121.99246,47.19918],[-122.01627,47.19931]]]}},{"type":"Feature","properties":{"GEOID":"53033031704","city":"Kent","pct_hispanic":18.147,"pop_total":6585.0,"median_hh_income":117674.0,"pop_density_sqkm":1151.341,"cameras_flock":1,"cameras_flock_nonretail":1,"cameras_alpr_all":1,"road_miles":6.414,"cameras_per_road_mile":0.156,"cameras_per_10k_residents":1.519,"crime_count":null,"crime_data_available":false,"retailer_count":0},"geometry":{"type":"Polygon","coordinates":[[[-122.1655,47.34344],[-122.16548,47.35802],[-122.12127,47.35809],[-122.12409,47.35605],[-122.12079,47.35142],[-122.11809,47.34957],[-122.11525,47.34839],[-122.12274,47.34392],[-122.12311,47.34022],[-122.12827,47.34013],[-122.1294,47.34015],[-122.13491,47.34394],[-122.13577,47.3436],[-122.13796,47.34355],[-122.13871,47.34428],[-122.13864,47.34279],[-122.13956,47.34354],[-122.1655,47.34344]]]}},{"type":"Feature","properties":{"GEOID":"53033031908","city":"(unincorporated county)","pct_hispanic":9.539,"pop_total":4099.0,"median_hh_income":77596.0,"pop_density_sqkm":2243.454,"cameras_flock":0,"cameras_flock_nonretail":0,"cameras_alpr_all":0,"road_miles":3.057,"cameras_per_road_mile":0.0,"cameras_per_10k_residents":0.0,"crime_count":null,"crime_data_available":false,"retailer_count":0},"geometry":{"type":"Polygon","coordinates":[[[-122.15417,47.44553],[-122.1538,47.45575],[-122.15184,47.45568],[-122.1491,47.45468],[-122.14718,47.45291],[-122.14524,47.45196],[-122.13982,47.45164],[-122.13847,47.45006],[-122.13717,47.44933],[-122.13618,47.44783],[-122.13534,47.44793],[-122.13405,47.44924],[-122.13205,47.44928],[-122.13213,47.44817],[-122.13316,47.44713],[-122.13083,47.44563],[-122.1311,47.44453],[-122.12837,47.44146],[-122.13033,47.44076],[-122.13011,47.43963],[-122.13314,47.43982],[-122.15417,47.44553]]]}},{"type":"Feature","properties":{"GEOID":"53033032005","city":"Covington","pct_hispanic":12.132,"pop_total":7278.0,"median_hh_income":132484.0,"pop_density_sqkm":1162.935,"cameras_flock":5,"cameras_flock_nonretail":3,"cameras_alpr_all":5,"road_miles":4.956,"cameras_per_road_mile":1.009,"cameras_per_10k_residents":6.87,"crime_count":null,"crime_data_available":false,"retailer_count":1},"geometry":{"type":"Polygon","coordinates":[[[-122.10745,47.35811],[-122.10268,47.36122],[-122.1021,47.36216],[-122.10177,47.37505],[-122.09109,47.38058],[-122.08046,47.38488],[-122.08043,47.38701],[-122.06524,47.38695],[-122.06922,47.37969],[-122.07606,47.36924],[-122.07756,47.36734],[-122.07905,47.36722],[-122.07891,47.36626],[-122.07725,47.36567],[-122.07524,47.36566],[-122.07524,47.3671],[-122.06985,47.36718],[-122.06985,47.35806],[-122.10745,47.35811]]]}},{"type":"Feature","properties":{"GEOID":"53033032008","city":"Maple Valley","pct_hispanic":3.099,"pop_total":4873.0,"median_hh_income":142153.0,"pop_density_sqkm":2125.189,"cameras_flock":0,"cameras_flock_nonretail":0,"cameras_alpr_all":0,"road_miles":1.649,"cameras_per_road_mile":0.0,"cameras_per_10k_residents":0.0,"crime_count":null,"crime_data_available":false,"retailer_count":0},"geometry":{"type":"Polygon","coordinates":[[[-122.0618,47.37203],[-122.05865,47.37197],[-122.05812,47.37546],[-122.05453,47.37548],[-122.05451,47.37677],[-122.05629,47.37696],[-122.05552,47.37793],[-122.05371,47.37829],[-122.05365,47.37967],[-122.04812,47.37961],[-122.04817,47.37688],[-122.04935,47.37546],[-122.04928,47.37472],[-122.04438,47.36928],[-122.04233,47.36532],[-122.04349,47.35797],[-122.05897,47.35799],[-122.0591,47.36642],[-122.05998,47.36635],[-122.06131,47.36703],[-122.06173,47.36797],[-122.0618,47.37203]]]}},{"type":"Feature","properties":{"GEOID":"53033031909","city":"(unincorporated county)","pct_hispanic":18.283,"pop_total":2691.0,"median_hh_income":103906.0,"pop_density_sqkm":1404.444,"cameras_flock":0,"cameras_flock_nonretail":0,"cameras_alpr_all":0,"road_miles":1.705,"cameras_per_road_mile":0.0,"cameras_per_10k_residents":0.0,"crime_count":null,"crime_data_available":false,"retailer_count":0},"geometry":{"type":"Polygon","coordinates":[[[-122.1546,47.43035],[-122.15417,47.44553],[-122.13291,47.43977],[-122.11946,47.43942],[-122.11781,47.43879],[-122.11668,47.43751],[-122.12507,47.43711],[-122.13801,47.43717],[-122.14383,47.43663],[-122.144,47.43034],[-122.1546,47.43035]]]}},{"type":"Feature","properties":{"GEOID":"53033006000","city":"Seattle","pct_hispanic":13.164,"pop_total":6343.0,"median_hh_income":160049.0,"pop_density_sqkm":4731.273,"cameras_flock":0,"cameras_flock_nonretail":0,"cameras_alpr_all":1,"road_miles":4.617,"cameras_per_road_mile":0.0,"cameras_per_10k_residents":0.0,"crime_count":617.0,"crime_data_available":true,"retailer_count":0},"geometry":{"type":"Polygon","coordinates":[[[-122.36093,47.6396],[-122.36054,47.65292],[-122.34704,47.64671],[-122.33834,47.63952],[-122.33844,47.63802],[-122.34193,47.638],[-122.34431,47.63743],[-122.34595,47.64001],[-122.36093,47.6396]]]}},{"type":"Feature","properties":{"GEOID":"53033006600","city":"Seattle","pct_hispanic":5.215,"pop_total":4257.0,"median_hh_income":120507.0,"pop_density_sqkm":3810.729,"cameras_flock":0,"cameras_flock_nonretail":0,"cameras_alpr_all":1,"road_miles":3.811,"cameras_per_road_mile":0.0,"cameras_per_10k_residents":0.0,"crime_count":684.0,"crime_data_available":true,"retailer_count":0},"geometry":{"type":"Polygon","coordinates":[[[-122.33849,47.62588],[-122.33804,47.62792],[-122.33834,47.63952],[-122.32969,47.63976],[-122.32135,47.63954],[-122.32115,47.63502],[-122.3201,47.63502],[-122.32021,47.63049],[-122.32228,47.63049],[-122.32237,47.62867],[-122.32352,47.62867],[-122.32353,47.62787],[-122.3266,47.62696],[-122.32661,47.62512],[-122.32868,47.625],[-122.33066,47.62544],[-122.33434,47.62454],[-122.33454,47.62586],[-122.33849,47.62588]]]}},{"type":"Feature","properties":{"GEOID":"53033006800","city":"Seattle","pct_hispanic":5.762,"pop_total":3332.0,"median_hh_income":153401.0,"pop_density_sqkm":4639.984,"cameras_flock":0,"cameras_flock_nonretail":0,"cameras_alpr_all":0,"road_miles":1.299,"cameras_per_road_mile":0.0,"cameras_per_10k_residents":0.0,"crime_count":508.0,"crime_data_available":true,"retailer_count":0},"geometry":{"type":"Polygon","coordinates":[[[-122.36237,47.63232],[-122.36227,47.63959],[-122.3507,47.63994],[-122.35079,47.63231],[-122.36237,47.63232]]]}},{"type":"Feature","properties":{"GEOID":"53033006900","city":"Seattle","pct_hispanic":6.95,"pop_total":4935.0,"median_hh_income":183421.0,"pop_density_sqkm":5452.31,"cameras_flock":0,"cameras_flock_nonretail":0,"cameras_alpr_all":0,"road_miles":1.787,"cameras_per_road_mile":0.0,"cameras_per_10k_residents":0.0,"crime_count":277.0,"crime_data_available":true,"retailer_count":0},"geometry":{"type":"Polygon","coordinates":[[[-122.37437,47.64068],[-122.37158,47.64069],[-122.37157,47.63959],[-122.36227,47.63959],[-122.36237,47.63232],[-122.3618,47.63232],[-122.36181,47.62959],[-122.36312,47.62959],[-122.36322,47.62674],[-122.36901,47.62884],[-122.36903,47.63002],[-122.37041,47.63146],[-122.37041,47.63231],[-122.37171,47.63231],[-122.37167,47.63474],[-122.37273,47.63474],[-122.37278,47.63589],[-122.37166,47.63598],[-122.37162,47.63665],[-122.37437,47.64068]]]}},{"type":"Feature","properties":{"GEOID":"53033030308","city":"Federal Way","pct_hispanic":11.354,"pop_total":5619.0,"median_hh_income":82074.0,"pop_density_sqkm":2608.558,"cameras_flock":5,"cameras_flock_nonretail":5,"cameras_alpr_all":7,"road_miles":2.056,"cameras_per_road_mile":2.432,"cameras_per_10k_residents":8.898,"crime_count":null,"crime_data_available":false,"retailer_count":0},"geometry":{"type":"Polygon","coordinates":[[[-122.3609,47.30069],[-122.36095,47.31517],[-122.34516,47.31519],[-122.34164,47.31491],[-122.3416,47.31298],[-122.34062,47.31222],[-122.34053,47.31136],[-122.34157,47.30967],[-122.3423,47.3062],[-122.34445,47.30616],[-122.3459,47.30553],[-122.34758,47.30348],[-122.34811,47.29982],[-122.35084,47.29868],[-122.35204,47.30004],[-122.35342,47.30061],[-122.3609,47.30069]]]}},{"type":"Feature","properties":{"GEOID":"53033031301","city":"(unincorporated county)","pct_hispanic":4.9,"pop_total":2041.0,"median_hh_income":120658.0,"pop_density_sqkm":61.889,"cameras_flock":1,"cameras_flock_nonretail":1,"cameras_alpr_all":1,"road_miles":9.155,"cameras_per_road_mile":0.109,"cameras_per_10k_residents":4.9,"crime_count":null,"crime_data_available":false,"retailer_count":0},"geometry":{"type":"Polygon","coordinates":[[[-122.11589,47.21625],[-122.11504,47.21718],[-122.11324,47.21779],[-122.11388,47.21865],[-122.10759,47.22458],[-122.10167,47.22444],[-122.10164,47.22825],[-121.98969,47.22828],[-121.98963,47.21387],[-122.00402,47.2138],[-122.00648,47.21282],[-122.00854,47.21313],[-122.01073,47.21294],[-122.0109,47.21381],[-122.01226,47.21279],[-122.01486,47.21177],[-122.01626,47.21204],[-122.0164,47.19155],[-122.026,47.19368],[-122.03232,47.19552],[-122.03749,47.1955],[-122.03829,47.19368],[-122.04275,47.19216],[-122.04818,47.192],[-122.04811,47.18484],[-122.0375,47.18472],[-122.03744,47.17269],[-122.04146,47.17272],[-122.04548,47.17118],[-122.04748,47.17123],[-122.04866,47.17168],[-122.05094,47.1739],[-122.05295,47.17496],[-122.05399,47.17625],[-122.05382,47.17782],[-122.0543,47.1786],[-122.05843,47.17991],[-122.06199,47.18376],[-122.06321,47.18575],[-122.06588,47.18713],[-122.06822,47.18784],[-122.07016,47.18764],[-122.07818,47.18915],[-122.08001,47.19002],[-122.08134,47.19022],[-122.08349,47.19251],[-122.08545,47.19347],[-122.09476,47.19498],[-122.09516,47.19564],[-122.09394,47.19673],[-122.09483,47.1982],[-122.09683,47.19958],[-122.10071,47.20007],[-122.10385,47.20412],[-122.10602,47.2059],[-122.10702,47.20763],[-122.1103,47.20994],[-122.11092,47.21253],[-122.11589,47.21625]]]}},{"type":"Feature","properties":{"GEOID":"53033031906","city":"(unincorporated county)","pct_hispanic":11.29,"pop_total":4163.0,"median_hh_income":138375.0,"pop_density_sqkm":394.009,"cameras_flock":0,"cameras_flock_nonretail":0,"cameras_alpr_all":0,"road_miles":5.939,"cameras_per_road_mile":0.0,"cameras_per_10k_residents":0.0,"crime_count":null,"crime_data_available":false,"retailer_count":0},"geometry":{"type":"Polygon","coordinates":[[[-122.1235,47.46336],[-122.10521,47.46308],[-122.08383,47.46124],[-122.08209,47.4607],[-122.08082,47.45982],[-122.07963,47.45797],[-122.08036,47.45736],[-122.079,47.45597],[-122.07788,47.4529],[-122.07939,47.44794],[-122.07895,47.44489],[-122.07964,47.44272],[-122.08003,47.43187],[-122.08083,47.42974],[-122.07991,47.42745],[-122.08318,47.42284],[-122.1018,47.42297],[-122.10365,47.42374],[-122.10578,47.42598],[-122.1095,47.42667],[-122.11077,47.42737],[-122.11668,47.43751],[-122.11194,47.43747],[-122.11184,47.44441],[-122.1087,47.44671],[-122.10995,47.44769],[-122.10896,47.45145],[-122.10982,47.4524],[-122.11327,47.45218],[-122.1161,47.45392],[-122.11584,47.45436],[-122.1187,47.45431],[-122.11815,47.45467],[-122.12197,47.45518],[-122.12168,47.46186],[-122.12342,47.46219],[-122.1235,47.46336]]]}},{"type":"Feature","properties":{"GEOID":"53033032104","city":"(unincorporated county)","pct_hispanic":8.412,"pop_total":6253.0,"median_hh_income":140219.0,"pop_density_sqkm":280.659,"cameras_flock":1,"cameras_flock_nonretail":1,"cameras_alpr_all":1,"road_miles":9.296,"cameras_per_road_mile":0.108,"cameras_per_10k_residents":1.599,"crime_count":null,"crime_data_available":false,"retailer_count":0},"geometry":{"type":"Polygon","coordinates":[[[-122.09789,47.49873],[-122.09658,47.4998],[-122.09523,47.50306],[-122.09032,47.50576],[-122.08717,47.50989],[-122.0784,47.51311],[-122.06964,47.51834],[-122.07008,47.52117],[-122.06718,47.52363],[-122.06532,47.52452],[-122.06486,47.52576],[-122.0618,47.52976],[-122.06321,47.54124],[-122.05755,47.5412],[-122.05761,47.53807],[-122.05702,47.53716],[-122.0566,47.53363],[-122.05334,47.53346],[-122.05244,47.53246],[-122.05039,47.53258],[-122.04665,47.53004],[-122.03475,47.5301],[-122.03367,47.52746],[-122.03303,47.52745],[-122.03238,47.52545],[-122.03065,47.523],[-122.02999,47.51874],[-122.02483,47.51461],[-122.02352,47.51265],[-122.02201,47.49596],[-122.02247,47.49412],[-122.02708,47.48471],[-122.02793,47.48469],[-122.0317,47.4823],[-122.03383,47.4818],[-122.03552,47.48083],[-122.03675,47.47947],[-122.03781,47.47921],[-122.04144,47.47932],[-122.04681,47.48049],[-122.05785,47.48057],[-122.06248,47.4819],[-122.06758,47.48374],[-122.07388,47.48705],[-122.08404,47.49364],[-122.08887,47.49752],[-122.09789,47.49873]]]}},{"type":"Feature","properties":{"GEOID":"53033032315","city":"(unincorporated county)","pct_hispanic":8.492,"pop_total":5558.0,"median_hh_income":235139.0,"pop_density_sqkm":124.182,"cameras_flock":0,"cameras_flock_nonretail":0,"cameras_alpr_all":0,"road_miles":19.419,"cameras_per_road_mile":0.0,"cameras_per_10k_residents":0.0,"crime_count":null,"crime_data_available":false,"retailer_count":0},"geometry":{"type":"Polygon","coordinates":[[[-122.02465,47.64424],[-122.02451,47.65902],[-122.02405,47.65959],[-122.02183,47.66048],[-122.02142,47.66412],[-122.02251,47.66768],[-122.02183,47.67098],[-122.02209,47.67495],[-122.00931,47.67471],[-122.0051,47.68687],[-122.00686,47.68687],[-122.00693,47.68869],[-122.01356,47.6889],[-122.01378,47.69687],[-122.01324,47.6979],[-122.01389,47.69887],[-122.01399,47.70058],[-122.01602,47.70088],[-122.01479,47.70216],[-122.01277,47.70188],[-122.00997,47.70231],[-122.0065,47.70196],[-122.00436,47.70225],[-122.00379,47.70522],[-122.00592,47.709],[-121.99548,47.70899],[-121.99525,47.70834],[-121.99565,47.70797],[-121.9986,47.70672],[-121.99869,47.70561],[-121.99445,47.70398],[-121.99428,47.70289],[-121.99513,47.7008],[-121.99445,47.69969],[-121.99278,47.69964],[-121.99059,47.70126],[-121.98939,47.70142],[-121.98663,47.69939],[-121.98631,47.69873],[-121.98683,47.69799],[-121.98989,47.69647],[-121.98913,47.69567],[-121.98662,47.69491],[-121.98547,47.69359],[-121.98683,47.69062],[-121.98665,47.68949],[-121.98515,47.68891],[-121.97804,47.68779],[-121.97286,47.68506],[-121.97092,47.68543],[-121.97024,47.68605],[-121.97478,47.68988],[-121.97395,47.69068],[-121.96905,47.69215],[-121.96595,47.69222],[-121.96427,47.6916],[-121.96387,47.69089],[-121.96555,47.68883],[-121.96553,47.68824],[-121.96511,47.6876],[-121.96406,47.6872],[-121.96189,47.68739],[-121.96015,47.68904],[-121.959,47.68934],[-121.9563,47.68756],[-121.95145,47.68834],[-121.94869,47.68831],[-121.94641,47.68743],[-121.94672,47.68469],[-121.94241,47.68247],[-121.94253,47.68023],[-121.94102,47.678],[-121.93673,47.67664],[-121.93314,47.67458],[-121.9321,47.67324],[-121.92838,47.67181],[-121.92626,47.67214],[-121.92415,47.6733],[-121.92271,47.67365],[-121.91928,47.67333],[-121.91841,47.67267],[-121.91842,47.6715],[-121.9195,47.66982],[-121.92366,47.66752],[-121.9274,47.66188],[-121.92702,47.65947],[-121.92292,47.6548],[-121.92402,47.65054],[-121.92421,47.64654],[-121.92489,47.64507],[-121.92617,47.64388],[-121.92831,47.63852],[-121.93533,47.63737],[-121.9375,47.63514],[-121.94107,47.63408],[-121.94383,47.63168],[-121.94812,47.63129],[-121.95476,47.62822],[-121.95803,47.62814],[-121.95853,47.6277],[-121.95868,47.6264],[-121.95987,47.62579],[-121.96225,47.6253],[-121.96372,47.62538],[-121.96559,47.62579],[-121.96704,47.62688],[-121.96794,47.62689],[-121.96822,47.62633],[-121.9668,47.6242],[-121.9644,47.62232],[-121.96991,47.62313],[-121.97528,47.62558],[-121.97959,47.62682],[-121.98766,47.628],[-121.99171,47.62769],[-121.99345,47.62799],[-121.99898,47.63196],[-122.00336,47.63667],[-122.01448,47.64161],[-122.02465,47.64424]]]}},{"type":"Feature","properties":{"GEOID":"53033032401","city":"(unincorporated county)","pct_hispanic":9.734,"pop_total":6246.0,"median_hh_income":158555.0,"pop_density_sqkm":110.886,"cameras_flock":0,"cameras_flock_nonretail":0,"cameras_alpr_all":0,"road_miles":17.639,"cameras_per_road_mile":0.0,"cameras_per_10k_residents":0.0,"crime_count":null,"crime_data_available":false,"retailer_count":0},"geometry":{"type":"Polygon","coordinates":[[[-122.01498,47.73715],[-122.0122,47.74085],[-122.00432,47.74855],[-122.00486,47.75572],[-122.00087,47.76543],[-122.00153,47.77286],[-122.00035,47.77539],[-121.99178,47.77535],[-121.96758,47.77619],[-121.92766,47.77697],[-121.86455,47.7773],[-121.87142,47.77413],[-121.87627,47.76889],[-121.87916,47.76446],[-121.88262,47.76223],[-121.88337,47.76059],[-121.88636,47.758],[-121.88823,47.75433],[-121.88766,47.75309],[-121.88567,47.75149],[-121.88551,47.75028],[-121.88695,47.74824],[-121.88958,47.74682],[-121.89754,47.74636],[-121.89923,47.74577],[-121.90061,47.74413],[-121.9022,47.74376],[-121.90345,47.74389],[-121.90479,47.74311],[-121.90616,47.74319],[-121.90753,47.73884],[-121.90766,47.7368],[-121.90985,47.7359],[-121.91068,47.73515],[-121.9105,47.73411],[-121.90825,47.73207],[-121.90408,47.72348],[-121.89477,47.71718],[-121.89342,47.71575],[-121.89344,47.71382],[-121.89646,47.70896],[-121.89721,47.7062],[-121.89657,47.70246],[-121.89724,47.69794],[-121.8994,47.69507],[-121.90059,47.69418],[-121.90195,47.69655],[-121.90661,47.70087],[-121.91224,47.70457],[-121.91614,47.70603],[-121.91908,47.70838],[-121.92545,47.70855],[-121.93621,47.71165],[-121.93999,47.71177],[-121.94173,47.71256],[-121.94655,47.71363],[-121.9482,47.71688],[-121.94775,47.71908],[-121.95024,47.72187],[-121.95095,47.72417],[-121.95294,47.7252],[-121.95869,47.72959],[-121.95928,47.73527],[-121.97139,47.7362],[-121.9715,47.73719],[-121.97349,47.73836],[-121.98038,47.74003],[-121.98024,47.7353],[-121.98734,47.73537],[-121.98675,47.72496],[-121.98556,47.72082],[-121.98593,47.71876],[-121.98426,47.71378],[-121.98442,47.70902],[-122.00592,47.709],[-122.00756,47.71321],[-122.00902,47.71988],[-122.00903,47.72198],[-122.01059,47.72738],[-122.01043,47.72953],[-122.01228,47.73252],[-122.01417,47.73424],[-122.01498,47.73715]]]}},{"type":"Feature","properties":{"GEOID":"53033000402","city":"Seattle","pct_hispanic":12.936,"pop_total":5365.0,"median_hh_income":128310.0,"pop_density_sqkm":2982.315,"cameras_flock":4,"cameras_flock_nonretail":0,"cameras_alpr_all":5,"road_miles":2.434,"cameras_per_road_mile":1.643,"cameras_per_10k_residents":7.456,"crime_count":292.0,"crime_data_available":true,"retailer_count":1},"geometry":{"type":"Polygon","coordinates":[[[-122.36087,47.71236],[-122.36095,47.72507],[-122.35555,47.72505],[-122.35555,47.72323],[-122.34498,47.72324],[-122.34472,47.70654],[-122.35011,47.7065],[-122.35021,47.71233],[-122.36087,47.71236]]]}},{"type":"Feature","properties":{"GEOID":"53033000500","city":"Seattle","pct_hispanic":2.662,"pop_total":3381.0,"median_hh_income":216471.0,"pop_density_sqkm":1166.565,"cameras_flock":1,"cameras_flock_nonretail":1,"cameras_alpr_all":1,"road_miles":2.414,"cameras_per_road_mile":0.414,"cameras_per_10k_residents":2.958,"crime_count":127.0,"crime_data_available":true,"retailer_count":0},"geometry":{"type":"Polygon","coordinates":[[[-122.38068,47.71819],[-122.38074,47.72219],[-122.38018,47.72418],[-122.38127,47.7343],[-122.36093,47.73414],[-122.36082,47.70874],[-122.36354,47.70879],[-122.36362,47.70921],[-122.36279,47.70976],[-122.36484,47.7094],[-122.36535,47.71018],[-122.36502,47.71114],[-122.36616,47.71102],[-122.36797,47.71171],[-122.3704,47.7111],[-122.37742,47.71198],[-122.37872,47.71234],[-122.37857,47.71288],[-122.38367,47.71441],[-122.38068,47.71819]]]}},{"type":"Feature","properties":{"GEOID":"53033001100","city":"Seattle","pct_hispanic":8.248,"pop_total":2449.0,"median_hh_income":155156.0,"pop_density_sqkm":2308.885,"cameras_flock":0,"cameras_flock_nonretail":0,"cameras_alpr_all":0,"road_miles":1.865,"cameras_per_road_mile":0.0,"cameras_per_10k_residents":0.0,"crime_count":140.0,"crime_data_available":true,"retailer_count":0},"geometry":{"type":"Polygon","coordinates":[[[-122.31243,47.71216],[-122.29951,47.71204],[-122.30136,47.70842],[-122.30172,47.70255],[-122.30332,47.70027],[-122.30955,47.70032],[-122.30959,47.70123],[-122.31225,47.70125],[-122.31243,47.71216]]]}},{"type":"Feature","properties":{"GEOID":"53033001300","city":"Seattle","pct_hispanic":14.139,"pop_total":5552.0,"median_hh_income":115208.0,"pop_density_sqkm":4701.59,"cameras_flock":0,"cameras_flock_nonretail":0,"cameras_alpr_all":5,"road_miles":1.546,"cameras_per_road_mile":0.0,"cameras_per_10k_residents":0.0,"crime_count":1231.0,"crime_data_available":true,"retailer_count":0},"geometry":{"type":"Polygon","coordinates":[[[-122.35011,47.7065],[-122.34472,47.70654],[-122.34473,47.70687],[-122.33396,47.70685],[-122.33385,47.70311],[-122.33504,47.70152],[-122.33498,47.69777],[-122.34191,47.6978],[-122.3419,47.69707],[-122.34458,47.69708],[-122.34461,47.69781],[-122.35,47.69782],[-122.35011,47.7065]]]}},{"type":"Feature","properties":{"GEOID":"53033001500","city":"Seattle","pct_hispanic":1.018,"pop_total":2750.0,"median_hh_income":193750.0,"pop_density_sqkm":2355.035,"cameras_flock":0,"cameras_flock_nonretail":0,"cameras_alpr_all":0,"road_miles":2.553,"cameras_per_road_mile":0.0,"cameras_per_10k_residents":0.0,"crime_count":97.0,"crime_data_available":true,"retailer_count":0},"geometry":{"type":"Polygon","coordinates":[[[-122.40903,47.69787],[-122.40545,47.70143],[-122.39283,47.70629],[-122.39199,47.70161],[-122.38756,47.70155],[-122.3876,47.69057],[-122.39969,47.69054],[-122.40261,47.69596],[-122.40156,47.69697],[-122.40196,47.69759],[-122.40161,47.69782],[-122.40903,47.69787]]]}},{"type":"Feature","properties":{"GEOID":"53033003500","city":"Seattle","pct_hispanic":8.173,"pop_total":4099.0,"median_hh_income":151654.0,"pop_density_sqkm":3190.516,"cameras_flock":0,"cameras_flock_nonretail":0,"cameras_alpr_all":0,"road_miles":2.626,"cameras_per_road_mile":0.0,"cameras_per_10k_residents":0.0,"crime_count":401.0,"crime_data_available":true,"retailer_count":0},"geometry":{"type":"Polygon","coordinates":[[[-122.35772,47.67065],[-122.35743,47.67956],[-122.34531,47.67956],[-122.34565,47.67761],[-122.34713,47.67465],[-122.34723,47.66499],[-122.35714,47.66503],[-122.35736,47.66867],[-122.35713,47.6699],[-122.35654,47.67029],[-122.35772,47.67065]]]}},{"type":"Feature","properties":{"GEOID":"53033004000","city":"Seattle","pct_hispanic":3.577,"pop_total":3075.0,"median_hh_income":120850.0,"pop_density_sqkm":1211.953,"cameras_flock":0,"cameras_flock_nonretail":0,"cameras_alpr_all":0,"road_miles":2.293,"cameras_per_road_mile":0.0,"cameras_per_10k_residents":0.0,"crime_count":569.0,"crime_data_available":true,"retailer_count":0},"geometry":{"type":"Polygon","coordinates":[[[-122.27583,47.67577],[-122.27421,47.67591],[-122.27438,47.68303],[-122.26902,47.68302],[-122.26908,47.68388],[-122.26806,47.6839],[-122.26635,47.68293],[-122.2657,47.68465],[-122.26447,47.68475],[-122.26587,47.68831],[-122.26749,47.69031],[-122.24922,47.69022],[-122.24342,47.68952],[-122.23366,47.68476],[-122.23094,47.68175],[-122.22998,47.67717],[-122.22968,47.66868],[-122.23023,47.666],[-122.23192,47.66376],[-122.25226,47.67415],[-122.25399,47.67447],[-122.25485,47.67353],[-122.25815,47.67347],[-122.25818,47.6758],[-122.27226,47.67576],[-122.27413,47.6754],[-122.27482,47.67486],[-122.27548,47.67497],[-122.27583,47.67577]]]}},{"type":"Feature","properties":{"GEOID":"53033003400","city":"Seattle","pct_hispanic":4.05,"pop_total":3580.0,"median_hh_income":186058.0,"pop_density_sqkm":4547.99,"cameras_flock":0,"cameras_flock_nonretail":0,"cameras_alpr_all":0,"road_miles":1.851,"cameras_per_road_mile":0.0,"cameras_per_10k_residents":0.0,"crime_count":258.0,"crime_data_available":true,"retailer_count":0},"geometry":{"type":"Polygon","coordinates":[[[-122.36618,47.66865],[-122.36604,47.67955],[-122.35743,47.67956],[-122.35772,47.67065],[-122.35654,47.67029],[-122.35713,47.6699],[-122.35709,47.66867],[-122.36618,47.66865]]]}},{"type":"Feature","properties":{"GEOID":"53033004500","city":"Seattle","pct_hispanic":4.691,"pop_total":3475.0,"median_hh_income":191336.0,"pop_density_sqkm":5178.861,"cameras_flock":0,"cameras_flock_nonretail":0,"cameras_alpr_all":0,"road_miles":1.312,"cameras_per_road_mile":0.0,"cameras_per_10k_residents":0.0,"crime_count":189.0,"crime_data_available":true,"retailer_count":0},"geometry":{"type":"Polygon","coordinates":[[[-122.32954,47.6679],[-122.32827,47.6679],[-122.32821,47.67228],[-122.31878,47.67234],[-122.31736,47.67201],[-122.3174,47.66494],[-122.32827,47.665],[-122.3283,47.66601],[-122.32954,47.6679]]]}},{"type":"Feature","properties":{"GEOID":"53033004800","city":"Seattle","pct_hispanic":3.802,"pop_total":5181.0,"median_hh_income":167266.0,"pop_density_sqkm":4052.947,"cameras_flock":0,"cameras_flock_nonretail":0,"cameras_alpr_all":0,"road_miles":3.104,"cameras_per_road_mile":0.0,"cameras_per_10k_residents":0.0,"crime_count":630.0,"crime_data_available":true,"retailer_count":0},"geometry":{"type":"Polygon","coordinates":[[[-122.36621,47.66069],[-122.36618,47.66865],[-122.35736,47.66867],[-122.35714,47.66503],[-122.35541,47.66504],[-122.35555,47.65249],[-122.35448,47.65224],[-122.35446,47.64993],[-122.36611,47.65579],[-122.36598,47.65686],[-122.36277,47.65693],[-122.36621,47.66069]]]}},{"type":"Feature","properties":{"GEOID":"53033008200","city":"Seattle","pct_hispanic":2.334,"pop_total":4799.0,"median_hh_income":132924.0,"pop_density_sqkm":12770.6,"cameras_flock":1,"cameras_flock_nonretail":1,"cameras_alpr_all":1,"road_miles":4.0,"cameras_per_road_mile":0.25,"cameras_per_10k_residents":2.084,"crime_count":1885.0,"crime_data_available":true,"retailer_count":0},"geometry":{"type":"Polygon","coordinates":[[[-122.33736,47.61268],[-122.33295,47.61452],[-122.33114,47.61253],[-122.32991,47.61306],[-122.32821,47.61101],[-122.32924,47.61046],[-122.32671,47.60769],[-122.33115,47.60584],[-122.33736,47.61268]]]}},{"type":"Feature","properties":{"GEOID":"53033008300","city":"Seattle","pct_hispanic":7.078,"pop_total":3631.0,"median_hh_income":94365.0,"pop_density_sqkm":15259.188,"cameras_flock":0,"cameras_flock_nonretail":0,"cameras_alpr_all":0,"road_miles":1.742,"cameras_per_road_mile":0.0,"cameras_per_10k_residents":0.0,"crime_count":709.0,"crime_data_available":true,"retailer_count":0},"geometry":{"type":"Polygon","coordinates":[[[-122.33272,47.61462],[-122.32924,47.61609],[-122.3294,47.61567],[-122.32338,47.60909],[-122.32671,47.60769],[-122.32924,47.61046],[-122.32821,47.61101],[-122.32991,47.61306],[-122.33114,47.61253],[-122.33272,47.61462]]]}},{"type":"Feature","properties":{"GEOID":"53033008500","city":"Seattle","pct_hispanic":15.079,"pop_total":4649.0,"median_hh_income":61199.0,"pop_density_sqkm":10308.707,"cameras_flock":0,"cameras_flock_nonretail":0,"cameras_alpr_all":0,"road_miles":3.137,"cameras_per_road_mile":0.0,"cameras_per_10k_residents":0.0,"crime_count":1270.0,"crime_data_available":true,"retailer_count":0},"geometry":{"type":"Polygon","coordinates":[[[-122.33115,47.60584],[-122.32338,47.60909],[-122.32207,47.60766],[-122.32076,47.6081],[-122.32074,47.6017],[-122.32766,47.60172],[-122.33115,47.60584]]]}},{"type":"Feature","properties":{"GEOID":"53033008700","city":"Seattle","pct_hispanic":7.96,"pop_total":4975.0,"median_hh_income":166585.0,"pop_density_sqkm":6792.875,"cameras_flock":0,"cameras_flock_nonretail":0,"cameras_alpr_all":0,"road_miles":1.858,"cameras_per_road_mile":0.0,"cameras_per_10k_residents":0.0,"crime_count":646.0,"crime_data_available":true,"retailer_count":0},"geometry":{"type":"Polygon","coordinates":[[[-122.31288,47.60169],[-122.31283,47.61038],[-122.30276,47.61002],[-122.30233,47.60166],[-122.31288,47.60169]]]}},{"type":"Feature","properties":{"GEOID":"53033008800","city":"Seattle","pct_hispanic":11.396,"pop_total":4519.0,"median_hh_income":145119.0,"pop_density_sqkm":4763.958,"cameras_flock":0,"cameras_flock_nonretail":0,"cameras_alpr_all":0,"road_miles":2.093,"cameras_per_road_mile":0.0,"cameras_per_10k_residents":0.0,"crime_count":562.0,"crime_data_available":true,"retailer_count":0},"geometry":{"type":"Polygon","coordinates":[[[-122.30233,47.60166],[-122.30271,47.61294],[-122.29258,47.61293],[-122.29252,47.60165],[-122.30233,47.60166]]]}},{"type":"Feature","properties":{"GEOID":"53033008900","city":"Seattle","pct_hispanic":12.941,"pop_total":6545.0,"median_hh_income":102818.0,"pop_density_sqkm":5153.405,"cameras_flock":0,"cameras_flock_nonretail":0,"cameras_alpr_all":0,"road_miles":3.891,"cameras_per_road_mile":0.0,"cameras_per_10k_residents":0.0,"crime_count":865.0,"crime_data_available":true,"retailer_count":0},"geometry":{"type":"Polygon","coordinates":[[[-122.3025,47.59189],[-122.30221,47.5934],[-122.30233,47.60166],[-122.2913,47.60164],[-122.29133,47.60086],[-122.28957,47.60054],[-122.28969,47.59958],[-122.28893,47.59912],[-122.28842,47.59937],[-122.28842,47.60046],[-122.28764,47.60081],[-122.28824,47.60125],[-122.2877,47.60165],[-122.26515,47.60132],[-122.26633,47.59181],[-122.27303,47.59085],[-122.28594,47.59092],[-122.29043,47.59115],[-122.29039,47.5923],[-122.3025,47.59189]]]}},{"type":"Feature","properties":{"GEOID":"53033009000","city":"Seattle","pct_hispanic":10.79,"pop_total":4393.0,"median_hh_income":78995.0,"pop_density_sqkm":5132.777,"cameras_flock":0,"cameras_flock_nonretail":0,"cameras_alpr_all":0,"road_miles":2.847,"cameras_per_road_mile":0.0,"cameras_per_10k_residents":0.0,"crime_count":2309.0,"crime_data_available":true,"retailer_count":0},"geometry":{"type":"Polygon","coordinates":[[[-122.31726,47.59582],[-122.31678,47.60169],[-122.30233,47.60166],[-122.3025,47.59189],[-122.3054,47.59189],[-122.30612,47.59224],[-122.30618,47.59589],[-122.31726,47.59582]]]}},{"type":"Feature","properties":{"GEOID":"53033009100","city":"Seattle","pct_hispanic":3.022,"pop_total":3474.0,"median_hh_income":39788.0,"pop_density_sqkm":8460.356,"cameras_flock":0,"cameras_flock_nonretail":0,"cameras_alpr_all":10,"road_miles":2.188,"cameras_per_road_mile":0.0,"cameras_per_10k_residents":0.0,"crime_count":1630.0,"crime_data_available":true,"retailer_count":0},"geometry":{"type":"Polygon","coordinates":[[[-122.32772,47.59581],[-122.32767,47.59919],[-122.32116,47.59919],[-122.32424,47.60171],[-122.31678,47.60169],[-122.31726,47.59582],[-122.32772,47.59581]]]}},{"type":"Feature","properties":{"GEOID":"53033001000","city":"Seattle","pct_hispanic":8.512,"pop_total":2150.0,"median_hh_income":153214.0,"pop_density_sqkm":2253.189,"cameras_flock":0,"cameras_flock_nonretail":0,"cameras_alpr_all":0,"road_miles":1.545,"cameras_per_road_mile":0.0,"cameras_per_10k_residents":0.0,"crime_count":131.0,"crime_data_available":true,"retailer_count":0},"geometry":{"type":"Polygon","coordinates":[[[-122.30255,47.70117],[-122.30163,47.70297],[-122.30136,47.70842],[-122.29951,47.71204],[-122.29065,47.71196],[-122.2907,47.70112],[-122.30255,47.70117]]]}},{"type":"Feature","properties":{"GEOID":"53033005305","city":"Seattle","pct_hispanic":4.703,"pop_total":2275.0,"median_hh_income":24444.0,"pop_density_sqkm":10682.406,"cameras_flock":0,"cameras_flock_nonretail":0,"cameras_alpr_all":0,"road_miles":1.823,"cameras_per_road_mile":0.0,"cameras_per_10k_residents":0.0,"crime_count":707.0,"crime_data_available":true,"retailer_count":0},"geometry":{"type":"Polygon","coordinates":[[[-122.31782,47.65689],[-122.31764,47.6613],[-122.31198,47.66126],[-122.31206,47.65682],[-122.31782,47.65689]]]}},{"type":"Feature","properties":{"GEOID":"53033024902","city":"Bellevue","pct_hispanic":8.554,"pop_total":4349.0,"median_hh_income":242500.0,"pop_density_sqkm":2142.374,"cameras_flock":0,"cameras_flock_nonretail":0,"cameras_alpr_all":0,"road_miles":3.761,"cameras_per_road_mile":0.0,"cameras_per_10k_residents":0.0,"crime_count":null,"crime_data_available":false,"retailer_count":0},"geometry":{"type":"Polygon","coordinates":[[[-122.14968,47.55976],[-122.14887,47.56138],[-122.14493,47.56193],[-122.14295,47.56272],[-122.14215,47.56871],[-122.1413,47.57097],[-122.14056,47.57132],[-122.13798,47.57134],[-122.13647,47.57032],[-122.13453,47.57],[-122.13288,47.57043],[-122.12886,47.57293],[-122.1214,47.57236],[-122.12175,47.56944],[-122.12507,47.56785],[-122.12647,47.5678],[-122.12693,47.56737],[-122.12627,47.56689],[-122.12145,47.56661],[-122.12146,47.56261],[-122.1236,47.56319],[-122.12609,47.56294],[-122.12771,47.56325],[-122.13102,47.56209],[-122.13,47.5608],[-122.12975,47.55956],[-122.1277,47.5589],[-122.12731,47.55772],[-122.13018,47.55761],[-122.13186,47.55944],[-122.1341,47.55946],[-122.13616,47.55865],[-122.13818,47.55938],[-122.13954,47.55942],[-122.13988,47.55933],[-122.13932,47.55871],[-122.13995,47.55842],[-122.14272,47.55928],[-122.14875,47.55909],[-122.14968,47.55976]]]}},{"type":"Feature","properties":{"GEOID":"53033032002","city":"(unincorporated county)","pct_hispanic":9.571,"pop_total":2821.0,"median_hh_income":139111.0,"pop_density_sqkm":102.337,"cameras_flock":0,"cameras_flock_nonretail":0,"cameras_alpr_all":0,"road_miles":12.502,"cameras_per_road_mile":0.0,"cameras_per_10k_residents":0.0,"crime_count":null,"crime_data_available":false,"retailer_count":0},"geometry":{"type":"Polygon","coordinates":[[[-122.08318,47.42284],[-122.0799,47.42756],[-122.08082,47.42983],[-122.08003,47.43187],[-122.07964,47.44272],[-122.07895,47.44489],[-122.07938,47.44807],[-122.07788,47.45312],[-122.07915,47.45623],[-122.08036,47.45736],[-122.07963,47.45797],[-122.0774,47.45447],[-122.07447,47.45137],[-122.07338,47.44508],[-122.0725,47.44306],[-122.07091,47.44125],[-122.06672,47.43822],[-122.06256,47.44065],[-122.05945,47.44008],[-122.0575,47.44081],[-122.0544,47.44113],[-122.04753,47.44472],[-122.03437,47.44879],[-122.02652,47.45709],[-122.02612,47.46089],[-122.0254,47.46255],[-122.02331,47.46089],[-122.02151,47.46108],[-122.02108,47.46038],[-122.01889,47.46072],[-122.0166,47.46166],[-122.01533,47.46149],[-122.01376,47.4606],[-122.01184,47.46053],[-122.01098,47.45979],[-122.00915,47.4604],[-122.00811,47.4598],[-122.00764,47.45826],[-122.00557,47.45723],[-122.00344,47.45724],[-122.00231,47.45617],[-122.00065,47.45575],[-121.99975,47.45382],[-122.00039,47.45189],[-121.9989,47.45107],[-121.99844,47.45174],[-121.99786,47.45088],[-121.99526,47.45011],[-121.99371,47.44849],[-121.99235,47.44843],[-121.99114,47.44746],[-121.99151,47.44626],[-121.99087,47.44536],[-121.99066,47.44348],[-121.98823,47.44235],[-121.98731,47.44245],[-121.98625,47.44097],[-121.98504,47.44032],[-121.98518,47.44],[-121.98419,47.4399],[-121.98353,47.43892],[-121.9817,47.43864],[-121.97859,47.43732],[-121.9782,47.43759],[-121.97529,47.43556],[-121.98002,47.434],[-121.98404,47.43202],[-121.98724,47.42985],[-121.99252,47.42524],[-121.9979,47.42221],[-122.0279,47.41074],[-122.03195,47.40959],[-122.03775,47.40853],[-122.03968,47.40779],[-122.04187,47.40598],[-122.04405,47.40259],[-122.04509,47.398],[-122.04587,47.39873],[-122.04604,47.39985],[-122.04899,47.40465],[-122.05608,47.41173],[-122.06468,47.41561],[-122.07296,47.42063],[-122.0751,47.42117],[-122.07941,47.42134],[-122.08318,47.42284]]]}},{"type":"Feature","properties":{"GEOID":"53033032102","city":"(unincorporated county)","pct_hispanic":5.61,"pop_total":4973.0,"median_hh_income":165341.0,"pop_density_sqkm":62.389,"cameras_flock":0,"cameras_flock_nonretail":0,"cameras_alpr_all":0,"road_miles":12.97,"cameras_per_road_mile":0.0,"cameras_per_10k_residents":0.0,"crime_count":null,"crime_data_available":false,"retailer_count":0},"geometry":{"type":"Polygon","coordinates":[[[-122.0353,47.47355],[-122.03495,47.4735],[-122.03514,47.47441],[-122.03461,47.47463],[-122.03492,47.47625],[-122.0331,47.47612],[-122.0333,47.47689],[-122.0346,47.47739],[-122.03332,47.47854],[-122.03436,47.4797],[-122.03355,47.48065],[-122.03366,47.48186],[-122.0317,47.4823],[-122.02793,47.48469],[-122.02708,47.48471],[-122.02247,47.49412],[-122.02201,47.49596],[-122.02352,47.51265],[-122.02483,47.51461],[-122.02999,47.51874],[-122.03065,47.523],[-122.03238,47.52545],[-122.02787,47.52544],[-122.02703,47.52694],[-122.02525,47.52797],[-122.02336,47.52986],[-122.02297,47.53159],[-122.02006,47.5323],[-122.01464,47.53524],[-122.01195,47.53619],[-122.00933,47.53651],[-122.00706,47.53629],[-121.99717,47.53249],[-121.9929,47.53153],[-121.98893,47.53108],[-121.98239,47.53079],[-121.97989,47.53115],[-121.97719,47.53236],[-121.97413,47.53482],[-121.97138,47.5357],[-121.97151,47.53611],[-121.97044,47.53621],[-121.96769,47.53587],[-121.95967,47.53334],[-121.9455,47.53181],[-121.94339,47.53112],[-121.94134,47.52984],[-121.93651,47.52364],[-121.9349,47.52234],[-121.92943,47.52049],[-121.91913,47.51616],[-121.91138,47.5123],[-121.90397,47.50784],[-121.89946,47.50713],[-121.88358,47.50903],[-121.88906,47.48343],[-121.89135,47.4786],[-121.89285,47.47694],[-121.8958,47.47484],[-121.89865,47.47378],[-121.91008,47.47238],[-121.916,47.47007],[-121.92072,47.46703],[-121.92318,47.46596],[-121.92544,47.46561],[-121.93169,47.46608],[-121.93515,47.46581],[-121.94156,47.46336],[-121.94603,47.46119],[-121.94741,47.46028],[-121.95018,47.45712],[-121.95161,47.45377],[-121.96022,47.44745],[-121.96287,47.44041],[-121.96451,47.43826],[-121.96626,47.43685],[-121.96883,47.43591],[-121.97529,47.43556],[-121.9782,47.43759],[-121.97859,47.43732],[-121.9817,47.43864],[-121.98353,47.43892],[-121.98419,47.4399],[-121.98518,47.44],[-121.98504,47.44032],[-121.98625,47.44097],[-121.98731,47.44245],[-121.98823,47.44235],[-121.99066,47.44348],[-121.99087,47.44536],[-121.99151,47.44626],[-121.99114,47.44746],[-121.99235,47.44843],[-121.99371,47.44849],[-121.99526,47.45011],[-121.99786,47.45088],[-121.99844,47.45174],[-121.9989,47.45107],[-122.00039,47.45189],[-121.99975,47.45382],[-122.00065,47.45575],[-122.00231,47.45617],[-122.00344,47.45724],[-122.00557,47.45723],[-122.00764,47.45826],[-122.00857,47.46018],[-122.00915,47.4604],[-122.01098,47.45979],[-122.01184,47.46053],[-122.01376,47.4606],[-122.01596,47.46166],[-122.02108,47.46038],[-122.02151,47.46108],[-122.02331,47.46089],[-122.02529,47.46254],[-122.02609,47.4624],[-122.02694,47.46306],[-122.02698,47.46516],[-122.02748,47.4652],[-122.02813,47.46612],[-122.03141,47.46643],[-122.03318,47.46853],[-122.03394,47.47134],[-122.03522,47.47194],[-122.0353,47.47355]]]}},{"type":"Feature","properties":{"GEOID":"53033032500","city":"(unincorporated county)","pct_hispanic":7.857,"pop_total":6160.0,"median_hh_income":178080.0,"pop_density_sqkm":28.82,"cameras_flock":0,"cameras_flock_nonretail":0,"cameras_alpr_all":0,"road_miles":9.152,"cameras_per_road_mile":0.0,"cameras_per_10k_residents":0.0,"crime_count":null,"crime_data_available":false,"retailer_count":0},"geometry":{"type":"Polygon","coordinates":[[[-121.96825,47.62654],[-121.96744,47.62699],[-121.96551,47.62576],[-121.96315,47.6253],[-121.95987,47.62579],[-121.95868,47.6264],[-121.95853,47.6277],[-121.95803,47.62814],[-121.95476,47.62822],[-121.94812,47.63129],[-121.94383,47.63168],[-121.94107,47.63408],[-121.9375,47.63514],[-121.93533,47.63737],[-121.92831,47.63852],[-121.92617,47.64388],[-121.92489,47.64507],[-121.92421,47.64654],[-121.92402,47.65054],[-121.92292,47.6548],[-121.92702,47.65947],[-121.9274,47.66188],[-121.92435,47.66679],[-121.92311,47.66793],[-121.9195,47.66982],[-121.91824,47.67213],[-121.91858,47.67297],[-121.91928,47.67333],[-121.92271,47.67365],[-121.92415,47.6733],[-121.92626,47.67214],[-121.92838,47.67181],[-121.9321,47.67324],[-121.93359,47.67487],[-121.93673,47.67664],[-121.93847,47.67713],[-121.93645,47.67829],[-121.93451,47.67874],[-121.9293,47.67837],[-121.92813,47.67859],[-121.92677,47.68009],[-121.92543,47.68058],[-121.91963,47.67875],[-121.91703,47.67884],[-121.9162,47.67809],[-121.9097,47.67839],[-121.90794,47.67786],[-121.9049,47.67897],[-121.90374,47.6798],[-121.90349,47.68184],[-121.90536,47.68599],[-121.90316,47.68917],[-121.90181,47.69028],[-121.90019,47.6934],[-121.90023,47.69442],[-121.89735,47.69765],[-121.89657,47.70246],[-121.89721,47.7062],[-121.89646,47.70896],[-121.89344,47.71382],[-121.89334,47.71525],[-121.89394,47.71657],[-121.90408,47.72348],[-121.90825,47.73207],[-121.9105,47.73411],[-121.91068,47.73515],[-121.90985,47.7359],[-121.90766,47.7368],[-121.90753,47.73884],[-121.90616,47.74319],[-121.90479,47.74311],[-121.90345,47.74389],[-121.9022,47.74376],[-121.90061,47.74413],[-121.89923,47.74577],[-121.89739,47.7464],[-121.8892,47.7469],[-121.88623,47.74891],[-121.88551,47.75028],[-121.88567,47.75149],[-121.88766,47.75309],[-121.88822,47.75407],[-121.8866,47.75766],[-121.88337,47.76059],[-121.88262,47.76223],[-121.87916,47.76446],[-121.87627,47.76889],[-121.87342,47.77176],[-121.87354,47.7722],[-121.87068,47.77464],[-121.86455,47.7773],[-121.85141,47.77685],[-121.84069,47.77737],[-121.81915,47.777],[-121.77621,47.77736],[-121.75546,47.77711],[-121.74446,47.77776],[-121.71317,47.77712],[-121.66681,47.77721],[-121.66706,47.7754],[-121.66608,47.76665],[-121.67114,47.7494],[-121.67708,47.74915],[-121.68342,47.74787],[-121.69045,47.74805],[-121.69542,47.74656],[-121.69769,47.74535],[-121.70305,47.74351],[-121.70893,47.73979],[-121.71102,47.7394],[-121.71384,47.73819],[-121.71817,47.73262],[-121.71839,47.73012],[-121.71983,47.72577],[-121.7174,47.72328],[-121.71305,47.72152],[-121.71211,47.72062],[-121.71157,47.71894],[-121.71141,47.71493],[-121.71227,47.71253],[-121.7115,47.70936],[-121.70869,47.70539],[-121.71036,47.70229],[-121.71072,47.70022],[-121.71278,47.69566],[-121.71343,47.692],[-121.71609,47.68969],[-121.71538,47.68893],[-121.71625,47.68861],[-121.71757,47.6889],[-121.7195,47.68842],[-121.72192,47.68864],[-121.72221,47.68901],[-121.72176,47.68982],[-121.72233,47.69125],[-121.72449,47.69143],[-121.72683,47.69274],[-121.7309,47.6924],[-121.73312,47.69176],[-121.73813,47.69181],[-121.73944,47.69243],[-121.7416,47.692],[-121.74278,47.69256],[-121.74648,47.69268],[-121.74765,47.69468],[-121.74725,47.69644],[-121.74818,47.69659],[-121.7492,47.6962],[-121.75038,47.69659],[-121.75277,47.69667],[-121.7535,47.69736],[-121.75359,47.69879],[-121.75433,47.69935],[-121.75529,47.69934],[-121.7562,47.69848],[-121.75825,47.69959],[-121.76074,47.69884],[-121.7633,47.6987],[-121.76643,47.70034],[-121.76872,47.70025],[-121.77063,47.70072],[-121.77192,47.70016],[-121.77348,47.70004],[-121.77582,47.69783],[-121.77709,47.69792],[-121.77817,47.69854],[-121.77933,47.69844],[-121.78074,47.69911],[-121.78327,47.69806],[-121.78578,47.69788],[-121.78869,47.69591],[-121.7888,47.69523],[-121.79124,47.69442],[-121.79249,47.6898],[-121.79432,47.68953],[-121.79581,47.6881],[-121.79674,47.68789],[-121.79777,47.68594],[-121.80079,47.68622],[-121.80098,47.68473],[-121.80211,47.68432],[-121.8024,47.68315],[-121.80507,47.68294],[-121.80493,47.68147],[-121.80779,47.68062],[-121.80846,47.67996],[-121.8095,47.6797],[-121.81089,47.67825],[-121.81285,47.67776],[-121.80806,47.67493],[-121.80756,47.67411],[-121.81127,47.67163],[-121.81216,47.67251],[-121.81299,47.67219],[-121.81268,47.67115],[-121.8138,47.66999],[-121.81392,47.66839],[-121.81311,47.66683],[-121.81289,47.66238],[-121.81512,47.65993],[-121.81875,47.65789],[-121.82121,47.65828],[-121.82279,47.65642],[-121.82736,47.65486],[-121.83037,47.65154],[-121.83001,47.64941],[-121.83076,47.64674],[-121.82999,47.64104],[-121.82932,47.63909],[-121.82733,47.6395],[-121.82676,47.6393],[-121.83003,47.6384],[-121.83127,47.63669],[-121.83215,47.63322],[-121.83165,47.63257],[-121.83204,47.63018],[-121.8312,47.62668],[-121.83237,47.6265],[-121.83642,47.62438],[-121.8388,47.6243],[-121.84333,47.62302],[-121.84452,47.62189],[-121.84478,47.62131],[-121.84381,47.62015],[-121.84073,47.61874],[-121.84066,47.61764],[-121.84188,47.61636],[-121.84418,47.61613],[-121.84865,47.61492],[-121.85151,47.61526],[-121.85675,47.61468],[-121.85915,47.61407],[-121.86376,47.61117],[-121.86663,47.60879],[-121.86769,47.60742],[-121.86778,47.60622],[-121.86853,47.60506],[-121.87171,47.60268],[-121.87222,47.60186],[-121.87515,47.6025],[-121.87763,47.602],[-121.88028,47.60273],[-121.88439,47.60281],[-121.88652,47.60596],[-121.89067,47.60803],[-121.89529,47.61198],[-121.89647,47.61348],[-121.90162,47.61652],[-121.90379,47.61575],[-121.90867,47.61649],[-121.91064,47.61712],[-121.91362,47.61672],[-121.9151,47.61833],[-121.91768,47.61951],[-121.91754,47.62039],[-121.91629,47.62194],[-121.9172,47.62315],[-121.91818,47.62315],[-121.91922,47.62261],[-121.921,47.62009],[-121.92423,47.61913],[-121.9253,47.6196],[-121.92646,47.62152],[-121.92755,47.62176],[-121.92809,47.62053],[-121.92776,47.61973],[-121.92834,47.61887],[-121.93292,47.61851],[-121.93416,47.61737],[-121.93376,47.61655],[-121.93254,47.6161],[-121.92826,47.61583],[-121.92707,47.6152],[-121.92689,47.61463],[-121.92798,47.61408],[-121.93056,47.61434],[-121.93254,47.61396],[-121.93353,47.61249],[-121.93317,47.61173],[-121.93184,47.61116],[-121.92874,47.6107],[-121.92639,47.60965],[-121.92446,47.60949],[-121.92497,47.6083],[-121.92679,47.60754],[-121.92737,47.60653],[-121.92602,47.6031],[-121.92786,47.60102],[-121.92848,47.59849],[-121.92801,47.59775],[-121.92462,47.59583],[-121.92493,47.59531],[-121.92415,47.59508],[-121.92486,47.59478],[-121.92484,47.59421],[-121.92533,47.59455],[-121.92671,47.5942],[-121.92608,47.59352],[-121.92681,47.5916],[-121.92536,47.59119],[-121.92616,47.58713],[-121.92989,47.58715],[-121.92973,47.58555],[-121.93148,47.5819],[-121.93337,47.58069],[-121.93628,47.58026],[-121.93947,47.58082],[-121.94088,47.58146],[-121.95422,47.58888],[-121.95677,47.59081],[-121.95972,47.59411],[-121.96148,47.59738],[-121.96171,47.59985],[-121.96095,47.605],[-121.95766,47.61217],[-121.95774,47.61638],[-121.95954,47.61979],[-121.96136,47.62115],[-121.96515,47.62282],[-121.9667,47.62408],[-121.96825,47.62654]]]}},{"type":"Feature","properties":{"GEOID":"53033000300","city":"Seattle","pct_hispanic":5.297,"pop_total":2926.0,"median_hh_income":135536.0,"pop_density_sqkm":2416.159,"cameras_flock":0,"cameras_flock_nonretail":0,"cameras_alpr_all":1,"road_miles":2.451,"cameras_per_road_mile":0.0,"cameras_per_10k_residents":0.0,"crime_count":428.0,"crime_data_available":true,"retailer_count":0},"geometry":{"type":"Polygon","coordinates":[[[-122.34521,47.73413],[-122.32359,47.73405],[-122.32357,47.72309],[-122.32651,47.72496],[-122.33422,47.72867],[-122.34504,47.72868],[-122.34521,47.73413]]]}},{"type":"Feature","properties":{"GEOID":"53033000700","city":"Seattle","pct_hispanic":9.965,"pop_total":4857.0,"median_hh_income":95431.0,"pop_density_sqkm":3752.208,"cameras_flock":0,"cameras_flock_nonretail":0,"cameras_alpr_all":0,"road_miles":2.186,"cameras_per_road_mile":0.0,"cameras_per_10k_residents":0.0,"crime_count":504.0,"crime_data_available":true,"retailer_count":0},"geometry":{"type":"Polygon","coordinates":[[[-122.31268,47.71944],[-122.29078,47.71925],[-122.29157,47.71466],[-122.29065,47.71196],[-122.31243,47.71216],[-122.31268,47.71944]]]}},{"type":"Feature","properties":{"GEOID":"53033000800","city":"Seattle","pct_hispanic":4.961,"pop_total":2661.0,"median_hh_income":151528.0,"pop_density_sqkm":2330.263,"cameras_flock":0,"cameras_flock_nonretail":0,"cameras_alpr_all":0,"road_miles":1.762,"cameras_per_road_mile":0.0,"cameras_per_10k_residents":0.0,"crime_count":110.0,"crime_data_available":true,"retailer_count":0},"geometry":{"type":"Polygon","coordinates":[[[-122.29157,47.71466],[-122.29078,47.71925],[-122.28499,47.7192],[-122.28249,47.71497],[-122.28248,47.71375],[-122.27831,47.70508],[-122.28094,47.70466],[-122.29088,47.70478],[-122.29067,47.71291],[-122.29157,47.71466]]]}},{"type":"Feature","properties":{"GEOID":"53033001400","city":"Seattle","pct_hispanic":7.057,"pop_total":5257.0,"median_hh_income":133875.0,"pop_density_sqkm":2441.974,"cameras_flock":0,"cameras_flock_nonretail":0,"cameras_alpr_all":0,"road_miles":4.186,"cameras_per_road_mile":0.0,"cameras_per_10k_residents":0.0,"crime_count":459.0,"crime_data_available":true,"retailer_count":0},"geometry":{"type":"Polygon","coordinates":[[[-122.38442,47.71136],[-122.38367,47.71441],[-122.37857,47.71288],[-122.37872,47.71234],[-122.37742,47.71198],[-122.3704,47.7111],[-122.36797,47.71171],[-122.36616,47.71102],[-122.36502,47.71114],[-122.36535,47.71018],[-122.36484,47.7094],[-122.36279,47.70976],[-122.36362,47.70921],[-122.36354,47.70879],[-122.36082,47.70874],[-122.36087,47.71236],[-122.35021,47.71233],[-122.35008,47.70507],[-122.35545,47.70508],[-122.37411,47.69562],[-122.37409,47.7075],[-122.37501,47.70768],[-122.37513,47.70804],[-122.3745,47.70837],[-122.37168,47.70819],[-122.36955,47.70879],[-122.3893,47.70904],[-122.38442,47.71136]]]}},{"type":"Feature","properties":{"GEOID":"53033001600","city":"Seattle","pct_hispanic":4.732,"pop_total":4903.0,"median_hh_income":236500.0,"pop_density_sqkm":2426.798,"cameras_flock":0,"cameras_flock_nonretail":0,"cameras_alpr_all":0,"road_miles":2.388,"cameras_per_road_mile":0.0,"cameras_per_10k_residents":0.0,"crime_count":354.0,"crime_data_available":true,"retailer_count":0},"geometry":{"type":"Polygon","coordinates":[[[-122.39283,47.70629],[-122.3893,47.70904],[-122.36955,47.70879],[-122.37192,47.70817],[-122.3745,47.70837],[-122.37516,47.70795],[-122.37409,47.7075],[-122.3741,47.69062],[-122.3876,47.69057],[-122.38756,47.70155],[-122.39199,47.70161],[-122.39283,47.70629]]]}},{"type":"Feature","properties":{"GEOID":"53033002200","city":"Seattle","pct_hispanic":8.76,"pop_total":6381.0,"median_hh_income":196167.0,"pop_density_sqkm":2275.62,"cameras_flock":0,"cameras_flock_nonretail":0,"cameras_alpr_all":0,"road_miles":2.908,"cameras_per_road_mile":0.0,"cameras_per_10k_residents":0.0,"crime_count":243.0,"crime_data_available":true,"retailer_count":0},"geometry":{"type":"Polygon","coordinates":[[[-122.29088,47.70478],[-122.28094,47.70466],[-122.27831,47.70508],[-122.27765,47.70388],[-122.27771,47.69756],[-122.27648,47.69589],[-122.27117,47.69591],[-122.27142,47.69735],[-122.25871,47.69769],[-122.25506,47.69687],[-122.25105,47.69362],[-122.24342,47.68952],[-122.24922,47.69022],[-122.26749,47.69031],[-122.26587,47.68831],[-122.26447,47.68475],[-122.2657,47.68465],[-122.26635,47.68293],[-122.26806,47.6839],[-122.26908,47.68388],[-122.26902,47.68302],[-122.27975,47.68304],[-122.27996,47.69016],[-122.29072,47.6902],[-122.29088,47.70478]]]}},{"type":"Feature","properties":{"GEOID":"53033002800","city":"Seattle","pct_hispanic":8.413,"pop_total":5004.0,"median_hh_income":139955.0,"pop_density_sqkm":5063.307,"cameras_flock":0,"cameras_flock_nonretail":0,"cameras_alpr_all":0,"road_miles":2.224,"cameras_per_road_mile":0.0,"cameras_per_10k_residents":0.0,"crime_count":519.0,"crime_data_available":true,"retailer_count":0},"geometry":{"type":"Polygon","coordinates":[[[-122.35532,47.67966],[-122.3553,47.69059],[-122.34446,47.69056],[-122.34439,47.68149],[-122.34531,47.67956],[-122.35532,47.67966]]]}},{"type":"Feature","properties":{"GEOID":"53033006500","city":"Seattle","pct_hispanic":5.958,"pop_total":5052.0,"median_hh_income":173350.0,"pop_density_sqkm":4402.158,"cameras_flock":0,"cameras_flock_nonretail":0,"cameras_alpr_all":0,"road_miles":2.297,"cameras_per_road_mile":0.0,"cameras_per_10k_residents":0.0,"crime_count":652.0,"crime_data_available":true,"retailer_count":0},"geometry":{"type":"Polygon","coordinates":[[[-122.3266,47.62696],[-122.32353,47.62787],[-122.32352,47.62867],[-122.32237,47.62867],[-122.32228,47.63049],[-122.32021,47.63049],[-122.3201,47.63502],[-122.32115,47.63502],[-122.32135,47.63954],[-122.31546,47.63949],[-122.31521,47.63826],[-122.31361,47.63747],[-122.31351,47.63532],[-122.31248,47.63376],[-122.31261,47.62425],[-122.32094,47.62427],[-122.32103,47.62511],[-122.32661,47.62512],[-122.3266,47.62696]]]}},{"type":"Feature","properties":{"GEOID":"53033003100","city":"Seattle","pct_hispanic":6.007,"pop_total":6742.0,"median_hh_income":191625.0,"pop_density_sqkm":3064.497,"cameras_flock":0,"cameras_flock_nonretail":0,"cameras_alpr_all":0,"road_miles":3.491,"cameras_per_road_mile":0.0,"cameras_per_10k_residents":0.0,"crime_count":388.0,"crime_data_available":true,"retailer_count":0},"geometry":{"type":"Polygon","coordinates":[[[-122.4111,47.68672],[-122.40995,47.68985],[-122.41009,47.69469],[-122.40922,47.69768],[-122.40161,47.69782],[-122.40196,47.69759],[-122.40156,47.69697],[-122.40261,47.69596],[-122.39969,47.69054],[-122.38218,47.69059],[-122.38215,47.67995],[-122.38323,47.67995],[-122.38323,47.67951],[-122.40508,47.67944],[-122.40305,47.68302],[-122.40268,47.68673],[-122.4111,47.68672]]]}},{"type":"Feature","properties":{"GEOID":"53033003900","city":"Seattle","pct_hispanic":9.286,"pop_total":3349.0,"median_hh_income":226159.0,"pop_density_sqkm":3439.101,"cameras_flock":0,"cameras_flock_nonretail":0,"cameras_alpr_all":0,"road_miles":1.937,"cameras_per_road_mile":0.0,"cameras_per_10k_residents":0.0,"crime_count":209.0,"crime_data_available":true,"retailer_count":0},"geometry":{"type":"Polygon","coordinates":[[[-122.29048,47.68305],[-122.27438,47.68303],[-122.27425,47.67582],[-122.29027,47.67578],[-122.29048,47.68305]]]}},{"type":"Feature","properties":{"GEOID":"53033005801","city":"Seattle","pct_hispanic":11.295,"pop_total":6295.0,"median_hh_income":143952.0,"pop_density_sqkm":3454.308,"cameras_flock":0,"cameras_flock_nonretail":0,"cameras_alpr_all":0,"road_miles":6.236,"cameras_per_road_mile":0.0,"cameras_per_10k_residents":0.0,"crime_count":497.0,"crime_data_available":true,"retailer_count":0},"geometry":{"type":"Polygon","coordinates":[[[-122.39644,47.65855],[-122.3961,47.66132],[-122.39434,47.66127],[-122.39278,47.66063],[-122.39201,47.66124],[-122.39103,47.66132],[-122.39105,47.66381],[-122.38744,47.66322],[-122.3804,47.66007],[-122.37622,47.65935],[-122.37593,47.65413],[-122.37492,47.65516],[-122.37489,47.64847],[-122.3929,47.64864],[-122.39288,47.65317],[-122.39556,47.65316],[-122.39566,47.65629],[-122.39644,47.65855]]]}},{"type":"Feature","properties":{"GEOID":"53033990100","city":"Seattle","pct_hispanic":null,"pop_total":0.0,"median_hh_income":null,"pop_density_sqkm":null,"cameras_flock":0,"cameras_flock_nonretail":0,"cameras_alpr_all":0,"road_miles":0.0,"cameras_per_road_mile":null,"cameras_per_10k_residents":null,"crime_count":null,"crime_data_available":false,"retailer_count":0},"geometry":{"type":"Polygon","coordinates":[[[-122.54166,47.34919],[-122.54089,47.35335],[-122.53929,47.3575],[-122.53588,47.36336],[-122.52907,47.37296],[-122.52842,47.37498],[-122.52836,47.37704],[-122.52985,47.38121],[-122.53266,47.38505],[-122.53629,47.3885],[-122.53927,47.39246],[-122.53976,47.39655],[-122.53921,47.39873],[-122.5364,47.40465],[-122.53389,47.40855],[-122.52792,47.41614],[-122.5245,47.42387],[-122.52333,47.43044],[-122.52318,47.44701],[-122.52178,47.45347],[-122.51889,47.46244],[-122.51654,47.46674],[-122.51162,47.47342],[-122.50515,47.48125],[-122.49556,47.49158],[-122.49173,47.4976],[-122.48791,47.50191],[-122.4856,47.50627],[-122.48489,47.51305],[-122.48333,47.51742],[-122.48002,47.52174],[-122.47405,47.52662],[-122.46375,47.5309],[-122.45832,47.53274],[-122.44702,47.54004],[-122.44544,47.54187],[-122.44485,47.54333],[-122.44386,47.5518],[-122.4443,47.55557],[-122.44572,47.55883],[-122.45337,47.5696],[-122.45477,47.57369],[-122.45473,47.57659],[-122.45358,47.58124],[-122.44757,47.59331],[-122.44606,47.608],[-122.4465,47.61149],[-122.44867,47.61651],[-122.4514,47.62096],[-122.45376,47.62378],[-122.45491,47.62656],[-122.45284,47.63609],[-122.45281,47.6438],[-122.45441,47.65325],[-122.4581,47.66391],[-122.45937,47.66916],[-122.4597,47.67579],[-122.45897,47.68093],[-122.45761,47.68517],[-122.44692,47.70448],[-122.44431,47.70765],[-122.44003,47.71059],[-122.43746,47.71305],[-122.43532,47.71982],[-122.43346,47.72891],[-122.43199,47.7324],[-122.42992,47.73528],[-122.42715,47.74536],[-122.42739,47.75395],[-122.42943,47.76243],[-122.43277,47.76927],[-122.43809,47.77781],[-122.39883,47.77794],[-122.39818,47.77023],[-122.39352,47.76338],[-122.38478,47.75676],[-122.38713,47.74874],[-122.38679,47.74686],[-122.38195,47.73916],[-122.38018,47.72418],[-122.38074,47.72219],[-122.38068,47.71819],[-122.38367,47.71441],[-122.38442,47.71136],[-122.3893,47.70904],[-122.39218,47.70656],[-122.40545,47.70143],[-122.40922,47.69768],[-122.41009,47.69469],[-122.40995,47.68985],[-122.4111,47.68672],[-122.41163,47.68672],[-122.43123,47.66736],[-122.43698,47.66597],[-122.44011,47.6642],[-122.44123,47.66083],[-122.43873,47.65789],[-122.43192,47.65538],[-122.42543,47.65105],[-122.42302,47.64839],[-122.42176,47.64194],[-122.41764,47.63652],[-122.40602,47.62995],[-122.38975,47.62566],[-122.37986,47.62397],[-122.35125,47.60901],[-122.34474,47.60232],[-122.34484,47.59922],[-122.34651,47.59567],[-122.34984,47.59391],[-122.37242,47.58869],[-122.37567,47.59137],[-122.37979,47.59752],[-122.38778,47.60064],[-122.39378,47.59676],[-122.39678,47.59323],[-122.40461,47.58717],[-122.41083,47.5841],[-122.42257,47.5804],[-122.42494,47.57829],[-122.42544,47.57576],[-122.42419,47.57265],[-122.41595,47.56886],[-122.4137,47.56709],[-122.41345,47.5644],[-122.40597,47.55547],[-122.40285,47.54932],[-122.40372,47.54486],[-122.40173,47.54009],[-122.40124,47.53694],[-122.40336,47.53467],[-122.40548,47.53138],[-122.40473,47.52827],[-122.40036,47.52456],[-122.40242,47.52201],[-122.40361,47.51622],[-122.39974,47.51235],[-122.3955,47.50637],[-122.38927,47.49896],[-122.38013,47.4932],[-122.37565,47.49124],[-122.36892,47.48585],[-122.36631,47.48163],[-122.37304,47.47195],[-122.37416,47.46841],[-122.37316,47.4658],[-122.37341,47.46328],[-122.37279,47.46024],[-122.38415,47.4546],[-122.38738,47.45174],[-122.38651,47.44786],[-122.38315,47.44635],[-122.36821,47.44374],[-122.3607,47.44008],[-122.35814,47.43772],[-122.35341,47.41759],[-122.35129,47.41321],[-122.34083,47.40693],[-122.33589,47.40322],[-122.33214,47.39785],[-122.33028,47.39174],[-122.33152,47.3882],[-122.32955,47.37815],[-122.33065,47.37498],[-122.33104,47.37207],[-122.32953,47.36731],[-122.33003,47.36462],[-122.32916,47.36158],[-122.32953,47.35889],[-122.32891,47.35258],[-122.32971,47.35022],[-122.33914,47.34525],[-122.36786,47.33952],[-122.37569,47.33657],[-122.38083,47.33054],[-122.38763,47.33173],[-122.39745,47.33089],[-122.40391,47.32668],[-122.41559,47.32474],[-122.42321,47.32402],[-122.43725,47.33372],[-122.44272,47.33016],[-122.45174,47.32546],[-122.46318,47.3208],[-122.47155,47.31862],[-122.48406,47.31733],[-122.49408,47.31731],[-122.50386,47.3182],[-122.51734,47.32158],[-122.52357,47.32418],[-122.52806,47.32701],[-122.53478,47.33344],[-122.53893,47.33992],[-122.54094,47.34482],[-122.54166,47.34919]],[[-122.5318,47.35272],[-122.53155,47.34362],[-122.52931,47.33941],[-122.52645,47.33512],[-122.52098,47.32956],[-122.51613,47.32855],[-122.50893,47.32789],[-122.50284,47.32627],[-122.49432,47.3259],[-122.48866,47.32807],[-122.484,47.33191],[-122.48353,47.33855],[-122.47481,47.34238],[-122.47051,47.34045],[-122.45809,47.33845],[-122.45043,47.34014],[-122.44862,47.34516],[-122.44582,47.34967],[-122.44478,47.35277],[-122.44108,47.35497],[-122.44049,47.35818],[-122.43532,47.36218],[-122.43133,47.36349],[-122.42837,47.36589],[-122.42231,47.36689],[-122.41802,47.36869],[-122.41536,47.3715],[-122.4022,47.37521],[-122.3988,47.37821],[-122.39081,47.37851],[-122.38653,47.38051],[-122.37943,47.38081],[-122.37204,47.38362],[-122.36997,47.38722],[-122.37029,47.39117],[-122.38403,47.39873],[-122.3941,47.40344],[-122.40589,47.40447],[-122.41775,47.40496],[-122.42335,47.40572],[-122.42911,47.40708],[-122.43343,47.40925],[-122.43318,47.41245],[-122.4343,47.41591],[-122.43244,47.41768],[-122.42573,47.41771],[-122.42548,47.42184],[-122.42623,47.42614],[-122.43046,47.42967],[-122.43357,47.43372],[-122.43544,47.43759],[-122.43432,47.44155],[-122.43582,47.44963],[-122.4382,47.45346],[-122.42985,47.46366],[-122.42935,47.46685],[-122.43072,47.46963],[-122.43982,47.47452],[-122.44194,47.47604],[-122.44455,47.48159],[-122.45477,47.48698],[-122.45564,47.48959],[-122.45514,47.49237],[-122.45577,47.49473],[-122.45338,47.49713],[-122.44961,47.49963],[-122.44799,47.5041],[-122.4511,47.5076],[-122.46828,47.51414],[-122.47895,47.51407],[-122.48027,47.51211],[-122.4809,47.50932],[-122.48551,47.48456],[-122.49125,47.48296],[-122.50106,47.47885],[-122.50246,47.47635],[-122.50271,47.4718],[-122.5062,47.46927],[-122.50744,47.46599],[-122.5118,47.46414],[-122.5159,47.45695],[-122.51664,47.45197],[-122.51813,47.44818],[-122.51739,47.44439],[-122.51863,47.44144],[-122.51802,47.43736],[-122.51602,47.43167],[-122.51701,47.42738],[-122.51689,47.42291],[-122.51888,47.41904],[-122.51863,47.41575],[-122.52174,47.41314],[-122.52473,47.40952],[-122.52757,47.40337],[-122.53044,47.40144],[-122.53156,47.39681],[-122.53106,47.39167],[-122.52845,47.3872],[-122.52472,47.3824],[-122.52025,47.37872],[-122.51966,47.37482],[-122.52125,47.37087],[-122.52492,47.37003],[-122.52745,47.36666],[-122.52932,47.36278],[-122.5318,47.35272]]]}},{"type":"Feature","properties":{"GEOID":"53033032326","city":"(unincorporated county)","pct_hispanic":11.569,"pop_total":4080.0,"median_hh_income":228083.0,"pop_density_sqkm":396.567,"cameras_flock":2,"cameras_flock_nonretail":2,"cameras_alpr_all":2,"road_miles":8.155,"cameras_per_road_mile":0.245,"cameras_per_10k_residents":4.902,"crime_count":null,"crime_data_available":false,"retailer_count":0},"geometry":{"type":"Polygon","coordinates":[[[-122.0933,47.68755],[-122.09188,47.6901],[-122.09291,47.69282],[-122.09323,47.69559],[-122.09272,47.70102],[-122.09297,47.70394],[-122.08929,47.70886],[-122.08829,47.71669],[-122.08048,47.73647],[-122.06893,47.73646],[-122.0571,47.73295],[-122.03442,47.73245],[-122.03503,47.72601],[-122.03668,47.72456],[-122.03832,47.72397],[-122.03981,47.72392],[-122.04479,47.72612],[-122.04695,47.72613],[-122.04793,47.72567],[-122.04836,47.72416],[-122.04766,47.72302],[-122.04786,47.71849],[-122.0597,47.7189],[-122.0621,47.71825],[-122.07211,47.71851],[-122.07569,47.7177],[-122.07333,47.71439],[-122.07143,47.71294],[-122.07131,47.71101],[-122.07062,47.71006],[-122.06976,47.7097],[-122.06778,47.70971],[-122.0682,47.70096],[-122.07258,47.69949],[-122.07339,47.69687],[-122.07505,47.69534],[-122.07793,47.69383],[-122.07955,47.69179],[-122.08615,47.68987],[-122.08727,47.6892],[-122.08938,47.68902],[-122.09254,47.68744],[-122.0933,47.68755]]]}},{"type":"Feature","properties":{"GEOID":"53033032327","city":"Redmond","pct_hispanic":10.357,"pop_total":4036.0,"median_hh_income":158929.0,"pop_density_sqkm":249.644,"cameras_flock":2,"cameras_flock_nonretail":2,"cameras_alpr_all":2,"road_miles":9.816,"cameras_per_road_mile":0.204,"cameras_per_10k_residents":4.955,"crime_count":null,"crime_data_available":false,"retailer_count":0},"geometry":{"type":"Polygon","coordinates":[[[-122.08727,47.68927],[-122.07955,47.69179],[-122.07793,47.69383],[-122.07505,47.69534],[-122.07339,47.69687],[-122.07258,47.69949],[-122.0682,47.70096],[-122.06778,47.70971],[-122.06976,47.7097],[-122.07062,47.71006],[-122.07131,47.71101],[-122.07143,47.71294],[-122.07333,47.71439],[-122.07569,47.7177],[-122.07211,47.71851],[-122.0621,47.71825],[-122.0597,47.7189],[-122.04786,47.71849],[-122.04766,47.72302],[-122.04836,47.72416],[-122.04793,47.72567],[-122.04695,47.72613],[-122.04479,47.72612],[-122.03981,47.72392],[-122.03832,47.72397],[-122.03668,47.72456],[-122.03503,47.72601],[-122.03442,47.73245],[-122.01235,47.7326],[-122.01036,47.72928],[-122.01059,47.72738],[-122.00903,47.72198],[-122.00902,47.71988],[-122.00746,47.71285],[-122.00548,47.70796],[-122.00379,47.70522],[-122.00443,47.7022],[-122.0065,47.70196],[-122.00997,47.70231],[-122.01306,47.70188],[-122.01633,47.70242],[-122.01804,47.70228],[-122.05663,47.69155],[-122.05904,47.68967],[-122.06244,47.68868],[-122.07297,47.68869],[-122.07813,47.68757],[-122.08727,47.68927]]]}},{"type":"Feature","properties":{"GEOID":"53033025602","city":"(unincorporated county)","pct_hispanic":9.5,"pop_total":6758.0,"median_hh_income":167760.0,"pop_density_sqkm":1282.478,"cameras_flock":0,"cameras_flock_nonretail":0,"cameras_alpr_all":0,"road_miles":5.322,"cameras_per_road_mile":0.0,"cameras_per_10k_residents":0.0,"crime_count":null,"crime_data_available":false,"retailer_count":0},"geometry":{"type":"Polygon","coordinates":[[[-122.18048,47.47743],[-122.17944,47.4779],[-122.16415,47.47771],[-122.16417,47.4787],[-122.16289,47.47869],[-122.16238,47.47813],[-122.1613,47.47808],[-122.15708,47.4792],[-122.15798,47.48125],[-122.16022,47.4813],[-122.15934,47.48238],[-122.15982,47.48279],[-122.1594,47.48445],[-122.15859,47.48484],[-122.15896,47.48853],[-122.13242,47.4883],[-122.13224,47.47589],[-122.13476,47.47495],[-122.13526,47.47427],[-122.13337,47.47212],[-122.13327,47.47128],[-122.13583,47.46936],[-122.13655,47.46819],[-122.13928,47.46896],[-122.14147,47.46817],[-122.14258,47.46608],[-122.15678,47.46852],[-122.18048,47.47743]]]}},{"type":"Feature","properties":{"GEOID":"53033029101","city":"Kent","pct_hispanic":11.29,"pop_total":4544.0,"median_hh_income":111298.0,"pop_density_sqkm":1331.263,"cameras_flock":0,"cameras_flock_nonretail":0,"cameras_alpr_all":0,"road_miles":4.819,"cameras_per_road_mile":0.0,"cameras_per_10k_residents":0.0,"crime_count":null,"crime_data_available":false,"retailer_count":0},"geometry":{"type":"Polygon","coordinates":[[[-122.29266,47.40362],[-122.29218,47.40819],[-122.28895,47.40826],[-122.28731,47.41145],[-122.28475,47.40753],[-122.28403,47.40716],[-122.28315,47.40725],[-122.28137,47.40839],[-122.27082,47.40846],[-122.26966,47.40808],[-122.27062,47.40723],[-122.27266,47.40676],[-122.27379,47.4059],[-122.27417,47.40511],[-122.27396,47.40233],[-122.27596,47.39829],[-122.2754,47.39746],[-122.27385,47.39678],[-122.27343,47.39615],[-122.27466,47.39395],[-122.27444,47.39302],[-122.27162,47.39124],[-122.2717,47.3905],[-122.27301,47.38905],[-122.27288,47.38858],[-122.2667,47.38794],[-122.26469,47.38732],[-122.26397,47.38648],[-122.26492,47.38521],[-122.26922,47.38542],[-122.27052,47.38513],[-122.27157,47.3841],[-122.27147,47.38291],[-122.26827,47.38087],[-122.26865,47.37855],[-122.27171,47.37756],[-122.27515,47.38005],[-122.2769,47.38262],[-122.27814,47.38811],[-122.27976,47.39032],[-122.28094,47.39095],[-122.28246,47.39115],[-122.2865,47.39055],[-122.28777,47.39068],[-122.29105,47.39166],[-122.29266,47.40362]]]}},{"type":"Feature","properties":{"GEOID":"53033031605","city":"Black Diamond","pct_hispanic":12.66,"pop_total":3973.0,"median_hh_income":146750.0,"pop_density_sqkm":258.14,"cameras_flock":2,"cameras_flock_nonretail":2,"cameras_alpr_all":2,"road_miles":8.022,"cameras_per_road_mile":0.249,"cameras_per_10k_residents":5.034,"crime_count":null,"crime_data_available":false,"retailer_count":0},"geometry":{"type":"Polygon","coordinates":[[[-122.08668,47.30447],[-122.08443,47.30468],[-122.08254,47.30532],[-122.08175,47.30661],[-122.08007,47.3072],[-122.07827,47.30859],[-122.06973,47.31632],[-122.06792,47.31689],[-122.06793,47.31802],[-122.06951,47.31943],[-122.06808,47.32059],[-122.06765,47.32417],[-122.06626,47.32606],[-122.06357,47.32666],[-122.06011,47.32575],[-122.05552,47.32591],[-122.05367,47.32668],[-122.05223,47.32908],[-122.04948,47.33078],[-122.04909,47.33235],[-122.0496,47.33444],[-122.04902,47.33568],[-122.04723,47.33612],[-122.04582,47.33589],[-122.04682,47.33655],[-122.05179,47.33676],[-122.05279,47.33736],[-122.0539,47.33973],[-122.05387,47.34357],[-122.02205,47.34353],[-122.02056,47.34298],[-122.01999,47.34122],[-122.0183,47.34099],[-122.01233,47.33439],[-122.00454,47.31761],[-122.00506,47.31689],[-122.00908,47.31549],[-122.01152,47.31266],[-122.01379,47.31203],[-122.02131,47.31225],[-122.0397,47.31088],[-122.04293,47.31035],[-122.04689,47.30822],[-122.04839,47.30538],[-122.05125,47.30205],[-122.05737,47.29806],[-122.05881,47.29756],[-122.08217,47.29772],[-122.08638,47.30104],[-122.08668,47.30447]]]}},{"type":"Feature","properties":{"GEOID":"53033007700","city":"Seattle","pct_hispanic":7.741,"pop_total":5736.0,"median_hh_income":182206.0,"pop_density_sqkm":5419.901,"cameras_flock":0,"cameras_flock_nonretail":0,"cameras_alpr_all":0,"road_miles":2.395,"cameras_per_road_mile":0.0,"cameras_per_10k_residents":0.0,"crime_count":586.0,"crime_data_available":true,"retailer_count":0},"geometry":{"type":"Polygon","coordinates":[[[-122.30271,47.61294],[-122.30242,47.6252],[-122.29553,47.62514],[-122.29512,47.62421],[-122.2925,47.62598],[-122.29203,47.62519],[-122.29105,47.62495],[-122.29116,47.62364],[-122.29196,47.62365],[-122.2923,47.62132],[-122.29258,47.61293],[-122.30271,47.61294]]]}},{"type":"Feature","properties":{"GEOID":"53033007600","city":"Seattle","pct_hispanic":3.204,"pop_total":4651.0,"median_hh_income":128182.0,"pop_density_sqkm":8132.797,"cameras_flock":0,"cameras_flock_nonretail":0,"cameras_alpr_all":0,"road_miles":1.472,"cameras_per_road_mile":0.0,"cameras_per_10k_residents":0.0,"crime_count":955.0,"crime_data_available":true,"retailer_count":0},"geometry":{"type":"Polygon","coordinates":[[[-122.31274,47.61852],[-122.31259,47.62526],[-122.30242,47.6252],[-122.30255,47.61917],[-122.30416,47.61808],[-122.30477,47.6185],[-122.31274,47.61852]]]}},{"type":"Feature","properties":{"GEOID":"53033007800","city":"Seattle","pct_hispanic":4.867,"pop_total":5527.0,"median_hh_income":205056.0,"pop_density_sqkm":2634.739,"cameras_flock":0,"cameras_flock_nonretail":0,"cameras_alpr_all":0,"road_miles":5.654,"cameras_per_road_mile":0.0,"cameras_per_10k_residents":0.0,"crime_count":554.0,"crime_data_available":true,"retailer_count":0},"geometry":{"type":"Polygon","coordinates":[[[-122.29252,47.60165],[-122.2923,47.62132],[-122.29196,47.62365],[-122.29116,47.62364],[-122.29105,47.62495],[-122.29051,47.62429],[-122.28794,47.62389],[-122.28552,47.62251],[-122.28462,47.62265],[-122.28556,47.62357],[-122.28557,47.62495],[-122.28404,47.62682],[-122.28291,47.62724],[-122.28226,47.62646],[-122.28285,47.62616],[-122.2831,47.62485],[-122.28101,47.62633],[-122.26224,47.62478],[-122.26515,47.60132],[-122.2877,47.60165],[-122.28824,47.60125],[-122.28764,47.60081],[-122.28842,47.60046],[-122.28842,47.59937],[-122.28893,47.59912],[-122.28969,47.59958],[-122.28957,47.60054],[-122.29133,47.60086],[-122.2913,47.60164],[-122.29252,47.60165]]]}},{"type":"Feature","properties":{"GEOID":"53033004600","city":"Seattle","pct_hispanic":4.929,"pop_total":3652.0,"median_hh_income":164550.0,"pop_density_sqkm":2328.206,"cameras_flock":0,"cameras_flock_nonretail":0,"cameras_alpr_all":0,"road_miles":3.89,"cameras_per_road_mile":0.0,"cameras_per_10k_residents":0.0,"crime_count":349.0,"crime_data_available":true,"retailer_count":0},"geometry":{"type":"Polygon","coordinates":[[[-122.34723,47.6651],[-122.34713,47.67465],[-122.34565,47.67761],[-122.34509,47.68032],[-122.3443,47.68134],[-122.3406,47.68273],[-122.33909,47.68513],[-122.3378,47.68565],[-122.33677,47.68561],[-122.33355,47.68306],[-122.33222,47.68264],[-122.32877,47.68241],[-122.32644,47.681],[-122.32575,47.6801],[-122.32594,47.67922],[-122.32718,47.67843],[-122.33165,47.67808],[-122.33269,47.67598],[-122.33353,47.67526],[-122.33356,47.67232],[-122.32821,47.67228],[-122.32827,47.6679],[-122.32954,47.6679],[-122.3283,47.66601],[-122.32827,47.665],[-122.34723,47.6651]]]}},{"type":"Feature","properties":{"GEOID":"53033005000","city":"Seattle","pct_hispanic":13.185,"pop_total":4778.0,"median_hh_income":116467.0,"pop_density_sqkm":6308.59,"cameras_flock":0,"cameras_flock_nonretail":0,"cameras_alpr_all":0,"road_miles":2.534,"cameras_per_road_mile":0.0,"cameras_per_10k_residents":0.0,"crime_count":565.0,"crime_data_available":true,"retailer_count":0},"geometry":{"type":"Polygon","coordinates":[[[-122.34725,47.65665],[-122.34723,47.66499],[-122.33641,47.66503],[-122.33624,47.65682],[-122.34725,47.65665]]]}},{"type":"Feature","properties":{"GEOID":"53033005700","city":"Seattle","pct_hispanic":8.633,"pop_total":6834.0,"median_hh_income":185945.0,"pop_density_sqkm":1343.783,"cameras_flock":0,"cameras_flock_nonretail":0,"cameras_alpr_all":0,"road_miles":7.459,"cameras_per_road_mile":0.0,"cameras_per_10k_residents":0.0,"crime_count":509.0,"crime_data_available":true,"retailer_count":0},"geometry":{"type":"Polygon","coordinates":[[[-122.44011,47.6642],[-122.43698,47.66597],[-122.43123,47.66736],[-122.41955,47.6789],[-122.40804,47.67192],[-122.40667,47.67074],[-122.40533,47.66803],[-122.40362,47.66671],[-122.39398,47.66421],[-122.39105,47.66381],[-122.39103,47.66132],[-122.39201,47.66124],[-122.39278,47.66063],[-122.39434,47.66127],[-122.3961,47.66132],[-122.39658,47.6584],[-122.39566,47.65629],[-122.39556,47.65316],[-122.39288,47.65317],[-122.3929,47.64864],[-122.39156,47.64865],[-122.39165,47.64116],[-122.39298,47.64116],[-122.393,47.63956],[-122.401,47.63955],[-122.40093,47.64684],[-122.40362,47.64681],[-122.40358,47.65407],[-122.41968,47.65415],[-122.41967,47.65146],[-122.42439,47.6499],[-122.42543,47.65105],[-122.43192,47.65538],[-122.43873,47.65789],[-122.44123,47.66083],[-122.44011,47.6642]]]}},{"type":"Feature","properties":{"GEOID":"53033032328","city":"(unincorporated county)","pct_hispanic":5.127,"pop_total":3140.0,"median_hh_income":232179.0,"pop_density_sqkm":369.228,"cameras_flock":0,"cameras_flock_nonretail":0,"cameras_alpr_all":0,"road_miles":5.563,"cameras_per_road_mile":0.0,"cameras_per_10k_residents":0.0,"crime_count":null,"crime_data_available":false,"retailer_count":0},"geometry":{"type":"Polygon","coordinates":[[[-122.07081,47.65604],[-122.06805,47.65919],[-122.06361,47.66077],[-122.06284,47.66139],[-122.06244,47.68868],[-122.05931,47.68954],[-122.05729,47.69123],[-122.05571,47.69182],[-122.05462,47.69073],[-122.05415,47.68917],[-122.05164,47.6884],[-122.05166,47.68651],[-122.0489,47.68639],[-122.04905,47.68149],[-122.04662,47.6709],[-122.0466,47.66847],[-122.02612,47.66462],[-122.02524,47.6647],[-122.02377,47.66597],[-122.02227,47.6664],[-122.02168,47.66595],[-122.02177,47.6606],[-122.02405,47.65959],[-122.02451,47.65902],[-122.02465,47.64424],[-122.03893,47.64635],[-122.04944,47.65243],[-122.06146,47.65624],[-122.06486,47.65664],[-122.06836,47.65658],[-122.07081,47.65604]]]}},{"type":"Feature","properties":{"GEOID":"53033006400","city":"Seattle","pct_hispanic":4.875,"pop_total":3631.0,"median_hh_income":232426.0,"pop_density_sqkm":4018.153,"cameras_flock":0,"cameras_flock_nonretail":0,"cameras_alpr_all":0,"road_miles":2.053,"cameras_per_road_mile":0.0,"cameras_per_10k_residents":0.0,"crime_count":310.0,"crime_data_available":true,"retailer_count":0},"geometry":{"type":"Polygon","coordinates":[[[-122.31259,47.62526],[-122.3125,47.63233],[-122.29928,47.63224],[-122.29895,47.62955],[-122.29713,47.62881],[-122.29635,47.62741],[-122.29505,47.6265],[-122.29509,47.62531],[-122.29553,47.62514],[-122.31259,47.62526]]]}},{"type":"Feature","properties":{"GEOID":"53033006100","city":"Seattle","pct_hispanic":6.572,"pop_total":6360.0,"median_hh_income":133307.0,"pop_density_sqkm":5180.427,"cameras_flock":1,"cameras_flock_nonretail":1,"cameras_alpr_all":2,"road_miles":4.245,"cameras_per_road_mile":0.236,"cameras_per_10k_residents":1.572,"crime_count":677.0,"crime_data_available":true,"retailer_count":0},"geometry":{"type":"Polygon","coordinates":[[[-122.33754,47.63972],[-122.32654,47.65032],[-122.32223,47.65302],[-122.31994,47.65283],[-122.31304,47.64722],[-122.31044,47.64712],[-122.31077,47.63956],[-122.31367,47.63968],[-122.31436,47.64052],[-122.31538,47.64093],[-122.31578,47.64169],[-122.31795,47.64257],[-122.31795,47.64085],[-122.31609,47.64082],[-122.31604,47.63956],[-122.33754,47.63972]]]}},{"type":"Feature","properties":{"GEOID":"53033006200","city":"Seattle","pct_hispanic":1.336,"pop_total":4193.0,"median_hh_income":250001.0,"pop_density_sqkm":1720.257,"cameras_flock":1,"cameras_flock_nonretail":1,"cameras_alpr_all":1,"road_miles":5.449,"cameras_per_road_mile":0.184,"cameras_per_10k_residents":2.385,"crime_count":456.0,"crime_data_available":true,"retailer_count":0},"geometry":{"type":"Polygon","coordinates":[[[-122.31795,47.64085],[-122.31795,47.64257],[-122.31578,47.64169],[-122.31538,47.64093],[-122.31436,47.64052],[-122.31367,47.63968],[-122.31077,47.63956],[-122.31044,47.64712],[-122.30517,47.64756],[-122.28504,47.64752],[-122.28508,47.64451],[-122.2921,47.64481],[-122.29656,47.64242],[-122.29767,47.64121],[-122.29677,47.64033],[-122.29548,47.6412],[-122.29431,47.64073],[-122.29478,47.63907],[-122.29401,47.6382],[-122.2951,47.63445],[-122.29297,47.63222],[-122.29452,47.6312],[-122.29462,47.63059],[-122.29399,47.62944],[-122.294,47.62811],[-122.29319,47.62764],[-122.2925,47.62598],[-122.29512,47.62421],[-122.29553,47.62514],[-122.29509,47.62531],[-122.2951,47.62663],[-122.29635,47.62741],[-122.29713,47.62881],[-122.29895,47.62955],[-122.29908,47.63214],[-122.3125,47.63233],[-122.31255,47.63403],[-122.31358,47.63561],[-122.31361,47.63747],[-122.31521,47.63826],[-122.31525,47.63931],[-122.31604,47.63956],[-122.31609,47.64082],[-122.31795,47.64085]]]}},{"type":"Feature","properties":{"GEOID":"53033006300","city":"Seattle","pct_hispanic":3.48,"pop_total":6006.0,"median_hh_income":225464.0,"pop_density_sqkm":2300.648,"cameras_flock":0,"cameras_flock_nonretail":0,"cameras_alpr_all":0,"road_miles":2.257,"cameras_per_road_mile":0.0,"cameras_per_10k_residents":0.0,"crime_count":371.0,"crime_data_available":true,"retailer_count":0},"geometry":{"type":"Polygon","coordinates":[[[-122.29767,47.64121],[-122.29656,47.64242],[-122.2921,47.64481],[-122.28508,47.64451],[-122.28504,47.64752],[-122.25691,47.64723],[-122.25937,47.64152],[-122.26109,47.62869],[-122.26224,47.62478],[-122.28101,47.62633],[-122.2831,47.62485],[-122.28285,47.62616],[-122.28226,47.62646],[-122.28291,47.62724],[-122.28404,47.62682],[-122.28563,47.62484],[-122.28556,47.62357],[-122.2847,47.62251],[-122.28552,47.62251],[-122.28794,47.62389],[-122.29051,47.62429],[-122.2909,47.62492],[-122.29227,47.62541],[-122.29319,47.62764],[-122.294,47.62811],[-122.29399,47.62944],[-122.29462,47.63059],[-122.29452,47.6312],[-122.29296,47.63212],[-122.2951,47.63445],[-122.29401,47.6382],[-122.29478,47.63907],[-122.29431,47.64073],[-122.29548,47.6412],[-122.29677,47.64033],[-122.29767,47.64121]]]}},{"type":"Feature","properties":{"GEOID":"53033032320","city":"Woodinville","pct_hispanic":3.509,"pop_total":4474.0,"median_hh_income":250001.0,"pop_density_sqkm":463.056,"cameras_flock":0,"cameras_flock_nonretail":0,"cameras_alpr_all":0,"road_miles":8.587,"cameras_per_road_mile":0.0,"cameras_per_10k_residents":0.0,"crime_count":null,"crime_data_available":false,"retailer_count":0},"geometry":{"type":"Polygon","coordinates":[[[-122.1527,47.75153],[-122.14723,47.75165],[-122.14464,47.75123],[-122.14402,47.7516],[-122.14373,47.75285],[-122.14248,47.75326],[-122.13986,47.7526],[-122.1356,47.75273],[-122.13386,47.75229],[-122.13305,47.75274],[-122.13238,47.75481],[-122.13195,47.75494],[-122.13313,47.75678],[-122.13242,47.75722],[-122.13035,47.75737],[-122.13041,47.75977],[-122.13412,47.75977],[-122.13416,47.76158],[-122.13159,47.76155],[-122.13183,47.77605],[-122.10223,47.77589],[-122.10271,47.7688],[-122.10485,47.7687],[-122.10492,47.76144],[-122.11168,47.76147],[-122.11147,47.75942],[-122.11038,47.75712],[-122.10773,47.75444],[-122.1072,47.7504],[-122.10786,47.74916],[-122.1097,47.75094],[-122.11077,47.75036],[-122.11171,47.74902],[-122.11127,47.748],[-122.11165,47.7464],[-122.11118,47.74581],[-122.1117,47.74541],[-122.11162,47.74467],[-122.11533,47.74361],[-122.11523,47.73626],[-122.14215,47.73627],[-122.14231,47.73907],[-122.14587,47.74223],[-122.14896,47.74689],[-122.15233,47.74961],[-122.1527,47.75153]]]}},{"type":"Feature","properties":{"GEOID":"53033030700","city":"Auburn","pct_hispanic":24.715,"pop_total":4216.0,"median_hh_income":73333.0,"pop_density_sqkm":2714.057,"cameras_flock":3,"cameras_flock_nonretail":3,"cameras_alpr_all":3,"road_miles":3.416,"cameras_per_road_mile":0.878,"cameras_per_10k_residents":7.116,"crime_count":null,"crime_data_available":false,"retailer_count":0},"geometry":{"type":"Polygon","coordinates":[[[-122.22889,47.29001],[-122.22868,47.30303],[-122.21338,47.30347],[-122.2134,47.29423],[-122.21271,47.29372],[-122.2187,47.29368],[-122.21872,47.29006],[-122.22889,47.29001]]]}},{"type":"Feature","properties":{"GEOID":"53033032402","city":"(unincorporated county)","pct_hispanic":16.697,"pop_total":7762.0,"median_hh_income":182813.0,"pop_density_sqkm":308.71,"cameras_flock":0,"cameras_flock_nonretail":0,"cameras_alpr_all":0,"road_miles":11.987,"cameras_per_road_mile":0.0,"cameras_per_10k_residents":0.0,"crime_count":null,"crime_data_available":false,"retailer_count":0},"geometry":{"type":"Polygon","coordinates":[[[-121.99889,47.70636],[-121.99565,47.70797],[-121.99525,47.70834],[-121.99548,47.70899],[-121.98442,47.70902],[-121.98426,47.71378],[-121.98593,47.71876],[-121.98556,47.72082],[-121.98675,47.72496],[-121.98734,47.73537],[-121.98024,47.7353],[-121.98038,47.74003],[-121.97349,47.73836],[-121.9715,47.73719],[-121.97139,47.7362],[-121.95928,47.73527],[-121.95869,47.72959],[-121.95294,47.7252],[-121.95095,47.72417],[-121.95024,47.72187],[-121.94775,47.71908],[-121.9482,47.71688],[-121.94655,47.71363],[-121.94173,47.71256],[-121.93999,47.71177],[-121.93621,47.71165],[-121.92545,47.70855],[-121.91908,47.70838],[-121.91614,47.70603],[-121.91224,47.70457],[-121.90689,47.70107],[-121.90195,47.69655],[-121.90091,47.69427],[-121.90023,47.69442],[-121.90019,47.6934],[-121.90181,47.69028],[-121.90316,47.68917],[-121.90536,47.68599],[-121.90349,47.68184],[-121.90367,47.67991],[-121.9049,47.67897],[-121.90794,47.67786],[-121.9097,47.67839],[-121.9162,47.67809],[-121.91703,47.67884],[-121.91963,47.67875],[-121.92543,47.68058],[-121.92677,47.68009],[-121.92813,47.67859],[-121.9293,47.67837],[-121.93451,47.67874],[-121.93645,47.67829],[-121.93847,47.67713],[-121.94102,47.678],[-121.94214,47.67914],[-121.94261,47.6827],[-121.94672,47.68469],[-121.94619,47.68649],[-121.9465,47.68752],[-121.94869,47.68831],[-121.95048,47.68838],[-121.9563,47.68756],[-121.959,47.68934],[-121.96015,47.68904],[-121.96189,47.68739],[-121.96406,47.6872],[-121.96527,47.68772],[-121.96555,47.68883],[-121.96409,47.69036],[-121.96389,47.69122],[-121.96513,47.69196],[-121.96715,47.69233],[-121.96905,47.69215],[-121.97435,47.69046],[-121.97458,47.6894],[-121.97024,47.68605],[-121.97092,47.68543],[-121.9732,47.68511],[-121.97804,47.68779],[-121.98515,47.68891],[-121.98665,47.68949],[-121.98683,47.69062],[-121.98547,47.69359],[-121.98662,47.69491],[-121.98913,47.69567],[-121.98989,47.69647],[-121.98683,47.69799],[-121.98631,47.69873],[-121.98663,47.69939],[-121.98939,47.70142],[-121.99059,47.70126],[-121.99278,47.69964],[-121.99445,47.69969],[-121.99513,47.7008],[-121.99428,47.70289],[-121.99445,47.70398],[-121.99839,47.70541],[-121.99889,47.70636]]]}},{"type":"Feature","properties":{"GEOID":"53033029306","city":"Kent","pct_hispanic":11.319,"pop_total":3640.0,"median_hh_income":117500.0,"pop_density_sqkm":1534.01,"cameras_flock":0,"cameras_flock_nonretail":0,"cameras_alpr_all":0,"road_miles":3.523,"cameras_per_road_mile":0.0,"cameras_per_10k_residents":0.0,"crime_count":null,"crime_data_available":false,"retailer_count":0},"geometry":{"type":"Polygon","coordinates":[[[-122.19709,47.43023],[-122.1758,47.43028],[-122.17603,47.41583],[-122.19704,47.41584],[-122.19709,47.43023]]]}},{"type":"Feature","properties":{"GEOID":"53033024901","city":"Bellevue","pct_hispanic":5.795,"pop_total":4849.0,"median_hh_income":219539.0,"pop_density_sqkm":1603.06,"cameras_flock":0,"cameras_flock_nonretail":0,"cameras_alpr_all":0,"road_miles":3.752,"cameras_per_road_mile":0.0,"cameras_per_10k_residents":0.0,"crime_count":null,"crime_data_available":false,"retailer_count":0},"geometry":{"type":"Polygon","coordinates":[[[-122.1711,47.56482],[-122.16942,47.56822],[-122.1673,47.56842],[-122.16747,47.56713],[-122.16678,47.56692],[-122.16346,47.57133],[-122.16132,47.57066],[-122.15432,47.57187],[-122.15001,47.57036],[-122.14709,47.56977],[-122.14507,47.56981],[-122.144,47.5705],[-122.1413,47.57097],[-122.14277,47.56628],[-122.14295,47.56272],[-122.14493,47.56193],[-122.1479,47.56168],[-122.14907,47.56126],[-122.15002,47.55693],[-122.15131,47.55573],[-122.15389,47.55568],[-122.15527,47.55471],[-122.15716,47.55481],[-122.15645,47.55222],[-122.15803,47.55084],[-122.16015,47.55315],[-122.16319,47.55497],[-122.16509,47.557],[-122.16581,47.55712],[-122.1663,47.55785],[-122.16879,47.55928],[-122.16931,47.56216],[-122.1711,47.56482]]]}},{"type":"Feature","properties":{"GEOID":"53033031800","city":"(unincorporated county)","pct_hispanic":6.435,"pop_total":5190.0,"median_hh_income":139583.0,"pop_density_sqkm":208.379,"cameras_flock":0,"cameras_flock_nonretail":0,"cameras_alpr_all":0,"road_miles":11.38,"cameras_per_road_mile":0.0,"cameras_per_10k_residents":0.0,"crime_count":null,"crime_data_available":false,"retailer_count":0},"geometry":{"type":"Polygon","coordinates":[[[-122.16544,47.38692],[-122.16524,47.41586],[-122.14398,47.41589],[-122.14383,47.43663],[-122.13801,47.43717],[-122.12507,47.43711],[-122.11668,47.43751],[-122.11077,47.42737],[-122.1095,47.42667],[-122.10578,47.42598],[-122.1029,47.42328],[-122.10129,47.42292],[-122.08318,47.42284],[-122.08343,47.42074],[-122.07985,47.41595],[-122.08122,47.41261],[-122.08444,47.41156],[-122.08492,47.41105],[-122.08465,47.41003],[-122.08171,47.40628],[-122.08024,47.40348],[-122.08043,47.38701],[-122.13741,47.38688],[-122.13867,47.38625],[-122.13919,47.3836],[-122.1408,47.38319],[-122.14213,47.38353],[-122.14371,47.38558],[-122.1475,47.38687],[-122.16544,47.38692]]]}},{"type":"Feature","properties":{"GEOID":"53033029602","city":"Auburn","pct_hispanic":16.928,"pop_total":7603.0,"median_hh_income":153819.0,"pop_density_sqkm":1140.646,"cameras_flock":2,"cameras_flock_nonretail":2,"cameras_alpr_all":2,"road_miles":6.122,"cameras_per_road_mile":0.327,"cameras_per_10k_residents":2.631,"crime_count":null,"crime_data_available":false,"retailer_count":0},"geometry":{"type":"Polygon","coordinates":[[[-122.21259,47.33334],[-122.21186,47.33435],[-122.20873,47.33631],[-122.20884,47.33896],[-122.20566,47.34214],[-122.20565,47.34352],[-122.20425,47.34353],[-122.20306,47.34451],[-122.19977,47.34564],[-122.1952,47.34551],[-122.19228,47.34424],[-122.19188,47.34658],[-122.18803,47.34656],[-122.18637,47.34713],[-122.17615,47.34709],[-122.17613,47.35288],[-122.17435,47.35294],[-122.17235,47.35393],[-122.16918,47.35385],[-122.16688,47.35203],[-122.16552,47.35187],[-122.16566,47.333],[-122.16508,47.33131],[-122.16623,47.3297],[-122.19694,47.32989],[-122.19872,47.33088],[-122.20047,47.32993],[-122.20193,47.32829],[-122.20208,47.32666],[-122.20911,47.32854],[-122.21018,47.32746],[-122.21071,47.32769],[-122.21182,47.33],[-122.21259,47.33334]]]}},{"type":"Feature","properties":{"GEOID":"53033024800","city":"Bellevue","pct_hispanic":8.19,"pop_total":6459.0,"median_hh_income":134038.0,"pop_density_sqkm":1713.039,"cameras_flock":0,"cameras_flock_nonretail":0,"cameras_alpr_all":0,"road_miles":7.957,"cameras_per_road_mile":0.0,"cameras_per_10k_residents":0.0,"crime_count":null,"crime_data_available":false,"retailer_count":0},"geometry":{"type":"Polygon","coordinates":[[[-122.17473,47.56623],[-122.17452,47.58025],[-122.13429,47.57837],[-122.13124,47.57764],[-122.11119,47.5705],[-122.11158,47.57005],[-122.11599,47.57088],[-122.12061,47.5723],[-122.12352,47.57233],[-122.12748,47.57303],[-122.12969,47.57266],[-122.13288,47.57043],[-122.13453,47.57],[-122.13647,47.57032],[-122.13833,47.57137],[-122.14033,47.57139],[-122.14595,47.56977],[-122.14831,47.5699],[-122.15432,47.57187],[-122.16132,47.57066],[-122.16321,47.57137],[-122.16394,47.57106],[-122.16678,47.56692],[-122.16747,47.56713],[-122.1673,47.56842],[-122.16942,47.56822],[-122.17067,47.56518],[-122.1713,47.56474],[-122.1725,47.56564],[-122.17473,47.56623]]]}},{"type":"Feature","properties":{"GEOID":"53033025803","city":"Renton","pct_hispanic":28.1,"pop_total":5153.0,"median_hh_income":83284.0,"pop_density_sqkm":3835.553,"cameras_flock":0,"cameras_flock_nonretail":0,"cameras_alpr_all":0,"road_miles":1.491,"cameras_per_road_mile":0.0,"cameras_per_10k_residents":0.0,"crime_count":null,"crime_data_available":false,"retailer_count":0},"geometry":{"type":"Polygon","coordinates":[[[-122.18619,47.44517],[-122.18597,47.45633],[-122.17378,47.45622],[-122.17422,47.45236],[-122.16987,47.45232],[-122.16995,47.45017],[-122.16861,47.45015],[-122.16877,47.44586],[-122.17165,47.44624],[-122.17532,47.44548],[-122.18619,47.44517]]]}},{"type":"Feature","properties":{"GEOID":"53033003000","city":"Seattle","pct_hispanic":4.613,"pop_total":6590.0,"median_hh_income":182500.0,"pop_density_sqkm":4413.196,"cameras_flock":0,"cameras_flock_nonretail":0,"cameras_alpr_all":0,"road_miles":3.471,"cameras_per_road_mile":0.0,"cameras_per_10k_residents":0.0,"crime_count":557.0,"crime_data_available":true,"retailer_count":0},"geometry":{"type":"Polygon","coordinates":[[[-122.38218,47.69059],[-122.36599,47.69065],[-122.36604,47.67955],[-122.38106,47.67952],[-122.38106,47.67996],[-122.38215,47.67995],[-122.38218,47.69059]]]}},{"type":"Feature","properties":{"GEOID":"53033021100","city":"Shoreline","pct_hispanic":4.935,"pop_total":4357.0,"median_hh_income":126563.0,"pop_density_sqkm":1663.156,"cameras_flock":0,"cameras_flock_nonretail":0,"cameras_alpr_all":0,"road_miles":3.636,"cameras_per_road_mile":0.0,"cameras_per_10k_residents":0.0,"crime_count":null,"crime_data_available":false,"retailer_count":0},"geometry":{"type":"Polygon","coordinates":[[[-122.32392,47.74859],[-122.30995,47.74845],[-122.30909,47.74808],[-122.30746,47.74839],[-122.30213,47.74833],[-122.30196,47.73383],[-122.32359,47.73405],[-122.32392,47.74859]]]}},{"type":"Feature","properties":{"GEOID":"53033031904","city":"(unincorporated county)","pct_hispanic":9.506,"pop_total":3524.0,"median_hh_income":134858.0,"pop_density_sqkm":186.352,"cameras_flock":0,"cameras_flock_nonretail":0,"cameras_alpr_all":0,"road_miles":8.433,"cameras_per_road_mile":0.0,"cameras_per_10k_residents":0.0,"crime_count":null,"crime_data_available":false,"retailer_count":0},"geometry":{"type":"Polygon","coordinates":[[[-122.10508,47.46802],[-122.10355,47.46934],[-122.10186,47.46939],[-122.10153,47.47014],[-122.10055,47.46979],[-122.09875,47.47054],[-122.09653,47.47051],[-122.09789,47.47257],[-122.09748,47.47328],[-122.09743,47.47897],[-122.09832,47.48034],[-122.09564,47.4804],[-122.09561,47.48152],[-122.09338,47.48158],[-122.09327,47.48259],[-122.09195,47.48265],[-122.09321,47.48489],[-122.0953,47.4864],[-122.09551,47.48758],[-122.08935,47.4876],[-122.08198,47.48377],[-122.079,47.48308],[-122.07784,47.48344],[-122.07451,47.48746],[-122.06687,47.48345],[-122.05808,47.48059],[-122.04681,47.48049],[-122.04166,47.47935],[-122.03781,47.47921],[-122.0365,47.47962],[-122.03552,47.48083],[-122.03366,47.48186],[-122.03355,47.48065],[-122.03436,47.4797],[-122.03332,47.47854],[-122.0346,47.47739],[-122.0333,47.47689],[-122.0331,47.47612],[-122.0343,47.47636],[-122.03503,47.47609],[-122.03461,47.47463],[-122.03517,47.47433],[-122.03522,47.47194],[-122.03394,47.47134],[-122.03318,47.46853],[-122.03141,47.46643],[-122.02813,47.46612],[-122.02748,47.4652],[-122.02689,47.46506],[-122.02694,47.46306],[-122.02609,47.4624],[-122.0254,47.46255],[-122.02612,47.46089],[-122.02631,47.45754],[-122.03108,47.45202],[-122.03463,47.44866],[-122.04753,47.44472],[-122.0544,47.44113],[-122.0575,47.44081],[-122.05945,47.44008],[-122.06256,47.44065],[-122.06672,47.43822],[-122.07091,47.44125],[-122.0725,47.44306],[-122.07338,47.44508],[-122.07455,47.45154],[-122.0774,47.45447],[-122.08115,47.46012],[-122.08383,47.46124],[-122.10476,47.46304],[-122.10393,47.46352],[-122.10198,47.46326],[-122.10285,47.46414],[-122.10269,47.46521],[-122.10464,47.46583],[-122.10479,47.46618],[-122.10371,47.46731],[-122.10508,47.46802]]]}},{"type":"Feature","properties":{"GEOID":"53033024200","city":"Medina","pct_hispanic":0.307,"pop_total":2928.0,"median_hh_income":250001.0,"pop_density_sqkm":790.354,"cameras_flock":7,"cameras_flock_nonretail":7,"cameras_alpr_all":13,"road_miles":5.503,"cameras_per_road_mile":1.272,"cameras_per_10k_residents":23.907,"crime_count":null,"crime_data_available":false,"retailer_count":0},"geometry":{"type":"Polygon","coordinates":[[[-122.26272,47.62115],[-122.26109,47.62869],[-122.2591,47.64264],[-122.25691,47.64723],[-122.25335,47.65141],[-122.24955,47.65424],[-122.23792,47.65946],[-122.23394,47.66195],[-122.23068,47.66515],[-122.22968,47.66868],[-122.20924,47.66672],[-122.21209,47.65746],[-122.21843,47.65746],[-122.22617,47.65573],[-122.23158,47.65329],[-122.23513,47.65016],[-122.2327,47.64138],[-122.23328,47.63559],[-122.22787,47.63553],[-122.228,47.62103],[-122.22429,47.62085],[-122.22179,47.61922],[-122.2214,47.61854],[-122.22249,47.61838],[-122.22272,47.61716],[-122.22115,47.61716],[-122.22002,47.61651],[-122.22044,47.61447],[-122.22043,47.59682],[-122.22833,47.60452],[-122.23313,47.60652],[-122.24673,47.60902],[-122.26365,47.61312],[-122.26272,47.62115]]]}},{"type":"Feature","properties":{"GEOID":"53033026600","city":"(unincorporated county)","pct_hispanic":20.309,"pop_total":2201.0,"median_hh_income":116250.0,"pop_density_sqkm":1896.773,"cameras_flock":0,"cameras_flock_nonretail":0,"cameras_alpr_all":0,"road_miles":2.464,"cameras_per_road_mile":0.0,"cameras_per_10k_residents":0.0,"crime_count":null,"crime_data_available":false,"retailer_count":0},"geometry":{"type":"Polygon","coordinates":[[[-122.3714,47.51742],[-122.36054,47.51736],[-122.3605,47.51553],[-122.35856,47.51553],[-122.35856,47.51735],[-122.35517,47.51738],[-122.3551,47.50856],[-122.36582,47.50858],[-122.36582,47.50821],[-122.37088,47.5082],[-122.3714,47.51742]]]}},{"type":"Feature","properties":{"GEOID":"53033032207","city":"Sammamish","pct_hispanic":4.405,"pop_total":3723.0,"median_hh_income":220430.0,"pop_density_sqkm":802.505,"cameras_flock":1,"cameras_flock_nonretail":1,"cameras_alpr_all":1,"road_miles":5.247,"cameras_per_road_mile":0.191,"cameras_per_10k_residents":2.686,"crime_count":null,"crime_data_available":false,"retailer_count":0},"geometry":{"type":"Polygon","coordinates":[[[-122.08021,47.57561],[-122.07655,47.57781],[-122.07686,47.57941],[-122.07538,47.58006],[-122.07704,47.58112],[-122.08096,47.58221],[-122.08102,47.58334],[-122.07924,47.58426],[-122.07859,47.58513],[-122.07767,47.58809],[-122.07521,47.58835],[-122.07455,47.58882],[-122.05684,47.5884],[-122.05685,47.59197],[-122.03546,47.59174],[-122.03555,47.58097],[-122.04632,47.58102],[-122.04636,47.58018],[-122.04435,47.58005],[-122.04439,47.57853],[-122.04734,47.57828],[-122.04733,47.57703],[-122.04816,47.57626],[-122.04914,47.57673],[-122.05051,47.5766],[-122.05092,47.57883],[-122.05349,47.5788],[-122.05371,47.57765],[-122.05703,47.57832],[-122.05714,47.57698],[-122.05814,47.57622],[-122.05997,47.5757],[-122.06017,47.57527],[-122.06009,47.57475],[-122.05813,47.57311],[-122.05976,47.57282],[-122.06104,47.57193],[-122.0642,47.57095],[-122.06422,47.57],[-122.06104,47.56905],[-122.05734,47.56846],[-122.05734,47.56553],[-122.0719,47.56561],[-122.07698,47.57116],[-122.08227,47.57522],[-122.08021,47.57561]]]}},{"type":"Feature","properties":{"GEOID":"53033031204","city":"(unincorporated county)","pct_hispanic":9.052,"pop_total":6109.0,"median_hh_income":141250.0,"pop_density_sqkm":165.655,"cameras_flock":0,"cameras_flock_nonretail":0,"cameras_alpr_all":0,"road_miles":25.039,"cameras_per_road_mile":0.0,"cameras_per_10k_residents":0.0,"crime_count":null,"crime_data_available":false,"retailer_count":0},"geometry":{"type":"Polygon","coordinates":[[[-122.17693,47.3031],[-122.17452,47.30558],[-122.17161,47.30958],[-122.16698,47.3175],[-122.16133,47.32379],[-122.15872,47.32983],[-122.15592,47.33237],[-122.15153,47.33443],[-122.14958,47.33603],[-122.14825,47.33789],[-122.1458,47.34353],[-122.13943,47.34353],[-122.13864,47.34279],[-122.13871,47.34428],[-122.13796,47.34355],[-122.13577,47.3436],[-122.13491,47.34394],[-122.12384,47.33634],[-122.12259,47.33498],[-122.12144,47.33226],[-122.11994,47.33087],[-122.08752,47.307],[-122.08679,47.3058],[-122.08638,47.30104],[-122.08247,47.29781],[-122.05881,47.29756],[-122.05737,47.29806],[-122.05217,47.30142],[-122.05071,47.29976],[-122.05053,47.29795],[-122.05122,47.29664],[-122.05361,47.29468],[-122.05401,47.29381],[-122.05112,47.2901],[-122.05087,47.28715],[-122.05195,47.28514],[-122.05483,47.28226],[-122.0595,47.28345],[-122.06107,47.28514],[-122.06371,47.28572],[-122.06919,47.28523],[-122.07354,47.28332],[-122.07676,47.28345],[-122.08243,47.28476],[-122.08455,47.28472],[-122.08687,47.28412],[-122.08779,47.28304],[-122.08805,47.28153],[-122.08723,47.27954],[-122.08808,47.27855],[-122.08972,47.27869],[-122.09232,47.28033],[-122.09584,47.27975],[-122.0973,47.27906],[-122.09707,47.27741],[-122.09841,47.27655],[-122.09976,47.27719],[-122.1011,47.27712],[-122.10372,47.27845],[-122.10545,47.27842],[-122.1063,47.27754],[-122.10476,47.27645],[-122.10573,47.27562],[-122.10664,47.27544],[-122.11041,47.2761],[-122.11805,47.27477],[-122.1233,47.27717],[-122.1255,47.27699],[-122.12703,47.27752],[-122.13132,47.27533],[-122.13325,47.27684],[-122.13486,47.2801],[-122.13817,47.28205],[-122.13964,47.28428],[-122.14061,47.28439],[-122.1414,47.28353],[-122.14238,47.28337],[-122.14451,47.28406],[-122.15145,47.28528],[-122.15909,47.28744],[-122.16355,47.29156],[-122.16431,47.29355],[-122.16783,47.29373],[-122.16967,47.29476],[-122.17113,47.29632],[-122.17245,47.29953],[-122.17693,47.3031]]]}},{"type":"Feature","properties":{"GEOID":"53033022702","city":"Kirkland","pct_hispanic":7.129,"pop_total":4194.0,"median_hh_income":236797.0,"pop_density_sqkm":1706.562,"cameras_flock":1,"cameras_flock_nonretail":1,"cameras_alpr_all":1,"road_miles":2.261,"cameras_per_road_mile":0.442,"cameras_per_10k_residents":2.384,"crime_count":null,"crime_data_available":false,"retailer_count":0},"geometry":{"type":"Polygon","coordinates":[[[-122.20294,47.65922],[-122.19962,47.66677],[-122.19487,47.66672],[-122.19334,47.66626],[-122.19155,47.66642],[-122.1897,47.66756],[-122.18831,47.66918],[-122.18721,47.6696],[-122.18716,47.64643],[-122.1963,47.64643],[-122.19629,47.64543],[-122.19927,47.64753],[-122.2004,47.64908],[-122.20208,47.65331],[-122.20294,47.65922]]]}},{"type":"Feature","properties":{"GEOID":"53033031601","city":"(unincorporated county)","pct_hispanic":12.565,"pop_total":5961.0,"median_hh_income":130739.0,"pop_density_sqkm":406.352,"cameras_flock":0,"cameras_flock_nonretail":0,"cameras_alpr_all":0,"road_miles":4.446,"cameras_per_road_mile":0.0,"cameras_per_10k_residents":0.0,"crime_count":null,"crime_data_available":false,"retailer_count":0},"geometry":{"type":"Polygon","coordinates":[[[-122.1294,47.34015],[-122.1232,47.34017],[-122.12253,47.34408],[-122.11525,47.34839],[-122.11421,47.34755],[-122.11116,47.34849],[-122.10823,47.34744],[-122.1029,47.34359],[-122.1001,47.34357],[-122.09869,47.34199],[-122.08992,47.34156],[-122.08514,47.34274],[-122.07858,47.34349],[-122.071,47.34287],[-122.06833,47.34223],[-122.05873,47.34178],[-122.0539,47.34059],[-122.05313,47.33792],[-122.05207,47.33682],[-122.04733,47.33665],[-122.04582,47.33589],[-122.04723,47.33612],[-122.04902,47.33568],[-122.0496,47.33444],[-122.04909,47.33235],[-122.04948,47.33078],[-122.05223,47.32908],[-122.05398,47.32646],[-122.05594,47.32581],[-122.06011,47.32575],[-122.06357,47.32666],[-122.06555,47.32636],[-122.06658,47.32582],[-122.06777,47.32382],[-122.06808,47.32059],[-122.06951,47.31943],[-122.06793,47.31802],[-122.06792,47.31689],[-122.06973,47.31632],[-122.07827,47.30859],[-122.08007,47.3072],[-122.08175,47.30661],[-122.08254,47.30532],[-122.08443,47.30468],[-122.08668,47.30447],[-122.08685,47.30601],[-122.08752,47.307],[-122.12052,47.33134],[-122.12167,47.33263],[-122.123,47.33557],[-122.1294,47.34015]]]}},{"type":"Feature","properties":{"GEOID":"53033011102","city":"Seattle","pct_hispanic":11.312,"pop_total":5525.0,"median_hh_income":120895.0,"pop_density_sqkm":4239.48,"cameras_flock":0,"cameras_flock_nonretail":0,"cameras_alpr_all":0,"road_miles":1.824,"cameras_per_road_mile":0.0,"cameras_per_10k_residents":0.0,"crime_count":320.0,"crime_data_available":true,"retailer_count":0},"geometry":{"type":"Polygon","coordinates":[[[-122.27599,47.54603],[-122.26373,47.54605],[-122.26408,47.54454],[-122.26179,47.54654],[-122.2618,47.54494],[-122.25742,47.54492],[-122.24339,47.54797],[-122.24675,47.54439],[-122.25122,47.5413],[-122.25302,47.53952],[-122.25468,47.53637],[-122.2547,47.53218],[-122.26232,47.53173],[-122.27272,47.53156],[-122.27264,47.53695],[-122.27028,47.53696],[-122.27094,47.5398],[-122.27451,47.5449],[-122.27599,47.54603]]]}},{"type":"Feature","properties":{"GEOID":"53033032316","city":"Sammamish","pct_hispanic":6.744,"pop_total":5546.0,"median_hh_income":250001.0,"pop_density_sqkm":889.449,"cameras_flock":0,"cameras_flock_nonretail":0,"cameras_alpr_all":0,"road_miles":7.707,"cameras_per_road_mile":0.0,"cameras_per_10k_residents":0.0,"crime_count":null,"crime_data_available":false,"retailer_count":0},"geometry":{"type":"Polygon","coordinates":[[[-122.09815,47.64838],[-122.09248,47.65347],[-122.09109,47.65391],[-122.08925,47.65667],[-122.08816,47.65749],[-122.0749,47.65511],[-122.07303,47.65527],[-122.06836,47.65658],[-122.06264,47.65649],[-122.06258,47.65431],[-122.06193,47.65323],[-122.05596,47.64962],[-122.05659,47.6443],[-122.05536,47.64229],[-122.057,47.64226],[-122.05746,47.64174],[-122.06112,47.64131],[-122.06182,47.64083],[-122.06195,47.63725],[-122.06288,47.63613],[-122.06196,47.63487],[-122.06182,47.63005],[-122.0589,47.62795],[-122.05571,47.62796],[-122.05449,47.62866],[-122.05297,47.62888],[-122.0517,47.62729],[-122.05175,47.62376],[-122.05705,47.62376],[-122.05717,47.6176],[-122.05967,47.61949],[-122.06342,47.6209],[-122.06645,47.62129],[-122.06945,47.62237],[-122.0676,47.61795],[-122.06786,47.61522],[-122.08197,47.61748],[-122.08091,47.61852],[-122.07931,47.62303],[-122.07952,47.63054],[-122.08071,47.6337],[-122.08425,47.63797],[-122.09352,47.64449],[-122.09815,47.64838]]]}},{"type":"Feature","properties":{"GEOID":"53033002700","city":"Seattle","pct_hispanic":6.441,"pop_total":6008.0,"median_hh_income":212544.0,"pop_density_sqkm":3790.902,"cameras_flock":0,"cameras_flock_nonretail":0,"cameras_alpr_all":0,"road_miles":5.408,"cameras_per_road_mile":0.0,"cameras_per_10k_residents":0.0,"crime_count":368.0,"crime_data_available":true,"retailer_count":0},"geometry":{"type":"Polygon","coordinates":[[[-122.34445,47.68124],[-122.34446,47.69056],[-122.31762,47.69037],[-122.31749,47.68306],[-122.32062,47.68321],[-122.32293,47.68507],[-122.3229,47.68316],[-122.32935,47.68325],[-122.32959,47.68264],[-122.33222,47.68264],[-122.33381,47.68323],[-122.33606,47.68534],[-122.3378,47.68565],[-122.33915,47.68507],[-122.34083,47.68256],[-122.34445,47.68124]]]}},{"type":"Feature","properties":{"GEOID":"53033031502","city":"(unincorporated county)","pct_hispanic":7.594,"pop_total":5386.0,"median_hh_income":113345.0,"pop_density_sqkm":5.25,"cameras_flock":2,"cameras_flock_nonretail":2,"cameras_alpr_all":2,"road_miles":29.01,"cameras_per_road_mile":0.069,"cameras_per_10k_residents":3.713,"crime_count":null,"crime_data_available":false,"retailer_count":0},"geometry":{"type":"Polygon","coordinates":[[[-121.99464,47.1728],[-121.99452,47.1775],[-121.98418,47.17765],[-121.98426,47.19945],[-121.9637,47.19934],[-121.96306,47.21382],[-121.98963,47.21387],[-121.98969,47.2428],[-121.98228,47.24282],[-121.98007,47.24323],[-121.9783,47.2442],[-121.97223,47.24909],[-121.97058,47.2497],[-121.9523,47.24972],[-121.94188,47.25946],[-121.93954,47.26413],[-121.9337,47.27067],[-121.92862,47.28002],[-121.9224,47.28565],[-121.9179,47.28674],[-121.91479,47.2881],[-121.91373,47.28898],[-121.91067,47.28984],[-121.90975,47.28978],[-121.9089,47.28877],[-121.90692,47.28849],[-121.90503,47.28721],[-121.90384,47.28516],[-121.90141,47.28299],[-121.89997,47.28244],[-121.89688,47.27918],[-121.89504,47.27841],[-121.89385,47.27732],[-121.89594,47.27512],[-121.89516,47.27428],[-121.89576,47.27311],[-121.89223,47.2732],[-121.88953,47.26943],[-121.88481,47.26616],[-121.88447,47.26638],[-121.88491,47.26837],[-121.88421,47.26903],[-121.88294,47.26925],[-121.88123,47.26835],[-121.88175,47.26756],[-121.88171,47.26626],[-121.87995,47.26446],[-121.88159,47.26353],[-121.88172,47.26226],[-121.88036,47.26118],[-121.87837,47.25851],[-121.87611,47.25737],[-121.87486,47.25763],[-121.87403,47.25869],[-121.87463,47.26059],[-121.87325,47.26096],[-121.87107,47.26053],[-121.86956,47.25976],[-121.86841,47.25993],[-121.86592,47.25939],[-121.8654,47.25831],[-121.86466,47.25821],[-121.86422,47.25743],[-121.86113,47.2575],[-121.85979,47.25621],[-121.85901,47.25638],[-121.85793,47.25743],[-121.85498,47.25701],[-121.85257,47.25833],[-121.85245,47.2601],[-121.85301,47.26112],[-121.85247,47.26181],[-121.84875,47.26222],[-121.84637,47.2621],[-121.84542,47.26262],[-121.84319,47.26302],[-121.84186,47.26379],[-121.83877,47.26298],[-121.8387,47.26121],[-121.83959,47.26008],[-121.84135,47.25985],[-121.84159,47.25883],[-121.84226,47.25849],[-121.84039,47.25892],[-121.83991,47.25971],[-121.83891,47.25962],[-121.83645,47.2617],[-121.83587,47.2635],[-121.83305,47.2671],[-121.83221,47.27082],[-121.8314,47.27119],[-121.82798,47.27047],[-121.82587,47.27178],[-121.82553,47.27311],[-121.82677,47.27373],[-121.82699,47.27502],[-121.82798,47.27584],[-121.82703,47.27655],[-121.82554,47.27684],[-121.82421,47.2776],[-121.82385,47.27828],[-121.82131,47.27945],[-121.81882,47.27893],[-121.81825,47.27956],[-121.81831,47.28085],[-121.81646,47.279],[-121.82014,47.27813],[-121.81865,47.27818],[-121.81687,47.27743],[-121.81455,47.2783],[-121.81371,47.27929],[-121.81256,47.27962],[-121.81231,47.28017],[-121.81285,47.2809],[-121.81151,47.27997],[-121.81267,47.27783],[-121.81402,47.27744],[-121.81625,47.27574],[-121.81499,47.27588],[-121.81324,47.27678],[-121.81186,47.2768],[-121.81131,47.27782],[-121.80935,47.27832],[-121.8092,47.27967],[-121.80992,47.28077],[-121.80865,47.28002],[-121.80845,47.27831],[-121.81009,47.27752],[-121.80972,47.27602],[-121.81141,47.27547],[-121.81189,47.27497],[-121.80898,47.2748],[-121.80792,47.27516],[-121.80675,47.27628],[-121.80311,47.27686],[-121.80228,47.27835],[-121.80067,47.27879],[-121.79976,47.27994],[-121.80095,47.28141],[-121.8027,47.28232],[-121.80435,47.28549],[-121.80633,47.28641],[-121.80604,47.2872],[-121.80642,47.28843],[-121.80383,47.2881],[-121.80081,47.28496],[-121.79858,47.28336],[-121.79643,47.28249],[-121.79463,47.2825],[-121.79177,47.28338],[-121.7898,47.28282],[-121.78674,47.2773],[-121.78416,47.27735],[-121.77548,47.27437],[-121.77104,47.27491],[-121.76749,47.27614],[-121.76443,47.27939],[-121.76393,47.28373],[-121.76235,47.28499],[-121.76216,47.28737],[-121.76451,47.29006],[-121.76529,47.29216],[-121.76662,47.29344],[-121.76769,47.29336],[-121.76893,47.29449],[-121.76908,47.29567],[-121.77014,47.2962],[-121.77099,47.29731],[-121.77084,47.29833],[-121.77298,47.29887],[-121.77274,47.29992],[-121.77338,47.30047],[-121.77339,47.30253],[-121.77425,47.30249],[-121.77642,47.30874],[-121.78002,47.31159],[-121.79116,47.31875],[-121.79874,47.32866],[-121.8005,47.33012],[-121.80165,47.33098],[-121.80657,47.33292],[-121.80759,47.33659],[-121.80745,47.33964],[-121.80929,47.34545],[-121.80931,47.34706],[-121.80845,47.34977],[-121.80698,47.35177],[-121.80747,47.35619],[-121.80942,47.35817],[-121.80904,47.35896],[-121.81483,47.36197],[-121.81883,47.36286],[-121.82421,47.36677],[-121.82462,47.36731],[-121.82453,47.36922],[-121.82541,47.36966],[-121.8254,47.37205],[-121.82703,47.37344],[-121.82875,47.37326],[-121.83655,47.3746],[-121.83783,47.37518],[-121.83846,47.37638],[-121.8381,47.37755],[-121.83975,47.37794],[-121.8404,47.37853],[-121.84015,47.38064],[-121.84055,47.38159],[-121.842,47.38273],[-121.8418,47.38383],[-121.84519,47.38428],[-121.8463,47.38645],[-121.84816,47.38708],[-121.84844,47.3891],[-121.85036,47.38914],[-121.85228,47.39007],[-121.85334,47.39109],[-121.85036,47.39287],[-121.84688,47.39388],[-121.84424,47.39543],[-121.84183,47.39817],[-121.8409,47.40003],[-121.8387,47.40144],[-121.836,47.40208],[-121.83297,47.40432],[-121.82874,47.40659],[-121.82532,47.40756],[-121.82232,47.40956],[-121.81711,47.41159],[-121.81128,47.41075],[-121.80744,47.41098],[-121.79982,47.41225],[-121.79607,47.41414],[-121.79293,47.41443],[-121.79036,47.41554],[-121.78682,47.41986],[-121.78554,47.42016],[-121.78312,47.41972],[-121.78121,47.4187],[-121.78005,47.41856],[-121.77778,47.41715],[-121.77671,47.41706],[-121.77628,47.41585],[-121.77543,47.41551],[-121.77372,47.41633],[-121.77189,47.41818],[-121.76746,47.41934],[-121.76476,47.41652],[-121.75835,47.41299],[-121.75764,47.41331],[-121.75602,47.41281],[-121.75455,47.4131],[-121.75422,47.41239],[-121.75236,47.41166],[-121.75112,47.41193],[-121.7482,47.41108],[-121.74111,47.41114],[-121.73835,47.41147],[-121.73668,47.41045],[-121.73356,47.4107],[-121.72908,47.41188],[-121.72797,47.40976],[-121.72316,47.40919],[-121.72248,47.40875],[-121.72059,47.40607],[-121.71563,47.39553],[-121.70069,47.38669],[-121.67452,47.38126],[-121.6606,47.37713],[-121.65236,47.37373],[-121.65181,47.37278],[-121.65093,47.37246],[-121.64784,47.3723],[-121.64609,47.37175],[-121.6441,47.37189],[-121.64343,47.37107],[-121.64246,47.37082],[-121.63872,47.37116],[-121.63691,47.37246],[-121.63542,47.37264],[-121.63452,47.37244],[-121.63421,47.37182],[-121.62581,47.36999],[-121.6249,47.36953],[-121.62506,47.36778],[-121.62353,47.36736],[-121.62186,47.3659],[-121.6218,47.36549],[-121.62368,47.36478],[-121.62405,47.36279],[-121.62398,47.36178],[-121.62159,47.35966],[-121.62068,47.35946],[-121.61964,47.35984],[-121.61782,47.35836],[-121.61553,47.3582],[-121.61436,47.3585],[-121.61247,47.35804],[-121.61106,47.35839],[-121.60938,47.35779],[-121.60676,47.3588],[-121.60581,47.35836],[-121.6046,47.35695],[-121.59952,47.35793],[-121.59532,47.35693],[-121.59414,47.35494],[-121.59239,47.35387],[-121.5933,47.35218],[-121.59303,47.35192],[-121.59125,47.35099],[-121.58761,47.35055],[-121.58405,47.34898],[-121.57891,47.34841],[-121.57585,47.34905],[-121.57127,47.34864],[-121.56936,47.34898],[-121.56515,47.34836],[-121.56179,47.34919],[-121.5588,47.3477],[-121.55692,47.34754],[-121.55473,47.34537],[-121.55355,47.34519],[-121.55157,47.34567],[-121.55046,47.34526],[-121.54969,47.34464],[-121.55056,47.34297],[-121.54789,47.34125],[-121.54831,47.33838],[-121.54418,47.33591],[-121.54183,47.3323],[-121.54109,47.33013],[-121.53931,47.32839],[-121.53857,47.3269],[-121.53527,47.3253],[-121.5343,47.32325],[-121.53103,47.32122],[-121.53027,47.31858],[-121.52768,47.3163],[-121.52113,47.31328],[-121.51773,47.31364],[-121.51064,47.31643],[-121.50843,47.3167],[-121.50674,47.31633],[-121.50546,47.31684],[-121.49726,47.31761],[-121.49106,47.31867],[-121.48789,47.31965],[-121.48352,47.32034],[-121.48175,47.32132],[-121.47732,47.32215],[-121.47339,47.32382],[-121.47154,47.32384],[-121.47056,47.3243],[-121.46788,47.32467],[-121.46613,47.32463],[-121.46521,47.32499],[-121.46078,47.32461],[-121.45884,47.32389],[-121.45813,47.32325],[-121.45511,47.32237],[-121.45305,47.322],[-121.45154,47.32238],[-121.44968,47.32358],[-121.44974,47.32453],[-121.45149,47.32558],[-121.44997,47.32705],[-121.44443,47.3306],[-121.44057,47.33246],[-121.43644,47.33371],[-121.43668,47.33518],[-121.43945,47.33581],[-121.44166,47.33574],[-121.44293,47.33639],[-121.44258,47.33703],[-121.44332,47.33743],[-121.44311,47.33871],[-121.43679,47.34096],[-121.433,47.33791],[-121.43058,47.33462],[-121.43049,47.33313],[-121.43143,47.33132],[-121.43157,47.32983],[-121.43546,47.32895],[-121.43674,47.32783],[-121.43735,47.32549],[-121.4388,47.32437],[-121.43994,47.32224],[-121.43957,47.31993],[-121.43846,47.31754],[-121.44087,47.316],[-121.44162,47.31437],[-121.44507,47.31075],[-121.44532,47.30975],[-121.44448,47.30836],[-121.44361,47.3079],[-121.44053,47.3069],[-121.43621,47.30693],[-121.4346,47.30543],[-121.43268,47.30495],[-121.43207,47.29892],[-121.43067,47.29644],[-121.43098,47.29551],[-121.43285,47.29383],[-121.43225,47.29296],[-121.43022,47.29203],[-121.42727,47.28893],[-121.42558,47.28835],[-121.4225,47.28805],[-121.42103,47.28696],[-121.41942,47.28673],[-121.41913,47.29084],[-121.41711,47.29329],[-121.4163,47.2935],[-121.41445,47.29286],[-121.41193,47.29009],[-121.40978,47.28922],[-121.40854,47.2892],[-121.40753,47.28966],[-121.40634,47.28904],[-121.40334,47.28847],[-121.39825,47.28889],[-121.3942,47.28877],[-121.39231,47.28692],[-121.39056,47.28604],[-121.38715,47.28601],[-121.38458,47.28508],[-121.3825,47.28591],[-121.38107,47.28584],[-121.3788,47.28633],[-121.3726,47.28497],[-121.3699,47.28559],[-121.36934,47.28668],[-121.37077,47.28832],[-121.36929,47.28902],[-121.36699,47.29093],[-121.36178,47.29193],[-121.36037,47.29084],[-121.36053,47.28642],[-121.35968,47.28553],[-121.35417,47.28383],[-121.35133,47.2846],[-121.34973,47.28313],[-121.3437,47.28265],[-121.34201,47.28205],[-121.3412,47.28126],[-121.34132,47.27798],[-121.33835,47.27597],[-121.33925,47.27336],[-121.33817,47.27026],[-121.33875,47.26832],[-121.33767,47.26737],[-121.3372,47.26509],[-121.33542,47.26354],[-121.33589,47.26063],[-121.33194,47.25877],[-121.33198,47.25742],[-121.33403,47.25421],[-121.3366,47.25368],[-121.33755,47.2529],[-121.33812,47.25021],[-121.33983,47.24715],[-121.34208,47.24723],[-121.34655,47.24643],[-121.35058,47.24424],[-121.3525,47.24229],[-121.35596,47.24194],[-121.36075,47.24053],[-121.35914,47.23895],[-121.35849,47.23757],[-121.35888,47.23614],[-121.35837,47.23442],[-121.36557,47.22698],[-121.36513,47.22449],[-121.3617,47.22374],[-121.35965,47.22287],[-121.35577,47.22213],[-121.35389,47.22056],[-121.35102,47.2206],[-121.35004,47.2199],[-121.34848,47.21968],[-121.34595,47.21863],[-121.34047,47.21848],[-121.33848,47.21806],[-121.33523,47.21918],[-121.32825,47.21707],[-121.32511,47.21605],[-121.32401,47.21482],[-121.32108,47.21295],[-121.317,47.21187],[-121.31417,47.20883],[-121.31299,47.20809],[-121.3112,47.20766],[-121.31163,47.20557],[-121.3097,47.20444],[-121.30912,47.20298],[-121.31057,47.20059],[-121.31176,47.19968],[-121.30838,47.19612],[-121.30647,47.19276],[-121.30612,47.18802],[-121.30824,47.18584],[-121.30996,47.18526],[-121.31012,47.18243],[-121.31185,47.17954],[-121.31304,47.17836],[-121.31499,47.17728],[-121.31751,47.17466],[-121.31777,47.17298],[-121.31644,47.17152],[-121.3135,47.16594],[-121.3119,47.16404],[-121.31064,47.16327],[-121.30601,47.162],[-121.30186,47.15615],[-121.30112,47.15387],[-121.29936,47.1518],[-121.29933,47.14985],[-121.29755,47.14867],[-121.29958,47.14738],[-121.30124,47.14519],[-121.3022,47.14135],[-121.30341,47.13889],[-121.30846,47.13662],[-121.31154,47.13603],[-121.31553,47.13384],[-121.32076,47.13529],[-121.32592,47.1336],[-121.33219,47.13332],[-121.3351,47.13268],[-121.33767,47.13487],[-121.3399,47.1357],[-121.34311,47.1359],[-121.34458,47.13717],[-121.34778,47.13801],[-121.34974,47.1376],[-121.3539,47.14054],[-121.3576,47.13999],[-121.36251,47.1415],[-121.36468,47.14176],[-121.36821,47.13959],[-121.37656,47.13749],[-121.38132,47.13726],[-121.38858,47.13354],[-121.39397,47.13276],[-121.39487,47.12867],[-121.39915,47.12657],[-121.39969,47.12596],[-121.39972,47.12454],[-121.40134,47.12294],[-121.4027,47.12177],[-121.40544,47.12128],[-121.40624,47.12072],[-121.40808,47.1181],[-121.40695,47.11654],[-121.4061,47.11203],[-121.40473,47.11053],[-121.40432,47.10864],[-121.40329,47.10767],[-121.40281,47.10644],[-121.39954,47.10515],[-121.39906,47.1046],[-121.39985,47.10273],[-121.39976,47.10172],[-121.40183,47.10045],[-121.4028,47.09945],[-121.40291,47.09858],[-121.40253,47.09801],[-121.40033,47.09726],[-121.39856,47.09592],[-121.39567,47.09485],[-121.39377,47.09243],[-121.393,47.09202],[-121.39105,47.09212],[-121.38884,47.09334],[-121.38712,47.09373],[-121.3869,47.09434],[-121.38341,47.09507],[-121.38277,47.09477],[-121.38201,47.09275],[-121.38046,47.091],[-121.37897,47.0901],[-121.37689,47.08987],[-121.37677,47.0887],[-121.37929,47.08784],[-121.37996,47.08725],[-121.38231,47.08825],[-121.38664,47.08727],[-121.39227,47.08888],[-121.40015,47.08906],[-121.40279,47.08837],[-121.40666,47.08859],[-121.41197,47.0907],[-121.41647,47.0896],[-121.41739,47.08839],[-121.41803,47.08822],[-121.42191,47.08806],[-121.42398,47.08732],[-121.42824,47.08735],[-121.43494,47.0857],[-121.43834,47.0855],[-121.4409,47.08435],[-121.44708,47.08604],[-121.44743,47.08702],[-121.4481,47.08701],[-121.44987,47.08841],[-121.45474,47.08935],[-121.45658,47.09101],[-121.45762,47.0912],[-121.45767,47.09198],[-121.45855,47.09267],[-121.46059,47.09317],[-121.46383,47.09468],[-121.46607,47.09612],[-121.4682,47.09849],[-121.47188,47.09974],[-121.47393,47.10237],[-121.47603,47.10366],[-121.47618,47.10582],[-121.47802,47.10799],[-121.47994,47.10848],[-121.48068,47.11064],[-121.48185,47.111],[-121.48333,47.11091],[-121.48571,47.11197],[-121.48734,47.1136],[-121.48786,47.11495],[-121.49056,47.11677],[-121.49205,47.1168],[-121.49321,47.1159],[-121.49767,47.11658],[-121.49965,47.11828],[-121.50374,47.11865],[-121.50465,47.11792],[-121.50526,47.11798],[-121.50685,47.11883],[-121.50653,47.12014],[-121.50975,47.1225],[-121.51372,47.12297],[-121.51593,47.12156],[-121.51717,47.12242],[-121.52335,47.12394],[-121.52778,47.124],[-121.53151,47.12458],[-121.53588,47.12255],[-121.53804,47.12293],[-121.54128,47.12229],[-121.54328,47.12316],[-121.54546,47.12272],[-121.54683,47.12315],[-121.55123,47.12292],[-121.55454,47.12234],[-121.55524,47.12173],[-121.56036,47.11954],[-121.56271,47.12007],[-121.56591,47.11924],[-121.56721,47.11961],[-121.57043,47.11919],[-121.57314,47.12023],[-121.57491,47.11997],[-121.57604,47.12017],[-121.57718,47.11942],[-121.57951,47.11954],[-121.58167,47.11865],[-121.58571,47.11938],[-121.58737,47.12024],[-121.58911,47.12023],[-121.59041,47.12125],[-121.59329,47.12166],[-121.59446,47.12223],[-121.5952,47.12526],[-121.59722,47.12591],[-121.59845,47.12743],[-121.59868,47.12863],[-121.60065,47.12994],[-121.60099,47.13165],[-121.60579,47.1349],[-121.60624,47.13742],[-121.60965,47.13838],[-121.60977,47.13965],[-121.6113,47.14139],[-121.61147,47.14299],[-121.61328,47.1435],[-121.61521,47.14354],[-121.61761,47.14468],[-121.61802,47.14529],[-121.61723,47.14649],[-121.62105,47.14781],[-121.62079,47.1494],[-121.62339,47.14995],[-121.62436,47.15127],[-121.62637,47.15168],[-121.62706,47.15239],[-121.62831,47.152],[-121.62953,47.15343],[-121.63099,47.15351],[-121.63234,47.15312],[-121.6336,47.1535],[-121.63541,47.15319],[-121.63755,47.15331],[-121.63949,47.15447],[-121.64382,47.15559],[-121.64617,47.15556],[-121.64717,47.15503],[-121.64852,47.15493],[-121.65371,47.15715],[-121.65585,47.15861],[-121.6582,47.15838],[-121.66141,47.15996],[-121.66452,47.15956],[-121.66865,47.15587],[-121.67106,47.15528],[-121.67499,47.15493],[-121.68079,47.15257],[-121.68304,47.1503],[-121.68417,47.14979],[-121.68825,47.14956],[-121.6971,47.15146],[-121.70209,47.15125],[-121.70507,47.152],[-121.71719,47.15148],[-121.71914,47.15112],[-121.72132,47.15188],[-121.7249,47.15439],[-121.72802,47.15763],[-121.73802,47.16037],[-121.74309,47.16454],[-121.74457,47.16464],[-121.74643,47.16269],[-121.74802,47.16209],[-121.74949,47.16207],[-121.75699,47.1649],[-121.76075,47.167],[-121.76246,47.16751],[-121.76398,47.16759],[-121.76685,47.16678],[-121.7693,47.16542],[-121.77335,47.16649],[-121.77561,47.16793],[-121.77787,47.17076],[-121.77691,47.17282],[-121.77726,47.17332],[-121.77911,47.17327],[-121.78336,47.17222],[-121.78849,47.17298],[-121.79232,47.17263],[-121.7958,47.17323],[-121.79695,47.17274],[-121.79763,47.17121],[-121.79943,47.16983],[-121.80333,47.16925],[-121.80574,47.16554],[-121.80899,47.1648],[-121.8104,47.16387],[-121.81331,47.1595],[-121.81534,47.15884],[-121.81779,47.15905],[-121.8193,47.1588],[-121.82263,47.15572],[-121.82707,47.15268],[-121.8313,47.15193],[-121.83217,47.15089],[-121.83169,47.14848],[-121.83423,47.14734],[-121.83681,47.14472],[-121.83946,47.1434],[-121.84243,47.14332],[-121.84613,47.14439],[-121.84945,47.14726],[-121.85524,47.14756],[-121.85917,47.14647],[-121.86041,47.1466],[-121.8611,47.14745],[-121.86085,47.15065],[-121.86308,47.15193],[-121.86548,47.1526],[-121.86655,47.15263],[-121.8712,47.15085],[-121.87294,47.15053],[-121.87522,47.15123],[-121.87847,47.15394],[-121.88259,47.15298],[-121.88619,47.15295],[-121.88894,47.15419],[-121.89141,47.15467],[-121.89773,47.15489],[-121.90154,47.15574],[-121.90681,47.15225],[-121.90778,47.15117],[-121.90942,47.15054],[-121.91222,47.15013],[-121.91785,47.1503],[-121.92089,47.14996],[-121.92789,47.14771],[-121.92786,47.14482],[-121.92912,47.14363],[-121.93091,47.1427],[-121.93191,47.13928],[-121.93292,47.13856],[-121.93488,47.13822],[-121.93936,47.1391],[-121.94203,47.14003],[-121.94382,47.14005],[-121.94508,47.14133],[-121.95007,47.14454],[-121.95064,47.14559],[-121.95,47.14788],[-121.94994,47.15095],[-121.95158,47.15401],[-121.95419,47.15567],[-121.95867,47.15724],[-121.96028,47.15723],[-121.96467,47.15599],[-121.96952,47.15628],[-121.97134,47.15739],[-121.97317,47.16071],[-121.98058,47.16456],[-121.98427,47.1646],[-121.98852,47.16298],[-121.99019,47.16285],[-121.99145,47.16324],[-121.99365,47.16771],[-121.99378,47.17223],[-121.99464,47.1728]]]}},{"type":"Feature","properties":{"GEOID":"53033029307","city":"(unincorporated county)","pct_hispanic":8.509,"pop_total":4031.0,"median_hh_income":116875.0,"pop_density_sqkm":1052.222,"cameras_flock":0,"cameras_flock_nonretail":0,"cameras_alpr_all":0,"road_miles":4.447,"cameras_per_road_mile":0.0,"cameras_per_10k_residents":0.0,"crime_count":null,"crime_data_available":false,"retailer_count":0},"geometry":{"type":"Polygon","coordinates":[[[-122.17603,47.41583],[-122.1758,47.43028],[-122.144,47.43034],[-122.14398,47.41589],[-122.17505,47.41581],[-122.17603,47.41583]]]}},{"type":"Feature","properties":{"GEOID":"53033010402","city":"Seattle","pct_hispanic":4.787,"pop_total":4993.0,"median_hh_income":112400.0,"pop_density_sqkm":2864.807,"cameras_flock":0,"cameras_flock_nonretail":0,"cameras_alpr_all":0,"road_miles":3.368,"cameras_per_road_mile":0.0,"cameras_per_10k_residents":0.0,"crime_count":269.0,"crime_data_available":true,"retailer_count":0},"geometry":{"type":"Polygon","coordinates":[[[-122.31981,47.55213],[-122.31948,47.55339],[-122.31719,47.55345],[-122.31717,47.55563],[-122.31876,47.55581],[-122.31687,47.56169],[-122.3105,47.56165],[-122.30439,47.55964],[-122.30033,47.54637],[-122.30618,47.54654],[-122.30726,47.54712],[-122.30794,47.54698],[-122.31113,47.54888],[-122.31401,47.54743],[-122.31653,47.54888],[-122.31981,47.55213]]]}},{"type":"Feature","properties":{"GEOID":"53033010702","city":"Seattle","pct_hispanic":6.722,"pop_total":4939.0,"median_hh_income":113750.0,"pop_density_sqkm":6331.102,"cameras_flock":0,"cameras_flock_nonretail":0,"cameras_alpr_all":0,"road_miles":1.349,"cameras_per_road_mile":0.0,"cameras_per_10k_residents":0.0,"crime_count":435.0,"crime_data_available":true,"retailer_count":0},"geometry":{"type":"Polygon","coordinates":[[[-122.37658,47.53922],[-122.37628,47.55378],[-122.36963,47.55378],[-122.36966,47.55192],[-122.37095,47.55195],[-122.37099,47.55013],[-122.36973,47.54984],[-122.36874,47.54884],[-122.36915,47.54746],[-122.3681,47.54412],[-122.37099,47.54285],[-122.37227,47.54284],[-122.37181,47.5392],[-122.37658,47.53922]]]}},{"type":"Feature","properties":{"GEOID":"53033011402","city":"Seattle","pct_hispanic":27.35,"pop_total":4490.0,"median_hh_income":118864.0,"pop_density_sqkm":3785.225,"cameras_flock":0,"cameras_flock_nonretail":0,"cameras_alpr_all":0,"road_miles":3.711,"cameras_per_road_mile":0.0,"cameras_per_10k_residents":0.0,"crime_count":1630.0,"crime_data_available":true,"retailer_count":0},"geometry":{"type":"Polygon","coordinates":[[[-122.37688,47.51768],[-122.37676,47.52107],[-122.37133,47.52104],[-122.37126,47.52466],[-122.35509,47.5247],[-122.35517,47.51738],[-122.35856,47.51735],[-122.35856,47.51553],[-122.3605,47.51553],[-122.36054,47.51736],[-122.37688,47.51768]]]}},{"type":"Feature","properties":{"GEOID":"53033011401","city":"Seattle","pct_hispanic":24.03,"pop_total":5052.0,"median_hh_income":93897.0,"pop_density_sqkm":4096.809,"cameras_flock":0,"cameras_flock_nonretail":0,"cameras_alpr_all":0,"road_miles":2.971,"cameras_per_road_mile":0.0,"cameras_per_10k_residents":0.0,"crime_count":474.0,"crime_data_available":true,"retailer_count":0},"geometry":{"type":"Polygon","coordinates":[[[-122.37126,47.52466],[-122.37125,47.52828],[-122.36855,47.52828],[-122.36849,47.53371],[-122.36043,47.53369],[-122.36134,47.53612],[-122.36109,47.53795],[-122.35824,47.53753],[-122.35733,47.53491],[-122.35503,47.53456],[-122.35509,47.5247],[-122.37126,47.52466]]]}},{"type":"Feature","properties":{"GEOID":"53033025806","city":"Renton","pct_hispanic":18.344,"pop_total":5037.0,"median_hh_income":90750.0,"pop_density_sqkm":1715.218,"cameras_flock":6,"cameras_flock_nonretail":6,"cameras_alpr_all":6,"road_miles":4.643,"cameras_per_road_mile":1.292,"cameras_per_10k_residents":11.912,"crime_count":null,"crime_data_available":false,"retailer_count":0},"geometry":{"type":"Polygon","coordinates":[[[-122.21796,47.46414],[-122.21791,47.46794],[-122.20978,47.46868],[-122.20642,47.46988],[-122.20608,47.4672],[-122.20154,47.45809],[-122.2017,47.45701],[-122.20383,47.45701],[-122.2046,47.45628],[-122.20566,47.45602],[-122.20226,47.4496],[-122.19779,47.44691],[-122.19692,47.44527],[-122.20077,47.44465],[-122.20457,47.44244],[-122.20874,47.44231],[-122.21188,47.44112],[-122.21746,47.44117],[-122.21529,47.45115],[-122.21796,47.46414]]]}},{"type":"Feature","properties":{"GEOID":"53033023404","city":"Issaquah","pct_hispanic":4.392,"pop_total":3575.0,"median_hh_income":193750.0,"pop_density_sqkm":1944.063,"cameras_flock":0,"cameras_flock_nonretail":0,"cameras_alpr_all":0,"road_miles":2.265,"cameras_per_road_mile":0.0,"cameras_per_10k_residents":0.0,"crime_count":null,"crime_data_available":false,"retailer_count":0},"geometry":{"type":"Polygon","coordinates":[[[-122.10007,47.56839],[-122.09877,47.56884],[-122.09943,47.5699],[-122.09782,47.56983],[-122.09827,47.57798],[-122.09734,47.58108],[-122.09594,47.57947],[-122.09411,47.57866],[-122.08227,47.57522],[-122.07698,47.57116],[-122.07262,47.5664],[-122.07515,47.56561],[-122.07443,47.56252],[-122.07553,47.55982],[-122.07533,47.55682],[-122.06823,47.55356],[-122.06814,47.55168],[-122.07036,47.55191],[-122.08813,47.55884],[-122.09909,47.56491],[-122.10007,47.56839]]]}},{"type":"Feature","properties":{"GEOID":"53033023403","city":"Bellevue","pct_hispanic":4.342,"pop_total":4076.0,"median_hh_income":172891.0,"pop_density_sqkm":1215.196,"cameras_flock":0,"cameras_flock_nonretail":0,"cameras_alpr_all":0,"road_miles":5.254,"cameras_per_road_mile":0.0,"cameras_per_10k_residents":0.0,"crime_count":null,"crime_data_available":false,"retailer_count":0},"geometry":{"type":"Polygon","coordinates":[[[-122.14029,47.57932],[-122.13819,47.57949],[-122.133,47.58315],[-122.13253,47.58425],[-122.13248,47.58903],[-122.11685,47.58918],[-122.11386,47.58673],[-122.11143,47.58621],[-122.11208,47.59222],[-122.09847,47.59193],[-122.09846,47.5847],[-122.09734,47.58108],[-122.09827,47.57798],[-122.09782,47.56983],[-122.09943,47.5699],[-122.09877,47.56884],[-122.10007,47.56839],[-122.09909,47.56491],[-122.10664,47.56889],[-122.13124,47.57764],[-122.13429,47.57837],[-122.14025,47.57876],[-122.14029,47.57932]]]}},{"type":"Feature","properties":{"GEOID":"53033025005","city":"Newcastle","pct_hispanic":5.4,"pop_total":6352.0,"median_hh_income":155855.0,"pop_density_sqkm":826.564,"cameras_flock":6,"cameras_flock_nonretail":6,"cameras_alpr_all":6,"road_miles":6.534,"cameras_per_road_mile":0.918,"cameras_per_10k_residents":9.446,"crime_count":null,"crime_data_available":false,"retailer_count":0},"geometry":{"type":"Polygon","coordinates":[[[-122.16709,47.55203],[-122.16644,47.55461],[-122.16289,47.54852],[-122.16013,47.54552],[-122.15843,47.54462],[-122.15023,47.54452],[-122.14882,47.54352],[-122.13614,47.54012],[-122.13294,47.53794],[-122.12863,47.53366],[-122.125,47.52825],[-122.12501,47.52675],[-122.12434,47.52523],[-122.1249,47.52247],[-122.12651,47.52023],[-122.12962,47.51862],[-122.13344,47.51839],[-122.13609,47.5168],[-122.13748,47.51492],[-122.1395,47.51556],[-122.14132,47.51569],[-122.14473,47.51696],[-122.1509,47.51747],[-122.15913,47.51873],[-122.15953,47.52165],[-122.16231,47.524],[-122.16425,47.527],[-122.16396,47.52797],[-122.16266,47.52907],[-122.16242,47.53007],[-122.16443,47.53591],[-122.16603,47.53836],[-122.16435,47.54389],[-122.16643,47.54689],[-122.16628,47.5495],[-122.16709,47.55203]]]}},{"type":"Feature","properties":{"GEOID":"53033029102","city":"Kent","pct_hispanic":32.09,"pop_total":5578.0,"median_hh_income":97589.0,"pop_density_sqkm":2172.849,"cameras_flock":1,"cameras_flock_nonretail":1,"cameras_alpr_all":1,"road_miles":3.179,"cameras_per_road_mile":0.315,"cameras_per_10k_residents":1.793,"crime_count":null,"crime_data_available":false,"retailer_count":0},"geometry":{"type":"Polygon","coordinates":[[[-122.29376,47.36973],[-122.29056,47.38295],[-122.29042,47.38709],[-122.29105,47.39166],[-122.2865,47.39055],[-122.28309,47.39115],[-122.28094,47.39095],[-122.27926,47.38991],[-122.27814,47.38811],[-122.27704,47.38306],[-122.27611,47.38121],[-122.27515,47.38005],[-122.27171,47.37756],[-122.27243,47.37746],[-122.27457,47.37864],[-122.274,47.37508],[-122.27448,47.37377],[-122.2754,47.37337],[-122.27849,47.37386],[-122.27945,47.37366],[-122.28045,47.3721],[-122.28048,47.37059],[-122.28132,47.36991],[-122.28531,47.37027],[-122.29059,47.3694],[-122.29376,47.36973]]]}},{"type":"Feature","properties":{"GEOID":"53033030006","city":"Federal Way","pct_hispanic":32.112,"pop_total":4830.0,"median_hh_income":55777.0,"pop_density_sqkm":2422.527,"cameras_flock":1,"cameras_flock_nonretail":1,"cameras_alpr_all":2,"road_miles":6.208,"cameras_per_road_mile":0.161,"cameras_per_10k_residents":2.07,"crime_count":null,"crime_data_available":false,"retailer_count":0},"geometry":{"type":"Polygon","coordinates":[[[-122.31335,47.3242],[-122.31221,47.32964],[-122.29414,47.32947],[-122.29516,47.32189],[-122.29775,47.31512],[-122.3133,47.31516],[-122.31335,47.3242]]]}},{"type":"Feature","properties":{"GEOID":"53033030314","city":"Federal Way","pct_hispanic":20.184,"pop_total":4563.0,"median_hh_income":68790.0,"pop_density_sqkm":1830.998,"cameras_flock":0,"cameras_flock_nonretail":0,"cameras_alpr_all":4,"road_miles":4.808,"cameras_per_road_mile":0.0,"cameras_per_10k_residents":0.0,"crime_count":null,"crime_data_available":false,"retailer_count":0},"geometry":{"type":"Polygon","coordinates":[[[-122.33465,47.31517],[-122.31351,47.31516],[-122.31347,47.30067],[-122.32374,47.30067],[-122.3289,47.29981],[-122.33312,47.30378],[-122.33436,47.30559],[-122.33465,47.31517]]]}},{"type":"Feature","properties":{"GEOID":"53033030313","city":"Federal Way","pct_hispanic":25.333,"pop_total":5029.0,"median_hh_income":61364.0,"pop_density_sqkm":1238.104,"cameras_flock":0,"cameras_flock_nonretail":0,"cameras_alpr_all":8,"road_miles":10.558,"cameras_per_road_mile":0.0,"cameras_per_10k_residents":0.0,"crime_count":null,"crime_data_available":false,"retailer_count":0},"geometry":{"type":"Polygon","coordinates":[[[-122.33486,47.29291],[-122.33403,47.29424],[-122.33137,47.29544],[-122.32933,47.2974],[-122.32877,47.29858],[-122.3289,47.29981],[-122.32374,47.30067],[-122.31347,47.30067],[-122.31351,47.31516],[-122.29775,47.31512],[-122.30318,47.3006],[-122.30267,47.3006],[-122.3063,47.28966],[-122.33462,47.28988],[-122.33486,47.29291]]]}},{"type":"Feature","properties":{"GEOID":"53033031604","city":"Maple Valley","pct_hispanic":4.155,"pop_total":5824.0,"median_hh_income":144879.0,"pop_density_sqkm":1402.122,"cameras_flock":1,"cameras_flock_nonretail":1,"cameras_alpr_all":1,"road_miles":3.741,"cameras_per_road_mile":0.267,"cameras_per_10k_residents":1.717,"crime_count":null,"crime_data_available":false,"retailer_count":0},"geometry":{"type":"Polygon","coordinates":[[[-122.05387,47.34357],[-122.0537,47.35435],[-122.04709,47.35439],[-122.04551,47.35545],[-122.04349,47.35797],[-122.03227,47.3581],[-122.02432,47.36102],[-122.02093,47.36137],[-122.01936,47.35387],[-122.0183,47.34099],[-122.01989,47.34113],[-122.02026,47.34271],[-122.02176,47.34352],[-122.05387,47.34357]]]}},{"type":"Feature","properties":{"GEOID":"53033004302","city":"Seattle","pct_hispanic":9.079,"pop_total":4549.0,"median_hh_income":38984.0,"pop_density_sqkm":13737.475,"cameras_flock":0,"cameras_flock_nonretail":0,"cameras_alpr_all":0,"road_miles":1.342,"cameras_per_road_mile":0.0,"cameras_per_10k_residents":0.0,"crime_count":475.0,"crime_data_available":true,"retailer_count":0},"geometry":{"type":"Polygon","coordinates":[[[-122.30653,47.66132],[-122.30649,47.668],[-122.30377,47.66797],[-122.30062,47.66852],[-122.30091,47.66125],[-122.30653,47.66132]]]}},{"type":"Feature","properties":{"GEOID":"53033010002","city":"Seattle","pct_hispanic":7.332,"pop_total":4801.0,"median_hh_income":114796.0,"pop_density_sqkm":5063.935,"cameras_flock":0,"cameras_flock_nonretail":0,"cameras_alpr_all":0,"road_miles":3.074,"cameras_per_road_mile":0.0,"cameras_per_10k_residents":0.0,"crime_count":490.0,"crime_data_available":true,"retailer_count":0},"geometry":{"type":"Polygon","coordinates":[[[-122.31602,47.57512],[-122.31601,47.58205],[-122.31471,47.58188],[-122.31471,47.58102],[-122.30323,47.581],[-122.30341,47.57192],[-122.31141,47.57193],[-122.31453,47.57162],[-122.31475,47.57512],[-122.31602,47.57512]]]}},{"type":"Feature","properties":{"GEOID":"53033025302","city":"Renton","pct_hispanic":10.933,"pop_total":4921.0,"median_hh_income":58243.0,"pop_density_sqkm":1222.6,"cameras_flock":31,"cameras_flock_nonretail":31,"cameras_alpr_all":31,"road_miles":15.544,"cameras_per_road_mile":1.994,"cameras_per_10k_residents":62.995,"crime_count":null,"crime_data_available":false,"retailer_count":1},"geometry":{"type":"Polygon","coordinates":[[[-122.23705,47.50952],[-122.21982,47.5098],[-122.2357,47.51777],[-122.22539,47.52137],[-122.20765,47.5061],[-122.2034,47.50294],[-122.19977,47.50303],[-122.19939,47.50193],[-122.20214,47.49995],[-122.20547,47.49861],[-122.20703,47.49671],[-122.20746,47.49206],[-122.20448,47.49209],[-122.20446,47.48416],[-122.20542,47.48306],[-122.20545,47.47898],[-122.20304,47.47988],[-122.20267,47.47967],[-122.20097,47.48012],[-122.20251,47.47902],[-122.20351,47.47762],[-122.20441,47.47188],[-122.20584,47.47028],[-122.20807,47.4691],[-122.21214,47.46838],[-122.21791,47.46794],[-122.21796,47.4745],[-122.21885,47.47543],[-122.22276,47.47496],[-122.22226,47.47538],[-122.22262,47.47631],[-122.22096,47.47881],[-122.21916,47.4796],[-122.2171,47.47975],[-122.21786,47.4906],[-122.22077,47.49958],[-122.22156,47.50084],[-122.2241,47.50256],[-122.23705,47.50952]]]}},{"type":"Feature","properties":{"GEOID":"53033025006","city":"(unincorporated county)","pct_hispanic":7.324,"pop_total":6731.0,"median_hh_income":186278.0,"pop_density_sqkm":300.36,"cameras_flock":0,"cameras_flock_nonretail":0,"cameras_alpr_all":0,"road_miles":8.749,"cameras_per_road_mile":0.0,"cameras_per_10k_residents":0.0,"crime_count":null,"crime_data_available":false,"retailer_count":0},"geometry":{"type":"Polygon","coordinates":[[[-122.13754,47.51504],[-122.13609,47.5168],[-122.13344,47.51839],[-122.12962,47.51862],[-122.12651,47.52023],[-122.12451,47.52354],[-122.12434,47.52523],[-122.12501,47.52675],[-122.125,47.52825],[-122.12863,47.53366],[-122.13004,47.53503],[-122.12904,47.53543],[-122.12866,47.53609],[-122.13032,47.54308],[-122.12926,47.5465],[-122.12783,47.54578],[-122.12714,47.54416],[-122.1253,47.54292],[-122.11925,47.54284],[-122.1157,47.54528],[-122.1154,47.54851],[-122.08811,47.54838],[-122.0881,47.55107],[-122.08731,47.55152],[-122.08659,47.55096],[-122.08536,47.55352],[-122.08465,47.55345],[-122.08447,47.55198],[-122.08257,47.55174],[-122.08132,47.55379],[-122.07968,47.55344],[-122.07679,47.55363],[-122.07589,47.55283],[-122.07509,47.55042],[-122.07166,47.54843],[-122.06994,47.54651],[-122.0666,47.54425],[-122.06489,47.54195],[-122.06321,47.54124],[-122.0618,47.52976],[-122.06486,47.52576],[-122.06532,47.52452],[-122.06718,47.52363],[-122.07008,47.52117],[-122.06964,47.51834],[-122.0784,47.51311],[-122.08717,47.50989],[-122.09032,47.50576],[-122.09523,47.50306],[-122.09658,47.4998],[-122.09789,47.49873],[-122.0995,47.49903],[-122.10195,47.50015],[-122.10647,47.50118],[-122.11256,47.50046],[-122.11691,47.50129],[-122.12002,47.50241],[-122.12208,47.50248],[-122.12216,47.50413],[-122.12318,47.50525],[-122.13025,47.50794],[-122.13433,47.51097],[-122.13557,47.51326],[-122.13754,47.51504]]]}},{"type":"Feature","properties":{"GEOID":"53033001702","city":"Seattle","pct_hispanic":11.25,"pop_total":5849.0,"median_hh_income":122105.0,"pop_density_sqkm":4568.746,"cameras_flock":0,"cameras_flock_nonretail":0,"cameras_alpr_all":0,"road_miles":1.984,"cameras_per_road_mile":0.0,"cameras_per_10k_residents":0.0,"crime_count":331.0,"crime_data_available":true,"retailer_count":0},"geometry":{"type":"Polygon","coordinates":[[[-122.37411,47.69562],[-122.36208,47.70171],[-122.35545,47.70508],[-122.35534,47.69421],[-122.36335,47.69425],[-122.36332,47.69064],[-122.3741,47.69062],[-122.37411,47.69562]]]}},{"type":"Feature","properties":{"GEOID":"53033027701","city":"(unincorporated county)","pct_hispanic":6.236,"pop_total":5180.0,"median_hh_income":108101.0,"pop_density_sqkm":117.273,"cameras_flock":0,"cameras_flock_nonretail":0,"cameras_alpr_all":0,"road_miles":33.686,"cameras_per_road_mile":0.0,"cameras_per_10k_residents":0.0,"crime_count":null,"crime_data_available":false,"retailer_count":0},"geometry":{"type":"Polygon","coordinates":[[[-122.52488,47.40915],[-122.52174,47.41314],[-122.51863,47.41575],[-122.51888,47.41904],[-122.51689,47.42291],[-122.51701,47.42738],[-122.51602,47.43167],[-122.51802,47.43736],[-122.51863,47.44144],[-122.51739,47.44439],[-122.51813,47.44818],[-122.51664,47.45197],[-122.5159,47.45695],[-122.5138,47.46085],[-122.5118,47.46414],[-122.50744,47.46599],[-122.5062,47.46927],[-122.50271,47.4718],[-122.50246,47.47635],[-122.50106,47.47885],[-122.49125,47.48296],[-122.48551,47.48456],[-122.4809,47.50932],[-122.48027,47.51211],[-122.47895,47.51407],[-122.46828,47.51414],[-122.4511,47.5076],[-122.44799,47.5041],[-122.44961,47.49963],[-122.45338,47.49713],[-122.45577,47.49473],[-122.45514,47.49237],[-122.45564,47.48959],[-122.45477,47.48698],[-122.44455,47.48159],[-122.44194,47.47604],[-122.43982,47.47452],[-122.43072,47.46963],[-122.42935,47.46685],[-122.42985,47.46366],[-122.4382,47.45346],[-122.43582,47.44963],[-122.43432,47.44155],[-122.43544,47.43759],[-122.43357,47.43372],[-122.43046,47.42967],[-122.42623,47.42614],[-122.42548,47.42184],[-122.42573,47.41771],[-122.44598,47.41756],[-122.4467,47.41808],[-122.4468,47.41949],[-122.44764,47.42082],[-122.44936,47.42109],[-122.45098,47.42197],[-122.47611,47.42189],[-122.47652,47.42153],[-122.47668,47.40736],[-122.5176,47.40745],[-122.51762,47.40568],[-122.52658,47.40513],[-122.52488,47.40915]]]}},{"type":"Feature","properties":{"GEOID":"53033029205","city":"Kent","pct_hispanic":28.319,"pop_total":4813.0,"median_hh_income":89132.0,"pop_density_sqkm":2575.495,"cameras_flock":0,"cameras_flock_nonretail":0,"cameras_alpr_all":0,"road_miles":2.318,"cameras_per_road_mile":0.0,"cameras_per_10k_residents":0.0,"crime_count":null,"crime_data_available":false,"retailer_count":0},"geometry":{"type":"Polygon","coordinates":[[[-122.27466,47.39395],[-122.27357,47.39565],[-122.27255,47.39567],[-122.2687,47.39447],[-122.26481,47.3945],[-122.26032,47.39559],[-122.25469,47.39752],[-122.25504,47.39027],[-122.25933,47.39003],[-122.25837,47.38864],[-122.25993,47.38754],[-122.26011,47.38673],[-122.25372,47.38674],[-122.2537,47.38125],[-122.26062,47.38109],[-122.26865,47.37855],[-122.26827,47.38087],[-122.27147,47.38291],[-122.27157,47.3841],[-122.27052,47.38513],[-122.26922,47.38542],[-122.26492,47.38521],[-122.26397,47.38648],[-122.26469,47.38732],[-122.2667,47.38794],[-122.27288,47.38858],[-122.27301,47.38905],[-122.2717,47.3905],[-122.27162,47.39124],[-122.27444,47.39302],[-122.27466,47.39395]]]}},{"type":"Feature","properties":{"GEOID":"53033032011","city":"Maple Valley","pct_hispanic":4.94,"pop_total":4717.0,"median_hh_income":174792.0,"pop_density_sqkm":1420.266,"cameras_flock":2,"cameras_flock_nonretail":2,"cameras_alpr_all":2,"road_miles":2.656,"cameras_per_road_mile":0.753,"cameras_per_10k_residents":4.24,"crime_count":null,"crime_data_available":false,"retailer_count":0},"geometry":{"type":"Polygon","coordinates":[[[-122.04941,47.37521],[-122.04817,47.37688],[-122.0481,47.38211],[-122.04507,47.381],[-122.03991,47.3808],[-122.0371,47.37997],[-122.03309,47.37651],[-122.03246,47.37557],[-122.03232,47.37392],[-122.02661,47.37405],[-122.02475,47.37477],[-122.02331,47.37228],[-122.02093,47.36137],[-122.02432,47.36102],[-122.03227,47.3581],[-122.04349,47.35797],[-122.04239,47.36553],[-122.04438,47.36928],[-122.04728,47.37218],[-122.04941,47.37521]]]}},{"type":"Feature","properties":{"GEOID":"53033032215","city":"(unincorporated county)","pct_hispanic":1.351,"pop_total":5922.0,"median_hh_income":250001.0,"pop_density_sqkm":371.243,"cameras_flock":6,"cameras_flock_nonretail":6,"cameras_alpr_all":6,"road_miles":5.86,"cameras_per_road_mile":1.024,"cameras_per_10k_residents":10.132,"crime_count":null,"crime_data_available":false,"retailer_count":0},"geometry":{"type":"Polygon","coordinates":[[[-122.01429,47.63748],[-122.01375,47.63825],[-122.01152,47.63872],[-122.01034,47.63983],[-122.00292,47.63638],[-121.99898,47.63196],[-121.99345,47.62799],[-121.99171,47.62769],[-121.98744,47.62798],[-121.9782,47.62653],[-121.97528,47.62558],[-121.97039,47.62327],[-121.96326,47.62196],[-121.95983,47.62007],[-121.95807,47.61737],[-121.95743,47.61355],[-121.95799,47.61115],[-121.96112,47.60446],[-121.96172,47.59853],[-121.96117,47.59659],[-121.95933,47.5936],[-121.95637,47.59044],[-121.95319,47.58829],[-121.95374,47.58642],[-121.95519,47.58525],[-121.95953,47.58489],[-121.9628,47.58418],[-121.96587,47.58472],[-121.9688,47.58439],[-121.97274,47.58447],[-121.97137,47.58715],[-121.97191,47.58904],[-121.97849,47.59291],[-121.98066,47.59556],[-121.98445,47.59396],[-121.98706,47.59195],[-121.9868,47.59578],[-121.98774,47.59674],[-121.98923,47.59716],[-121.99321,47.597],[-121.99404,47.59637],[-121.9947,47.59455],[-122.00007,47.59324],[-122.00125,47.59265],[-122.00327,47.59017],[-122.00335,47.5879],[-122.00872,47.58792],[-122.00869,47.59809],[-122.00264,47.61638],[-122.01387,47.61673],[-122.01375,47.63587],[-122.01429,47.63748]]]}},{"type":"Feature","properties":{"GEOID":"53033001701","city":"Seattle","pct_hispanic":8.619,"pop_total":4432.0,"median_hh_income":134375.0,"pop_density_sqkm":4964.336,"cameras_flock":0,"cameras_flock_nonretail":0,"cameras_alpr_all":0,"road_miles":1.276,"cameras_per_road_mile":0.0,"cameras_per_10k_residents":0.0,"crime_count":705.0,"crime_data_available":true,"retailer_count":0},"geometry":{"type":"Polygon","coordinates":[[[-122.36335,47.69425],[-122.35534,47.69421],[-122.35545,47.70508],[-122.35008,47.70507],[-122.34991,47.69058],[-122.36332,47.69064],[-122.36335,47.69425]]]}},{"type":"Feature","properties":{"GEOID":"53033010401","city":"Seattle","pct_hispanic":12.233,"pop_total":4496.0,"median_hh_income":131625.0,"pop_density_sqkm":2757.543,"cameras_flock":0,"cameras_flock_nonretail":0,"cameras_alpr_all":0,"road_miles":2.954,"cameras_per_road_mile":0.0,"cameras_per_10k_residents":0.0,"crime_count":331.0,"crime_data_available":true,"retailer_count":0},"geometry":{"type":"Polygon","coordinates":[[[-122.30439,47.55964],[-122.29752,47.56167],[-122.29472,47.56085],[-122.2932,47.56081],[-122.29015,47.55581],[-122.28543,47.54605],[-122.30033,47.54637],[-122.30439,47.55964]]]}},{"type":"Feature","properties":{"GEOID":"53033010701","city":"Seattle","pct_hispanic":10.664,"pop_total":4398.0,"median_hh_income":132692.0,"pop_density_sqkm":3017.736,"cameras_flock":3,"cameras_flock_nonretail":3,"cameras_alpr_all":3,"road_miles":2.135,"cameras_per_road_mile":1.405,"cameras_per_10k_residents":6.821,"crime_count":418.0,"crime_data_available":true,"retailer_count":1},"geometry":{"type":"Polygon","coordinates":[[[-122.37181,47.5392],[-122.37227,47.54284],[-122.37099,47.54285],[-122.3681,47.54412],[-122.36915,47.54746],[-122.36874,47.54884],[-122.36973,47.54984],[-122.37099,47.55013],[-122.37095,47.55195],[-122.36966,47.55192],[-122.36963,47.55378],[-122.36175,47.55371],[-122.36171,47.5501],[-122.36301,47.55011],[-122.36305,47.54742],[-122.3612,47.54416],[-122.36076,47.54054],[-122.36134,47.53612],[-122.36043,47.53369],[-122.37116,47.53372],[-122.3712,47.53919],[-122.37181,47.5392]]]}},{"type":"Feature","properties":{"GEOID":"53033011001","city":"Seattle","pct_hispanic":3.298,"pop_total":5216.0,"median_hh_income":51778.0,"pop_density_sqkm":4827.882,"cameras_flock":0,"cameras_flock_nonretail":0,"cameras_alpr_all":0,"road_miles":3.291,"cameras_per_road_mile":0.0,"cameras_per_10k_residents":0.0,"crime_count":688.0,"crime_data_available":true,"retailer_count":0},"geometry":{"type":"Polygon","coordinates":[[[-122.29279,47.54265],[-122.2926,47.54616],[-122.28543,47.54605],[-122.28094,47.53705],[-122.28064,47.5354],[-122.27882,47.53326],[-122.27831,47.53154],[-122.28847,47.53168],[-122.28969,47.53401],[-122.29092,47.53522],[-122.28997,47.53539],[-122.28999,47.53837],[-122.29151,47.53897],[-122.29014,47.54001],[-122.29187,47.54254],[-122.29279,47.54265]]]}},{"type":"Feature","properties":{"GEOID":"53033025601","city":"Renton","pct_hispanic":18.267,"pop_total":5425.0,"median_hh_income":92500.0,"pop_density_sqkm":1931.046,"cameras_flock":1,"cameras_flock_nonretail":1,"cameras_alpr_all":1,"road_miles":1.642,"cameras_per_road_mile":0.609,"cameras_per_10k_residents":1.843,"crime_count":null,"crime_data_available":false,"retailer_count":0},"geometry":{"type":"Polygon","coordinates":[[[-122.19658,47.48405],[-122.19472,47.48612],[-122.19286,47.48516],[-122.19046,47.48499],[-122.18044,47.48731],[-122.17794,47.48853],[-122.15896,47.48853],[-122.15859,47.48484],[-122.1594,47.48445],[-122.15982,47.48279],[-122.15934,47.48238],[-122.16022,47.4813],[-122.15798,47.48125],[-122.15694,47.47938],[-122.16114,47.4781],[-122.16238,47.47813],[-122.16289,47.47869],[-122.16417,47.4787],[-122.16415,47.47771],[-122.17944,47.4779],[-122.18048,47.47743],[-122.18459,47.47682],[-122.18938,47.47883],[-122.19658,47.48405]]]}},{"type":"Feature","properties":{"GEOID":"53033025805","city":"Renton","pct_hispanic":12.193,"pop_total":5134.0,"median_hh_income":97161.0,"pop_density_sqkm":2114.712,"cameras_flock":1,"cameras_flock_nonretail":1,"cameras_alpr_all":1,"road_miles":4.999,"cameras_per_road_mile":0.2,"cameras_per_10k_residents":1.948,"crime_count":null,"crime_data_available":false,"retailer_count":0},"geometry":{"type":"Polygon","coordinates":[[[-122.20566,47.45602],[-122.20383,47.45701],[-122.2017,47.45701],[-122.20162,47.45727],[-122.2018,47.45901],[-122.20348,47.46184],[-122.2001,47.46179],[-122.19785,47.46139],[-122.1946,47.46153],[-122.19336,47.46208],[-122.18827,47.46629],[-122.18719,47.46657],[-122.18588,47.46634],[-122.18619,47.44517],[-122.19692,47.44527],[-122.19757,47.44673],[-122.20241,47.44981],[-122.20566,47.45602]]]}},{"type":"Feature","properties":{"GEOID":"53033030005","city":"Federal Way","pct_hispanic":39.064,"pop_total":6369.0,"median_hh_income":100000.0,"pop_density_sqkm":2944.437,"cameras_flock":2,"cameras_flock_nonretail":2,"cameras_alpr_all":6,"road_miles":3.023,"cameras_per_road_mile":0.662,"cameras_per_10k_residents":3.14,"crime_count":null,"crime_data_available":false,"retailer_count":0},"geometry":{"type":"Polygon","coordinates":[[[-122.3124,47.34343],[-122.29297,47.34332],[-122.29414,47.32947],[-122.31221,47.32964],[-122.3124,47.34343]]]}},{"type":"Feature","properties":{"GEOID":"53033004301","city":"Seattle","pct_hispanic":4.647,"pop_total":3486.0,"median_hh_income":119464.0,"pop_density_sqkm":3559.933,"cameras_flock":0,"cameras_flock_nonretail":0,"cameras_alpr_all":0,"road_miles":2.061,"cameras_per_road_mile":0.0,"cameras_per_10k_residents":0.0,"crime_count":917.0,"crime_data_available":true,"retailer_count":0},"geometry":{"type":"Polygon","coordinates":[[[-122.30652,47.67578],[-122.29643,47.67578],[-122.29559,47.66384],[-122.29285,47.66122],[-122.30091,47.66125],[-122.30062,47.66852],[-122.30377,47.66797],[-122.30649,47.668],[-122.30652,47.67578]]]}},{"type":"Feature","properties":{"GEOID":"53033010001","city":"Seattle","pct_hispanic":10.254,"pop_total":4457.0,"median_hh_income":89444.0,"pop_density_sqkm":1915.385,"cameras_flock":0,"cameras_flock_nonretail":0,"cameras_alpr_all":0,"road_miles":5.877,"cameras_per_road_mile":0.0,"cameras_per_10k_residents":0.0,"crime_count":768.0,"crime_data_available":true,"retailer_count":0},"geometry":{"type":"Polygon","coordinates":[[[-122.31738,47.56169],[-122.31723,47.56722],[-122.31597,47.56723],[-122.31605,47.57074],[-122.31477,47.57074],[-122.3148,47.57214],[-122.31453,47.57162],[-122.31141,47.57193],[-122.30341,47.57192],[-122.30323,47.581],[-122.30019,47.58103],[-122.29663,47.57636],[-122.29677,47.56653],[-122.2932,47.56081],[-122.29472,47.56085],[-122.29752,47.56167],[-122.30251,47.55998],[-122.30474,47.55962],[-122.3105,47.56165],[-122.31738,47.56169]]]}},{"type":"Feature","properties":{"GEOID":"53033011002","city":"Seattle","pct_hispanic":5.511,"pop_total":4936.0,"median_hh_income":94648.0,"pop_density_sqkm":2870.487,"cameras_flock":0,"cameras_flock_nonretail":0,"cameras_alpr_all":0,"road_miles":4.199,"cameras_per_road_mile":0.0,"cameras_per_10k_residents":0.0,"crime_count":240.0,"crime_data_available":true,"retailer_count":0},"geometry":{"type":"Polygon","coordinates":[[[-122.31382,47.54753],[-122.31113,47.54888],[-122.30794,47.54698],[-122.30726,47.54712],[-122.30618,47.54654],[-122.2926,47.54616],[-122.29279,47.54265],[-122.29187,47.54254],[-122.29014,47.54001],[-122.29151,47.53897],[-122.28999,47.53837],[-122.28997,47.53539],[-122.29092,47.53522],[-122.28918,47.53306],[-122.2946,47.53311],[-122.29343,47.5307],[-122.29619,47.52996],[-122.29885,47.53449],[-122.31248,47.546],[-122.31382,47.54753]]]}},{"type":"Feature","properties":{"GEOID":"53033031705","city":"Covington","pct_hispanic":5.243,"pop_total":4349.0,"median_hh_income":161250.0,"pop_density_sqkm":861.845,"cameras_flock":0,"cameras_flock_nonretail":0,"cameras_alpr_all":0,"road_miles":4.984,"cameras_per_road_mile":0.0,"cameras_per_10k_residents":0.0,"crime_count":null,"crime_data_available":false,"retailer_count":0},"geometry":{"type":"Polygon","coordinates":[[[-122.13362,47.37242],[-122.13354,47.38691],[-122.08043,47.38701],[-122.08046,47.38488],[-122.09109,47.38058],[-122.10177,47.37505],[-122.1018,47.3726],[-122.13362,47.37242]]]}},{"type":"Feature","properties":{"GEOID":"53033032213","city":"Sammamish","pct_hispanic":3.518,"pop_total":4775.0,"median_hh_income":250001.0,"pop_density_sqkm":1181.204,"cameras_flock":0,"cameras_flock_nonretail":0,"cameras_alpr_all":0,"road_miles":4.52,"cameras_per_road_mile":0.0,"cameras_per_10k_residents":0.0,"crime_count":null,"crime_data_available":false,"retailer_count":0},"geometry":{"type":"Polygon","coordinates":[[[-122.01415,47.5808],[-122.01407,47.58802],[-122.00335,47.5879],[-122.00331,47.59008],[-122.00152,47.59243],[-122.00007,47.59324],[-121.9947,47.59455],[-121.99398,47.59646],[-121.99271,47.59715],[-121.98874,47.59712],[-121.98749,47.59655],[-121.98675,47.59554],[-121.98706,47.59195],[-121.98445,47.59396],[-121.98066,47.59556],[-121.97849,47.59291],[-121.97453,47.59079],[-121.97142,47.58841],[-121.97137,47.58715],[-121.97274,47.58447],[-121.97748,47.58407],[-121.97965,47.58329],[-121.98486,47.5796],[-121.98802,47.57542],[-121.99157,47.57605],[-121.99466,47.57785],[-121.99831,47.5785],[-122.00405,47.58048],[-122.01415,47.5808]]]}},{"type":"Feature","properties":{"GEOID":"53033005100","city":"Seattle","pct_hispanic":10.265,"pop_total":3809.0,"median_hh_income":161506.0,"pop_density_sqkm":4319.912,"cameras_flock":0,"cameras_flock_nonretail":0,"cameras_alpr_all":0,"road_miles":1.725,"cameras_per_road_mile":0.0,"cameras_per_10k_residents":0.0,"crime_count":416.0,"crime_data_available":true,"retailer_count":0},"geometry":{"type":"Polygon","coordinates":[[[-122.33631,47.65198],[-122.33641,47.66503],[-122.32827,47.665],[-122.3279,47.65365],[-122.32973,47.65194],[-122.33631,47.65198]]]}},{"type":"Feature","properties":{"GEOID":"53033005600","city":"Seattle","pct_hispanic":3.461,"pop_total":6992.0,"median_hh_income":240137.0,"pop_density_sqkm":2313.099,"cameras_flock":0,"cameras_flock_nonretail":0,"cameras_alpr_all":0,"road_miles":7.01,"cameras_per_road_mile":0.0,"cameras_per_10k_residents":0.0,"crime_count":325.0,"crime_data_available":true,"retailer_count":0},"geometry":{"type":"Polygon","coordinates":[[[-122.42439,47.6499],[-122.41967,47.65146],[-122.41968,47.65415],[-122.40358,47.65407],[-122.40362,47.64681],[-122.40093,47.64684],[-122.401,47.63955],[-122.393,47.63956],[-122.39301,47.63911],[-122.39037,47.63912],[-122.39039,47.63592],[-122.38966,47.63591],[-122.38972,47.6353],[-122.39032,47.63277],[-122.39125,47.63232],[-122.39124,47.63158],[-122.38966,47.63139],[-122.38975,47.62566],[-122.40602,47.62995],[-122.41764,47.63652],[-122.42176,47.64194],[-122.42302,47.64839],[-122.42439,47.6499]]]}},{"type":"Feature","properties":{"GEOID":"53033009200","city":"Seattle","pct_hispanic":6.799,"pop_total":3236.0,"median_hh_income":35014.0,"pop_density_sqkm":9561.207,"cameras_flock":0,"cameras_flock_nonretail":0,"cameras_alpr_all":1,"road_miles":2.542,"cameras_per_road_mile":0.0,"cameras_per_10k_residents":0.0,"crime_count":1790.0,"crime_data_available":true,"retailer_count":0},"geometry":{"type":"Polygon","coordinates":[[[-122.34474,47.60232],[-122.33806,47.60214],[-122.33658,47.60172],[-122.32424,47.60171],[-122.32116,47.59919],[-122.34484,47.59922],[-122.34474,47.60232]]]}},{"type":"Feature","properties":{"GEOID":"53033009300","city":"Seattle","pct_hispanic":10.655,"pop_total":3191.0,"median_hh_income":124318.0,"pop_density_sqkm":337.183,"cameras_flock":5,"cameras_flock_nonretail":5,"cameras_alpr_all":11,"road_miles":25.967,"cameras_per_road_mile":0.193,"cameras_per_10k_residents":15.669,"crime_count":3286.0,"crime_data_available":true,"retailer_count":1},"geometry":{"type":"Polygon","coordinates":[[[-122.34682,47.56696],[-122.34398,47.57465],[-122.34484,47.59922],[-122.32767,47.59919],[-122.32772,47.59581],[-122.31726,47.59582],[-122.31723,47.59486],[-122.31658,47.59428],[-122.31728,47.59383],[-122.31727,47.58498],[-122.31718,47.58455],[-122.31599,47.58455],[-122.31602,47.57512],[-122.31475,47.57512],[-122.31477,47.57074],[-122.31605,47.57074],[-122.31597,47.56723],[-122.31723,47.56722],[-122.31738,47.56169],[-122.31687,47.56169],[-122.31876,47.55581],[-122.31717,47.55563],[-122.31719,47.55345],[-122.31948,47.55339],[-122.31981,47.55213],[-122.32119,47.55343],[-122.32362,47.55336],[-122.32711,47.55563],[-122.34329,47.55603],[-122.34506,47.55918],[-122.34663,47.56449],[-122.34682,47.56696]]]}},{"type":"Feature","properties":{"GEOID":"53033001800","city":"Seattle","pct_hispanic":6.045,"pop_total":4996.0,"median_hh_income":130855.0,"pop_density_sqkm":5280.709,"cameras_flock":0,"cameras_flock_nonretail":0,"cameras_alpr_all":3,"road_miles":1.492,"cameras_per_road_mile":0.0,"cameras_per_10k_residents":0.0,"crime_count":785.0,"crime_data_available":true,"retailer_count":0},"geometry":{"type":"Polygon","coordinates":[[[-122.35,47.69782],[-122.34461,47.69781],[-122.34458,47.69708],[-122.3419,47.69707],[-122.34191,47.6978],[-122.33498,47.69777],[-122.33498,47.69595],[-122.33381,47.69595],[-122.33375,47.69114],[-122.33322,47.69052],[-122.34991,47.69058],[-122.35,47.69782]]]}},{"type":"Feature","properties":{"GEOID":"53033001900","city":"Seattle","pct_hispanic":3.09,"pop_total":5242.0,"median_hh_income":141494.0,"pop_density_sqkm":3144.058,"cameras_flock":0,"cameras_flock_nonretail":0,"cameras_alpr_all":0,"road_miles":3.511,"cameras_per_road_mile":0.0,"cameras_per_10k_residents":0.0,"crime_count":264.0,"crime_data_available":true,"retailer_count":0},"geometry":{"type":"Polygon","coordinates":[[[-122.33505,47.70139],[-122.3339,47.70322],[-122.33055,47.70319],[-122.33054,47.70145],[-122.32848,47.70136],[-122.32853,47.70318],[-122.32315,47.70314],[-122.32313,47.70132],[-122.31769,47.70129],[-122.31762,47.69037],[-122.32889,47.69025],[-122.33322,47.69052],[-122.33375,47.69114],[-122.33381,47.69595],[-122.33498,47.69595],[-122.33505,47.70139]]]}},{"type":"Feature","properties":{"GEOID":"53033002000","city":"Seattle","pct_hispanic":3.26,"pop_total":4019.0,"median_hh_income":150219.0,"pop_density_sqkm":3550.378,"cameras_flock":0,"cameras_flock_nonretail":0,"cameras_alpr_all":0,"road_miles":1.596,"cameras_per_road_mile":0.0,"cameras_per_10k_residents":0.0,"crime_count":262.0,"crime_data_available":true,"retailer_count":0},"geometry":{"type":"Polygon","coordinates":[[[-122.31769,47.70129],[-122.30959,47.70123],[-122.30955,47.70032],[-122.30332,47.70027],[-122.3056,47.69724],[-122.30548,47.69302],[-122.30606,47.69187],[-122.30817,47.69031],[-122.31348,47.69034],[-122.31345,47.68852],[-122.31759,47.68855],[-122.31769,47.70129]]]}},{"type":"Feature","properties":{"GEOID":"53033002100","city":"Seattle","pct_hispanic":9.18,"pop_total":5000.0,"median_hh_income":150529.0,"pop_density_sqkm":3661.751,"cameras_flock":0,"cameras_flock_nonretail":0,"cameras_alpr_all":0,"road_miles":2.304,"cameras_per_road_mile":0.0,"cameras_per_10k_residents":0.0,"crime_count":213.0,"crime_data_available":true,"retailer_count":0},"geometry":{"type":"Polygon","coordinates":[[[-122.30817,47.69031],[-122.30571,47.69234],[-122.3056,47.69724],[-122.30255,47.70117],[-122.2907,47.70112],[-122.29072,47.6902],[-122.29737,47.69024],[-122.29738,47.68942],[-122.30148,47.68945],[-122.30167,47.69027],[-122.30817,47.69031]]]}},{"type":"Feature","properties":{"GEOID":"53033002400","city":"Seattle","pct_hispanic":3.506,"pop_total":2938.0,"median_hh_income":176838.0,"pop_density_sqkm":3052.341,"cameras_flock":0,"cameras_flock_nonretail":0,"cameras_alpr_all":0,"road_miles":1.803,"cameras_per_road_mile":0.0,"cameras_per_10k_residents":0.0,"crime_count":145.0,"crime_data_available":true,"retailer_count":0},"geometry":{"type":"Polygon","coordinates":[[[-122.29602,47.69023],[-122.27996,47.69016],[-122.27975,47.68304],[-122.29589,47.68305],[-122.29602,47.69023]]]}},{"type":"Feature","properties":{"GEOID":"53033002600","city":"Seattle","pct_hispanic":3.254,"pop_total":5654.0,"median_hh_income":190750.0,"pop_density_sqkm":4647.275,"cameras_flock":2,"cameras_flock_nonretail":2,"cameras_alpr_all":2,"road_miles":5.28,"cameras_per_road_mile":0.379,"cameras_per_10k_residents":3.537,"crime_count":690.0,"crime_data_available":true,"retailer_count":0},"geometry":{"type":"Polygon","coordinates":[[[-122.31759,47.68855],[-122.31345,47.68852],[-122.31348,47.69034],[-122.30686,47.6903],[-122.30652,47.67578],[-122.31736,47.67583],[-122.31759,47.68855]]]}},{"type":"Feature","properties":{"GEOID":"53033002900","city":"Seattle","pct_hispanic":8.03,"pop_total":4645.0,"median_hh_income":175321.0,"pop_density_sqkm":4709.955,"cameras_flock":0,"cameras_flock_nonretail":0,"cameras_alpr_all":0,"road_miles":1.57,"cameras_per_road_mile":0.0,"cameras_per_10k_residents":0.0,"crime_count":255.0,"crime_data_available":true,"retailer_count":0},"geometry":{"type":"Polygon","coordinates":[[[-122.36604,47.67955],[-122.36599,47.69065],[-122.3553,47.69059],[-122.35532,47.67956],[-122.36604,47.67955]]]}},{"type":"Feature","properties":{"GEOID":"53033009400","city":"Seattle","pct_hispanic":7.893,"pop_total":6702.0,"median_hh_income":95038.0,"pop_density_sqkm":3974.356,"cameras_flock":0,"cameras_flock_nonretail":0,"cameras_alpr_all":0,"road_miles":5.517,"cameras_per_road_mile":0.0,"cameras_per_10k_residents":0.0,"crime_count":1572.0,"crime_data_available":true,"retailer_count":0},"geometry":{"type":"Polygon","coordinates":[[[-122.31718,47.58455],[-122.31728,47.59383],[-122.31658,47.59428],[-122.31723,47.59486],[-122.31726,47.59582],[-122.30618,47.59589],[-122.30612,47.59224],[-122.3054,47.59189],[-122.3025,47.59189],[-122.30214,47.59029],[-122.30291,47.5845],[-122.30019,47.58103],[-122.31471,47.58102],[-122.31471,47.58188],[-122.31601,47.58205],[-122.31599,47.58455],[-122.31718,47.58455]]]}},{"type":"Feature","properties":{"GEOID":"53033009500","city":"Seattle","pct_hispanic":9.177,"pop_total":7105.0,"median_hh_income":143676.0,"pop_density_sqkm":2742.062,"cameras_flock":5,"cameras_flock_nonretail":5,"cameras_alpr_all":5,"road_miles":8.746,"cameras_per_road_mile":0.572,"cameras_per_10k_residents":7.037,"crime_count":1727.0,"crime_data_available":true,"retailer_count":1},"geometry":{"type":"Polygon","coordinates":[[[-122.30291,47.5845],[-122.30215,47.59021],[-122.3025,47.59189],[-122.30129,47.59209],[-122.29039,47.5923],[-122.29043,47.59115],[-122.28594,47.59092],[-122.27303,47.59085],[-122.26633,47.59181],[-122.26683,47.58737],[-122.26624,47.58274],[-122.26485,47.57937],[-122.26115,47.57612],[-122.27687,47.57071],[-122.27768,47.57002],[-122.27979,47.57033],[-122.28068,47.57192],[-122.28109,47.57423],[-122.28128,47.57337],[-122.28263,47.57344],[-122.28247,47.57241],[-122.29134,47.57248],[-122.29211,47.57358],[-122.29673,47.57199],[-122.29663,47.57636],[-122.30291,47.5845]]]}},{"type":"Feature","properties":{"GEOID":"53033029206","city":"Kent","pct_hispanic":27.549,"pop_total":5060.0,"median_hh_income":51875.0,"pop_density_sqkm":290.281,"cameras_flock":5,"cameras_flock_nonretail":5,"cameras_alpr_all":11,"road_miles":24.35,"cameras_per_road_mile":0.205,"cameras_per_10k_residents":9.881,"crime_count":null,"crime_data_available":false,"retailer_count":0},"geometry":{"type":"Polygon","coordinates":[[[-122.27596,47.39829],[-122.27396,47.40233],[-122.27417,47.40511],[-122.27379,47.4059],[-122.27266,47.40676],[-122.27062,47.40723],[-122.26518,47.4113],[-122.26471,47.41324],[-122.26535,47.41503],[-122.2679,47.4163],[-122.26821,47.41692],[-122.26727,47.4194],[-122.26528,47.42179],[-122.26534,47.42307],[-122.26408,47.42379],[-122.26203,47.42602],[-122.26059,47.42663],[-122.2494,47.4267],[-122.24926,47.4306],[-122.2474,47.43735],[-122.24538,47.43941],[-122.24563,47.44123],[-122.21746,47.44117],[-122.22128,47.42559],[-122.2202,47.40736],[-122.22077,47.40487],[-122.22332,47.40165],[-122.24261,47.38838],[-122.24431,47.38543],[-122.24444,47.38141],[-122.2537,47.38125],[-122.25372,47.38674],[-122.26011,47.38673],[-122.25993,47.38754],[-122.25837,47.38864],[-122.25933,47.39003],[-122.25504,47.39027],[-122.25469,47.39752],[-122.26411,47.39461],[-122.2687,47.39447],[-122.27255,47.39567],[-122.27357,47.39565],[-122.27359,47.39653],[-122.2754,47.39746],[-122.27596,47.39829]]]}},{"type":"Feature","properties":{"GEOID":"53033023702","city":"Bellevue","pct_hispanic":4.274,"pop_total":1404.0,"median_hh_income":138702.0,"pop_density_sqkm":401.287,"cameras_flock":0,"cameras_flock_nonretail":0,"cameras_alpr_all":1,"road_miles":13.26,"cameras_per_road_mile":0.0,"cameras_per_10k_residents":0.0,"crime_count":null,"crime_data_available":false,"retailer_count":0},"geometry":{"type":"Polygon","coordinates":[[[-122.18884,47.61735],[-122.18879,47.6282],[-122.18806,47.63244],[-122.18614,47.63206],[-122.17963,47.63201],[-122.17016,47.63001],[-122.1642,47.63023],[-122.1565,47.62956],[-122.15234,47.62999],[-122.14854,47.63153],[-122.14304,47.63149],[-122.1431,47.62651],[-122.175,47.61993],[-122.17499,47.6191],[-122.17736,47.61914],[-122.1812,47.61731],[-122.18884,47.61735]]]}},{"type":"Feature","properties":{"GEOID":"53033004902","city":"Seattle","pct_hispanic":5.503,"pop_total":3271.0,"median_hh_income":121726.0,"pop_density_sqkm":5486.506,"cameras_flock":0,"cameras_flock_nonretail":0,"cameras_alpr_all":0,"road_miles":1.982,"cameras_per_road_mile":0.0,"cameras_per_10k_residents":0.0,"crime_count":639.0,"crime_data_available":true,"retailer_count":0},"geometry":{"type":"Polygon","coordinates":[[[-122.35555,47.65256],[-122.35546,47.65776],[-122.34725,47.65774],[-122.34747,47.64689],[-122.35446,47.64993],[-122.35448,47.65224],[-122.35555,47.65256]]]}},{"type":"Feature","properties":{"GEOID":"53033007406","city":"Seattle","pct_hispanic":16.297,"pop_total":2749.0,"median_hh_income":73788.0,"pop_density_sqkm":18225.938,"cameras_flock":0,"cameras_flock_nonretail":0,"cameras_alpr_all":0,"road_miles":0.987,"cameras_per_road_mile":0.0,"cameras_per_10k_residents":0.0,"crime_count":576.0,"crime_data_available":true,"retailer_count":0},"geometry":{"type":"Polygon","coordinates":[[[-122.32924,47.61609],[-122.32861,47.62081],[-122.32089,47.62107],[-122.32088,47.61991],[-122.32426,47.61957],[-122.3268,47.61709],[-122.32924,47.61609]]]}},{"type":"Feature","properties":{"GEOID":"53033011601","city":"Seattle","pct_hispanic":10.872,"pop_total":3440.0,"median_hh_income":168618.0,"pop_density_sqkm":2212.879,"cameras_flock":0,"cameras_flock_nonretail":0,"cameras_alpr_all":0,"road_miles":2.411,"cameras_per_road_mile":0.0,"cameras_per_10k_residents":0.0,"crime_count":207.0,"crime_data_available":true,"retailer_count":0},"geometry":{"type":"Polygon","coordinates":[[[-122.40199,47.52191],[-122.39276,47.52633],[-122.39269,47.53232],[-122.38735,47.53229],[-122.3874,47.52854],[-122.38202,47.52841],[-122.3819,47.52617],[-122.37934,47.52613],[-122.37944,47.52109],[-122.37676,47.52107],[-122.37689,47.51749],[-122.37953,47.51748],[-122.37945,47.51655],[-122.38479,47.51656],[-122.38502,47.51746],[-122.3929,47.51757],[-122.39287,47.51944],[-122.40199,47.52191]]]}},{"type":"Feature","properties":{"GEOID":"53033005803","city":"Seattle","pct_hispanic":3.599,"pop_total":3251.0,"median_hh_income":172649.0,"pop_density_sqkm":3906.996,"cameras_flock":0,"cameras_flock_nonretail":0,"cameras_alpr_all":0,"road_miles":1.838,"cameras_per_road_mile":0.0,"cameras_per_10k_residents":0.0,"crime_count":195.0,"crime_data_available":true,"retailer_count":0},"geometry":{"type":"Polygon","coordinates":[[[-122.39301,47.63911],[-122.39298,47.64116],[-122.39165,47.64116],[-122.39156,47.64865],[-122.38201,47.64846],[-122.38203,47.64644],[-122.38515,47.64215],[-122.38328,47.64201],[-122.38434,47.64178],[-122.38486,47.64111],[-122.3844,47.64064],[-122.38538,47.63942],[-122.38545,47.63676],[-122.38863,47.63424],[-122.38867,47.63326],[-122.39035,47.63238],[-122.39084,47.63233],[-122.39025,47.63296],[-122.38966,47.63591],[-122.39039,47.63592],[-122.39037,47.63912],[-122.39301,47.63911]]]}},{"type":"Feature","properties":{"GEOID":"53033023807","city":"Bellevue","pct_hispanic":5.385,"pop_total":5905.0,"median_hh_income":200428.0,"pop_density_sqkm":6661.62,"cameras_flock":5,"cameras_flock_nonretail":5,"cameras_alpr_all":6,"road_miles":6.273,"cameras_per_road_mile":0.797,"cameras_per_10k_residents":8.467,"crime_count":null,"crime_data_available":false,"retailer_count":0},"geometry":{"type":"Polygon","coordinates":[[[-122.20775,47.60928],[-122.20681,47.60983],[-122.20709,47.61744],[-122.18884,47.61735],[-122.18881,47.61353],[-122.19889,47.61384],[-122.1988,47.61013],[-122.2015,47.61015],[-122.20143,47.60798],[-122.20538,47.60797],[-122.20537,47.60911],[-122.20649,47.60878],[-122.20775,47.60928]]]}},{"type":"Feature","properties":{"GEOID":"53033029208","city":"Kent","pct_hispanic":15.471,"pop_total":4363.0,"median_hh_income":71538.0,"pop_density_sqkm":2205.068,"cameras_flock":0,"cameras_flock_nonretail":0,"cameras_alpr_all":0,"road_miles":2.448,"cameras_per_road_mile":0.0,"cameras_per_10k_residents":0.0,"crime_count":null,"crime_data_available":false,"retailer_count":0},"geometry":{"type":"Polygon","coordinates":[[[-122.23111,47.38665],[-122.23103,47.39098],[-122.22814,47.3944],[-122.22804,47.39841],[-122.22238,47.40251],[-122.221,47.40442],[-122.22026,47.40662],[-122.21665,47.40676],[-122.21664,47.40313],[-122.21532,47.40303],[-122.21525,47.39809],[-122.21268,47.3978],[-122.2128,47.39424],[-122.21526,47.39391],[-122.21536,47.38681],[-122.23111,47.38665]]]}},{"type":"Feature","properties":{"GEOID":"53033000403","city":"Seattle","pct_hispanic":6.514,"pop_total":3285.0,"median_hh_income":65469.0,"pop_density_sqkm":4907.497,"cameras_flock":0,"cameras_flock_nonretail":0,"cameras_alpr_all":0,"road_miles":1.304,"cameras_per_road_mile":0.0,"cameras_per_10k_residents":0.0,"crime_count":307.0,"crime_data_available":true,"retailer_count":0},"geometry":{"type":"Polygon","coordinates":[[[-122.36095,47.72507],[-122.36093,47.73414],[-122.35557,47.73413],[-122.35556,47.72874],[-122.35235,47.72863],[-122.35032,47.72778],[-122.34773,47.72777],[-122.34814,47.72322],[-122.35555,47.72323],[-122.35555,47.72505],[-122.36095,47.72507]]]}},{"type":"Feature","properties":{"GEOID":"53033025703","city":"Renton","pct_hispanic":22.188,"pop_total":3272.0,"median_hh_income":84346.0,"pop_density_sqkm":3465.298,"cameras_flock":0,"cameras_flock_nonretail":0,"cameras_alpr_all":0,"road_miles":0.621,"cameras_per_road_mile":0.0,"cameras_per_10k_residents":0.0,"crime_count":null,"crime_data_available":false,"retailer_count":0},"geometry":{"type":"Polygon","coordinates":[[[-122.20643,47.46968],[-122.20463,47.47155],[-122.1994,47.46997],[-122.19704,47.47002],[-122.19551,47.46823],[-122.1951,47.46823],[-122.19443,47.46688],[-122.18828,47.46709],[-122.18775,47.46695],[-122.18778,47.46648],[-122.19416,47.46165],[-122.19785,47.46139],[-122.2001,47.46179],[-122.20348,47.46184],[-122.20608,47.4672],[-122.20643,47.46968]]]}},{"type":"Feature","properties":{"GEOID":"53033025704","city":"Renton","pct_hispanic":24.131,"pop_total":3999.0,"median_hh_income":100422.0,"pop_density_sqkm":1368.022,"cameras_flock":2,"cameras_flock_nonretail":2,"cameras_alpr_all":2,"road_miles":1.506,"cameras_per_road_mile":1.328,"cameras_per_10k_residents":5.001,"crime_count":null,"crime_data_available":false,"retailer_count":0},"geometry":{"type":"Polygon","coordinates":[[[-122.20463,47.47155],[-122.20306,47.47843],[-122.19936,47.48124],[-122.19658,47.48405],[-122.18977,47.47906],[-122.1852,47.47696],[-122.18381,47.47683],[-122.18159,47.47744],[-122.18026,47.47738],[-122.16888,47.47302],[-122.17327,47.46688],[-122.17579,47.46618],[-122.17693,47.46697],[-122.17922,47.46743],[-122.18136,47.46884],[-122.18211,47.46833],[-122.1811,47.46742],[-122.18191,47.46692],[-122.18363,47.46862],[-122.18588,47.46634],[-122.18778,47.46648],[-122.18775,47.46695],[-122.18828,47.46709],[-122.19443,47.46688],[-122.1951,47.46823],[-122.19551,47.46823],[-122.19704,47.47002],[-122.1994,47.46997],[-122.20463,47.47155]]]}},{"type":"Feature","properties":{"GEOID":"53033011602","city":"Seattle","pct_hispanic":7.145,"pop_total":3653.0,"median_hh_income":156250.0,"pop_density_sqkm":2332.955,"cameras_flock":0,"cameras_flock_nonretail":0,"cameras_alpr_all":0,"road_miles":1.838,"cameras_per_road_mile":0.0,"cameras_per_10k_residents":0.0,"crime_count":135.0,"crime_data_available":true,"retailer_count":0},"geometry":{"type":"Polygon","coordinates":[[[-122.40548,47.53138],[-122.40124,47.53694],[-122.40173,47.54009],[-122.39636,47.53992],[-122.39646,47.5407],[-122.39381,47.53926],[-122.3931,47.53845],[-122.39308,47.53964],[-122.38736,47.53986],[-122.38726,47.54073],[-122.38278,47.53999],[-122.38191,47.54017],[-122.38192,47.53971],[-122.37837,47.53958],[-122.37838,47.53561],[-122.38196,47.5357],[-122.38202,47.52841],[-122.3874,47.52854],[-122.38735,47.53229],[-122.39269,47.53232],[-122.39276,47.52633],[-122.40199,47.52191],[-122.40242,47.52201],[-122.40036,47.52456],[-122.40473,47.52827],[-122.40548,47.53138]]]}},{"type":"Feature","properties":{"GEOID":"53033004901","city":"Seattle","pct_hispanic":7.961,"pop_total":3693.0,"median_hh_income":123156.0,"pop_density_sqkm":7428.431,"cameras_flock":0,"cameras_flock_nonretail":0,"cameras_alpr_all":0,"road_miles":1.734,"cameras_per_road_mile":0.0,"cameras_per_10k_residents":0.0,"crime_count":451.0,"crime_data_available":true,"retailer_count":0},"geometry":{"type":"Polygon","coordinates":[[[-122.35546,47.65776],[-122.35541,47.665],[-122.34723,47.66499],[-122.34725,47.65774],[-122.35546,47.65776]]]}},{"type":"Feature","properties":{"GEOID":"53033005804","city":"Seattle","pct_hispanic":13.932,"pop_total":2627.0,"median_hh_income":104147.0,"pop_density_sqkm":1116.559,"cameras_flock":0,"cameras_flock_nonretail":0,"cameras_alpr_all":0,"road_miles":5.278,"cameras_per_road_mile":0.0,"cameras_per_10k_residents":0.0,"crime_count":624.0,"crime_data_available":true,"retailer_count":0},"geometry":{"type":"Polygon","coordinates":[[[-122.39125,47.63232],[-122.39001,47.63247],[-122.38867,47.63326],[-122.38863,47.63424],[-122.38545,47.63676],[-122.38538,47.63942],[-122.3844,47.64064],[-122.38486,47.64111],[-122.38434,47.64178],[-122.38328,47.64201],[-122.38515,47.64215],[-122.38203,47.64644],[-122.38201,47.64846],[-122.37489,47.64847],[-122.37502,47.64116],[-122.37162,47.63665],[-122.37166,47.63598],[-122.37278,47.63589],[-122.37273,47.63474],[-122.37167,47.63474],[-122.37171,47.63231],[-122.37041,47.63231],[-122.37041,47.63146],[-122.36903,47.63002],[-122.36895,47.6288],[-122.36453,47.62708],[-122.36454,47.62521],[-122.3684,47.62663],[-122.37109,47.62866],[-122.37198,47.62812],[-122.35932,47.61859],[-122.36958,47.61859],[-122.37986,47.62397],[-122.38975,47.62566],[-122.38966,47.63139],[-122.39124,47.63158],[-122.39125,47.63232]]]}},{"type":"Feature","properties":{"GEOID":"53033008101","city":"Seattle","pct_hispanic":3.959,"pop_total":2854.0,"median_hh_income":111346.0,"pop_density_sqkm":10557.701,"cameras_flock":0,"cameras_flock_nonretail":0,"cameras_alpr_all":3,"road_miles":2.546,"cameras_per_road_mile":0.0,"cameras_per_10k_residents":0.0,"crime_count":1017.0,"crime_data_available":true,"retailer_count":0},"geometry":{"type":"Polygon","coordinates":[[[-122.35125,47.60901],[-122.34483,47.60913],[-122.3463,47.60999],[-122.34477,47.61117],[-122.34217,47.60963],[-122.34045,47.61096],[-122.33578,47.60587],[-122.33909,47.60449],[-122.34204,47.60438],[-122.34544,47.60317],[-122.35125,47.60901]]]}},{"type":"Feature","properties":{"GEOID":"53033007901","city":"Seattle","pct_hispanic":7.178,"pop_total":3009.0,"median_hh_income":75042.0,"pop_density_sqkm":11259.921,"cameras_flock":0,"cameras_flock_nonretail":0,"cameras_alpr_all":0,"road_miles":0.472,"cameras_per_road_mile":0.0,"cameras_per_10k_residents":0.0,"crime_count":456.0,"crime_data_available":true,"retailer_count":0},"geometry":{"type":"Polygon","coordinates":[[[-122.31283,47.61038],[-122.31274,47.61852],[-122.30883,47.61851],[-122.30889,47.61036],[-122.31283,47.61038]]]}},{"type":"Feature","properties":{"GEOID":"53033008102","city":"Seattle","pct_hispanic":8.288,"pop_total":3680.0,"median_hh_income":157898.0,"pop_density_sqkm":6610.311,"cameras_flock":0,"cameras_flock_nonretail":0,"cameras_alpr_all":11,"road_miles":7.003,"cameras_per_road_mile":0.0,"cameras_per_10k_residents":0.0,"crime_count":3630.0,"crime_data_available":true,"retailer_count":0},"geometry":{"type":"Polygon","coordinates":[[[-122.34544,47.60317],[-122.34204,47.60438],[-122.33909,47.60449],[-122.33578,47.60587],[-122.34045,47.61096],[-122.33736,47.61268],[-122.32766,47.60172],[-122.33658,47.60172],[-122.33806,47.60214],[-122.34474,47.60232],[-122.34544,47.60317]]]}},{"type":"Feature","properties":{"GEOID":"53033029207","city":"Kent","pct_hispanic":5.924,"pop_total":2701.0,"median_hh_income":123487.0,"pop_density_sqkm":1197.436,"cameras_flock":1,"cameras_flock_nonretail":1,"cameras_alpr_all":1,"road_miles":2.839,"cameras_per_road_mile":0.352,"cameras_per_10k_residents":3.702,"crime_count":null,"crime_data_available":false,"retailer_count":0},"geometry":{"type":"Polygon","coordinates":[[[-122.22073,47.41553],[-122.21922,47.41572],[-122.21799,47.41525],[-122.21676,47.41583],[-122.21446,47.41551],[-122.2131,47.41582],[-122.21252,47.41557],[-122.2075,47.41588],[-122.20742,47.38695],[-122.21536,47.38681],[-122.21526,47.39391],[-122.2128,47.39424],[-122.21268,47.3978],[-122.21525,47.39809],[-122.21532,47.40303],[-122.21664,47.40313],[-122.21665,47.40676],[-122.22026,47.40662],[-122.22073,47.41553]]]}},{"type":"Feature","properties":{"GEOID":"53033007404","city":"Seattle","pct_hispanic":2.836,"pop_total":2645.0,"median_hh_income":94458.0,"pop_density_sqkm":17206.05,"cameras_flock":0,"cameras_flock_nonretail":0,"cameras_alpr_all":0,"road_miles":0.296,"cameras_per_road_mile":0.0,"cameras_per_10k_residents":0.0,"crime_count":313.0,"crime_data_available":true,"retailer_count":0},"geometry":{"type":"Polygon","coordinates":[[[-122.32868,47.625],[-122.32404,47.62512],[-122.32403,47.62199],[-122.32531,47.62198],[-122.3253,47.62083],[-122.32861,47.62081],[-122.32865,47.6203],[-122.32868,47.625]]]}},{"type":"Feature","properties":{"GEOID":"53033007101","city":"Seattle","pct_hispanic":14.852,"pop_total":3104.0,"median_hh_income":122365.0,"pop_density_sqkm":6270.023,"cameras_flock":1,"cameras_flock_nonretail":1,"cameras_alpr_all":1,"road_miles":1.684,"cameras_per_road_mile":0.594,"cameras_per_10k_residents":3.222,"crime_count":1555.0,"crime_data_available":true,"retailer_count":0},"geometry":{"type":"Polygon","coordinates":[[[-122.35806,47.61902],[-122.35802,47.62459],[-122.34756,47.62455],[-122.3476,47.62071],[-122.35036,47.61858],[-122.35736,47.61861],[-122.35806,47.61902]]]}},{"type":"Feature","properties":{"GEOID":"53033000404","city":"Seattle","pct_hispanic":25.245,"pop_total":3668.0,"median_hh_income":45940.0,"pop_density_sqkm":5940.254,"cameras_flock":0,"cameras_flock_nonretail":0,"cameras_alpr_all":1,"road_miles":1.093,"cameras_per_road_mile":0.0,"cameras_per_10k_residents":0.0,"crime_count":509.0,"crime_data_available":true,"retailer_count":0},"geometry":{"type":"Polygon","coordinates":[[[-122.35557,47.73413],[-122.34521,47.73413],[-122.34498,47.72324],[-122.34814,47.72322],[-122.34773,47.72777],[-122.35032,47.72778],[-122.35235,47.72863],[-122.35556,47.72874],[-122.35557,47.73413]]]}},{"type":"Feature","properties":{"GEOID":"53033023701","city":"Bellevue","pct_hispanic":3.246,"pop_total":4344.0,"median_hh_income":215938.0,"pop_density_sqkm":1036.086,"cameras_flock":0,"cameras_flock_nonretail":0,"cameras_alpr_all":1,"road_miles":5.511,"cameras_per_road_mile":0.0,"cameras_per_10k_residents":0.0,"crime_count":null,"crime_data_available":false,"retailer_count":0},"geometry":{"type":"Polygon","coordinates":[[[-122.1963,47.63977],[-122.1963,47.64643],[-122.16498,47.64617],[-122.16449,47.64618],[-122.1645,47.64662],[-122.16267,47.64596],[-122.1621,47.64527],[-122.16212,47.63162],[-122.14854,47.63153],[-122.15234,47.62999],[-122.1565,47.62956],[-122.1642,47.63023],[-122.17016,47.63001],[-122.17963,47.63201],[-122.18695,47.63215],[-122.18997,47.63346],[-122.19229,47.63657],[-122.1963,47.63977]]]}},{"type":"Feature","properties":{"GEOID":"53033007102","city":"Seattle","pct_hispanic":5.378,"pop_total":2696.0,"median_hh_income":129181.0,"pop_density_sqkm":8026.007,"cameras_flock":0,"cameras_flock_nonretail":0,"cameras_alpr_all":0,"road_miles":1.086,"cameras_per_road_mile":0.0,"cameras_per_10k_residents":0.0,"crime_count":384.0,"crime_data_available":true,"retailer_count":0},"geometry":{"type":"Polygon","coordinates":[[[-122.37179,47.62823],[-122.37109,47.62866],[-122.3684,47.62663],[-122.36474,47.62533],[-122.36381,47.62465],[-122.35802,47.62459],[-122.35806,47.61902],[-122.35736,47.61861],[-122.35932,47.61859],[-122.37179,47.62823]]]}},{"type":"Feature","properties":{"GEOID":"53033007405","city":"Seattle","pct_hispanic":7.534,"pop_total":2429.0,"median_hh_income":98750.0,"pop_density_sqkm":18425.245,"cameras_flock":0,"cameras_flock_nonretail":0,"cameras_alpr_all":0,"road_miles":0.324,"cameras_per_road_mile":0.0,"cameras_per_10k_residents":0.0,"crime_count":619.0,"crime_data_available":true,"retailer_count":0},"geometry":{"type":"Polygon","coordinates":[[[-122.3268,47.61709],[-122.32453,47.61945],[-122.32307,47.61987],[-122.32088,47.61991],[-122.32084,47.61757],[-122.32217,47.61756],[-122.32215,47.61639],[-122.32679,47.61634],[-122.3268,47.61709]]]}},{"type":"Feature","properties":{"GEOID":"53033023808","city":"Bellevue","pct_hispanic":4.089,"pop_total":2372.0,"median_hh_income":150438.0,"pop_density_sqkm":7677.096,"cameras_flock":0,"cameras_flock_nonretail":0,"cameras_alpr_all":0,"road_miles":2.447,"cameras_per_road_mile":0.0,"cameras_per_10k_residents":0.0,"crime_count":null,"crime_data_available":false,"retailer_count":0},"geometry":{"type":"Polygon","coordinates":[[[-122.19889,47.61384],[-122.18881,47.61353],[-122.18861,47.61003],[-122.1988,47.61013],[-122.19889,47.61384]]]}},{"type":"Feature","properties":{"GEOID":"53033007902","city":"Seattle","pct_hispanic":8.242,"pop_total":3652.0,"median_hh_income":115745.0,"pop_density_sqkm":8468.524,"cameras_flock":0,"cameras_flock_nonretail":0,"cameras_alpr_all":0,"road_miles":1.03,"cameras_per_road_mile":0.0,"cameras_per_10k_residents":0.0,"crime_count":518.0,"crime_data_available":true,"retailer_count":0},"geometry":{"type":"Polygon","coordinates":[[[-122.30887,47.6104],[-122.30883,47.61851],[-122.30477,47.6185],[-122.30416,47.61808],[-122.30255,47.61917],[-122.30276,47.61002],[-122.30887,47.6104]]]}},{"type":"Feature","properties":{"GEOID":"53033007403","city":"Seattle","pct_hispanic":12.016,"pop_total":2946.0,"median_hh_income":106846.0,"pop_density_sqkm":24848.388,"cameras_flock":0,"cameras_flock_nonretail":0,"cameras_alpr_all":0,"road_miles":0.258,"cameras_per_road_mile":0.0,"cameras_per_10k_residents":0.0,"crime_count":465.0,"crime_data_available":true,"retailer_count":0},"geometry":{"type":"Polygon","coordinates":[[[-122.32531,47.62198],[-122.32403,47.62199],[-122.32404,47.62512],[-122.3209,47.62505],[-122.32089,47.62107],[-122.3253,47.62083],[-122.32531,47.62198]]]}}]}